{"R": 40.0, "wi": 1, "di": 2, "delta": 1.0, "gamma": {"0": 0.824280477410786, "1": 1.078766475213744, "2": 1.4244595893176566}, "mu": {"0": 1.0139743800159404, "1": 1.13810902141491, "2": 1.0953942224383808}, "phi": {"0": 0.27130233018207806, "1": 0.9705812801797798, "2": 0.011154160851039374}, "psi": {"0": 1.1744478917302041, "1": 0.6384961640551948, "2": 0.8144079002851595}, "sigma": {"0": 0.808259742621499, "1": 0.0, "2": 0.0}, "chi_high": null, "beta_low": 0.539355187946881}