{"R": 40.0, "wi": 0, "di": 0, "delta": 1.0, "gamma": {"0": 1.0804025996712303, "1": 1.164116207201428, "2": 1.4243411480249821}, "mu": {"0": 1.0274614374501456, "1": 1.0382551057992433, "2": 1.0813305516173768}, "phi": {"0": 0.556227914968205, "1": 0.8908378293375163, "2": 0.1662203489437042}, "psi": {"0": 0.9988108396899924, "1": 1.108255170535061, "2": 1.3375671067737338}, "sigma": {"0": 0.5627709941747906, "1": 0.5758692183903916, "2": 0.0}, "chi_high": 0.27280232392040465, "beta_low": 0.22112655041513288}