{"R": 40.0, "wi": 2, "di": 2, "delta": 1.0, "gamma": {"0": 1.4381132763212512, "1": 0.8764911800688646, "2": 1.0461745530146267}, "mu": {"0": 1.0965650173248087, "1": 1.1266726082154326, "2": 1.0206627641452208}, "phi": {"0": 0.6258227442919039, "1": 0.25265168799044324, "2": 0.3463406874862621}, "psi": {"0": 0.8323020079058315, "1": 1.1679221395016586, "2": 1.4795250672569487}, "sigma": {"0": 0.5001664937519446, "1": 0.805705399142868, "2": 0.0}, "chi_high": null, "beta_low": null}