{"R": 40.0, "wi": 0, "di": 0, "delta": 1.0, "gamma": {"0": 0.7465281689595693, "1": 1.1540852507079737, "2": 0.613177901169991}, "mu": {"0": 1.1125690206562708, "1": 1.0959454832249524, "2": 1.0431570818644513}, "phi": {"0": 0.4444593580016396, "1": 0.06661048162121719, "2": 0.26819738897473855}, "psi": {"0": 1.3119018539936262, "1": 1.0584585177194858, "2": 0.8703360775771196}, "sigma": {"0": 0.9594011309498189, "1": 0.6315402708546336, "2": 0.0}, "chi_high": 0.3232544469536609, "beta_low": 0.12593892344260205}