{"R": 40.0, "wi": 1, "di": 0, "delta": 1.0, "gamma": {"0": 1.2140280060083226, "1": 1.3367726726314955, "2": 1.1143870881095745}, "mu": {"0": 1.0757842609471844, "1": 1.1476795931016484, "2": 1.1178836945800585}, "phi": {"0": 0.41456636318922047, "1": 0.5532488831380343, "2": 0.6805325472232759}, "psi": {"0": 1.2298925139439403, "1": 0.508738222305352, "2": 0.6406670775058837}, "sigma": {"0": 0.8310030526879482, "1": 0.0, "2": 0.0}, "chi_high": null, "beta_low": 0.16223643709600455}