{"R": 40.0, "wi": 0, "di": 1, "delta": 1.0, "gamma": {"0": 1.3944779536429974, "1": 0.5043413722472799, "2": 0.8321934169019378}, "mu": {"0": 1.0185747279822708, "1": 1.0739727405295378, "2": 1.1444348271141698}, "phi": {"0": 0.7928692924918289, "1": 0.7251028059985433, "2": 0.22244228796509957}, "psi": {"0": 1.3932505103882327, "1": 0.5877122776636544, "2": 0.9910030978564232}, "sigma": {"0": 0.8648394005575477, "1": 0.8940290329508913, "2": 0.0}, "chi_high": 0.22438056707284332, "beta_low": 0.5319397281642527}