{"R": 40.0, "wi": 1, "di": 0, "delta": 1.0, "gamma": {"0": 0.9098909465048579, "1": 1.4137109815940274, "2": 1.008312323551259}, "mu": {"0": 1.0435538748436335, "1": 1.0600722956660409, "2": 1.0847380830152682}, "phi": {"0": 0.6546315107871307, "1": 0.5893568656855387, "2": 0.3455768972188743}, "psi": {"0": 1.381487483439011, "1": 0.8051105039318873, "2": 0.9817865398603829}, "sigma": {"0": 0.5116401332883543, "1": 0.0, "2": 0.0}, "chi_high": null, "beta_low": 0.5468982507745189}