{"R": 40.0, "wi": 0, "di": 1, "delta": 1.0, "gamma": {"0": 0.6817636613870294, "1": 1.2104054728349025, "2": 0.5023664405479285}, "mu": {"0": 1.0472693394654595, "1": 1.1061862681481758, "2": 1.0850723480141888}, "phi": {"0": 0.8080312626447563, "1": 0.31833625804278554, "2": 0.7876137035228453}, "psi": {"0": 0.8840654437613943, "1": 0.6688827304959127, "2": 1.436565407566258}, "sigma": {"0": 0.8241057731061179, "1": 0.6831302331283083, "2": 0.0}, "chi_high": 0.7403335110169892, "beta_low": 0.5134120011579475}