{"R": 40.0, "wi": 0, "di": 0, "delta": 1.0, "gamma": {"0": 0.8914886706279948, "1": 0.8498702308910324, "2": 1.1022591287845915}, "mu": {"0": 1.0022048770881062, "1": 1.126391841905067, "2": 1.1478976327503}, "phi": {"0": 0.23156272291268332, "1": 0.6477505060665415, "2": 0.8349118214639665}, "psi": {"0": 0.6967221874094514, "1": 0.8236107644550926, "2": 0.8023773484651037}, "sigma": {"0": 0.6365225852852099, "1": 0.8005882019588004, "2": 0.0}, "chi_high": 0.8392576373341776, "beta_low": 0.653394989725039}