{"R": 40.0, "wi": 3, "di": 0, "delta": 1.0, "gamma": {"0": 0.5258537170763677, "1": 1.3308001161936032, "2": 0.7220555900506574}, "mu": {"0": 1.1333657647062665, "1": 1.028659670954433, "2": 1.0936852452008003}, "phi": {"0": 0.763184327705507, "1": 0.812526581543123, "2": 0.23242453072846603}, "psi": {"0": 0.6047801094550158, "1": 1.1685490381324257, "2": 1.4917728573534075}, "sigma": {"0": 0.7181373977634338, "1": 0.5176895233756882, "2": 0.0}, "chi_high": 0.5647196087337539, "beta_low": null}