{"R": 40.0, "wi": 2, "di": 0, "delta": 1.0, "gamma": {"0": 1.1864753140217859, "1": 0.6883713835567085, "2": 1.1341664604907984}, "mu": {"0": 1.0470795073696477, "1": 1.1475831740368758, "2": 1.108409520306144}, "phi": {"0": 0.1620378014772581, "1": 0.14192110651114132, "2": 0.17694844522765663}, "psi": {"0": 1.2088324520765519, "1": 1.0913594228382852, "2": 0.5935093039090998}, "sigma": {"0": 0.9755365989668057, "1": 0.6873374304058584, "2": 0.0}, "chi_high": null, "beta_low": null}