{"R": 40.0, "wi": 0, "di": 0, "delta": 1.0, "gamma": {"0": 0.6990621779051633, "1": 1.0995333130860274, "2": 1.230942791674012}, "mu": {"0": 1.0230184217316942, "1": 1.1437463956392406, "2": 1.081095049779315}, "phi": {"0": 0.6635112040102237, "1": 0.014066692219551147, "2": 0.685114129871745}, "psi": {"0": 0.8969027005256389, "1": 1.0619291297549207, "2": 1.2115667405983896}, "sigma": {"0": 0.8656298305978782, "1": 0.6542182829067045, "2": 0.0}, "chi_high": 0.35602156898297155, "beta_low": 0.4596194313506191}