{"R": 40.0, "wi": 0, "di": 2, "delta": 1.0, "gamma": {"0": 1.2780095882277354, "1": 0.7185272266000508, "2": 1.1403507041935188}, "mu": {"0": 1.0433627220269812, "1": 1.0907662417506525, "2": 1.0981363564287396}, "phi": {"0": 0.33004331874269177, "1": 0.8968509297812521, "2": 0.22865871442531627}, "psi": {"0": 1.2587742992982955, "1": 1.4566597741332457, "2": 0.5854988790721524}, "sigma": {"0": 0.7937054343008836, "1": 0.9667528358040169, "2": 0.0}, "chi_high": 0.8566507481750769, "beta_low": 0.2548645309729644}