{"R": 40.0, "wi": 1, "di": 2, "delta": 1.0, "gamma": {"0": 1.1673980887636775, "1": 1.393421264422431, "2": 0.6650266539395376}, "mu": {"0": 1.070358802599513, "1": 1.1289022312955257, "2": 1.1362585993579397}, "phi": {"0": 0.7231186025036159, "1": 0.22286648600355208, "2": 0.16610406182941662}, "psi": {"0": 0.8017182760427973, "1": 0.9455630331643192, "2": 0.6148524733395685}, "sigma": {"0": 0.5864228807089022, "1": 0.0, "2": 0.0}, "chi_high": null, "beta_low": 0.3048187797048288}