{"R": 40.0, "wi": 2, "di": 2, "delta": 1.0, "gamma": {"0": 1.200518657766108, "1": 1.1513249189146713, "2": 1.1149865262522947}, "mu": {"0": 1.0246033501213405, "1": 1.0949507749868974, "2": 1.113738481486383}, "phi": {"0": 0.7250406196926081, "1": 0.3099147415276494, "2": 0.24887459142747603}, "psi": {"0": 1.4132260255777878, "1": 1.2022794703531932, "2": 0.5709650579938933}, "sigma": {"0": 0.8494497098999523, "1": 0.9644345564478287, "2": 0.0}, "chi_high": null, "beta_low": null}