{"R": 40.0, "wi": 2, "di": 1, "delta": 1.0, "gamma": {"0": 1.4128294169888602, "1": 1.439794912235226, "2": 1.059945261989106}, "mu": {"0": 1.0511717365856332, "1": 1.1270771628477412, "2": 1.1074632111061242}, "phi": {"0": 0.7233655999915111, "1": 0.25636035462680107, "2": 0.7828099553040995}, "psi": {"0": 1.270583633106519, "1": 1.2057223367918048, "2": 1.4196623363809253}, "sigma": {"0": 0.8555584749569378, "1": 0.6395101543228529, "2": 0.0}, "chi_high": null, "beta_low": null}