{"R": 40.0, "wi": 1, "di": 0, "delta": 1.0, "gamma": {"0": 0.7778480566637483, "1": 1.3732979533821394, "2": 0.7200878701133107}, "mu": {"0": 1.066411107320815, "1": 1.1157140418885645, "2": 1.0323025347721915}, "phi": {"0": 0.595834175734159, "1": 0.462828471068672, "2": 0.5086082145297056}, "psi": {"0": 1.2521240090206418, "1": 1.4387847326697694, "2": 1.0309495529739579}, "sigma": {"0": 0.8874173145159567, "1": 0.0, "2": 0.0}, "chi_high": null, "beta_low": 0.7755293543016597}