{"R": 40.0, "wi": 1, "di": 2, "delta": 1.0, "gamma": {"0": 1.145581564429426, "1": 1.3351344898675475, "2": 1.1969249268829132}, "mu": {"0": 1.114112997949939, "1": 1.0805702999838838, "2": 1.0419015126127413}, "phi": {"0": 0.1300462373666479, "1": 0.9395807780098651, "2": 0.9069010282606983}, "psi": {"0": 0.5251881451337671, "1": 0.8514726713574314, "2": 0.8454978963309009}, "sigma": {"0": 0.6480328300117326, "1": 0.0, "2": 0.0}, "chi_high": null, "beta_low": 0.7357167250401223}