{"R": 40.0, "wi": 0, "di": 0, "delta": 1.0, "gamma": {"0": 1.4101184731641632, "1": 1.3978207628221946, "2": 0.746969242039283}, "mu": {"0": 1.06279162432714, "1": 1.0701591014798286, "2": 1.068823202441154}, "phi": {"0": 0.33387858310618357, "1": 0.7831118248326903, "2": 0.6409126468984667}, "psi": {"0": 1.3992832628016152, "1": 0.7598741386902637, "2": 1.4191637478020023}, "sigma": {"0": 0.9233828219959416, "1": 0.9819511659822961, "2": 0.0}, "chi_high": 0.7845611531892693, "beta_low": 0.8157764257063957}