{"R": 40.0, "wi": 3, "di": 1, "delta": 1.0, "gamma": {"0": 1.187065554605324, "1": 1.4968183066503258, "2": 0.9692028395887998}, "mu": {"0": 1.1466607715175303, "1": 1.0863252223599393, "2": 1.0964591983265624}, "phi": {"0": 0.8670097673210447, "1": 0.9240224213688474, "2": 0.2327212156493017}, "psi": {"0": 0.5129434441548376, "1": 1.4640232034080123, "2": 0.8283527868794885}, "sigma": {"0": 0.6031928806598786, "1": 0.7854878585472529, "2": 0.0}, "chi_high": 0.15128444791759327, "beta_low": null}