{"R": 40.0, "wi": 1, "di": 0, "delta": 1.0, "gamma": {"0": 1.459536529178738, "1": 1.475405133164496, "2": 1.2346880578771968}, "mu": {"0": 1.1162869228748036, "1": 1.0335827213614626, "2": 1.0573351637502468}, "phi": {"0": 0.8558542414291713, "1": 0.8522683622326415, "2": 0.5774155720218048}, "psi": {"0": 1.010534108737556, "1": 0.9742188644458449, "2": 0.5996373743747191}, "sigma": {"0": 0.9699300309608927, "1": 0.0, "2": 0.0}, "chi_high": null, "beta_low": 0.7559600473548774}