{"R": 40.0, "wi": 1, "di": 1, "delta": 1.0, "gamma": {"0": 1.2169290055657922, "1": 1.2761558044441754, "2": 1.2474792686939264}, "mu": {"0": 1.0302198598098535, "1": 1.0558446663457033, "2": 1.1292598985702245}, "phi": {"0": 0.843007419341974, "1": 0.208610751604406, "2": 0.988284689259393}, "psi": {"0": 0.9775380842260183, "1": 1.288731276017621, "2": 1.2042719703923401}, "sigma": {"0": 0.838981959861633, "1": 0.0, "2": 0.0}, "chi_high": null, "beta_low": 0.6281500304490231}