{"R": 40.0, "wi": 1, "di": 1, "delta": 1.0, "gamma": {"0": 0.7645363980501942, "1": 0.8871356321901374, "2": 1.1031188876649027}, "mu": {"0": 1.1399921739413001, "1": 1.0833637846639554, "2": 1.0275981559945508}, "phi": {"0": 0.7976952443327777, "1": 0.5111617518144065, "2": 0.884134374054146}, "psi": {"0": 1.2908892361866315, "1": 0.5922854529434766, "2": 1.181022182795146}, "sigma": {"0": 0.8779133309068056, "1": 0.0, "2": 0.0}, "chi_high": null, "beta_low": 0.5261825337365528}