{"R": 40.0, "wi": 2, "di": 2, "delta": 1.0, "gamma": {"0": 1.04035362941626, "1": 0.5623624179525549, "2": 0.7559814361746823}, "mu": {"0": 1.0099184924876328, "1": 1.06120019810453, "2": 1.0176880107065491}, "phi": {"0": 0.48721510885979447, "1": 0.9686678597109539, "2": 0.15764912641079099}, "psi": {"0": 0.5121481095263196, "1": 0.5118163206272374, "2": 1.0025038026661381}, "sigma": {"0": 0.5607328265163621, "1": 0.5452364638069012, "2": 0.0}, "chi_high": null, "beta_low": null}