{"R": 40.0, "wi": 2, "di": 1, "delta": 1.0, "gamma": {"0": 0.939419024468739, "1": 1.211866637775175, "2": 0.8003801748753626}, "mu": {"0": 1.1064502200487392, "1": 1.034449324087632, "2": 1.1310981079619582}, "phi": {"0": 0.8647015531655858, "1": 0.44720384909342914, "2": 0.3386309918492608}, "psi": {"0": 1.1479285287405026, "1": 1.298778176251751, "2": 1.4182992823646536}, "sigma": {"0": 0.8809987593052899, "1": 0.5319709905010932, "2": 0.0}, "chi_high": null, "beta_low": null}