{"R": 40.0, "wi": 2, "di": 2, "delta": 1.0, "gamma": {"0": 1.401013697752318, "1": 0.744940841420796, "2": 1.1984906231319568}, "mu": {"0": 1.0173744513017196, "1": 1.0135321969195341, "2": 1.0211845363487864}, "phi": {"0": 0.3323697740065409, "1": 0.8254978957757966, "2": 0.5755539917326402}, "psi": {"0": 0.7182192890366034, "1": 1.4487830194744626, "2": 0.6495535503906329}, "sigma": {"0": 0.9928747968622191, "1": 0.8316567954335132, "2": 0.0}, "chi_high": null, "beta_low": null}