{"R": 40.0, "wi": 0, "di": 1, "delta": 1.0, "gamma": {"0": 1.113045671151152, "1": 1.0442458824414917, "2": 0.8421843447173135}, "mu": {"0": 1.1218053973723496, "1": 1.0625183465512316, "2": 1.0528309219822864}, "phi": {"0": 0.5830298116241833, "1": 0.5497613692372537, "2": 0.9477712517158461}, "psi": {"0": 0.8654186076683167, "1": 0.7036318949360123, "2": 0.808893664530202}, "sigma": {"0": 0.7231051843964188, "1": 0.9319810959606263, "2": 0.0}, "chi_high": 0.9545940053932451, "beta_low": 0.2375402687283426}