{"R": 40.0, "wi": 1, "di": 0, "delta": 1.0, "gamma": {"0": 1.381279553091096, "1": 0.6466833231835474, "2": 0.8028086311092762}, "mu": {"0": 1.0340236398716767, "1": 1.012006383537848, "2": 1.0695278216588946}, "phi": {"0": 0.7758725703209037, "1": 0.8721812399440981, "2": 0.9564582085012197}, "psi": {"0": 0.9812717650272791, "1": 0.7910245405283989, "2": 0.5019603601835138}, "sigma": {"0": 0.7015374909641241, "1": 0.0, "2": 0.0}, "chi_high": null, "beta_low": 0.3944463568595936}