{"R": 40.0, "wi": 2, "di": 1, "delta": 1.0, "gamma": {"0": 1.0465180480654397, "1": 1.0674908873940572, "2": 0.5745172404829638}, "mu": {"0": 1.0653492603170427, "1": 1.0679945183863326, "2": 1.051115905156359}, "phi": {"0": 0.70647615086727, "1": 0.01137409135467804, "2": 0.8756579628127765}, "psi": {"0": 0.6421317097730059, "1": 1.1405089852569112, "2": 1.2986728340933995}, "sigma": {"0": 0.5694748344637902, "1": 0.8654391504112211, "2": 0.0}, "chi_high": null, "beta_low": null}