{"R": 40.0, "wi": 1, "di": 0, "delta": 1.0, "gamma": {"0": 0.7990493502221396, "1": 1.2700852325098098, "2": 1.2251483232612286}, "mu": {"0": 1.0585810038687986, "1": 1.0894477088611216, "2": 1.0404095134872935}, "phi": {"0": 0.21540402592207586, "1": 0.8054303593828391, "2": 0.13685917468575215}, "psi": {"0": 1.4797334094506687, "1": 0.8024489236749637, "2": 0.8719742436202043}, "sigma": {"0": 0.7575458244162226, "1": 0.0, "2": 0.0}, "chi_high": null, "beta_low": 0.06116816954997396}