{"R": 40.0, "wi": 1, "di": 2, "delta": 1.0, "gamma": {"0": 1.4453204955243781, "1": 0.9118555111760704, "2": 0.992242307271224}, "mu": {"0": 1.0164794704998141, "1": 1.073278958797611, "2": 1.0568561511072359}, "phi": {"0": 0.5446657887595101, "1": 0.42437484539101233, "2": 0.4924881100563586}, "psi": {"0": 1.192203872511929, "1": 1.2578859099995658, "2": 0.6652281198369752}, "sigma": {"0": 0.8267456310696135, "1": 0.0, "2": 0.0}, "chi_high": null, "beta_low": 0.5708484613241565}