{"R": 40.0, "wi": 2, "di": 1, "delta": 1.0, "gamma": {"0": 1.4721512715665004, "1": 1.128784422834554, "2": 0.5623801770936241}, "mu": {"0": 1.091816062157975, "1": 1.0643493195924305, "2": 1.0540083030896463}, "phi": {"0": 0.6107291532271277, "1": 0.3090640778265097, "2": 0.23614367745141018}, "psi": {"0": 0.8236390285886996, "1": 1.4733878604088082, "2": 0.7657643652844074}, "sigma": {"0": 0.8290739396708552, "1": 0.5627688379455533, "2": 0.0}, "chi_high": null, "beta_low": null}