{"R": 40.0, "wi": 1, "di": 0, "delta": 1.0, "gamma": {"0": 1.089726117473766, "1": 1.1852160738784239, "2": 1.2399184608577318}, "mu": {"0": 1.1047319482827807, "1": 1.00481694428187, "2": 1.1400267008985059}, "phi": {"0": 0.6198961648877586, "1": 0.5599273385806949, "2": 0.6263510832135513}, "psi": {"0": 1.0769842857787022, "1": 0.6947262819017426, "2": 1.022605347248248}, "sigma": {"0": 0.6512494336588683, "1": 0.0, "2": 0.0}, "chi_high": null, "beta_low": 0.23960064378431012}