{"R": 40.0, "wi": 1, "di": 1, "delta": 1.0, "gamma": {"0": 0.7983974181330521, "1": 1.2659537155491776, "2": 0.6267682000484662}, "mu": {"0": 1.0035624113422599, "1": 1.1151353884476531, "2": 1.0721784618256567}, "phi": {"0": 0.9042000275992848, "1": 0.13948774320378465, "2": 0.9498788242475896}, "psi": {"0": 0.7100322318879502, "1": 1.4234967397475895, "2": 0.8582364217351937}, "sigma": {"0": 0.6651612702771772, "1": 0.0, "2": 0.0}, "chi_high": null, "beta_low": 0.47589487539100755}