{"R": 40.0, "wi": 0, "di": 0, "delta": 1.0, "gamma": {"0": 1.052636594931867, "1": 0.7267376846827305, "2": 0.516578888823968}, "mu": {"0": 1.0273292808971441, "1": 1.1053293161486566, "2": 1.0155785927836554}, "phi": {"0": 0.14166030406913654, "1": 0.9300825188533197, "2": 0.23582243833524763}, "psi": {"0": 1.3180273548227057, "1": 0.7751143703629313, "2": 0.6888079500489463}, "sigma": {"0": 0.939996349147066, "1": 0.7318464025233734, "2": 0.0}, "chi_high": 0.66642126110709, "beta_low": 0.4217287622556319}