{"R": 40.0, "wi": 2, "di": 2, "delta": 1.0, "gamma": {"0": 1.0221231345793693, "1": 1.121053875762859, "2": 1.2501810147161279}, "mu": {"0": 1.0056038113235093, "1": 1.0920624044119613, "2": 1.102965587549427}, "phi": {"0": 0.8752345870473768, "1": 0.8928110903122148, "2": 0.1238772304450334}, "psi": {"0": 0.9417104417852176, "1": 0.674635077833413, "2": 0.8992098067831729}, "sigma": {"0": 0.7202733074989772, "1": 0.5017102271387648, "2": 0.0}, "chi_high": null, "beta_low": null}