{"R": 40.0, "wi": 1, "di": 0, "delta": 1.0, "gamma": {"0": 0.6177742232515576, "1": 1.3180850132281048, "2": 1.3048378202618922}, "mu": {"0": 1.0008357356563014, "1": 1.1412930278620752, "2": 1.0605675644599466}, "phi": {"0": 0.11879623143498397, "1": 0.3223596966903157, "2": 0.6717908492990089}, "psi": {"0": 1.3883705660389483, "1": 0.6771291022171639, "2": 1.075968196196939}, "sigma": {"0": 0.6402734676016448, "1": 0.0, "2": 0.0}, "chi_high": null, "beta_low": 0.05048513729121509}