{"R": 40.0, "wi": 1, "di": 2, "delta": 1.0, "gamma": {"0": 1.4803084694772384, "1": 1.2185167086650939, "2": 1.026399763874197}, "mu": {"0": 1.1211544903400539, "1": 1.0857581431667125, "2": 1.0597068687457094}, "phi": {"0": 0.6467433770338908, "1": 0.5531795269816433, "2": 0.16050951667329771}, "psi": {"0": 1.4060095088943705, "1": 1.0169764349787531, "2": 0.5447876785099387}, "sigma": {"0": 0.5493428140940295, "1": 0.0, "2": 0.0}, "chi_high": null, "beta_low": 0.9625900968337073}