{"R": 40.0, "wi": 0, "di": 1, "delta": 1.0, "gamma": {"0": 1.3445665418034587, "1": 1.2047763708003472, "2": 1.2679968281913472}, "mu": {"0": 1.042723416688253, "1": 1.0578006626421113, "2": 1.0876342816662408}, "phi": {"0": 0.1013555476373732, "1": 0.7603287382940104, "2": 0.545593352746946}, "psi": {"0": 0.8859518097546937, "1": 0.6140022098759126, "2": 1.2551245034652774}, "sigma": {"0": 0.7219342228858153, "1": 0.6352916991949353, "2": 0.0}, "chi_high": 0.5162139075552727, "beta_low": 0.14732455099357972}