{"R": 40.0, "wi": 1, "di": 0, "delta": 1.0, "gamma": {"0": 1.3290275436862102, "1": 0.5861094724282903, "2": 0.7989975266090781}, "mu": {"0": 1.0482978197323716, "1": 1.034842460833856, "2": 1.1363444134970484}, "phi": {"0": 0.5082975159016959, "1": 0.42873560885430806, "2": 0.3093727747923878}, "psi": {"0": 1.359703008594803, "1": 1.4610611066635966, "2": 0.582683490258165}, "sigma": {"0": 0.7828551265588397, "1": 0.0, "2": 0.0}, "chi_high": null, "beta_low": 0.24592843670577835}