{"R": 40.0, "wi": 1, "di": 0, "delta": 1.0, "gamma": {"0": 1.3908659549270126, "1": 0.6704999779219558, "2": 0.7205087938770407}, "mu": {"0": 1.113729880383078, "1": 1.081866627093075, "2": 1.098310844575551}, "phi": {"0": 0.14403512653686878, "1": 0.2658714531666272, "2": 0.14810451308937422}, "psi": {"0": 0.9206676870745385, "1": 0.9774087484452646, "2": 1.3984415685286622}, "sigma": {"0": 0.850781563912449, "1": 0.0, "2": 0.0}, "chi_high": null, "beta_low": 0.26840752514487776}