{"R": 40.0, "wi": 2, "di": 0, "delta": 1.0, "gamma": {"0": 0.8316800182077999, "1": 1.3262392993313359, "2": 1.1143681399820082}, "mu": {"0": 1.026700954245858, "1": 1.1084001544222095, "2": 1.097121077620849}, "phi": {"0": 0.9645496323698414, "1": 0.413892973846008, "2": 0.04752426187600378}, "psi": {"0": 1.0878001566631443, "1": 0.6417128109965858, "2": 1.3912753556265662}, "sigma": {"0": 0.5591879240792446, "1": 0.906274901039033, "2": 0.0}, "chi_high": null, "beta_low": null}