{"R": 40.0, "wi": 3, "di": 1, "delta": 1.0, "gamma": {"0": 1.1608018725201479, "1": 0.9315466922222971, "2": 0.9869847255985721}, "mu": {"0": 1.0141147325348494, "1": 1.076288164231517, "2": 1.0839965461638896}, "phi": {"0": 0.7735641274672962, "1": 0.5625724020894707, "2": 0.6248414794841383}, "psi": {"0": 1.1079208362431223, "1": 0.8756617216640331, "2": 1.2359684985840533}, "sigma": {"0": 0.7197744318567182, "1": 0.98082635071876, "2": 0.0}, "chi_high": 0.3573603277552515, "beta_low": null}