{"R": 40.0, "wi": 1, "di": 0, "delta": 1.0, "gamma": {"0": 0.5546736615165753, "1": 0.8962919602003107, "2": 1.0130266746401149}, "mu": {"0": 1.012990314689541, "1": 1.0351940323201, "2": 1.1483058273808815}, "phi": {"0": 0.03054965822869704, "1": 0.17601951840622565, "2": 0.8381917116547687}, "psi": {"0": 0.9259200698461818, "1": 1.2470855116095771, "2": 0.5848028863200111}, "sigma": {"0": 0.9328434294536434, "1": 0.0, "2": 0.0}, "chi_high": null, "beta_low": 0.6546004349914296}