{"R": 40.0, "wi": 1, "di": 0, "delta": 1.0, "gamma": {"0": 0.9088606781729082, "1": 1.263246493210131, "2": 1.1721152073935923}, "mu": {"0": 1.0744326336548042, "1": 1.0715018456482708, "2": 1.040119840722438}, "phi": {"0": 0.3375613232407737, "1": 0.9762522322707249, "2": 0.4248309060591615}, "psi": {"0": 0.7646994150078484, "1": 0.9861457453108076, "2": 1.4211163226042616}, "sigma": {"0": 0.8732915741454204, "1": 0.0, "2": 0.0}, "chi_high": null, "beta_low": 0.6321306098278077}