{"R": 40.0, "wi": 2, "di": 0, "delta": 1.0, "gamma": {"0": 1.2061163606337746, "1": 1.2276064201935921, "2": 0.5791763169686737}, "mu": {"0": 1.021885818658589, "1": 1.0595963543190492, "2": 1.070852136766631}, "phi": {"0": 0.11992284658909802, "1": 0.4607266730388634, "2": 0.9953346113571946}, "psi": {"0": 1.1842864071435906, "1": 0.5738694583364236, "2": 0.6713157210852426}, "sigma": {"0": 0.5666773223084925, "1": 0.6025070820668127, "2": 0.0}, "chi_high": null, "beta_low": null}