{"R": 40.0, "wi": 0, "di": 2, "delta": 1.0, "gamma": {"0": 0.6119497487989846, "1": 1.2399469606670155, "2": 0.8332189009121379}, "mu": {"0": 1.1033478565445252, "1": 1.1155647876550336, "2": 1.1152465055821255}, "phi": {"0": 0.8286081677651839, "1": 0.93749389451476, "2": 0.11979125500971366}, "psi": {"0": 0.7300968076160017, "1": 0.8348274974700166, "2": 0.6855844459902112}, "sigma": {"0": 0.963821004328534, "1": 0.6957864789301336, "2": 0.0}, "chi_high": 0.01423994357488568, "beta_low": 0.7843664649990322}