{"R": 40.0, "wi": 3, "di": 2, "delta": 1.0, "gamma": {"0": 0.5061132318890966, "1": 0.9644596974913817, "2": 1.0399003073440447}, "mu": {"0": 1.0962102609472, "1": 1.0649853138479346, "2": 1.097224424145608}, "phi": {"0": 0.01395391005434976, "1": 0.20228737053603785, "2": 0.7242142076289492}, "psi": {"0": 0.8379601702365506, "1": 1.2096736273869624, "2": 1.319314388309488}, "sigma": {"0": 0.8660652569654974, "1": 0.8785743424008974, "2": 0.0}, "chi_high": 0.9530110933519199, "beta_low": null}