{"R": 40.0, "wi": 0, "di": 0, "delta": 1.0, "gamma": {"0": 0.8828801026254667, "1": 1.2967607690712049, "2": 0.6406062006851452}, "mu": {"0": 1.0354888658202086, "1": 1.1116790359019875, "2": 1.0077934226583383}, "phi": {"0": 0.7225484511134166, "1": 0.8573545461861753, "2": 0.19146677600598205}, "psi": {"0": 1.090855611978622, "1": 0.7486603479921917, "2": 0.8384751057970148}, "sigma": {"0": 0.9871176297083677, "1": 0.7694067283494339, "2": 0.0}, "chi_high": 0.2538771566636338, "beta_low": 0.645467495583737}