{"R": 40.0, "wi": 1, "di": 2, "delta": 1.0, "gamma": {"0": 0.8872291925390724, "1": 0.7645574564101617, "2": 1.1456832850553302}, "mu": {"0": 1.1199020908631383, "1": 1.1120868448918007, "2": 1.0720815293073165}, "phi": {"0": 0.03395577271056238, "1": 0.3482076706250682, "2": 0.9798577428515873}, "psi": {"0": 1.316452305790424, "1": 0.6889936347701744, "2": 0.804855195106062}, "sigma": {"0": 0.9853069312574885, "1": 0.0, "2": 0.0}, "chi_high": null, "beta_low": 0.1395140494758789}