{"R": 40.0, "wi": 0, "di": 1, "delta": 1.0, "gamma": {"0": 1.335953734142719, "1": 0.9699555388965415, "2": 0.6221085884864291}, "mu": {"0": 1.0183265508755546, "1": 1.0745299588381365, "2": 1.1096427654832435}, "phi": {"0": 0.08025078278889297, "1": 0.13189285490619052, "2": 0.32977407966596606}, "psi": {"0": 0.5335824956929609, "1": 1.2326928509992054, "2": 1.3011898692574362}, "sigma": {"0": 0.9660036762027635, "1": 0.9266369972323294, "2": 0.0}, "chi_high": 0.906873473255383, "beta_low": 0.13533797471617925}