{"R": 40.0, "wi": 3, "di": 2, "delta": 1.0, "gamma": {"0": 1.063377302676956, "1": 0.68301899708242, "2": 1.4486421804490917}, "mu": {"0": 1.0042710085218185, "1": 1.1354026280056764, "2": 1.0312126895460156}, "phi": {"0": 0.13932157928963562, "1": 0.3669183938406576, "2": 0.19808753511040067}, "psi": {"0": 1.3032178377673738, "1": 1.4476169761309265, "2": 0.6970152111662671}, "sigma": {"0": 0.7989444340628046, "1": 0.7557900184125665, "2": 0.0}, "chi_high": 0.1893371343621217, "beta_low": null}