{"R": 40.0, "wi": 0, "di": 1, "delta": 1.0, "gamma": {"0": 0.9347240078197933, "1": 1.323174306427934, "2": 1.0276140872591162}, "mu": {"0": 1.107140492132389, "1": 1.05395228105392, "2": 1.0572943575843237}, "phi": {"0": 0.411961764763479, "1": 0.958110929537933, "2": 0.024671373599878588}, "psi": {"0": 0.6045135115849032, "1": 1.4769875038692146, "2": 1.296000869418247}, "sigma": {"0": 0.7000083020402355, "1": 0.5305823237651272, "2": 0.0}, "chi_high": 0.9381124156942645, "beta_low": 0.5173849263334153}