{"R": 40.0, "wi": 0, "di": 0, "delta": 1.0, "gamma": {"0": 1.3930987793282545, "1": 0.8215389443722197, "2": 1.2654262484952938}, "mu": {"0": 1.1247970050300422, "1": 1.138932085299011, "2": 1.0572446803200461}, "phi": {"0": 0.33388981997255696, "1": 0.9813092106544692, "2": 0.8719270010242286}, "psi": {"0": 1.2362352860701251, "1": 0.6591537158927491, "2": 0.94061706552778}, "sigma": {"0": 0.9831368331573733, "1": 0.7499779248371465, "2": 0.0}, "chi_high": 0.42185562780541697, "beta_low": 0.7438493824290717}