{"R": 40.0, "wi": 3, "di": 2, "delta": 1.0, "gamma": {"0": 1.4666465877885044, "1": 0.8256700945631847, "2": 0.7165290502833529}, "mu": {"0": 1.113092455054529, "1": 1.078869271772581, "2": 1.1116845044711987}, "phi": {"0": 0.5609858256823228, "1": 0.01253564618929448, "2": 0.09438726827507826}, "psi": {"0": 0.98378517274074, "1": 0.9145389818206918, "2": 0.5958084141212209}, "sigma": {"0": 0.8989393632200322, "1": 0.9776319019700521, "2": 0.0}, "chi_high": 0.35018623660924264, "beta_low": null}