{"R": 40.0, "wi": 0, "di": 2, "delta": 1.0, "gamma": {"0": 1.131052230959435, "1": 0.6939788800445227, "2": 0.7863830837974496}, "mu": {"0": 1.0217261189403115, "1": 1.131030143053329, "2": 1.059062616676423}, "phi": {"0": 0.761665879172361, "1": 0.10150513261586702, "2": 0.9717259278211875}, "psi": {"0": 1.327550105956309, "1": 1.1267548331198216, "2": 0.6174320358267987}, "sigma": {"0": 0.8465625474854812, "1": 0.5860125973152959, "2": 0.0}, "chi_high": 0.45547263020931233, "beta_low": 0.963452396050014}