{"R": 40.0, "wi": 0, "di": 2, "delta": 1.0, "gamma": {"0": 0.5327746414178405, "1": 0.7232987490869393, "2": 0.7391918600325998}, "mu": {"0": 1.106306904933896, "1": 1.058756000461562, "2": 1.0156018889748342}, "phi": {"0": 0.652329647525145, "1": 0.9107635318494692, "2": 0.4935596653740971}, "psi": {"0": 1.2402215110990435, "1": 1.1716763639046288, "2": 0.9255036056184937}, "sigma": {"0": 0.680211573444296, "1": 0.8243392431828012, "2": 0.0}, "chi_high": 0.8387165185365714, "beta_low": 0.5100708878181393}