{"R": 40.0, "wi": 1, "di": 2, "delta": 1.0, "gamma": {"0": 0.6560422639364466, "1": 1.0334047733608838, "2": 1.0573704952760483}, "mu": {"0": 1.1052882469747907, "1": 1.0194438036404514, "2": 1.0531392543543077}, "phi": {"0": 0.0586482802288093, "1": 0.3831212452862972, "2": 0.05818205685367772}, "psi": {"0": 1.399926272974151, "1": 0.9830764803741665, "2": 0.6189800394753553}, "sigma": {"0": 0.9811492295255484, "1": 0.0, "2": 0.0}, "chi_high": null, "beta_low": 0.1019901776461574}