{"R": 40.0, "wi": 3, "di": 1, "delta": 1.0, "gamma": {"0": 0.6736070427520746, "1": 1.419457540188807, "2": 1.1134138473123019}, "mu": {"0": 1.1333268309123972, "1": 1.0074663996702593, "2": 1.1350798693056936}, "phi": {"0": 0.4305331896217741, "1": 0.5394269645395899, "2": 0.45284455030139825}, "psi": {"0": 0.9586022035582735, "1": 0.9007341869606095, "2": 0.8889130464198409}, "sigma": {"0": 0.5996454877032049, "1": 0.9720403044542909, "2": 0.0}, "chi_high": 0.3117184231770272, "beta_low": null}