{"R": 40.0, "wi": 2, "di": 2, "delta": 1.0, "gamma": {"0": 0.8539354130051316, "1": 1.1122655128707175, "2": 1.3064848464605232}, "mu": {"0": 1.1001599614411008, "1": 1.108088303519275, "2": 1.0330974731816305}, "phi": {"0": 0.9589348021103945, "1": 0.15046455470301523, "2": 0.5151459211244123}, "psi": {"0": 1.3897987520756188, "1": 0.6798429200370876, "2": 1.09944324607115}, "sigma": {"0": 0.6572515858297762, "1": 0.8501176691543028, "2": 0.0}, "chi_high": null, "beta_low": null}