{"R": 40.0, "wi": 3, "di": 0, "delta": 1.0, "gamma": {"0": 0.7156723509898955, "1": 1.0531333097004811, "2": 1.068723428050998}, "mu": {"0": 1.0809167426267263, "1": 1.012284073958327, "2": 1.0256612691899085}, "phi": {"0": 0.07044568160701703, "1": 0.8222890506580198, "2": 0.03974506170001979}, "psi": {"0": 1.2681815134037584, "1": 0.7360043932322486, "2": 0.8379182745431125}, "sigma": {"0": 0.7938158733818237, "1": 0.7433944831767552, "2": 0.0}, "chi_high": 0.14762983327261758, "beta_low": null}