{"R": 40.0, "wi": 2, "di": 0, "delta": 1.0, "gamma": {"0": 1.4575211426264176, "1": 1.0073936123845306, "2": 0.7540545948845448}, "mu": {"0": 1.092273051922824, "1": 1.0159428368447323, "2": 1.029420411725818}, "phi": {"0": 0.6743552385585115, "1": 0.027670852722893713, "2": 0.004689970613885319}, "psi": {"0": 0.7362212864993259, "1": 0.7915199097837342, "2": 0.870464322940246}, "sigma": {"0": 0.6733893897054415, "1": 0.5874040312468669, "2": 0.0}, "chi_high": null, "beta_low": null}