{"R": 40.0, "wi": 1, "di": 2, "delta": 1.0, "gamma": {"0": 0.7471519652876721, "1": 0.5432825635198791, "2": 0.5369353776578553}, "mu": {"0": 1.1145588675680105, "1": 1.0363283532349061, "2": 1.0840465351246753}, "phi": {"0": 0.4333264326335581, "1": 0.8124153191466966, "2": 0.04508584462136145}, "psi": {"0": 1.3564889221535499, "1": 1.388015134136153, "2": 0.779027531765472}, "sigma": {"0": 0.830301512558796, "1": 0.0, "2": 0.0}, "chi_high": null, "beta_low": 0.09654289463434733}