{"R": 40.0, "wi": 2, "di": 1, "delta": 1.0, "gamma": {"0": 1.3412373853884965, "1": 1.4771924944720969, "2": 0.5951960136487023}, "mu": {"0": 1.1248262014731838, "1": 1.0797876815438658, "2": 1.0023556209841098}, "phi": {"0": 0.9234076831304716, "1": 0.05119098828900359, "2": 0.17318820163565085}, "psi": {"0": 1.4752377182000043, "1": 0.5624082681788765, "2": 1.2458673673825738}, "sigma": {"0": 0.788176128367206, "1": 0.8860052481530827, "2": 0.0}, "chi_high": null, "beta_low": null}