{"R": 40.0, "wi": 3, "di": 0, "delta": 1.0, "gamma": {"0": 1.4448090720464184, "1": 0.7939650254739683, "2": 0.5504461114962665}, "mu": {"0": 1.1190369117710959, "1": 1.0050882023991365, "2": 1.044955805474327}, "phi": {"0": 0.15336368617993767, "1": 0.301038124782369, "2": 0.7865291442825432}, "psi": {"0": 1.4723052759839463, "1": 0.6044969287405405, "2": 0.8316875984400173}, "sigma": {"0": 0.9420433365909693, "1": 0.8502599603520948, "2": 0.0}, "chi_high": 0.30248367166566104, "beta_low": null}