{"R": 40.0, "wi": 0, "di": 1, "delta": 1.0, "gamma": {"0": 1.132017507452709, "1": 0.6048479856204552, "2": 0.9722337505119866}, "mu": {"0": 1.0010475578182063, "1": 1.1020479269338797, "2": 1.0100152268347729}, "phi": {"0": 0.98759482511023, "1": 0.3296094637155983, "2": 0.8858755402962687}, "psi": {"0": 0.9094715830608102, "1": 0.7258843601597956, "2": 1.406224885005142}, "sigma": {"0": 0.9883637696858156, "1": 0.8882041971873725, "2": 0.0}, "chi_high": 0.961830380546471, "beta_low": 0.8405458115759628}