{"R": 40.0, "wi": 2, "di": 0, "delta": 1.0, "gamma": {"0": 1.1384116478421422, "1": 0.6068289421602706, "2": 0.6368839056572537}, "mu": {"0": 1.1323508470635548, "1": 1.021756250685466, "2": 1.1100609266437187}, "phi": {"0": 0.3133098728154794, "1": 0.16534107378579466, "2": 0.013135797848800035}, "psi": {"0": 0.7087606123744034, "1": 1.251630801274163, "2": 0.5267285169054707}, "sigma": {"0": 0.9541460097804406, "1": 0.9308757597186947, "2": 0.0}, "chi_high": null, "beta_low": null}