{"R": 40.0, "wi": 1, "di": 1, "delta": 1.0, "gamma": {"0": 1.3290410567141473, "1": 0.8216794957728495, "2": 0.9198273859301211}, "mu": {"0": 1.0649095120952146, "1": 1.016750204198151, "2": 1.1130618449069554}, "phi": {"0": 0.8273963119550275, "1": 0.2507608360696434, "2": 0.8093168536450918}, "psi": {"0": 0.5694866863676508, "1": 0.8560308188919052, "2": 1.1787807250264786}, "sigma": {"0": 0.5760525822090166, "1": 0.0, "2": 0.0}, "chi_high": null, "beta_low": 0.8085441136644195}