{"R": 40.0, "wi": 1, "di": 1, "delta": 1.0, "gamma": {"0": 0.7937621651853639, "1": 0.8859739604145664, "2": 1.0131649887931338}, "mu": {"0": 1.036207037817338, "1": 1.0243797615389192, "2": 1.0681514638996294}, "phi": {"0": 0.793409314533085, "1": 0.7981196210239101, "2": 0.07048734213397179}, "psi": {"0": 1.2839869758050928, "1": 0.644042399252583, "2": 0.7483573686259142}, "sigma": {"0": 0.9849151178753156, "1": 0.0, "2": 0.0}, "chi_high": null, "beta_low": 0.7501368852421275}