{"R": 40.0, "wi": 2, "di": 1, "delta": 1.0, "gamma": {"0": 1.0554196651013945, "1": 1.492863946481859, "2": 0.6529626276835929}, "mu": {"0": 1.0742689082818586, "1": 1.149640709825031, "2": 1.1234462656188482}, "phi": {"0": 0.6796975426909636, "1": 0.8634706296273162, "2": 0.6225639981942767}, "psi": {"0": 0.5527066689887771, "1": 1.2121893303613487, "2": 1.0508057385236764}, "sigma": {"0": 0.689178903449519, "1": 0.8964060428107296, "2": 0.0}, "chi_high": null, "beta_low": null}