{"R": 40.0, "wi": 0, "di": 1, "delta": 1.0, "gamma": {"0": 0.9384692553282272, "1": 0.5930442146772791, "2": 0.7449308528407512}, "mu": {"0": 1.0408426933648172, "1": 1.0700747927567669, "2": 1.1415649218341284}, "phi": {"0": 0.07735821531500897, "1": 0.738144349772824, "2": 0.7456395897760211}, "psi": {"0": 0.7886427650179381, "1": 0.6707946132599701, "2": 1.2487532299059567}, "sigma": {"0": 0.6154889981883191, "1": 0.8506961280337337, "2": 0.0}, "chi_high": 0.6462784680489596, "beta_low": 0.5973156950239443}