{"R": 40.0, "wi": 0, "di": 2, "delta": 1.0, "gamma": {"0": 0.5068793124720259, "1": 0.521679762896214, "2": 1.3596008464498106}, "mu": {"0": 1.0045096655061134, "1": 1.0260338873553767, "2": 1.0787998718008447}, "phi": {"0": 0.6468809165536877, "1": 0.6329883571564867, "2": 0.5868249102680215}, "psi": {"0": 1.0383591520567268, "1": 1.1712318797789858, "2": 1.1008102918252005}, "sigma": {"0": 0.8851913491896989, "1": 0.8079536078250098, "2": 0.0}, "chi_high": 0.8915909699443977, "beta_low": 0.6862744419905147}