{"R": 40.0, "wi": 2, "di": 0, "delta": 1.0, "gamma": {"0": 1.387102191256952, "1": 0.7150810659971465, "2": 1.4516629529132028}, "mu": {"0": 1.0123137489606546, "1": 1.0273701039419325, "2": 1.0643041376026878}, "phi": {"0": 0.5984164742863858, "1": 0.911455802809927, "2": 0.2001486852276091}, "psi": {"0": 1.3970507980524076, "1": 1.0543723660078403, "2": 1.0913831238443668}, "sigma": {"0": 0.9986833161661816, "1": 0.5720636915700577, "2": 0.0}, "chi_high": null, "beta_low": null}