{"R": 40.0, "wi": 2, "di": 0, "delta": 1.0, "gamma": {"0": 0.9851264518311406, "1": 1.133329074428183, "2": 1.0773287848846922}, "mu": {"0": 1.1039342490487798, "1": 1.054284970871697, "2": 1.1486787582669065}, "phi": {"0": 0.1534415699920263, "1": 0.6154693272905193, "2": 0.7481365430482223}, "psi": {"0": 0.7999722962390485, "1": 1.467994799223677, "2": 0.9405509594614644}, "sigma": {"0": 0.8317770774295582, "1": 0.9717635726531866, "2": 0.0}, "chi_high": null, "beta_low": null}