{"R": 40.0, "wi": 1, "di": 2, "delta": 1.0, "gamma": {"0": 0.5207992307844529, "1": 1.0673705072620203, "2": 0.6030429998185654}, "mu": {"0": 1.0061490225731957, "1": 1.0578699898377093, "2": 1.0480320467528141}, "phi": {"0": 0.5201438997162869, "1": 0.856398007238595, "2": 0.8053454127258775}, "psi": {"0": 0.8293910931319532, "1": 1.2343239237306753, "2": 0.5301195335784373}, "sigma": {"0": 0.7911190173742151, "1": 0.0, "2": 0.0}, "chi_high": null, "beta_low": 0.3466123160363582}