{"R": 40.0, "wi": 2, "di": 0, "delta": 1.0, "gamma": {"0": 1.3913998475877096, "1": 1.0435097963518731, "2": 0.530991380189959}, "mu": {"0": 1.0720684524102608, "1": 1.0908841157873994, "2": 1.1063363800938524}, "phi": {"0": 0.697565774955902, "1": 0.12574751355158387, "2": 0.613743035380429}, "psi": {"0": 0.606000637162182, "1": 0.5208944287749371, "2": 1.2514022179786568}, "sigma": {"0": 0.9769160745587139, "1": 0.6023441470681152, "2": 0.0}, "chi_high": null, "beta_low": null}