{"R": 40.0, "wi": 2, "di": 0, "delta": 1.0, "gamma": {"0": 1.0432534092419894, "1": 0.551285303653143, "2": 1.0008943379230597}, "mu": {"0": 1.069599256309082, "1": 1.0856279733934768, "2": 1.0521726401755709}, "phi": {"0": 0.9888979650244011, "1": 0.4022654034226719, "2": 0.16043665616326175}, "psi": {"0": 0.70244476623641, "1": 1.1719731513542855, "2": 0.9628920313558527}, "sigma": {"0": 0.7415753261136186, "1": 0.9829638190591745, "2": 0.0}, "chi_high": null, "beta_low": null}