{"R": 40.0, "wi": 1, "di": 2, "delta": 1.0, "gamma": {"0": 0.6908871515448265, "1": 1.0975370036679988, "2": 1.443416288426863}, "mu": {"0": 1.1479620062002351, "1": 1.120964749579454, "2": 1.0253120201932673}, "phi": {"0": 0.8383730781963507, "1": 0.15723297476380027, "2": 0.22391535022916786}, "psi": {"0": 0.5973666172954274, "1": 0.6530751880219541, "2": 0.5212459786634294}, "sigma": {"0": 0.5678630028838602, "1": 0.0, "2": 0.0}, "chi_high": null, "beta_low": 0.4924058359949886}