{"R": 40.0, "wi": 1, "di": 2, "delta": 1.0, "gamma": {"0": 1.3102469380466937, "1": 0.9930857967724356, "2": 0.7902196892858615}, "mu": {"0": 1.0913952475227038, "1": 1.1314090549294578, "2": 1.1207470802113857}, "phi": {"0": 0.18800116913247644, "1": 0.30741528806979446, "2": 0.7838824659703958}, "psi": {"0": 1.1438050868446892, "1": 0.5710700647116561, "2": 1.4004842100656847}, "sigma": {"0": 0.8978646897694071, "1": 0.0, "2": 0.0}, "chi_high": null, "beta_low": 0.2678285868992178}