{"R": 40.0, "wi": 2, "di": 0, "delta": 1.0, "gamma": {"0": 1.2517429731101246, "1": 1.1018843801886948, "2": 0.8845024753958758}, "mu": {"0": 1.1418384047467454, "1": 1.085376974476936, "2": 1.0370890252605043}, "phi": {"0": 0.7074492264728847, "1": 0.7786889164516457, "2": 0.996022703282018}, "psi": {"0": 0.8091085086759058, "1": 1.1676427410127972, "2": 1.45006374168694}, "sigma": {"0": 0.7286031896520013, "1": 0.8750782492188058, "2": 0.0}, "chi_high": null, "beta_low": null}