{"R": 40.0, "wi": 2, "di": 0, "delta": 1.0, "gamma": {"0": 0.5972969382118031, "1": 0.6984878598522115, "2": 1.4002924925288989}, "mu": {"0": 1.0299957228007273, "1": 1.009732504089175, "2": 1.026995616280201}, "phi": {"0": 0.34424311329326196, "1": 0.3610157985967969, "2": 0.284185101756256}, "psi": {"0": 0.6130898212245197, "1": 0.7903568917292213, "2": 1.3447532111962863}, "sigma": {"0": 0.782777531882114, "1": 0.5631757642299932, "2": 0.0}, "chi_high": null, "beta_low": null}