{"R": 40.0, "wi": 0, "di": 1, "delta": 1.0, "gamma": {"0": 1.1272474064521354, "1": 1.427748659201605, "2": 1.4125548823374245}, "mu": {"0": 1.138821143450552, "1": 1.0538309144037186, "2": 1.0061968845367248}, "phi": {"0": 0.13410663712593618, "1": 0.6422329482728634, "2": 0.13745778654309515}, "psi": {"0": 1.1964758514893172, "1": 0.8446120992116637, "2": 1.1127773039419027}, "sigma": {"0": 0.5157976719625412, "1": 0.7477900546129117, "2": 0.0}, "chi_high": 0.4636047975659957, "beta_low": 0.31644914662257684}