{"R": 40.0, "wi": 1, "di": 2, "delta": 1.0, "gamma": {"0": 0.6240902230278927, "1": 1.4219924398145705, "2": 1.319611601718203}, "mu": {"0": 1.0255144807609606, "1": 1.1165899154059118, "2": 1.0711285191749842}, "phi": {"0": 0.8772103439885449, "1": 0.18004458585899097, "2": 0.677637733183116}, "psi": {"0": 1.272421109525207, "1": 1.120635364650586, "2": 0.7120766264836618}, "sigma": {"0": 0.8749392524924263, "1": 0.0, "2": 0.0}, "chi_high": null, "beta_low": 0.7033705339311361}