{"R": 40.0, "wi": 3, "di": 1, "delta": 1.0, "gamma": {"0": 0.8048737199951849, "1": 1.0135325276788354, "2": 0.9539380543237967}, "mu": {"0": 1.1007028846950646, "1": 1.0289275688850132, "2": 1.0188510119339647}, "phi": {"0": 0.7660550340041705, "1": 0.36451042774876596, "2": 0.6640313465554972}, "psi": {"0": 0.924832501018815, "1": 0.688156469076314, "2": 0.8325763065476586}, "sigma": {"0": 0.9341952884599819, "1": 0.9989402499394832, "2": 0.0}, "chi_high": 0.1984488286241695, "beta_low": null}