{"R": 40.0, "wi": 1, "di": 0, "delta": 1.0, "gamma": {"0": 0.9194674984476494, "1": 0.5147291247711769, "2": 1.055690023708582}, "mu": {"0": 1.0896547627945121, "1": 1.1077098169259054, "2": 1.0963274400325524}, "phi": {"0": 0.5893311841456462, "1": 0.5800166622909776, "2": 0.9680393848335443}, "psi": {"0": 0.9730121033498664, "1": 1.4873469726899131, "2": 1.4294020781199146}, "sigma": {"0": 0.5736199392976431, "1": 0.0, "2": 0.0}, "chi_high": null, "beta_low": 0.7454761123210386}