{"R": 40.0, "wi": 2, "di": 1, "delta": 1.0, "gamma": {"0": 1.0661785891881665, "1": 0.6034400354547654, "2": 1.2786467002738264}, "mu": {"0": 1.0257836510069258, "1": 1.0562996194732832, "2": 1.1176203849753092}, "phi": {"0": 0.6652602728425563, "1": 0.9772662865451459, "2": 0.26960843908991383}, "psi": {"0": 0.7311946548882854, "1": 1.2883666347413407, "2": 1.2868065504598416}, "sigma": {"0": 0.614340957211596, "1": 0.5999980793016297, "2": 0.0}, "chi_high": null, "beta_low": null}