{"R": 40.0, "wi": 2, "di": 1, "delta": 1.0, "gamma": {"0": 0.7447464252212564, "1": 0.686203159630013, "2": 1.1414444157616956}, "mu": {"0": 1.089367188143651, "1": 1.0605781933741012, "2": 1.0201240187359555}, "phi": {"0": 0.45056188899559513, "1": 0.02071906076113128, "2": 0.27314202026692525}, "psi": {"0": 1.1868215703340286, "1": 0.7478533826072736, "2": 1.1457023878859753}, "sigma": {"0": 0.8074659806306917, "1": 0.953870230249614, "2": 0.0}, "chi_high": null, "beta_low": null}