{"R": 40.0, "wi": 2, "di": 2, "delta": 1.0, "gamma": {"0": 0.787485453279978, "1": 0.8493049120925734, "2": 1.041062602714725}, "mu": {"0": 1.1165499680220616, "1": 1.1088622272635293, "2": 1.0106704899008137}, "phi": {"0": 0.2074934435010718, "1": 0.7927603354127629, "2": 0.2206358002263027}, "psi": {"0": 0.7720996259864016, "1": 1.4031320550510413, "2": 1.0005642251763172}, "sigma": {"0": 0.899811168145384, "1": 0.7241881162123518, "2": 0.0}, "chi_high": null, "beta_low": null}