{"R": 40.0, "wi": 0, "di": 2, "delta": 1.0, "gamma": {"0": 0.8896253848040523, "1": 1.232150162266207, "2": 1.360066607411956}, "mu": {"0": 1.0003126973537755, "1": 1.0254088416216514, "2": 1.1468703856403533}, "phi": {"0": 0.641614503635016, "1": 0.17435177351989894, "2": 0.42086981637814347}, "psi": {"0": 0.9291649756352854, "1": 1.4506202807325312, "2": 0.9158429393496524}, "sigma": {"0": 0.6310559111144619, "1": 0.612032154794679, "2": 0.0}, "chi_high": 0.32341554008525847, "beta_low": 0.25355897222684703}