{"R": 40.0, "wi": 3, "di": 2, "delta": 1.0, "gamma": {"0": 1.0141417464690408, "1": 1.1344668743237563, "2": 1.4980419787046104}, "mu": {"0": 1.0608902093473738, "1": 1.1056011619712622, "2": 1.0719636079394645}, "phi": {"0": 0.11452507758640196, "1": 0.22935305360496128, "2": 0.7747718578039496}, "psi": {"0": 0.5278768338962927, "1": 1.048162939371171, "2": 0.5020039132874167}, "sigma": {"0": 0.6622243197163107, "1": 0.5149029093168419, "2": 0.0}, "chi_high": 0.18450703669668456, "beta_low": null}