{"R": 40.0, "wi": 0, "di": 0, "delta": 1.0, "gamma": {"0": 0.8539488812787891, "1": 1.2148309435717664, "2": 1.2409865205068402}, "mu": {"0": 1.022672462687136, "1": 1.1017804720493711, "2": 1.0792313515839929}, "phi": {"0": 0.06289647826902711, "1": 0.4006878055276888, "2": 0.3619533179865797}, "psi": {"0": 1.1848022721540907, "1": 0.9312823952460093, "2": 1.4105972078037534}, "sigma": {"0": 0.8503926916084475, "1": 0.556988859966341, "2": 0.0}, "chi_high": 0.4225623984538122, "beta_low": 0.7494337974473013}