{"R": 40.0, "wi": 2, "di": 2, "delta": 1.0, "gamma": {"0": 1.2564829368662516, "1": 0.8537958374534771, "2": 0.68798020115635}, "mu": {"0": 1.147375473671003, "1": 1.0848266652453302, "2": 1.1349907544514806}, "phi": {"0": 0.43084749969318215, "1": 0.047508922033089984, "2": 0.9154706511364473}, "psi": {"0": 0.7159006613977045, "1": 1.1498911544218995, "2": 0.5778672319583733}, "sigma": {"0": 0.982613886550391, "1": 0.5632884672217902, "2": 0.0}, "chi_high": null, "beta_low": null}