{"R": 40.0, "wi": 0, "di": 0, "delta": 1.0, "gamma": {"0": 0.8129499372832182, "1": 0.570292511924848, "2": 0.6772601372256261}, "mu": {"0": 1.1221452849466338, "1": 1.0063031747496918, "2": 1.0617694405454565}, "phi": {"0": 0.19177611392788108, "1": 0.9334715316831896, "2": 0.5626967926861117}, "psi": {"0": 0.6127701076391102, "1": 1.459447636121829, "2": 1.3298394198874783}, "sigma": {"0": 0.6413657580732448, "1": 0.5677871648085326, "2": 0.0}, "chi_high": 0.4410453253745369, "beta_low": 0.918908967347763}