{"R": 40.0, "wi": 2, "di": 0, "delta": 1.0, "gamma": {"0": 1.2371149883364758, "1": 0.6281544735711567, "2": 0.941092358356308}, "mu": {"0": 1.0733714142415547, "1": 1.0144359618842058, "2": 1.1336029869857505}, "phi": {"0": 0.8574605994348237, "1": 0.9461060502296321, "2": 0.5487849254502349}, "psi": {"0": 1.3296265629791797, "1": 0.9773863606828663, "2": 0.552967147184647}, "sigma": {"0": 0.9934562404227932, "1": 0.9426991278625168, "2": 0.0}, "chi_high": null, "beta_low": null}