{"R": 40.0, "wi": 1, "di": 2, "delta": 1.0, "gamma": {"0": 1.10183018934994, "1": 1.0304514044339315, "2": 0.6882950481526485}, "mu": {"0": 1.0002594409420318, "1": 1.039028926145061, "2": 1.0245433018107455}, "phi": {"0": 0.7587154985196507, "1": 0.4039434754148786, "2": 0.9182862184467765}, "psi": {"0": 0.673551124542901, "1": 0.8823482083934764, "2": 0.5766171166098069}, "sigma": {"0": 0.8601574158837686, "1": 0.0, "2": 0.0}, "chi_high": null, "beta_low": 0.7034991624963884}