{"R": 40.0, "wi": 1, "di": 0, "delta": 1.0, "gamma": {"0": 1.1642791003859856, "1": 0.8773710419311364, "2": 0.7769563754536559}, "mu": {"0": 1.129876166280255, "1": 1.0121043467006696, "2": 1.1140172889854631}, "phi": {"0": 0.5558314452591204, "1": 0.9678715446472806, "2": 0.12400407083062215}, "psi": {"0": 1.2904229815426869, "1": 1.0072585918372994, "2": 0.8854633018424443}, "sigma": {"0": 0.9583617604395912, "1": 0.0, "2": 0.0}, "chi_high": null, "beta_low": 0.6175161507574216}