{"R": 40.0, "wi": 1, "di": 0, "delta": 1.0, "gamma": {"0": 0.6864982352443261, "1": 1.055836542124245, "2": 1.0713052400560135}, "mu": {"0": 1.0351012989760198, "1": 1.110020288934352, "2": 1.0943701737380949}, "phi": {"0": 0.9979014851184705, "1": 0.5811990583728905, "2": 0.8733398539243912}, "psi": {"0": 1.3990820816115592, "1": 1.2108766669586835, "2": 1.0654961704406725}, "sigma": {"0": 0.7397169749709223, "1": 0.0, "2": 0.0}, "chi_high": null, "beta_low": 0.7831156099253772}