{"R": 40.0, "wi": 0, "di": 0, "delta": 1.0, "gamma": {"0": 0.9710329501218814, "1": 1.4633554769966577, "2": 1.2004302716038615}, "mu": {"0": 1.1261005451001136, "1": 1.069963414583148, "2": 1.1087114701176892}, "phi": {"0": 0.24022130450374535, "1": 0.006519790390515534, "2": 0.11145040256474847}, "psi": {"0": 0.9224575718746003, "1": 0.6993549900536742, "2": 1.468284239557054}, "sigma": {"0": 0.6427028184534427, "1": 0.6957192028126388, "2": 0.0}, "chi_high": 0.9413821511844663, "beta_low": 0.2081870702321903}