{"R": 40.0, "wi": 1, "di": 1, "delta": 1.0, "gamma": {"0": 1.3683024304217164, "1": 0.7788647237668584, "2": 0.9303346585006839}, "mu": {"0": 1.0195711649235422, "1": 1.0585943936980993, "2": 1.0745706561816835}, "phi": {"0": 0.4643271691624631, "1": 0.14231479913140332, "2": 0.846594104078368}, "psi": {"0": 1.2809464943846671, "1": 1.2091092406884671, "2": 1.3280926816741645}, "sigma": {"0": 0.7236579792548454, "1": 0.0, "2": 0.0}, "chi_high": null, "beta_low": 0.28230913913829686}