{"R": 40.0, "wi": 2, "di": 2, "delta": 1.0, "gamma": {"0": 1.352487466223728, "1": 1.3805205406069463, "2": 1.209220289377956}, "mu": {"0": 1.0640147833412517, "1": 1.0982804287754147, "2": 1.0977413021813864}, "phi": {"0": 0.07876517217640289, "1": 0.6735154206997889, "2": 0.5499933050141561}, "psi": {"0": 0.6197674586740631, "1": 0.6787434023200534, "2": 0.5651277225376523}, "sigma": {"0": 0.7806380999335667, "1": 0.9701665266979609, "2": 0.0}, "chi_high": null, "beta_low": null}