{"R": 40.0, "wi": 1, "di": 2, "delta": 1.0, "gamma": {"0": 0.6076564320524356, "1": 1.1405499251448288, "2": 1.0371090059135508}, "mu": {"0": 1.05795417901686, "1": 1.0098396727694674, "2": 1.0702718770929276}, "phi": {"0": 0.7061866466038932, "1": 0.9194956097930347, "2": 0.3643515250823145}, "psi": {"0": 1.1840621595303213, "1": 0.7149684745713261, "2": 1.4038735073334685}, "sigma": {"0": 0.5826950126865384, "1": 0.0, "2": 0.0}, "chi_high": null, "beta_low": 0.9195953335433972}