{"R": 40.0, "wi": 1, "di": 0, "delta": 1.0, "gamma": {"0": 0.5531452498154863, "1": 0.8340768603002097, "2": 0.7503716617299252}, "mu": {"0": 1.0162773268356733, "1": 1.1146626152886694, "2": 1.002713702457872}, "phi": {"0": 0.25167104025875975, "1": 0.47022992971715005, "2": 0.03917676771109391}, "psi": {"0": 0.8693974773188661, "1": 0.8709988432232502, "2": 0.6902876977856396}, "sigma": {"0": 0.6397952107485629, "1": 0.0, "2": 0.0}, "chi_high": null, "beta_low": 0.3375574395799032}