{"R": 40.0, "wi": 1, "di": 0, "delta": 1.0, "gamma": {"0": 0.6781639806515615, "1": 0.8490815806080102, "2": 0.7816579046597184}, "mu": {"0": 1.0647423082422727, "1": 1.0702283222244202, "2": 1.086924278744193}, "phi": {"0": 0.6295723387830636, "1": 0.14771813846342752, "2": 0.16967574415180664}, "psi": {"0": 0.8701561705073403, "1": 1.4471388457872054, "2": 0.7595448076600937}, "sigma": {"0": 0.6868112015749415, "1": 0.0, "2": 0.0}, "chi_high": null, "beta_low": 0.32510030640740767}