{"R": 40.0, "wi": 0, "di": 1, "delta": 1.0, "gamma": {"0": 1.2789929160869389, "1": 1.4840147722947234, "2": 0.538712867187662}, "mu": {"0": 1.03207725419024, "1": 1.0958869656378716, "2": 1.1408796861764279}, "phi": {"0": 0.9014445240991945, "1": 0.18755814021946038, "2": 0.9295645292524659}, "psi": {"0": 1.2602559233119934, "1": 1.4693599616573865, "2": 1.1658422064552163}, "sigma": {"0": 0.5564307674088209, "1": 0.5775499183300179, "2": 0.0}, "chi_high": 0.785717849480581, "beta_low": 0.9048833673945516}