{"R": 40.0, "wi": 0, "di": 0, "delta": 1.0, "gamma": {"0": 1.0790711005657996, "1": 1.012303585194493, "2": 0.9861204212800924}, "mu": {"0": 1.0125061144709142, "1": 1.0650807075184594, "2": 1.0267945472921178}, "phi": {"0": 0.870628466123761, "1": 0.8202658953762255, "2": 0.24800944728821972}, "psi": {"0": 1.220589968303464, "1": 0.739545835207434, "2": 1.1515349875464016}, "sigma": {"0": 0.5787195234441921, "1": 0.9587967479903852, "2": 0.0}, "chi_high": 0.9174768727008435, "beta_low": 0.5634284141961177}