{"R": 40.0, "wi": 0, "di": 0, "delta": 1.0, "gamma": {"0": 0.9902594985628527, "1": 1.3262188040318152, "2": 1.075315889418424}, "mu": {"0": 1.1489114455621958, "1": 1.002493496936409, "2": 1.133581662584686}, "phi": {"0": 0.015577989892577082, "1": 0.12068944024017147, "2": 0.6520514883861938}, "psi": {"0": 1.4278241919109975, "1": 1.0164724087150514, "2": 0.6274362731876929}, "sigma": {"0": 0.827770377628333, "1": 0.8043702438813092, "2": 0.0}, "chi_high": 0.3300715554737516, "beta_low": 0.44593539432942897}