{"R": 40.0, "wi": 3, "di": 0, "delta": 1.0, "gamma": {"0": 0.9207688826342931, "1": 1.0437182340278537, "2": 1.4350832037702514}, "mu": {"0": 1.0050188362046604, "1": 1.1289961705425127, "2": 1.051569026995622}, "phi": {"0": 0.0837034292285802, "1": 0.374627415565432, "2": 0.8669140615754599}, "psi": {"0": 1.2869094257322278, "1": 0.6864931144506227, "2": 0.6315659698659319}, "sigma": {"0": 0.6450204565262991, "1": 0.6508353115658845, "2": 0.0}, "chi_high": 0.48893292086652324, "beta_low": null}