{"R": 40.0, "wi": 3, "di": 1, "delta": 1.0, "gamma": {"0": 0.8807625316302935, "1": 1.499068019753031, "2": 1.2148436755971865}, "mu": {"0": 1.1411230967824633, "1": 1.0093603662079607, "2": 1.0003083582527776}, "phi": {"0": 0.03419773373944979, "1": 0.8120611119488197, "2": 0.6096401475588686}, "psi": {"0": 0.6887298043136535, "1": 0.8258516996298544, "2": 0.6783747697901138}, "sigma": {"0": 0.8706676372842281, "1": 0.8182290498147569, "2": 0.0}, "chi_high": 0.4198333780625663, "beta_low": null}