{"R": 40.0, "wi": 0, "di": 1, "delta": 1.0, "gamma": {"0": 0.5943157956525873, "1": 0.9608692837622517, "2": 0.8121361288573579}, "mu": {"0": 1.1189047180493095, "1": 1.0552219334521342, "2": 1.12861451066649}, "phi": {"0": 0.7379317742707635, "1": 0.7957110557090219, "2": 0.5066786326562422}, "psi": {"0": 1.341103230293724, "1": 0.8393186103016428, "2": 0.8897588176575618}, "sigma": {"0": 0.7908641287738858, "1": 0.7659014679545862, "2": 0.0}, "chi_high": 0.46711978407048976, "beta_low": 0.8259449443630367}