{"R": 40.0, "wi": 0, "di": 2, "delta": 1.0, "gamma": {"0": 1.4957969500646622, "1": 0.8811743583983309, "2": 1.2428050163332878}, "mu": {"0": 1.0427370332831611, "1": 1.0591643144402485, "2": 1.1227809233446324}, "phi": {"0": 0.12674688215606167, "1": 0.9663180782655886, "2": 0.32997443113844516}, "psi": {"0": 0.8024216749114113, "1": 0.8601366434281128, "2": 1.2070644556363637}, "sigma": {"0": 0.6459232230128968, "1": 0.6541816937948635, "2": 0.0}, "chi_high": 0.9373379143744801, "beta_low": 0.6870550474734826}