{"R": 40.0, "wi": 3, "di": 0, "delta": 1.0, "gamma": {"0": 1.2420658626066015, "1": 0.9021108870528924, "2": 1.3495487400696897}, "mu": {"0": 1.0961786632897568, "1": 1.041242232368679, "2": 1.147203377573929}, "phi": {"0": 0.8349801493388288, "1": 0.22412753064745072, "2": 0.6937855074732044}, "psi": {"0": 0.8480978626734571, "1": 0.8584580826465641, "2": 1.3644781861182582}, "sigma": {"0": 0.5984147449548924, "1": 0.9879471061822345, "2": 0.0}, "chi_high": 0.6584311086839921, "beta_low": null}