{"R": 40.0, "wi": 1, "di": 1, "delta": 1.0, "gamma": {"0": 0.8004901963209164, "1": 0.8948385082189991, "2": 0.836620442061711}, "mu": {"0": 1.0453408713686163, "1": 1.116049754338902, "2": 1.0658117228023727}, "phi": {"0": 0.21309588753055952, "1": 0.19271370610413685, "2": 0.29725573105490544}, "psi": {"0": 1.043676634713313, "1": 0.9538503707506781, "2": 1.4008015177031905}, "sigma": {"0": 0.6114711972161193, "1": 0.0, "2": 0.0}, "chi_high": null, "beta_low": 0.5887900844896667}