{"R": 40.0, "wi": 2, "di": 2, "delta": 1.0, "gamma": {"0": 1.0582327204966924, "1": 0.5141569268304035, "2": 1.058004198403152}, "mu": {"0": 1.0758737430417094, "1": 1.026452043861071, "2": 1.1371409925877327}, "phi": {"0": 0.19985817014954788, "1": 0.5244128252348855, "2": 0.02824809044671417}, "psi": {"0": 1.3965233322602728, "1": 0.7738662134820052, "2": 0.7780576079946815}, "sigma": {"0": 0.6564017246548148, "1": 0.512002240519909, "2": 0.0}, "chi_high": null, "beta_low": null}