{"R": 40.0, "wi": 0, "di": 1, "delta": 1.0, "gamma": {"0": 0.8562714557293741, "1": 0.880306460254762, "2": 1.101785486096929}, "mu": {"0": 1.0455046717611383, "1": 1.098621137512618, "2": 1.1291558860894444}, "phi": {"0": 0.5046111940491921, "1": 0.1366858277324624, "2": 0.4293826402621619}, "psi": {"0": 0.9162019091234641, "1": 0.6409917399023651, "2": 0.5609816156073578}, "sigma": {"0": 0.5318971142482656, "1": 0.6210150400599508, "2": 0.0}, "chi_high": 0.9079294066868673, "beta_low": 0.5846472072219725}