{"R": 40.0, "wi": 3, "di": 2, "delta": 1.0, "gamma": {"0": 1.2534937566423874, "1": 0.6232553389881194, "2": 1.4212650378321139}, "mu": {"0": 1.0608973085793325, "1": 1.0583933237427074, "2": 1.1415813242715354}, "phi": {"0": 0.23149948413776644, "1": 0.21436084029974256, "2": 0.4761136669341367}, "psi": {"0": 1.405665268930413, "1": 1.2595440025633053, "2": 0.9042864649616695}, "sigma": {"0": 0.6192670699778574, "1": 0.6787343765611118, "2": 0.0}, "chi_high": 0.07905629068042405, "beta_low": null}