{"R": 40.0, "wi": 2, "di": 0, "delta": 1.0, "gamma": {"0": 1.4123113068395257, "1": 1.4565901595050939, "2": 0.5905609447399891}, "mu": {"0": 1.0948661301328342, "1": 1.073269932328236, "2": 1.1126664121129166}, "phi": {"0": 0.9608341531999605, "1": 0.5406102390991954, "2": 0.2886335868409785}, "psi": {"0": 0.8751633468770482, "1": 0.8646234750390279, "2": 0.9018636754727635}, "sigma": {"0": 0.7631405335288682, "1": 0.8646235295055695, "2": 0.0}, "chi_high": null, "beta_low": null}