{"R": 40.0, "wi": 1, "di": 1, "delta": 1.0, "gamma": {"0": 0.8146487448633792, "1": 1.0272347669790038, "2": 0.815814604292201}, "mu": {"0": 1.0244916243237623, "1": 1.129328540784809, "2": 1.1050196176984954}, "phi": {"0": 0.3545189566042326, "1": 0.40663816804848285, "2": 0.19587196998343093}, "psi": {"0": 1.1824014516099122, "1": 0.7271101475210155, "2": 1.3615986796438209}, "sigma": {"0": 0.7076440443358873, "1": 0.0, "2": 0.0}, "chi_high": null, "beta_low": 0.042379318845941635}