{"R": 40.0, "wi": 2, "di": 1, "delta": 1.0, "gamma": {"0": 0.8480752996935577, "1": 0.6013035071977326, "2": 1.131700942639849}, "mu": {"0": 1.0108892251866073, "1": 1.1327432598063663, "2": 1.0170255936764379}, "phi": {"0": 0.01713508161547661, "1": 0.9598196628977977, "2": 0.7730976733581919}, "psi": {"0": 1.3334286089090432, "1": 0.6458386159199234, "2": 1.3280584390813535}, "sigma": {"0": 0.5845638929386544, "1": 0.9381306344801879, "2": 0.0}, "chi_high": null, "beta_low": null}