{"R": 40.0, "wi": 2, "di": 1, "delta": 1.0, "gamma": {"0": 1.2664766067741247, "1": 1.3149855262461498, "2": 1.4820616113890024}, "mu": {"0": 1.0648268438107662, "1": 1.1115946596587982, "2": 1.1371530057892825}, "phi": {"0": 0.6606501960346585, "1": 0.3936352979330233, "2": 0.0834511635119275}, "psi": {"0": 1.106937306812323, "1": 0.6648345286056716, "2": 0.9817898324346855}, "sigma": {"0": 0.8764047391850955, "1": 0.7731497721029897, "2": 0.0}, "chi_high": null, "beta_low": null}