{"R": 40.0, "wi": 0, "di": 2, "delta": 1.0, "gamma": {"0": 1.1249179917292111, "1": 1.3546783221600103, "2": 0.87909538318856}, "mu": {"0": 1.0221833446987239, "1": 1.086366358971795, "2": 1.00245687304148}, "phi": {"0": 0.5113919842293173, "1": 0.7208136705470236, "2": 0.39481241258099165}, "psi": {"0": 1.0095497595537808, "1": 0.827039799394584, "2": 1.0661516933991098}, "sigma": {"0": 0.7392604264999987, "1": 0.5406566229226093, "2": 0.0}, "chi_high": 0.019071747699513555, "beta_low": 0.552707224059391}