{"R": 40.0, "wi": 2, "di": 2, "delta": 1.0, "gamma": {"0": 1.2614804991952386, "1": 1.1853439854918428, "2": 1.0316832960512312}, "mu": {"0": 1.1040966134631707, "1": 1.0704846074107377, "2": 1.050302639697199}, "phi": {"0": 0.7075524480881177, "1": 0.6895506683334102, "2": 0.9080209672633068}, "psi": {"0": 1.2456231669821638, "1": 0.5695692425056164, "2": 0.8966085365375726}, "sigma": {"0": 0.5680080385262565, "1": 0.7108633476393618, "2": 0.0}, "chi_high": null, "beta_low": null}