{"R": 40.0, "wi": 2, "di": 2, "delta": 1.0, "gamma": {"0": 0.7164959122530964, "1": 0.9682163801138499, "2": 1.1084061904511113}, "mu": {"0": 1.0657806179817457, "1": 1.0155944701283643, "2": 1.022100419819807}, "phi": {"0": 0.5716875116009803, "1": 0.6191944460848009, "2": 0.5566210681949028}, "psi": {"0": 1.086636645224464, "1": 0.5112175373812312, "2": 1.0377961072901198}, "sigma": {"0": 0.50929857654635, "1": 0.86138854310132, "2": 0.0}, "chi_high": null, "beta_low": null}