{"R": 40.0, "wi": 0, "di": 0, "delta": 1.0, "gamma": {"0": 1.1116197068270828, "1": 0.5023375840204226, "2": 1.0562332044072782}, "mu": {"0": 1.1129035135797405, "1": 1.0874129614838473, "2": 1.0463111427588083}, "phi": {"0": 0.6235559538560915, "1": 0.9877456936657301, "2": 0.2725224280038281}, "psi": {"0": 0.6636916917692013, "1": 1.0731435243580685, "2": 0.9616466936337885}, "sigma": {"0": 0.799124662441679, "1": 0.9696574086409755, "2": 0.0}, "chi_high": 0.8711650075200811, "beta_low": 0.8633236564231711}