{"R": 40.0, "wi": 3, "di": 2, "delta": 1.0, "gamma": {"0": 0.7394243188054401, "1": 0.9534922762035185, "2": 0.6430081554955013}, "mu": {"0": 1.073104815374382, "1": 1.1169277554415662, "2": 1.061123225773641}, "phi": {"0": 0.28241775827925364, "1": 0.7020994292153557, "2": 0.11261541786933671}, "psi": {"0": 1.042688684045083, "1": 0.7795511669740505, "2": 0.8858877723795883}, "sigma": {"0": 0.9352831994843934, "1": 0.7096129429530562, "2": 0.0}, "chi_high": 0.9710390557772111, "beta_low": null}