{"R": 40.0, "wi": 1, "di": 0, "delta": 1.0, "gamma": {"0": 0.7479040783068382, "1": 1.2434909080877103, "2": 0.8505822142866023}, "mu": {"0": 1.0582137294177134, "1": 1.0343455247274889, "2": 1.035955259147686}, "phi": {"0": 0.9253301636463064, "1": 0.5243253114522792, "2": 0.7970719315906418}, "psi": {"0": 1.0998098695442704, "1": 1.095419195471364, "2": 0.8869433416621767}, "sigma": {"0": 0.8653231394954408, "1": 0.0, "2": 0.0}, "chi_high": null, "beta_low": 0.39052451626483}