{"R": 40.0, "wi": 1, "di": 2, "delta": 1.0, "gamma": {"0": 1.362495734640281, "1": 1.0486968645818417, "2": 1.0748047536888792}, "mu": {"0": 1.1380021093998667, "1": 1.1142041950019086, "2": 1.1242995006894374}, "phi": {"0": 0.5178571188428714, "1": 0.23886462393552177, "2": 0.40642100500316203}, "psi": {"0": 0.6778061532149505, "1": 1.1953864910677825, "2": 0.94207452211101}, "sigma": {"0": 0.7916441629856841, "1": 0.0, "2": 0.0}, "chi_high": null, "beta_low": 0.1457696174113899}