{"R": 40.0, "wi": 2, "di": 2, "delta": 1.0, "gamma": {"0": 0.6538979455305536, "1": 0.6708712668334341, "2": 1.1862760497101057}, "mu": {"0": 1.0702739877818803, "1": 1.0265585433909672, "2": 1.0891055227775162}, "phi": {"0": 0.8058324379047654, "1": 0.47407948264918365, "2": 0.34239116160560545}, "psi": {"0": 0.8924426827482661, "1": 1.2988108787213108, "2": 0.9372097913684412}, "sigma": {"0": 0.9449608626783685, "1": 0.5869391644793227, "2": 0.0}, "chi_high": null, "beta_low": null}