{"R": 40.0, "wi": 3, "di": 0, "delta": 1.0, "gamma": {"0": 1.292657285379572, "1": 0.8268623377254964, "2": 0.6722878673766055}, "mu": {"0": 1.1101970957804188, "1": 1.0676987648317062, "2": 1.0557412182223227}, "phi": {"0": 0.2673324012213544, "1": 0.3362980905378392, "2": 0.033925956693974246}, "psi": {"0": 1.4744687301472896, "1": 0.8501816219122954, "2": 1.4976727328800565}, "sigma": {"0": 0.8371960036441988, "1": 0.933821120602731, "2": 0.0}, "chi_high": 0.23712752619000776, "beta_low": null}