{"R": 40.0, "wi": 1, "di": 2, "delta": 1.0, "gamma": {"0": 0.8932659390341902, "1": 0.5601999084599187, "2": 1.3053461463443474}, "mu": {"0": 1.1217071945160664, "1": 1.08464630294018, "2": 1.1102077166230913}, "phi": {"0": 0.7660166083252476, "1": 0.10769268264706355, "2": 0.17691268171866759}, "psi": {"0": 0.9497227266629298, "1": 0.8260587055989272, "2": 0.7297993524857246}, "sigma": {"0": 0.910984968162576, "1": 0.0, "2": 0.0}, "chi_high": null, "beta_low": 0.5113883457382497}