{"R": 40.0, "wi": 3, "di": 1, "delta": 1.0, "gamma": {"0": 1.3055294363627608, "1": 0.7298155777997415, "2": 1.006662212265716}, "mu": {"0": 1.0806270024077393, "1": 1.0149865149079293, "2": 1.000804830796388}, "phi": {"0": 0.6866421315284367, "1": 0.9060449529711762, "2": 0.46802474487455037}, "psi": {"0": 0.6483496939792319, "1": 0.8008841466882337, "2": 0.6690339249204228}, "sigma": {"0": 0.7296391917791838, "1": 0.7287687357782328, "2": 0.0}, "chi_high": 0.4110617920657563, "beta_low": null}