{"R": 40.0, "wi": 0, "di": 1, "delta": 1.0, "gamma": {"0": 1.1844702537675365, "1": 1.3008171171794274, "2": 0.8649400096519221}, "mu": {"0": 1.0071331647468251, "1": 1.0684180171061497, "2": 1.0617498307812314}, "phi": {"0": 0.9603419730314293, "1": 0.4953564642763806, "2": 0.36095863607165946}, "psi": {"0": 0.838786734530107, "1": 1.1326305959258023, "2": 1.075130250598749}, "sigma": {"0": 0.657973682368594, "1": 0.742185779414424, "2": 0.0}, "chi_high": 0.13358624595458926, "beta_low": 0.5612466857991854}