{"R": 40.0, "wi": 1, "di": 0, "delta": 1.0, "gamma": {"0": 1.0532918680700871, "1": 0.7034032076151753, "2": 1.4468830267742967}, "mu": {"0": 1.0377166787896175, "1": 1.1393425685885534, "2": 1.1484131984533374}, "phi": {"0": 0.6472541406431291, "1": 0.2236263566961738, "2": 0.739016324357369}, "psi": {"0": 0.7926945463730447, "1": 0.6649434160687782, "2": 1.1241739873535384}, "sigma": {"0": 0.9438851822799157, "1": 0.0, "2": 0.0}, "chi_high": null, "beta_low": 0.6692177639547914}