{"R": 40.0, "wi": 2, "di": 2, "delta": 1.0, "gamma": {"0": 0.9969430561727229, "1": 0.5253887756453581, "2": 0.6350014298149145}, "mu": {"0": 1.0401483314706172, "1": 1.1310874861996767, "2": 1.1391908619359739}, "phi": {"0": 0.4481247607928588, "1": 0.4467693249590088, "2": 0.848832966562723}, "psi": {"0": 1.39392686023275, "1": 0.9974563669227572, "2": 1.3857436244952694}, "sigma": {"0": 0.8469959985413359, "1": 0.6005016271276855, "2": 0.0}, "chi_high": null, "beta_low": null}