{"R": 40.0, "wi": 3, "di": 1, "delta": 1.0, "gamma": {"0": 0.6060511663786939, "1": 1.4915136519858065, "2": 0.5589021250728593}, "mu": {"0": 1.0552520274071562, "1": 1.1287231549525012, "2": 1.121554772225194}, "phi": {"0": 0.7178037707429062, "1": 0.47382628505456104, "2": 0.4006722272246147}, "psi": {"0": 0.9244563847144143, "1": 1.4498956547459751, "2": 0.799373306263036}, "sigma": {"0": 0.9102769595747189, "1": 0.5082895457807777, "2": 0.0}, "chi_high": 0.5029174829145171, "beta_low": null}