{"R": 40.0, "wi": 0, "di": 2, "delta": 1.0, "gamma": {"0": 1.069577865109673, "1": 1.3616682172444046, "2": 0.9961966076595291}, "mu": {"0": 1.1107210914944774, "1": 1.1229916238962374, "2": 1.0427046645897422}, "phi": {"0": 0.03567411970033041, "1": 0.08977297232228942, "2": 0.5429320394176956}, "psi": {"0": 0.7393175727282761, "1": 1.234097994143076, "2": 0.7885050045364145}, "sigma": {"0": 0.5412315246190733, "1": 0.5930304944335758, "2": 0.0}, "chi_high": 0.4515424376651235, "beta_low": 0.15246307258849642}