{"R": 40.0, "wi": 3, "di": 2, "delta": 1.0, "gamma": {"0": 1.192809551086079, "1": 1.2225603498469142, "2": 0.9072546854580272}, "mu": {"0": 1.1368849584455016, "1": 1.1485750709541085, "2": 1.055462148841162}, "phi": {"0": 0.5394292137255012, "1": 0.35893686078564513, "2": 0.8145698932119686}, "psi": {"0": 0.8887485878456551, "1": 0.8935393453412888, "2": 1.3549010674676347}, "sigma": {"0": 0.6970530996049834, "1": 0.7868159482579333, "2": 0.0}, "chi_high": 0.5642675370737436, "beta_low": null}