{"R": 40.0, "wi": 1, "di": 0, "delta": 1.0, "gamma": {"0": 0.9564265349368422, "1": 0.7039972433353763, "2": 1.1360510881901713}, "mu": {"0": 1.133462368774148, "1": 1.1235795478554094, "2": 1.1428966779140182}, "phi": {"0": 0.39678889222945435, "1": 0.3768355041901027, "2": 0.8219798262977746}, "psi": {"0": 0.5364507550277969, "1": 0.9466806967678284, "2": 1.3492562417492397}, "sigma": {"0": 0.7877720678817004, "1": 0.0, "2": 0.0}, "chi_high": null, "beta_low": 0.370707572537772}