{"R": 40.0, "wi": 3, "di": 2, "delta": 1.0, "gamma": {"0": 1.379308459864464, "1": 1.0325883948722927, "2": 1.037812072358606}, "mu": {"0": 1.0020301044244364, "1": 1.070579249678003, "2": 1.0837986114116684}, "phi": {"0": 0.8246694389116282, "1": 0.4130265819726152, "2": 0.6319429841698526}, "psi": {"0": 1.453981748942054, "1": 0.7074584313826648, "2": 1.2872325275877665}, "sigma": {"0": 0.6108919603770997, "1": 0.6244519418353291, "2": 0.0}, "chi_high": 0.4069802809133591, "beta_low": null}