{"R": 40.0, "wi": 2, "di": 0, "delta": 1.0, "gamma": {"0": 0.8405460283456695, "1": 1.0495187070752214, "2": 1.4123905353548643}, "mu": {"0": 1.015809650730888, "1": 1.0121229991641278, "2": 1.0446327607936936}, "phi": {"0": 0.3406071241744437, "1": 0.24915225784597583, "2": 0.6531651252866614}, "psi": {"0": 1.1515679295657697, "1": 0.8625238179436097, "2": 0.801426634523258}, "sigma": {"0": 0.7035742051968288, "1": 0.7284064269403758, "2": 0.0}, "chi_high": null, "beta_low": null}