{"R": 40.0, "wi": 0, "di": 2, "delta": 1.0, "gamma": {"0": 0.7735184442706089, "1": 0.7895489352782916, "2": 0.7904419106542715}, "mu": {"0": 1.0269408018216568, "1": 1.0365817191717113, "2": 1.1411916894591538}, "phi": {"0": 0.1531844721738096, "1": 0.9737033301844846, "2": 0.3864878855501648}, "psi": {"0": 1.0953310180377211, "1": 0.8533758475462254, "2": 1.2402404949378405}, "sigma": {"0": 0.6043116794937308, "1": 0.8442298187422427, "2": 0.0}, "chi_high": 0.6426801460736207, "beta_low": 0.4931732973525445}