{"R": 40.0, "wi": 1, "di": 1, "delta": 1.0, "gamma": {"0": 0.5832884379075127, "1": 1.1340091599378939, "2": 0.9571452572893119}, "mu": {"0": 1.0456360390171278, "1": 1.141023506432101, "2": 1.1386756434343404}, "phi": {"0": 0.8708200558171514, "1": 0.04267089798659651, "2": 0.8604089713102651}, "psi": {"0": 1.1650180160067967, "1": 1.3450938540655382, "2": 1.1627407181235738}, "sigma": {"0": 0.8879536259728573, "1": 0.0, "2": 0.0}, "chi_high": null, "beta_low": 0.5650958482599672}