{"R": 40.0, "wi": 0, "di": 2, "delta": 1.0, "gamma": {"0": 1.3528207001357813, "1": 0.553442288568953, "2": 0.5848609474437828}, "mu": {"0": 1.1155413523655102, "1": 1.0793227222458204, "2": 1.0132401408458536}, "phi": {"0": 0.3496397965986292, "1": 0.3571273369554955, "2": 0.40336731647897606}, "psi": {"0": 1.2006925892696436, "1": 0.9289898324199187, "2": 0.6930851721469188}, "sigma": {"0": 0.7707564222415502, "1": 0.7098574799389199, "2": 0.0}, "chi_high": 0.6378393858856569, "beta_low": 0.9234645035576845}