{"R": 40.0, "wi": 0, "di": 0, "delta": 1.0, "gamma": {"0": 1.297023597711859, "1": 1.0278703411079393, "2": 0.7228180265378609}, "mu": {"0": 1.044592692476562, "1": 1.1309388538256953, "2": 1.069131411083664}, "phi": {"0": 0.32055664724408417, "1": 0.6206775611734491, "2": 0.5416043044265471}, "psi": {"0": 1.34597397580936, "1": 0.5170454280419172, "2": 1.3219087457650072}, "sigma": {"0": 0.8114597226209943, "1": 0.6301435386867991, "2": 0.0}, "chi_high": 0.3036759261180632, "beta_low": 0.9400681653482276}