{"R": 40.0, "wi": 2, "di": 2, "delta": 1.0, "gamma": {"0": 0.5896094893157543, "1": 1.2927321350881424, "2": 1.2857913643006278}, "mu": {"0": 1.0850768868828993, "1": 1.045816199701721, "2": 1.0531954485426878}, "phi": {"0": 0.10442080249407382, "1": 0.9634927029985645, "2": 0.4270078854793409}, "psi": {"0": 1.1116916664171304, "1": 1.456244194983117, "2": 0.8031768565839501}, "sigma": {"0": 0.8009437184066066, "1": 0.9992713791031347, "2": 0.0}, "chi_high": null, "beta_low": null}