{"R": 40.0, "wi": 0, "di": 1, "delta": 1.0, "gamma": {"0": 0.6000116348323062, "1": 1.0467253577811753, "2": 1.170057678107389}, "mu": {"0": 1.0451168678670755, "1": 1.1459232347478174, "2": 1.0609414994106154}, "phi": {"0": 0.8991453432955075, "1": 0.14218465027362936, "2": 0.466368652406809}, "psi": {"0": 0.7401514017979712, "1": 0.9934375058602098, "2": 0.8649958674104105}, "sigma": {"0": 0.5082030552724772, "1": 0.5018317196138444, "2": 0.0}, "chi_high": 0.1349552541144423, "beta_low": 0.5592873668077101}