{"R": 40.0, "wi": 2, "di": 1, "delta": 1.0, "gamma": {"0": 0.9759955316286374, "1": 0.6415374480616028, "2": 1.399864076884828}, "mu": {"0": 1.149962146778991, "1": 1.0731675486910284, "2": 1.000362677203258}, "phi": {"0": 0.2987547464916046, "1": 0.9614934673307164, "2": 0.3409333993793112}, "psi": {"0": 1.3717732336882233, "1": 0.726021663104834, "2": 1.15452930946059}, "sigma": {"0": 0.7847323128903503, "1": 0.9334049632176025, "2": 0.0}, "chi_high": null, "beta_low": null}