{"R": 40.0, "wi": 1, "di": 2, "delta": 1.0, "gamma": {"0": 0.5536890232014651, "1": 0.6328444463622905, "2": 0.7776256349668306}, "mu": {"0": 1.1478671485943812, "1": 1.1025791222106252, "2": 1.0508549540125627}, "phi": {"0": 0.8508033631721933, "1": 0.6146397380584817, "2": 0.07025262129554721}, "psi": {"0": 0.5422804208840647, "1": 1.3177640331302087, "2": 0.8945814768777857}, "sigma": {"0": 0.9975915510520315, "1": 0.0, "2": 0.0}, "chi_high": null, "beta_low": 0.34557594812682374}