{"R": 40.0, "wi": 2, "di": 1, "delta": 1.0, "gamma": {"0": 0.8222792628193714, "1": 1.2400884748150767, "2": 0.5326207575591788}, "mu": {"0": 1.073163375737695, "1": 1.1458882214546267, "2": 1.1346223838458345}, "phi": {"0": 0.7164438620576068, "1": 0.8599258933810942, "2": 0.8508908227917026}, "psi": {"0": 1.3530344986251321, "1": 0.7087238104011659, "2": 0.9817090173843575}, "sigma": {"0": 0.7935543939059455, "1": 0.6752333373159161, "2": 0.0}, "chi_high": null, "beta_low": null}