{"R": 40.0, "wi": 3, "di": 0, "delta": 1.0, "gamma": {"0": 0.9647742011624498, "1": 1.1548753628459787, "2": 0.7516930371658969}, "mu": {"0": 1.0733929300596625, "1": 1.0994946831979062, "2": 1.0953487260335426}, "phi": {"0": 0.06438423323000664, "1": 0.3461345368154781, "2": 0.48287970606424224}, "psi": {"0": 1.3131523248338128, "1": 0.9868989234257391, "2": 0.8216417921436491}, "sigma": {"0": 0.6236111115503452, "1": 0.9773430118033986, "2": 0.0}, "chi_high": 0.036727711901618915, "beta_low": null}