{"R": 40.0, "wi": 0, "di": 1, "delta": 1.0, "gamma": {"0": 1.0335196804559006, "1": 0.5299935368859713, "2": 1.222237507204145}, "mu": {"0": 1.1104100177715013, "1": 1.1031509686486423, "2": 1.1013800368197144}, "phi": {"0": 0.4790312648184064, "1": 0.590986765534075, "2": 0.05214694177326373}, "psi": {"0": 0.670851627994362, "1": 0.9684061296095577, "2": 1.4657377449587041}, "sigma": {"0": 0.6916110809573001, "1": 0.839002126595654, "2": 0.0}, "chi_high": 0.3008408179664004, "beta_low": 0.21587646512753075}