{"R": 40.0, "wi": 1, "di": 1, "delta": 1.0, "gamma": {"0": 1.008218917864005, "1": 0.5963862201198837, "2": 0.8139776436326221}, "mu": {"0": 1.1342572569372404, "1": 1.1363439983818977, "2": 1.0185428070035534}, "phi": {"0": 0.6699673925368808, "1": 0.8504008156786437, "2": 0.4358077512767695}, "psi": {"0": 0.5987973233516584, "1": 0.801117144759851, "2": 1.4211959227756399}, "sigma": {"0": 0.692437184777562, "1": 0.0, "2": 0.0}, "chi_high": null, "beta_low": 0.4124270542809668}