{"R": 40.0, "wi": 1, "di": 1, "delta": 1.0, "gamma": {"0": 1.0046453111209361, "1": 1.4816617643307057, "2": 1.2561649264399544}, "mu": {"0": 1.0745580712128617, "1": 1.1475829333832481, "2": 1.1471715110957104}, "phi": {"0": 0.4754590125259449, "1": 0.9261345128910758, "2": 0.9440133892193195}, "psi": {"0": 0.7727063813958854, "1": 0.6273317709704426, "2": 0.9895527377117006}, "sigma": {"0": 0.9340599108414809, "1": 0.0, "2": 0.0}, "chi_high": null, "beta_low": 0.9637621003121297}