{"R": 40.0, "wi": 1, "di": 1, "delta": 1.0, "gamma": {"0": 1.2209650840071733, "1": 1.3343614368212346, "2": 0.6945906950141547}, "mu": {"0": 1.0373521534126828, "1": 1.1223746984659368, "2": 1.074387857300559}, "phi": {"0": 0.41424064619101364, "1": 0.09813305468946043, "2": 0.45872573362953617}, "psi": {"0": 1.4907057950659524, "1": 1.1391087474358232, "2": 0.9032286470534978}, "sigma": {"0": 0.6051494941439105, "1": 0.0, "2": 0.0}, "chi_high": null, "beta_low": 0.5187998533749709}