{"R": 40.0, "wi": 2, "di": 0, "delta": 1.0, "gamma": {"0": 0.6284837818159625, "1": 0.7198581549066642, "2": 0.5459526719964364}, "mu": {"0": 1.0526398199014673, "1": 1.0312652127817232, "2": 1.011142881979781}, "phi": {"0": 0.8900819347190574, "1": 0.3508261248577188, "2": 0.20153454471505527}, "psi": {"0": 1.0005209704877658, "1": 0.9701618127598571, "2": 0.5274947629326292}, "sigma": {"0": 0.6559078051884701, "1": 0.7270223226335639, "2": 0.0}, "chi_high": null, "beta_low": null}