{"R": 40.0, "wi": 3, "di": 1, "delta": 1.0, "gamma": {"0": 0.7265722993423208, "1": 1.319368005794578, "2": 0.8096900601662593}, "mu": {"0": 1.1031990979875617, "1": 1.09626231159937, "2": 1.0355261815198034}, "phi": {"0": 0.7468442512609212, "1": 0.15771585468706617, "2": 0.31151384474191446}, "psi": {"0": 0.7501343687540423, "1": 0.7099004538787829, "2": 1.4102747267309232}, "sigma": {"0": 0.84195104605294, "1": 0.6630623567005931, "2": 0.0}, "chi_high": 0.03983890573379537, "beta_low": null}