{"R": 40.0, "wi": 2, "di": 0, "delta": 1.0, "gamma": {"0": 1.2688752032888178, "1": 1.0806642932791584, "2": 1.419442283672057}, "mu": {"0": 1.0599282172372824, "1": 1.01874266395702, "2": 1.1421781265818538}, "phi": {"0": 0.28506436305411254, "1": 0.10792957728400177, "2": 0.8820668442520501}, "psi": {"0": 1.426563667196989, "1": 1.1683868507097372, "2": 1.236760046177828}, "sigma": {"0": 0.9219037692202036, "1": 0.9178678381015827, "2": 0.0}, "chi_high": null, "beta_low": null}