{"R": 40.0, "wi": 1, "di": 0, "delta": 1.0, "gamma": {"0": 1.17289941999692, "1": 0.7076136555183841, "2": 1.0506244960733753}, "mu": {"0": 1.0328821532898562, "1": 1.0410143802717955, "2": 1.096646728835069}, "phi": {"0": 0.0728778414240232, "1": 0.8595548130122375, "2": 0.013155639789236728}, "psi": {"0": 0.8864647695770337, "1": 1.3304259922283252, "2": 1.1686878556119225}, "sigma": {"0": 0.8343273044171506, "1": 0.0, "2": 0.0}, "chi_high": null, "beta_low": 0.9682447242303465}