{"R": 40.0, "wi": 0, "di": 1, "delta": 1.0, "gamma": {"0": 0.5458161448932587, "1": 1.3982397496113337, "2": 1.4711903144386707}, "mu": {"0": 1.0377589041207098, "1": 1.0942341274518936, "2": 1.0689063625051844}, "phi": {"0": 0.9017062001249558, "1": 0.8775511865461693, "2": 0.4483286537309956}, "psi": {"0": 1.0948793318709764, "1": 1.0197568569338618, "2": 1.076598378863895}, "sigma": {"0": 0.9624148881220167, "1": 0.8135231235077003, "2": 0.0}, "chi_high": 0.35669485110175136, "beta_low": 0.39933696051432915}