{"R": 40.0, "wi": 0, "di": 0, "delta": 1.0, "gamma": {"0": 1.229481166254676, "1": 0.9683637376524358, "2": 0.9983180565657488}, "mu": {"0": 1.1368104074402023, "1": 1.1469661012449341, "2": 1.0424883174370312}, "phi": {"0": 0.9757861168125977, "1": 0.013185721011024554, "2": 0.6195664664147842}, "psi": {"0": 1.2689908063857915, "1": 1.0366659205854298, "2": 1.1465306761707974}, "sigma": {"0": 0.6663982598963779, "1": 0.8375361884116178, "2": 0.0}, "chi_high": 0.8269009860930117, "beta_low": 0.5229508048812326}