{"R": 40.0, "wi": 1, "di": 1, "delta": 1.0, "gamma": {"0": 1.1145397258144154, "1": 1.247870062438675, "2": 1.2749066944636813}, "mu": {"0": 1.044388743964378, "1": 1.0827942141458389, "2": 1.0436183696182657}, "phi": {"0": 0.12776973030511463, "1": 0.7955854845141572, "2": 0.9757651547873842}, "psi": {"0": 0.7423289038743031, "1": 0.6726960273666606, "2": 0.9379797020137584}, "sigma": {"0": 0.525171427131689, "1": 0.0, "2": 0.0}, "chi_high": null, "beta_low": 0.7494937581805935}