{"R": 40.0, "wi": 2, "di": 1, "delta": 1.0, "gamma": {"0": 0.7928822551079368, "1": 1.331420089568185, "2": 1.221244707782996}, "mu": {"0": 1.0923069859677812, "1": 1.1167702852496062, "2": 1.0509771046335354}, "phi": {"0": 0.9721431653299979, "1": 0.19944433644197834, "2": 0.9477026433657156}, "psi": {"0": 1.276007103573615, "1": 0.8590935399140436, "2": 0.6678138110092078}, "sigma": {"0": 0.6923442577072545, "1": 0.9096432261341978, "2": 0.0}, "chi_high": null, "beta_low": null}