{"R": 40.0, "wi": 1, "di": 2, "delta": 1.0, "gamma": {"0": 1.2647840275527038, "1": 1.1940151903850205, "2": 1.4783889035735722}, "mu": {"0": 1.046530254578118, "1": 1.026886382251937, "2": 1.0901547489519339}, "phi": {"0": 0.2763523445487437, "1": 0.6519423151439986, "2": 0.3008563956160105}, "psi": {"0": 0.777826398404296, "1": 1.4857519742083656, "2": 1.3961395442931497}, "sigma": {"0": 0.6888325627111596, "1": 0.0, "2": 0.0}, "chi_high": null, "beta_low": 0.19334660947978652}