{"R": 40.0, "wi": 0, "di": 2, "delta": 1.0, "gamma": {"0": 0.8361042410540218, "1": 1.1265903721791053, "2": 1.303643759557279}, "mu": {"0": 1.030343525228006, "1": 1.1499790362967164, "2": 1.1030251728494682}, "phi": {"0": 0.7344801152081313, "1": 0.40937875740599317, "2": 0.3528882001189535}, "psi": {"0": 0.6134818902446151, "1": 0.7074541302070192, "2": 0.7099456351812427}, "sigma": {"0": 0.7042647022534213, "1": 0.7655457928309874, "2": 0.0}, "chi_high": 0.39214069589960254, "beta_low": 0.08782091988645437}