{"R": 40.0, "wi": 1, "di": 2, "delta": 1.0, "gamma": {"0": 1.0185165973197385, "1": 0.8840701048880845, "2": 0.9146951556544206}, "mu": {"0": 1.1293608585943078, "1": 1.0381406128387651, "2": 1.0070730355442619}, "phi": {"0": 0.790911587455026, "1": 0.8811596419380359, "2": 0.14305126775285826}, "psi": {"0": 1.051293840295782, "1": 0.6046520599513387, "2": 1.1210191644449692}, "sigma": {"0": 0.5552604182670915, "1": 0.0, "2": 0.0}, "chi_high": null, "beta_low": 0.6438580136002918}