{"R": 40.0, "wi": 0, "di": 2, "delta": 1.0, "gamma": {"0": 0.810340375439632, "1": 1.2433060403144038, "2": 0.9436251551761919}, "mu": {"0": 1.0826732402086268, "1": 1.0207269014832998, "2": 1.0929201445717187}, "phi": {"0": 0.7663752046595939, "1": 0.10318023150468625, "2": 0.9527810857799599}, "psi": {"0": 1.4603180720593378, "1": 1.10867106691147, "2": 1.120287299505975}, "sigma": {"0": 0.6074549143141982, "1": 0.6675948624366628, "2": 0.0}, "chi_high": 0.6728829571940698, "beta_low": 0.30711688510387986}