{"R": 40.0, "wi": 3, "di": 0, "delta": 1.0, "gamma": {"0": 1.0214015861083467, "1": 0.5396925288549373, "2": 1.134847502159282}, "mu": {"0": 1.1210511750927783, "1": 1.0910643054877025, "2": 1.0177490220171432}, "phi": {"0": 0.30208602657352523, "1": 0.48348698718073924, "2": 0.6718260168599997}, "psi": {"0": 0.9222414390676439, "1": 0.5641979863026142, "2": 0.9362285627190441}, "sigma": {"0": 0.6315773610348374, "1": 0.9454344835655808, "2": 0.0}, "chi_high": 0.7215394080331566, "beta_low": null}