{"R": 40.0, "wi": 1, "di": 1, "delta": 1.0, "gamma": {"0": 1.1547911319892838, "1": 1.1672841644281848, "2": 0.6902984744426842}, "mu": {"0": 1.0293078170800187, "1": 1.102905717914721, "2": 1.0200280096111025}, "phi": {"0": 0.45801447497998915, "1": 0.4142630387502583, "2": 0.6702912015458313}, "psi": {"0": 1.366497517665712, "1": 0.95608617753506, "2": 1.1386828445833297}, "sigma": {"0": 0.7580415469559463, "1": 0.0, "2": 0.0}, "chi_high": null, "beta_low": 0.08713894708901267}