{"R": 40.0, "wi": 2, "di": 0, "delta": 1.0, "gamma": {"0": 1.0027548578389562, "1": 1.1158448551460969, "2": 1.0172017398177968}, "mu": {"0": 1.024098771494584, "1": 1.0218129639632016, "2": 1.0132674886800161}, "phi": {"0": 0.3640560477530006, "1": 0.4702655238934712, "2": 0.658878608310339}, "psi": {"0": 1.3684473540907092, "1": 1.453765391543843, "2": 0.7432598810157814}, "sigma": {"0": 0.5609228664866956, "1": 0.7121838988795092, "2": 0.0}, "chi_high": null, "beta_low": null}