{"R": 40.0, "wi": 1, "di": 0, "delta": 1.0, "gamma": {"0": 0.9849933643401463, "1": 0.8375989178979937, "2": 0.616359167845452}, "mu": {"0": 1.14238742166613, "1": 1.1267595368604406, "2": 1.0808698410454118}, "phi": {"0": 0.08159116801029054, "1": 0.6833724639794131, "2": 0.7962339802407344}, "psi": {"0": 0.7582972019730633, "1": 0.529651501322993, "2": 0.92874231924616}, "sigma": {"0": 0.5302350895153706, "1": 0.0, "2": 0.0}, "chi_high": null, "beta_low": 0.8843010671865883}