{"R": 40.0, "wi": 0, "di": 2, "delta": 1.0, "gamma": {"0": 1.429277579778005, "1": 1.2745395692781045, "2": 0.5191543523177314}, "mu": {"0": 1.0884427950215692, "1": 1.1074381177996786, "2": 1.0441104807114758}, "phi": {"0": 0.07347954115036959, "1": 0.7054493661753976, "2": 0.9689536369740854}, "psi": {"0": 0.9188944818865421, "1": 0.9541774241523813, "2": 0.5011196141665512}, "sigma": {"0": 0.6407212909768756, "1": 0.781481731736078, "2": 0.0}, "chi_high": 0.06317804571767609, "beta_low": 0.5293059022194823}