{"R": 40.0, "wi": 2, "di": 2, "delta": 1.0, "gamma": {"0": 0.7020534784223857, "1": 1.1196752821132372, "2": 1.189919308547878}, "mu": {"0": 1.015135886775577, "1": 1.0409304995782391, "2": 1.104758907215865}, "phi": {"0": 0.2377603530839003, "1": 0.3115860593943681, "2": 0.6576211632907866}, "psi": {"0": 1.022055659745201, "1": 1.0436552058723914, "2": 0.799761666214304}, "sigma": {"0": 0.923772345814796, "1": 0.6833488948194539, "2": 0.0}, "chi_high": null, "beta_low": null}