{"R": 40.0, "wi": 1, "di": 2, "delta": 1.0, "gamma": {"0": 0.6959424046808055, "1": 0.5113439303470114, "2": 1.4565728016388388}, "mu": {"0": 1.040895130144616, "1": 1.0325104789580706, "2": 1.0521251464381836}, "phi": {"0": 0.6923724024107129, "1": 0.7504143899935697, "2": 0.5937955655913675}, "psi": {"0": 0.7044897781897385, "1": 0.9335331869805403, "2": 1.1203535785563026}, "sigma": {"0": 0.6911963624837816, "1": 0.0, "2": 0.0}, "chi_high": null, "beta_low": 0.8892208617856796}