{"R": 40.0, "wi": 0, "di": 1, "delta": 1.0, "gamma": {"0": 1.3030248222211545, "1": 1.2869573332574569, "2": 0.7851082683802257}, "mu": {"0": 1.1183323713947526, "1": 1.1418250831636758, "2": 1.1217646846323213}, "phi": {"0": 0.7245770358715613, "1": 0.8703310572455785, "2": 0.9312235359872052}, "psi": {"0": 0.7294916812178096, "1": 0.9923819040848184, "2": 1.041791974357676}, "sigma": {"0": 0.6015410472343589, "1": 0.9012827719476144, "2": 0.0}, "chi_high": 0.025285712412383348, "beta_low": 0.5315355380830599}