{"R": 40.0, "wi": 3, "di": 2, "delta": 1.0, "gamma": {"0": 0.7710833418286651, "1": 0.7278448120462572, "2": 1.2529288505233382}, "mu": {"0": 1.0963202391574756, "1": 1.1453512017094851, "2": 1.0247791547683929}, "phi": {"0": 0.6646546753095608, "1": 0.0036725972611956204, "2": 0.7110521359059269}, "psi": {"0": 1.3404722795621251, "1": 0.9681846972237346, "2": 0.5901264316351783}, "sigma": {"0": 0.872389265269119, "1": 0.6605145678455715, "2": 0.0}, "chi_high": 0.7750916066912661, "beta_low": null}