{"R": 40.0, "wi": 0, "di": 2, "delta": 1.0, "gamma": {"0": 0.7883647432246527, "1": 1.3776690460806824, "2": 0.5002026139267883}, "mu": {"0": 1.13301155566974, "1": 1.1108549781531825, "2": 1.1010273199294727}, "phi": {"0": 0.37165891338884605, "1": 0.3397130560107222, "2": 0.10677995734767642}, "psi": {"0": 1.0193566789284314, "1": 0.8843764596793688, "2": 0.7177779704990374}, "sigma": {"0": 0.8943732797943775, "1": 0.5378677209427668, "2": 0.0}, "chi_high": 0.33361263553378906, "beta_low": 0.3737491206964638}