{"R": 40.0, "wi": 2, "di": 0, "delta": 1.0, "gamma": {"0": 0.5891799104005878, "1": 1.0301635711580583, "2": 1.0780778110001608}, "mu": {"0": 1.1438087190217372, "1": 1.0550238561441438, "2": 1.1043054853507146}, "phi": {"0": 0.7643842000118933, "1": 0.034942413813446094, "2": 0.06295446052226072}, "psi": {"0": 1.032113899155847, "1": 1.4617541012410915, "2": 1.4171054682961755}, "sigma": {"0": 0.8365594339542481, "1": 0.6345420665535786, "2": 0.0}, "chi_high": null, "beta_low": null}