{"R": 40.0, "wi": 1, "di": 1, "delta": 1.0, "gamma": {"0": 1.2158273129500716, "1": 1.4566818629506362, "2": 0.9543304232944793}, "mu": {"0": 1.0274980502144933, "1": 1.0207872061325614, "2": 1.0705596073106758}, "phi": {"0": 0.8415074182932603, "1": 0.1402417742151557, "2": 0.7670812474221682}, "psi": {"0": 1.4401624088493457, "1": 1.0731652674405807, "2": 1.038874012483185}, "sigma": {"0": 0.6458057509135844, "1": 0.0, "2": 0.0}, "chi_high": null, "beta_low": 0.4925301198854745}