{"R": 40.0, "wi": 0, "di": 0, "delta": 1.0, "gamma": {"0": 1.1720452923830544, "1": 0.9137121955108364, "2": 1.1698678784611733}, "mu": {"0": 1.0044974333816186, "1": 1.061996404696692, "2": 1.024362026136285}, "phi": {"0": 0.24227984082081355, "1": 0.38909590571703156, "2": 0.21805772910027643}, "psi": {"0": 0.927717050647081, "1": 1.4346490849670341, "2": 1.2880681777424843}, "sigma": {"0": 0.6208300520068177, "1": 0.7652216955416226, "2": 0.0}, "chi_high": 0.1356491299789231, "beta_low": 0.15324871180211413}