{"R": 40.0, "wi": 3, "di": 1, "delta": 1.0, "gamma": {"0": 0.6447160971846402, "1": 0.7457970043740874, "2": 0.7490355886607901}, "mu": {"0": 1.1099030627950905, "1": 1.008258665221635, "2": 1.0945404454506384}, "phi": {"0": 0.8154586802248359, "1": 0.5663508196009216, "2": 0.2537618023084097}, "psi": {"0": 0.5657277699296961, "1": 0.5453210341687251, "2": 0.9126575281291506}, "sigma": {"0": 0.9795957700145844, "1": 0.7124431468939452, "2": 0.0}, "chi_high": 0.8219265600770614, "beta_low": null}