{"R": 40.0, "wi": 3, "di": 1, "delta": 1.0, "gamma": {"0": 0.9079176986056854, "1": 1.2734790187631029, "2": 1.2881361147895838}, "mu": {"0": 1.148419044351972, "1": 1.1268035808867622, "2": 1.0794482257607927}, "phi": {"0": 0.9318082729027168, "1": 0.6808671796089958, "2": 0.9385607127542609}, "psi": {"0": 0.6047223280218323, "1": 1.4184825814251072, "2": 1.1922380211884724}, "sigma": {"0": 0.8494004560398359, "1": 0.8314511518477985, "2": 0.0}, "chi_high": 0.09900109180131687, "beta_low": null}