{"R": 40.0, "wi": 3, "di": 1, "delta": 1.0, "gamma": {"0": 1.4683769948584393, "1": 0.6597411825049928, "2": 1.474574275125576}, "mu": {"0": 1.052479601044998, "1": 1.080389363512784, "2": 1.0599356879125283}, "phi": {"0": 0.9460987959021255, "1": 0.5083845307036505, "2": 0.9136882347755974}, "psi": {"0": 0.8303577526539455, "1": 0.6153147183244948, "2": 1.3364363721455574}, "sigma": {"0": 0.666411709513353, "1": 0.5550905273029789, "2": 0.0}, "chi_high": 0.2862391905114235, "beta_low": null}