{"R": 40.0, "wi": 1, "di": 0, "delta": 1.0, "gamma": {"0": 1.4057274693132118, "1": 1.2214594124506144, "2": 0.6113137647372854}, "mu": {"0": 1.0878662945201578, "1": 1.0757999683544992, "2": 1.0008843025189933}, "phi": {"0": 0.517829610884754, "1": 0.25963732765672765, "2": 0.8580246208954574}, "psi": {"0": 0.6400511919856912, "1": 1.4851892167213556, "2": 0.6507224638597743}, "sigma": {"0": 0.760054964242375, "1": 0.0, "2": 0.0}, "chi_high": null, "beta_low": 0.8106895003386373}