{"R": 40.0, "wi": 0, "di": 2, "delta": 1.0, "gamma": {"0": 1.465532683630895, "1": 0.62205878571388, "2": 0.9346272990728476}, "mu": {"0": 1.1186378190797344, "1": 1.025050524089996, "2": 1.0641005115034639}, "phi": {"0": 0.6954614674258236, "1": 0.9893389539851544, "2": 0.6324073576892134}, "psi": {"0": 1.3671651594758636, "1": 0.6465976361619356, "2": 0.8029059163729322}, "sigma": {"0": 0.8086992112121832, "1": 0.8316387656084446, "2": 0.0}, "chi_high": 0.8193001052829589, "beta_low": 0.7890435585198028}