{"R": 40.0, "wi": 3, "di": 2, "delta": 1.0, "gamma": {"0": 0.989112291979739, "1": 1.3701968332896428, "2": 0.5659051605304445}, "mu": {"0": 1.143443762864553, "1": 1.1001155047635784, "2": 1.0424295128985082}, "phi": {"0": 0.23453738014713676, "1": 0.6867052744712138, "2": 0.8005691494990707}, "psi": {"0": 1.1744774249125167, "1": 1.365418215380578, "2": 1.1570334815301666}, "sigma": {"0": 0.9626306212290111, "1": 0.9078232155657602, "2": 0.0}, "chi_high": 0.8329162193040284, "beta_low": null}