{"R": 40.0, "wi": 3, "di": 0, "delta": 1.0, "gamma": {"0": 0.7711842865405124, "1": 1.3672918716492197, "2": 0.9484386105294275}, "mu": {"0": 1.0375735443490461, "1": 1.0464489205299543, "2": 1.0138028206410743}, "phi": {"0": 0.9236569378243566, "1": 0.7487519038397317, "2": 0.8582072454545329}, "psi": {"0": 0.8178123343463511, "1": 1.4017748938591692, "2": 1.2672610405742457}, "sigma": {"0": 0.6367449170901409, "1": 0.9606579301083309, "2": 0.0}, "chi_high": 0.9200633841009692, "beta_low": null}