{"R": 40.0, "wi": 1, "di": 1, "delta": 1.0, "gamma": {"0": 1.3699867493685547, "1": 0.7304726658811065, "2": 1.4840573762116558}, "mu": {"0": 1.0421116261133092, "1": 1.1478643478031854, "2": 1.1470911694197738}, "phi": {"0": 0.09013953691003163, "1": 0.44018453475645747, "2": 0.9809641735274257}, "psi": {"0": 0.8128487506113188, "1": 1.1978500940425811, "2": 0.7384830953891014}, "sigma": {"0": 0.8743752424958027, "1": 0.0, "2": 0.0}, "chi_high": null, "beta_low": 0.6150460126880327}