{"R": 40.0, "wi": 2, "di": 1, "delta": 1.0, "gamma": {"0": 0.6231596219759246, "1": 1.3528664866290534, "2": 1.1730118686214448}, "mu": {"0": 1.0914293332762384, "1": 1.1222042286547733, "2": 1.0092803565729598}, "phi": {"0": 0.6410641597825765, "1": 0.9234091583722852, "2": 0.5534898529336469}, "psi": {"0": 0.6075305701053397, "1": 1.3917761500206622, "2": 1.3097307893766035}, "sigma": {"0": 0.9615866057054956, "1": 0.9463637743121696, "2": 0.0}, "chi_high": null, "beta_low": null}