{"R": 40.0, "wi": 0, "di": 2, "delta": 1.0, "gamma": {"0": 0.805289206783554, "1": 1.070071814662998, "2": 0.781241532173739}, "mu": {"0": 1.144663137228794, "1": 1.0583609037140072, "2": 1.0991441091867642}, "phi": {"0": 0.5564420983779579, "1": 0.5673521700199675, "2": 0.9512752248689169}, "psi": {"0": 1.0758130882560386, "1": 0.7462422487645999, "2": 0.5978307397509491}, "sigma": {"0": 0.5603389117640485, "1": 0.702611602106739, "2": 0.0}, "chi_high": 0.6812600502141374, "beta_low": 0.8926375189693313}