{"R": 40.0, "wi": 2, "di": 1, "delta": 1.0, "gamma": {"0": 1.0722056591663924, "1": 0.8360146871041905, "2": 0.6729804400895681}, "mu": {"0": 1.122124657220677, "1": 1.0122790181681405, "2": 1.0058632970608141}, "phi": {"0": 0.24597085531708773, "1": 0.3708659931167797, "2": 0.3424443925915215}, "psi": {"0": 0.6085804182522853, "1": 1.3852806995740423, "2": 1.3429554198602012}, "sigma": {"0": 0.9009015081422712, "1": 0.8893327086688817, "2": 0.0}, "chi_high": null, "beta_low": null}