{"R": 40.0, "wi": 1, "di": 0, "delta": 1.0, "gamma": {"0": 1.480096769275814, "1": 0.5909566100936681, "2": 1.3678726098313874}, "mu": {"0": 1.0300128050862971, "1": 1.1228285928630848, "2": 1.079061378165956}, "phi": {"0": 0.5715095979448911, "1": 0.36565329291805004, "2": 0.28687571950130075}, "psi": {"0": 0.645981606189149, "1": 0.6833849687186786, "2": 0.885968693456225}, "sigma": {"0": 0.6968092469384024, "1": 0.0, "2": 0.0}, "chi_high": null, "beta_low": 0.7801003543917521}