{"R": 40.0, "wi": 2, "di": 1, "delta": 1.0, "gamma": {"0": 0.597988780051434, "1": 1.2589654657585312, "2": 1.1959684109134896}, "mu": {"0": 1.0104002461541175, "1": 1.1357440088240678, "2": 1.0739448504486169}, "phi": {"0": 0.9736437376026462, "1": 0.11223994942715532, "2": 0.7368209977167954}, "psi": {"0": 1.4666890975753648, "1": 0.9632695854074288, "2": 1.4501791207470904}, "sigma": {"0": 0.5868933174780915, "1": 0.7721627712818315, "2": 0.0}, "chi_high": null, "beta_low": null}