{"R": 40.0, "wi": 1, "di": 1, "delta": 1.0, "gamma": {"0": 0.9271482313889262, "1": 1.2765413414670013, "2": 1.1973753010864945}, "mu": {"0": 1.1203968485577802, "1": 1.1327071513854161, "2": 1.0241331273610712}, "phi": {"0": 0.14361652528809332, "1": 0.6202962881659931, "2": 0.7535249475129497}, "psi": {"0": 1.2848929285819592, "1": 0.7177943938270271, "2": 1.0633953615919278}, "sigma": {"0": 0.5426680844866367, "1": 0.0, "2": 0.0}, "chi_high": null, "beta_low": 0.20015496942831898}