{"R": 40.0, "wi": 1, "di": 1, "delta": 1.0, "gamma": {"0": 0.9984573238359478, "1": 1.427219853234266, "2": 1.050983271201165}, "mu": {"0": 1.0559188317760477, "1": 1.0798666428903547, "2": 1.112142096648641}, "phi": {"0": 0.14791429132736944, "1": 0.1621460333670377, "2": 0.02528915688487876}, "psi": {"0": 1.4385815411831504, "1": 0.5253217485379589, "2": 1.456956480127766}, "sigma": {"0": 0.8317438883044632, "1": 0.0, "2": 0.0}, "chi_high": null, "beta_low": 0.15301421181480496}