{"R": 40.0, "wi": 1, "di": 1, "delta": 1.0, "gamma": {"0": 1.267782081506279, "1": 0.6802825311121382, "2": 0.6464949763094436}, "mu": {"0": 1.0136599786856262, "1": 1.0635821395007676, "2": 1.033300547247006}, "phi": {"0": 0.14872883312896945, "1": 0.39099203547388117, "2": 0.5195001565292473}, "psi": {"0": 0.543201934327558, "1": 1.1584676294509082, "2": 0.8092877302728055}, "sigma": {"0": 0.9533023698712256, "1": 0.0, "2": 0.0}, "chi_high": null, "beta_low": 0.32971115242565446}