{"R": 40.0, "wi": 2, "di": 0, "delta": 1.0, "gamma": {"0": 1.0666163281528864, "1": 1.2222574134934305, "2": 1.3173062701576561}, "mu": {"0": 1.0282228137109015, "1": 1.073551149315568, "2": 1.1474575664224262}, "phi": {"0": 0.3445402828165328, "1": 0.028299056135351885, "2": 0.9936344691315265}, "psi": {"0": 0.8122543794577605, "1": 1.2973567663042074, "2": 1.1422526922238152}, "sigma": {"0": 0.6925212464364883, "1": 0.6572927673203848, "2": 0.0}, "chi_high": null, "beta_low": null}