{"R": 40.0, "wi": 1, "di": 0, "delta": 1.0, "gamma": {"0": 1.4015842512447203, "1": 1.4397894232121322, "2": 1.2561486789660063}, "mu": {"0": 1.0240053996753744, "1": 1.088358672739417, "2": 1.1165030232007775}, "phi": {"0": 0.009206527668190412, "1": 0.33632209141068004, "2": 0.29308018280288994}, "psi": {"0": 0.716432158767543, "1": 0.7635336204359338, "2": 1.2061880538265657}, "sigma": {"0": 0.5258869726591773, "1": 0.0, "2": 0.0}, "chi_high": null, "beta_low": 0.8582373376843666}