{"R": 40.0, "wi": 2, "di": 0, "delta": 1.0, "gamma": {"0": 0.9877537111292279, "1": 1.0193224465152908, "2": 0.8525506585120805}, "mu": {"0": 1.0344599936889969, "1": 1.0417953810953988, "2": 1.03734124679902}, "phi": {"0": 0.6123795171365939, "1": 0.4559906153550314, "2": 0.009364286164331825}, "psi": {"0": 0.7461578923319743, "1": 1.1888650148624569, "2": 0.7136095571774914}, "sigma": {"0": 0.6904379294962724, "1": 0.6985033039450688, "2": 0.0}, "chi_high": null, "beta_low": null}