{"R": 40.0, "wi": 1, "di": 2, "delta": 1.0, "gamma": {"0": 1.4748448610669482, "1": 1.4291641770935248, "2": 0.9350245455504593}, "mu": {"0": 1.062216088387535, "1": 1.0751183090150305, "2": 1.0339435825544134}, "phi": {"0": 0.8511491368890648, "1": 0.057122694909357286, "2": 0.6727767809363382}, "psi": {"0": 1.2906955253655634, "1": 1.3657062159945217, "2": 0.6217472018314872}, "sigma": {"0": 0.735223847475255, "1": 0.0, "2": 0.0}, "chi_high": null, "beta_low": 0.575041325136137}