{"R": 40.0, "wi": 0, "di": 1, "delta": 1.0, "gamma": {"0": 0.9740558638039571, "1": 0.6278087512155083, "2": 1.2528889361863291}, "mu": {"0": 1.014864189662423, "1": 1.1427957130394069, "2": 1.0320545224085111}, "phi": {"0": 0.5354148272973683, "1": 0.27005400809581004, "2": 0.14325894777906722}, "psi": {"0": 1.454075253663477, "1": 0.8183204563989602, "2": 0.9652263103815745}, "sigma": {"0": 0.7530458876935884, "1": 0.6364757533767528, "2": 0.0}, "chi_high": 0.866070128503763, "beta_low": 0.6156607172362938}