{"R": 40.0, "wi": 2, "di": 1, "delta": 1.0, "gamma": {"0": 1.0997630112586638, "1": 1.0594679972887135, "2": 1.3767290903466685}, "mu": {"0": 1.060421656037026, "1": 1.1341967419195111, "2": 1.0186070307185808}, "phi": {"0": 0.7516760703061431, "1": 0.0385317556079523, "2": 0.7343017840311302}, "psi": {"0": 1.037450848035857, "1": 1.0493243593073698, "2": 1.3315164156299466}, "sigma": {"0": 0.6690958758240686, "1": 0.5604187930972646, "2": 0.0}, "chi_high": null, "beta_low": null}