{"R": 40.0, "wi": 3, "di": 1, "delta": 1.0, "gamma": {"0": 0.6057863446092673, "1": 1.3437653250615853, "2": 0.9204473986374134}, "mu": {"0": 1.009762806107124, "1": 1.03291431968928, "2": 1.1421909265293861}, "phi": {"0": 0.8239987326420091, "1": 0.4929378196583417, "2": 0.031585173027579905}, "psi": {"0": 0.7490628405977614, "1": 1.237429750002475, "2": 0.8130077441062844}, "sigma": {"0": 0.5522224785777533, "1": 0.6283827439682289, "2": 0.0}, "chi_high": 0.5223902136269931, "beta_low": null}