{"R": 40.0, "wi": 1, "di": 1, "delta": 1.0, "gamma": {"0": 0.5042800244100982, "1": 0.9800112405233825, "2": 1.2910024935369215}, "mu": {"0": 1.1231816405788664, "1": 1.1404465835221944, "2": 1.1320271132730244}, "phi": {"0": 0.8897822442503172, "1": 0.6452550883358802, "2": 0.25932958355739977}, "psi": {"0": 1.402247357051336, "1": 1.4578980328968103, "2": 0.6803408340580398}, "sigma": {"0": 0.8949816072559376, "1": 0.0, "2": 0.0}, "chi_high": null, "beta_low": 0.5723393173245147}