{"R": 40.0, "wi": 3, "di": 2, "delta": 1.0, "gamma": {"0": 0.5131642756368398, "1": 0.6609539217508431, "2": 0.9940975973359953}, "mu": {"0": 1.016309016439267, "1": 1.0964363204370553, "2": 1.075029378319016}, "phi": {"0": 0.06472577036710303, "1": 0.888922405561166, "2": 0.0610813138693721}, "psi": {"0": 0.9458196372648027, "1": 1.1057659745732815, "2": 0.7568340946412134}, "sigma": {"0": 0.6860452249392561, "1": 0.502799632707792, "2": 0.0}, "chi_high": 0.5983644078985169, "beta_low": null}