{"R": 40.0, "wi": 3, "di": 1, "delta": 1.0, "gamma": {"0": 1.3714866813900106, "1": 1.3185525103387792, "2": 0.8321251736058064}, "mu": {"0": 1.088684966760093, "1": 1.138786743355461, "2": 1.0133161544973615}, "phi": {"0": 0.12458008139602395, "1": 0.1174593941881199, "2": 0.26100730716679854}, "psi": {"0": 1.011389737681219, "1": 1.3540954254082467, "2": 1.008412921497503}, "sigma": {"0": 0.7362795790552288, "1": 0.5388456030074118, "2": 0.0}, "chi_high": 0.272892834428938, "beta_low": null}