{"R": 40.0, "wi": 1, "di": 1, "delta": 1.0, "gamma": {"0": 1.3816207063831443, "1": 0.7331422804205038, "2": 1.4493412041930034}, "mu": {"0": 1.0564887477889977, "1": 1.0955477012094101, "2": 1.0006139463511436}, "phi": {"0": 0.7240254920283921, "1": 0.9956455805251487, "2": 0.2862975037695742}, "psi": {"0": 1.2843013817532523, "1": 0.5128836623447024, "2": 1.1787747957843626}, "sigma": {"0": 0.9499665684420255, "1": 0.0, "2": 0.0}, "chi_high": null, "beta_low": 0.9384030084720508}