{"R": 40.0, "wi": 1, "di": 2, "delta": 1.0, "gamma": {"0": 1.4603658368401637, "1": 0.9992417535864992, "2": 1.0042077243132217}, "mu": {"0": 1.091127544280478, "1": 1.0203511230527318, "2": 1.0661472942075372}, "phi": {"0": 0.4374726118289892, "1": 0.849229217807795, "2": 0.908634820988032}, "psi": {"0": 1.1718174963651076, "1": 1.1724045836408437, "2": 1.0332442861251292}, "sigma": {"0": 0.687633642678039, "1": 0.0, "2": 0.0}, "chi_high": null, "beta_low": 0.15493685335489762}