{"R": 40.0, "wi": 2, "di": 0, "delta": 1.0, "gamma": {"0": 0.8527138817673497, "1": 0.6876016674233558, "2": 0.8572393580743704}, "mu": {"0": 1.1133789624322232, "1": 1.031503450543841, "2": 1.1192413583634528}, "phi": {"0": 0.3351422422671617, "1": 0.9301867478330157, "2": 0.8474214521184557}, "psi": {"0": 1.3924865894897422, "1": 0.5167873251922483, "2": 1.4533404450059286}, "sigma": {"0": 0.9489580719087594, "1": 0.762759158224309, "2": 0.0}, "chi_high": null, "beta_low": null}