{"R": 40.0, "wi": 1, "di": 2, "delta": 1.0, "gamma": {"0": 0.6671640890801831, "1": 0.8999518592563661, "2": 0.6464468566465184}, "mu": {"0": 1.1482270543279018, "1": 1.0016865713278957, "2": 1.0645952369559044}, "phi": {"0": 0.7932035081452175, "1": 0.34375108566197876, "2": 0.07528277548160511}, "psi": {"0": 0.8105166489236761, "1": 1.001644412712586, "2": 1.1739304871838026}, "sigma": {"0": 0.8340602434887752, "1": 0.0, "2": 0.0}, "chi_high": null, "beta_low": 0.9064504918415622}