{"R": 40.0, "wi": 1, "di": 0, "delta": 1.0, "gamma": {"0": 1.0061105173654632, "1": 0.6041353682296956, "2": 0.7071049474979475}, "mu": {"0": 1.0198866747109172, "1": 1.0344457989814633, "2": 1.0567481316419423}, "phi": {"0": 0.6797968338809519, "1": 0.5518912414816032, "2": 0.020971865498084052}, "psi": {"0": 0.8996659126502701, "1": 1.0315607182643631, "2": 0.8008855690738746}, "sigma": {"0": 0.7897641629787451, "1": 0.0, "2": 0.0}, "chi_high": null, "beta_low": 0.38472424376492226}