{"R": 40.0, "wi": 0, "di": 0, "delta": 1.0, "gamma": {"0": 0.5203553324593045, "1": 1.430454021609979, "2": 0.8692542561070987}, "mu": {"0": 1.0895616643801966, "1": 1.0264223348471813, "2": 1.1356927577219416}, "phi": {"0": 0.22587966126381287, "1": 0.7563878147078651, "2": 0.9994303124843626}, "psi": {"0": 0.5091333867047114, "1": 1.3064958737677765, "2": 0.7167350651720206}, "sigma": {"0": 0.7092247162069172, "1": 0.7564738375510902, "2": 0.0}, "chi_high": 0.11785452952087537, "beta_low": 0.6264410950057215}