{"R": 40.0, "wi": 1, "di": 1, "delta": 1.0, "gamma": {"0": 0.8028962494961339, "1": 0.713367823111741, "2": 0.7505570358937634}, "mu": {"0": 1.1284814696346184, "1": 1.0414504539220921, "2": 1.0703377752243226}, "phi": {"0": 0.4684541156018882, "1": 0.8668018022734199, "2": 0.7760412994262741}, "psi": {"0": 0.8968041823646796, "1": 1.4133704396405755, "2": 1.2628069776826196}, "sigma": {"0": 0.8020912346987585, "1": 0.0, "2": 0.0}, "chi_high": null, "beta_low": 0.06796636873241478}