{"R": 40.0, "wi": 1, "di": 2, "delta": 1.0, "gamma": {"0": 1.0726198050771163, "1": 1.4634465175891767, "2": 0.8790647920776151}, "mu": {"0": 1.1011336751133505, "1": 1.0841957198974383, "2": 1.0510725709007294}, "phi": {"0": 0.8534799780220597, "1": 0.4181783383300245, "2": 0.6924466398116119}, "psi": {"0": 0.7295364971860363, "1": 0.8224489362011013, "2": 0.8214314295048407}, "sigma": {"0": 0.904878217136869, "1": 0.0, "2": 0.0}, "chi_high": null, "beta_low": 0.7582922626970888}