{"R": 40.0, "wi": 3, "di": 1, "delta": 1.0, "gamma": {"0": 0.9729682455532518, "1": 1.2486191046107893, "2": 1.1371951923933088}, "mu": {"0": 1.0488964178079323, "1": 1.0918059554300108, "2": 1.0280020901461404}, "phi": {"0": 0.48404258412417533, "1": 0.7808669501640562, "2": 0.009810169023503956}, "psi": {"0": 1.3783260477752073, "1": 0.6812979644682181, "2": 0.9984117926068516}, "sigma": {"0": 0.9321413482360281, "1": 0.8145452561915439, "2": 0.0}, "chi_high": 0.3162793653729822, "beta_low": null}