{"R": 40.0, "wi": 2, "di": 2, "delta": 1.0, "gamma": {"0": 0.8533843101901699, "1": 1.0981436898654073, "2": 1.1044537045837481}, "mu": {"0": 1.116229381492499, "1": 1.1331870378626172, "2": 1.0587172678901857}, "phi": {"0": 0.6527322360142259, "1": 0.8809778862649399, "2": 0.3202086803206654}, "psi": {"0": 0.8905644401177094, "1": 1.0741161447984962, "2": 1.0563256809969372}, "sigma": {"0": 0.9842784465463071, "1": 0.6262845709477485, "2": 0.0}, "chi_high": null, "beta_low": null}