{"R": 40.0, "wi": 0, "di": 0, "delta": 1.0, "gamma": {"0": 0.7385678477334181, "1": 0.8136143413176165, "2": 0.7631941711768764}, "mu": {"0": 1.0306751447626874, "1": 1.0598265359220906, "2": 1.1420552256551295}, "phi": {"0": 0.7875078540403697, "1": 0.6816211168774459, "2": 0.22406851119482274}, "psi": {"0": 0.7000940351134058, "1": 0.797078223268151, "2": 0.5508642321009003}, "sigma": {"0": 0.5241850548598267, "1": 0.5144784690554526, "2": 0.0}, "chi_high": 0.11448977533086935, "beta_low": 0.10279768073010907}