{"R": 40.0, "wi": 3, "di": 2, "delta": 1.0, "gamma": {"0": 1.4121405251007482, "1": 1.0086002255234559, "2": 1.452910436544817}, "mu": {"0": 1.0106062256184805, "1": 1.0198775911231068, "2": 1.1200667911551903}, "phi": {"0": 0.3974027475150068, "1": 0.04050809370778585, "2": 0.950816055783542}, "psi": {"0": 1.3515194776607349, "1": 1.465021394392266, "2": 1.2508901533526355}, "sigma": {"0": 0.5268934204583842, "1": 0.838901375635944, "2": 0.0}, "chi_high": 0.3554452637832745, "beta_low": null}