{"R": 40.0, "wi": 1, "di": 0, "delta": 1.0, "gamma": {"0": 1.485633401309731, "1": 1.4212056900633683, "2": 0.7491022257877846}, "mu": {"0": 1.002187909544604, "1": 1.0575157963585593, "2": 1.1341414213959875}, "phi": {"0": 0.13889191937815326, "1": 0.3114190822311237, "2": 0.58128646044677}, "psi": {"0": 0.9109316530341205, "1": 1.375803132625736, "2": 1.396344806645703}, "sigma": {"0": 0.5097638036538754, "1": 0.0, "2": 0.0}, "chi_high": null, "beta_low": 0.3117774839082074}