{"R": 40.0, "wi": 0, "di": 1, "delta": 1.0, "gamma": {"0": 0.9380937749285413, "1": 1.4442302352823502, "2": 0.9479487588651027}, "mu": {"0": 1.036919568259832, "1": 1.0524406069281067, "2": 1.120001151863959}, "phi": {"0": 0.427719307907622, "1": 0.6629876160091973, "2": 0.24619610747557297}, "psi": {"0": 1.0949762024628256, "1": 1.3010152899399334, "2": 1.2065015523787772}, "sigma": {"0": 0.5865555326637506, "1": 0.9894321232572109, "2": 0.0}, "chi_high": 0.22277835365544066, "beta_low": 0.08794693136364388}