{"R": 40.0, "wi": 2, "di": 0, "delta": 1.0, "gamma": {"0": 0.7919369402501357, "1": 1.0376548132069812, "2": 0.7521345196927125}, "mu": {"0": 1.1094499391475343, "1": 1.0981201851625788, "2": 1.0541559694695386}, "phi": {"0": 0.879002986620972, "1": 0.8779809574961963, "2": 0.7718302619143323}, "psi": {"0": 1.022318854652303, "1": 0.5898948461792214, "2": 1.3370293387278749}, "sigma": {"0": 0.857991238942369, "1": 0.5708349768046939, "2": 0.0}, "chi_high": null, "beta_low": null}