{"R": 40.0, "wi": 2, "di": 2, "delta": 1.0, "gamma": {"0": 1.3925565421070825, "1": 1.1138352582351456, "2": 1.0977878347425338}, "mu": {"0": 1.0648504602865465, "1": 1.0003049079496327, "2": 1.0890702967402637}, "phi": {"0": 0.8101044751340017, "1": 0.5517245309648623, "2": 0.9983449386184174}, "psi": {"0": 1.2487913967146946, "1": 0.8622000078382586, "2": 0.6200579394179536}, "sigma": {"0": 0.5884490332428336, "1": 0.8807274883713946, "2": 0.0}, "chi_high": null, "beta_low": null}