{"R": 40.0, "wi": 0, "di": 1, "delta": 1.0, "gamma": {"0": 1.0492485673443595, "1": 0.7999815853424519, "2": 0.6225436751928902}, "mu": {"0": 1.017743392749651, "1": 1.0985474485439917, "2": 1.1143035876547644}, "phi": {"0": 0.686457008279434, "1": 0.6080332802435611, "2": 0.6056466295160469}, "psi": {"0": 0.8724617465178561, "1": 0.6935312982224507, "2": 1.0523616211573672}, "sigma": {"0": 0.6700510663512877, "1": 0.5200500406522379, "2": 0.0}, "chi_high": 0.9412835231967034, "beta_low": 0.9710141254889991}