{"R": 40.0, "wi": 3, "di": 2, "delta": 1.0, "gamma": {"0": 0.9078531749967834, "1": 0.6302461824078202, "2": 1.2572730873100562}, "mu": {"0": 1.1326029888797315, "1": 1.063628236337606, "2": 1.0475164671723833}, "phi": {"0": 0.9937083866429354, "1": 0.794021499445897, "2": 0.34882295553748344}, "psi": {"0": 0.5822050759617585, "1": 0.9923486791836097, "2": 0.6014359627838013}, "sigma": {"0": 0.8655060119630446, "1": 0.5816867159755206, "2": 0.0}, "chi_high": 0.13392731420490078, "beta_low": null}