{"R": 40.0, "wi": 0, "di": 1, "delta": 1.0, "gamma": {"0": 1.2137829157871511, "1": 1.027261204603499, "2": 0.5623502505602485}, "mu": {"0": 1.0618294061937121, "1": 1.0111426479723455, "2": 1.0229823659565667}, "phi": {"0": 0.291947270351834, "1": 0.02322280146362732, "2": 0.46852883298082393}, "psi": {"0": 1.1720367441894832, "1": 0.8615105942096297, "2": 0.6542654717604365}, "sigma": {"0": 0.9001770178024023, "1": 0.5144386889589676, "2": 0.0}, "chi_high": 0.28069500911111434, "beta_low": 0.4666809338087485}