{"R": 40.0, "wi": 2, "di": 0, "delta": 1.0, "gamma": {"0": 0.9188191275906004, "1": 1.1194078712075015, "2": 1.1200205366324456}, "mu": {"0": 1.0927736840010005, "1": 1.1317288585793062, "2": 1.066254750872736}, "phi": {"0": 0.3324089474840679, "1": 0.6167320191697487, "2": 0.22193682841558138}, "psi": {"0": 1.007414886232676, "1": 0.5143520994974633, "2": 1.2951714977481112}, "sigma": {"0": 0.8973376654488965, "1": 0.8997637737986595, "2": 0.0}, "chi_high": null, "beta_low": null}