{"R": 40.0, "wi": 0, "di": 0, "delta": 1.0, "gamma": {"0": 1.1186013648834379, "1": 1.1755602712433766, "2": 0.8074730274117207}, "mu": {"0": 1.0315331779666963, "1": 1.006862203876859, "2": 1.0365761619407838}, "phi": {"0": 0.2837484737957039, "1": 0.33525811577529185, "2": 0.7540308537254462}, "psi": {"0": 1.1670557852480186, "1": 1.3527753200018697, "2": 1.011331523936673}, "sigma": {"0": 0.8803539144262806, "1": 0.6625034858811198, "2": 0.0}, "chi_high": 0.6329918489025692, "beta_low": 0.6481906067512159}