{"R": 40.0, "wi": 0, "di": 0, "delta": 1.0, "gamma": {"0": 0.712275714698788, "1": 1.1909353154195355, "2": 0.5021795057899647}, "mu": {"0": 1.0431542009463872, "1": 1.1325405120633452, "2": 1.0842359756730149}, "phi": {"0": 0.3688253254109777, "1": 0.2909946532822332, "2": 0.9340589586585935}, "psi": {"0": 0.8772955538753398, "1": 1.400243910452431, "2": 1.1517952574346708}, "sigma": {"0": 0.9163048406862224, "1": 0.8229896411909788, "2": 0.0}, "chi_high": 0.8228352587483739, "beta_low": 0.3228220628918773}