{"R": 40.0, "wi": 0, "di": 2, "delta": 1.0, "gamma": {"0": 1.0335534134003312, "1": 1.3776068945555373, "2": 0.7589420132498289}, "mu": {"0": 1.0800275124797667, "1": 1.089296219454454, "2": 1.1444962265286602}, "phi": {"0": 0.6757654435610756, "1": 0.21936939405523004, "2": 0.5185600454255755}, "psi": {"0": 0.6305824587903001, "1": 1.2724557953802769, "2": 0.5305680366209156}, "sigma": {"0": 0.8378357719192713, "1": 0.5047981656853535, "2": 0.0}, "chi_high": 0.8034998237993625, "beta_low": 0.7423798805516731}