{"R": 40.0, "wi": 1, "di": 2, "delta": 1.0, "gamma": {"0": 1.1454378731378019, "1": 1.4299461083197111, "2": 1.4566217039953773}, "mu": {"0": 1.0421083791003, "1": 1.0990380632877668, "2": 1.0255281314541205}, "phi": {"0": 0.1310670860863491, "1": 0.31499342997922797, "2": 0.20407564037622705}, "psi": {"0": 0.8618679247602641, "1": 0.79190104300308, "2": 0.9556318751043058}, "sigma": {"0": 0.5539838600393954, "1": 0.0, "2": 0.0}, "chi_high": null, "beta_low": 0.3790926974303294}