{"R": 40.0, "wi": 1, "di": 2, "delta": 1.0, "gamma": {"0": 0.6151400136046481, "1": 1.0456008023424819, "2": 1.0205602822036952}, "mu": {"0": 1.1101246431783263, "1": 1.1371320458511602, "2": 1.142476104818626}, "phi": {"0": 0.23554687136632224, "1": 0.9807321001924565, "2": 0.6512637801007917}, "psi": {"0": 0.8898482921037845, "1": 0.8321142563590868, "2": 0.9631371877127392}, "sigma": {"0": 0.9204254532963433, "1": 0.0, "2": 0.0}, "chi_high": null, "beta_low": 0.012399900918148733}