{"R": 40.0, "wi": 2, "di": 1, "delta": 1.0, "gamma": {"0": 1.2486147889083434, "1": 0.5376622349724046, "2": 1.2922584775747432}, "mu": {"0": 1.0117716473505636, "1": 1.142059396750158, "2": 1.0066029380601764}, "phi": {"0": 0.22197028116943307, "1": 0.8026322390012408, "2": 0.15190472720063108}, "psi": {"0": 1.309180241151529, "1": 1.4754891408214812, "2": 0.6004280750779026}, "sigma": {"0": 0.6074961098722207, "1": 0.7105001153394715, "2": 0.0}, "chi_high": null, "beta_low": null}