{"R": 40.0, "wi": 2, "di": 0, "delta": 1.0, "gamma": {"0": 1.0189647151699708, "1": 1.0009152117241653, "2": 1.2233561474639907}, "mu": {"0": 1.0077160442193593, "1": 1.0028975863670062, "2": 1.039388530012776}, "phi": {"0": 0.1205639240986004, "1": 0.4360507659141607, "2": 0.771348537546875}, "psi": {"0": 1.4264922864400251, "1": 0.5630639271873368, "2": 0.8797755199435084}, "sigma": {"0": 0.8602796526043444, "1": 0.5743335003578689, "2": 0.0}, "chi_high": null, "beta_low": null}