{"R": 40.0, "wi": 2, "di": 2, "delta": 1.0, "gamma": {"0": 1.2838773641351713, "1": 1.0414223600411125, "2": 0.5363560152703158}, "mu": {"0": 1.0126107849626875, "1": 1.0809926688798013, "2": 1.1147571389263358}, "phi": {"0": 0.028343325581715817, "1": 0.3492650745720437, "2": 0.1668520996755879}, "psi": {"0": 0.9267819791189601, "1": 1.0614196149035453, "2": 0.8062250015920671}, "sigma": {"0": 0.8308851910896965, "1": 0.9610412826320274, "2": 0.0}, "chi_high": null, "beta_low": null}