{"R": 40.0, "wi": 3, "di": 0, "delta": 1.0, "gamma": {"0": 0.6412766934761007, "1": 1.1582339082492557, "2": 0.7411228603289514}, "mu": {"0": 1.0723273369711728, "1": 1.0624228008231271, "2": 1.118266086614496}, "phi": {"0": 0.8940619678383239, "1": 0.978952924033806, "2": 0.5274663797829784}, "psi": {"0": 0.7662771169175575, "1": 1.258761564669124, "2": 0.5207438244266096}, "sigma": {"0": 0.6878151059570572, "1": 0.8912520918231536, "2": 0.0}, "chi_high": 0.055150116240242505, "beta_low": null}