{"R": 40.0, "wi": 0, "di": 2, "delta": 1.0, "gamma": {"0": 0.971591744115276, "1": 0.5668375228529151, "2": 0.6073129673418671}, "mu": {"0": 1.0759690866078435, "1": 1.1146138791260087, "2": 1.0090277536879073}, "phi": {"0": 0.4500592592727217, "1": 0.9618310530970711, "2": 0.35989477376537926}, "psi": {"0": 0.8993122718969524, "1": 0.5848363223636934, "2": 1.1495478387709577}, "sigma": {"0": 0.8417467216943566, "1": 0.8971366307524098, "2": 0.0}, "chi_high": 0.23305737457867537, "beta_low": 0.30260801973420964}