{"R": 40.0, "wi": 0, "di": 0, "delta": 1.0, "gamma": {"0": 0.5240372175978255, "1": 1.264331676544517, "2": 1.1607901777655318}, "mu": {"0": 1.119138003598789, "1": 1.1482090225238872, "2": 1.118556798313054}, "phi": {"0": 0.9686024561036067, "1": 0.1568129352827492, "2": 0.32154331610669074}, "psi": {"0": 1.0479172427446097, "1": 1.454477990324995, "2": 1.0925146119361708}, "sigma": {"0": 0.9963789884601641, "1": 0.8839825773410135, "2": 0.0}, "chi_high": 0.08591415240832005, "beta_low": 0.8961375559579493}