{"R": 40.0, "wi": 0, "di": 1, "delta": 1.0, "gamma": {"0": 1.261349494570468, "1": 0.6011000859027669, "2": 0.8785420385068045}, "mu": {"0": 1.0063885992077104, "1": 1.003882320624934, "2": 1.1288957212448496}, "phi": {"0": 0.5998242702782995, "1": 0.43260446400415, "2": 0.7883403909766272}, "psi": {"0": 1.4343208022954985, "1": 0.9181723338110324, "2": 0.8015007047132188}, "sigma": {"0": 0.5268907893620379, "1": 0.6852507885678931, "2": 0.0}, "chi_high": 0.24339737441908554, "beta_low": 0.06676766116170611}