{"R": 40.0, "wi": 0, "di": 1, "delta": 1.0, "gamma": {"0": 0.8571142882665692, "1": 1.4932259427175767, "2": 1.4063949652527603}, "mu": {"0": 1.127420066866902, "1": 1.0819220999541455, "2": 1.062683527751411}, "phi": {"0": 0.055051914069288554, "1": 0.2335042547505356, "2": 0.6129691007222169}, "psi": {"0": 0.9111351257119142, "1": 0.580064818401585, "2": 0.9449285829114138}, "sigma": {"0": 0.6326308044067686, "1": 0.8846152720583388, "2": 0.0}, "chi_high": 0.4322868645442433, "beta_low": 0.24848430399101534}