{"R": 40.0, "wi": 2, "di": 0, "delta": 1.0, "gamma": {"0": 0.6478193549807979, "1": 0.9769033080228594, "2": 1.4141924072983365}, "mu": {"0": 1.0123533867566956, "1": 1.0628919625682127, "2": 1.1364696448284197}, "phi": {"0": 0.17859537100233347, "1": 0.09770699324486787, "2": 0.4148212772962713}, "psi": {"0": 0.8298430341990999, "1": 0.5789030479443441, "2": 1.0128620828261465}, "sigma": {"0": 0.8556530158837092, "1": 0.8022188076290382, "2": 0.0}, "chi_high": null, "beta_low": null}