{"R": 40.0, "wi": 3, "di": 0, "delta": 1.0, "gamma": {"0": 0.9450496639936921, "1": 1.4088387848464263, "2": 1.4216342495631649}, "mu": {"0": 1.0760374517589233, "1": 1.0384517784771008, "2": 1.0335819358963172}, "phi": {"0": 0.2815584853029094, "1": 0.8595720469037464, "2": 0.2585663466389848}, "psi": {"0": 1.1343982045814038, "1": 0.8074004319775892, "2": 1.3020264091502032}, "sigma": {"0": 0.621416431955531, "1": 0.8227334983769106, "2": 0.0}, "chi_high": 0.7887566760452267, "beta_low": null}