{"R": 40.0, "wi": 3, "di": 1, "delta": 1.0, "gamma": {"0": 0.6203520939118377, "1": 0.6325483153183893, "2": 0.8913843901096076}, "mu": {"0": 1.0980699889092471, "1": 1.0928483236218063, "2": 1.0821279260343748}, "phi": {"0": 0.24723165702287941, "1": 0.6604411069761956, "2": 0.396936289122674}, "psi": {"0": 1.1573573439378335, "1": 0.7621202977839441, "2": 1.0327000640886406}, "sigma": {"0": 0.5041834296193349, "1": 0.7009271092064041, "2": 0.0}, "chi_high": 0.6131295797212847, "beta_low": null}