{"R": 40.0, "wi": 3, "di": 1, "delta": 1.0, "gamma": {"0": 1.3757093872503408, "1": 0.9323110557895179, "2": 0.9818785617907134}, "mu": {"0": 1.1386489064961622, "1": 1.0925612513704401, "2": 1.1235562985444434}, "phi": {"0": 0.6332488911788058, "1": 0.15764432521011829, "2": 0.6498024539659204}, "psi": {"0": 1.4677009356652753, "1": 0.628456503863897, "2": 0.5943946873882273}, "sigma": {"0": 0.8708891350419089, "1": 0.7580833272539234, "2": 0.0}, "chi_high": 0.7545654172903671, "beta_low": null}