{"R": 40.0, "wi": 0, "di": 2, "delta": 1.0, "gamma": {"0": 0.8672771620426437, "1": 0.6608100793776056, "2": 1.1328283219678468}, "mu": {"0": 1.1199992691676621, "1": 1.0015234923661565, "2": 1.1472888554956573}, "phi": {"0": 0.9948274864754595, "1": 0.5552882758789139, "2": 0.5409284922325225}, "psi": {"0": 1.064016184638929, "1": 0.9645522975451751, "2": 1.481019928102361}, "sigma": {"0": 0.9742321783531315, "1": 0.967005928154451, "2": 0.0}, "chi_high": 0.6520069042812867, "beta_low": 0.5479916342523283}