{"R": 40.0, "wi": 0, "di": 0, "delta": 1.0, "gamma": {"0": 0.7132432419443169, "1": 0.5320303097193391, "2": 1.0601846149166754}, "mu": {"0": 1.0657753426321377, "1": 1.0992131873188589, "2": 1.0996933901871588}, "phi": {"0": 0.6929144225315829, "1": 0.5112697925695516, "2": 0.5861967008093694}, "psi": {"0": 0.5206375547258971, "1": 1.3275605280992675, "2": 0.6288819914184723}, "sigma": {"0": 0.5565856642931576, "1": 0.6592483463800869, "2": 0.0}, "chi_high": 0.44911207988629626, "beta_low": 0.03945478149887097}