{"R": 40.0, "wi": 3, "di": 1, "delta": 1.0, "gamma": {"0": 1.244304785550082, "1": 0.6626638952753127, "2": 1.4878260829196028}, "mu": {"0": 1.0581815214357373, "1": 1.0594311462735875, "2": 1.098950400031236}, "phi": {"0": 0.21778448812323425, "1": 0.7950515606327655, "2": 0.4399029100220436}, "psi": {"0": 0.5498828023725771, "1": 0.703799400096462, "2": 0.7288506692558423}, "sigma": {"0": 0.9560306836717651, "1": 0.5062433966103237, "2": 0.0}, "chi_high": 0.2644303738514218, "beta_low": null}