{"R": 40.0, "wi": 1, "di": 0, "delta": 1.0, "gamma": {"0": 1.1799229784140186, "1": 0.7714149853233079, "2": 1.3388837075246132}, "mu": {"0": 1.0064147611189396, "1": 1.035666622509363, "2": 1.1036516762130388}, "phi": {"0": 0.054224822945017404, "1": 0.9522700244141773, "2": 0.10453791985771776}, "psi": {"0": 1.2988655921142083, "1": 0.7932081699444238, "2": 1.3638560303416671}, "sigma": {"0": 0.6740742813566225, "1": 0.0, "2": 0.0}, "chi_high": null, "beta_low": 0.7491847649227465}