{"R": 40.0, "wi": 0, "di": 1, "delta": 1.0, "gamma": {"0": 1.2562025767651723, "1": 0.901741780935295, "2": 0.9638918880468675}, "mu": {"0": 1.1105164692926963, "1": 1.1237565181087952, "2": 1.1036912181191194}, "phi": {"0": 0.028377783744866547, "1": 0.936258730961236, "2": 0.6905794791559946}, "psi": {"0": 1.3362556728448063, "1": 0.5039538015875115, "2": 0.9329672986396906}, "sigma": {"0": 0.8784548049804244, "1": 0.7815053279470412, "2": 0.0}, "chi_high": 0.9271988094461734, "beta_low": 0.4204843659453732}