{"R": 40.0, "wi": 0, "di": 2, "delta": 1.0, "gamma": {"0": 0.6394742631243802, "1": 0.8282669977737539, "2": 1.3338407788193172}, "mu": {"0": 1.1234754673792158, "1": 1.014313713413396, "2": 1.1296245819837982}, "phi": {"0": 0.42403604086919733, "1": 0.5239800045595812, "2": 0.1816936415690017}, "psi": {"0": 0.6068260148073698, "1": 0.6619246987994358, "2": 1.367612718002409}, "sigma": {"0": 0.5371564261743211, "1": 0.9019418988258683, "2": 0.0}, "chi_high": 0.5741427850258586, "beta_low": 0.2997765346140536}