{"R": 40.0, "wi": 1, "di": 0, "delta": 1.0, "gamma": {"0": 1.024056862710135, "1": 0.6566454674320481, "2": 1.2115754879150695}, "mu": {"0": 1.1156735202845816, "1": 1.0486934275939626, "2": 1.041930058560963}, "phi": {"0": 0.9568056012527053, "1": 0.028951581406386317, "2": 0.7491679815294401}, "psi": {"0": 1.3717018283264855, "1": 1.0819670917581314, "2": 0.7332514674630565}, "sigma": {"0": 0.6438732534407574, "1": 0.0, "2": 0.0}, "chi_high": null, "beta_low": 0.5129171341880746}