{"R": 40.0, "wi": 0, "di": 2, "delta": 1.0, "gamma": {"0": 1.3819457519466638, "1": 0.5537757709947291, "2": 0.8251111414043475}, "mu": {"0": 1.0108694946322367, "1": 1.133750971273919, "2": 1.149557857573715}, "phi": {"0": 0.06839937424069964, "1": 0.10262244431306333, "2": 0.9045167004978046}, "psi": {"0": 0.6846817874234319, "1": 1.1974689196692776, "2": 1.3349955316191187}, "sigma": {"0": 0.5061131748835797, "1": 0.8121022834765279, "2": 0.0}, "chi_high": 0.2767478599089939, "beta_low": 0.15020802738173375}