{"R": 40.0, "wi": 3, "di": 0, "delta": 1.0, "gamma": {"0": 1.1623276029493081, "1": 1.2201676477952246, "2": 1.1862842879160427}, "mu": {"0": 1.066724248005129, "1": 1.0505488753448198, "2": 1.105001939705034}, "phi": {"0": 0.315796911778386, "1": 0.32815020953128315, "2": 0.2444394304466353}, "psi": {"0": 0.963737244987066, "1": 0.7153566121481447, "2": 0.7395808796727477}, "sigma": {"0": 0.6522891628965686, "1": 0.797132807112807, "2": 0.0}, "chi_high": 0.1845030013213984, "beta_low": null}