{"R": 40.0, "wi": 1, "di": 1, "delta": 1.0, "gamma": {"0": 1.4668974008927704, "1": 0.6280470843550254, "2": 1.0189179793615497}, "mu": {"0": 1.113169254962984, "1": 1.0859967359040783, "2": 1.007677927855603}, "phi": {"0": 0.04054331503975639, "1": 0.8145108063315273, "2": 0.47722131891053654}, "psi": {"0": 0.5265386677995562, "1": 0.7453890418247737, "2": 1.0609770209273046}, "sigma": {"0": 0.7815039973196041, "1": 0.0, "2": 0.0}, "chi_high": null, "beta_low": 0.2081834961619119}