{"R": 40.0, "wi": 0, "di": 1, "delta": 1.0, "gamma": {"0": 0.9137728810430651, "1": 0.9370614949422228, "2": 1.316300122369484}, "mu": {"0": 1.12339088302212, "1": 1.1399968503025382, "2": 1.1230722433725098}, "phi": {"0": 0.5461983882982362, "1": 0.8068391451327801, "2": 0.1902200656507469}, "psi": {"0": 0.5315443915487822, "1": 0.8659125522047428, "2": 0.5874873131804665}, "sigma": {"0": 0.9226260453573276, "1": 0.9786009772989686, "2": 0.0}, "chi_high": 0.680253822873804, "beta_low": 0.3074058276184075}