{"R": 40.0, "wi": 1, "di": 2, "delta": 1.0, "gamma": {"0": 1.3095974690959946, "1": 0.7765676491186451, "2": 1.2816258645392873}, "mu": {"0": 1.013355249044759, "1": 1.007762832109056, "2": 1.0194085477120611}, "phi": {"0": 0.09687437763212736, "1": 0.6611123002895672, "2": 0.2251243309125811}, "psi": {"0": 1.1701919615732714, "1": 1.491593094206016, "2": 0.77477620705398}, "sigma": {"0": 0.7664663099384115, "1": 0.0, "2": 0.0}, "chi_high": null, "beta_low": 0.03534639458964634}