{"R": 40.0, "wi": 2, "di": 1, "delta": 1.0, "gamma": {"0": 1.3900204132413663, "1": 1.053183567185862, "2": 1.014661925486585}, "mu": {"0": 1.1282607257532538, "1": 1.0648117272285156, "2": 1.1479422493156979}, "phi": {"0": 0.4244218630078185, "1": 0.8308956465267547, "2": 0.04815589025018108}, "psi": {"0": 1.4504262748209702, "1": 0.9325295177571189, "2": 1.265616263338133}, "sigma": {"0": 0.7440846642144405, "1": 0.6192966477252096, "2": 0.0}, "chi_high": null, "beta_low": null}