{"R": 40.0, "wi": 1, "di": 1, "delta": 1.0, "gamma": {"0": 0.774680281321205, "1": 1.3187876249049948, "2": 0.5581764485948792}, "mu": {"0": 1.1020045976964883, "1": 1.1167372020259965, "2": 1.1265082381888036}, "phi": {"0": 0.28734000746258026, "1": 0.9856911592835996, "2": 0.7018413574863932}, "psi": {"0": 1.206744967742969, "1": 1.2867969929732825, "2": 1.0905558365162167}, "sigma": {"0": 0.8994948618209746, "1": 0.0, "2": 0.0}, "chi_high": null, "beta_low": 0.8359631157872132}