{"R": 40.0, "wi": 0, "di": 1, "delta": 1.0, "gamma": {"0": 0.6024337972349622, "1": 0.9822525384701152, "2": 1.4762382175765003}, "mu": {"0": 1.0861619237804774, "1": 1.1418771211111078, "2": 1.1464587065994267}, "phi": {"0": 0.09515670899895101, "1": 0.15541475204148192, "2": 0.5365477324501761}, "psi": {"0": 1.1615356301701065, "1": 1.0068587851450295, "2": 0.7898094309749513}, "sigma": {"0": 0.9880130166547243, "1": 0.9360215967733052, "2": 0.0}, "chi_high": 0.09783054623350458, "beta_low": 0.7895613698210859}