{"R": 40.0, "wi": 0, "di": 0, "delta": 1.0, "gamma": {"0": 0.901074733173513, "1": 1.3349297777771219, "2": 0.9699385278737088}, "mu": {"0": 1.0817252338833079, "1": 1.1275553839851853, "2": 1.1267923042025483}, "phi": {"0": 0.7390379196718414, "1": 0.9146412305849093, "2": 0.10470448321016634}, "psi": {"0": 0.9836819005661318, "1": 1.1707816622255685, "2": 1.3612046332528192}, "sigma": {"0": 0.8365269947044476, "1": 0.6506678440437543, "2": 0.0}, "chi_high": 0.6437927668520067, "beta_low": 0.2535034796365628}