{"R": 40.0, "wi": 2, "di": 0, "delta": 1.0, "gamma": {"0": 0.5274960997837428, "1": 0.5301830832743306, "2": 0.7385529791738716}, "mu": {"0": 1.1068315482482896, "1": 1.0298056550945047, "2": 1.0972393312742381}, "phi": {"0": 0.5371676014992647, "1": 0.018857173431330088, "2": 0.1737079865227802}, "psi": {"0": 0.7239215683252623, "1": 1.062102036692246, "2": 1.1420464220643813}, "sigma": {"0": 0.9308577241655527, "1": 0.8982488243768485, "2": 0.0}, "chi_high": null, "beta_low": null}