{"R": 40.0, "wi": 2, "di": 2, "delta": 1.0, "gamma": {"0": 0.8593086300170434, "1": 1.1527847635280044, "2": 1.1815397033879267}, "mu": {"0": 1.023461678035851, "1": 1.0452129081164876, "2": 1.0819429702283754}, "phi": {"0": 0.693617241461063, "1": 0.02942789959415526, "2": 0.5153982835776729}, "psi": {"0": 0.6605018986475066, "1": 1.4500320252709713, "2": 1.308241328761158}, "sigma": {"0": 0.6479325057682552, "1": 0.6022866324593462, "2": 0.0}, "chi_high": null, "beta_low": null}