{"R": 40.0, "wi": 3, "di": 0, "delta": 1.0, "gamma": {"0": 1.4639270064553802, "1": 0.6301116593388091, "2": 1.1397655158110347}, "mu": {"0": 1.0128367797866145, "1": 1.018083018518707, "2": 1.126517023449501}, "phi": {"0": 0.7418431039789839, "1": 0.4068160586109074, "2": 0.7033694791546328}, "psi": {"0": 1.0071910974605323, "1": 1.134474177330365, "2": 0.70019727594117}, "sigma": {"0": 0.6466502283472215, "1": 0.7703780724655929, "2": 0.0}, "chi_high": 0.9659043623571623, "beta_low": null}