{"R": 40.0, "wi": 3, "di": 2, "delta": 1.0, "gamma": {"0": 0.69204999154678, "1": 0.9864927300489038, "2": 0.7638149533528095}, "mu": {"0": 1.0107881019423437, "1": 1.0955490265273236, "2": 1.0760838218569206}, "phi": {"0": 0.10939900081806009, "1": 0.40637720697003465, "2": 0.9374301122546881}, "psi": {"0": 1.2842566335078365, "1": 1.1745406469633435, "2": 0.7473560998758666}, "sigma": {"0": 0.8111802182432897, "1": 0.9444297805909194, "2": 0.0}, "chi_high": 0.6405289289303393, "beta_low": null}