{"R": 40.0, "wi": 2, "di": 2, "delta": 1.0, "gamma": {"0": 1.4517946054400896, "1": 1.066733802314963, "2": 1.1021093890690459}, "mu": {"0": 1.0864216092469683, "1": 1.1125106357110415, "2": 1.1068251964580857}, "phi": {"0": 0.5417099684801089, "1": 0.5420990696355932, "2": 0.2781007866628874}, "psi": {"0": 0.5857027263546369, "1": 1.4327915703252285, "2": 1.1131931716018457}, "sigma": {"0": 0.6823927465323809, "1": 0.9620239818024985, "2": 0.0}, "chi_high": null, "beta_low": null}