{"R": 40.0, "wi": 0, "di": 1, "delta": 1.0, "gamma": {"0": 0.6473041612718393, "1": 1.4747249117376098, "2": 1.4672514180090737}, "mu": {"0": 1.147253776252146, "1": 1.1012338860698554, "2": 1.0021604776426087}, "phi": {"0": 0.6866353630156217, "1": 0.7994002744049326, "2": 0.6331990786933247}, "psi": {"0": 0.949656085139075, "1": 1.1594929089624788, "2": 0.7699757560603513}, "sigma": {"0": 0.7543235409199034, "1": 0.5239089836277003, "2": 0.0}, "chi_high": 0.0777888650099501, "beta_low": 0.4796501248691492}