{"R": 40.0, "wi": 2, "di": 1, "delta": 1.0, "gamma": {"0": 1.3947395563970213, "1": 1.282230479227606, "2": 0.5249066972917621}, "mu": {"0": 1.0842535395659587, "1": 1.0872804784909385, "2": 1.0564859712371775}, "phi": {"0": 0.1721136387083948, "1": 0.006524064218353609, "2": 0.7961206024131715}, "psi": {"0": 0.7261961163333306, "1": 1.3812885760130782, "2": 0.6029067161058641}, "sigma": {"0": 0.9216219573916744, "1": 0.7938010923165215, "2": 0.0}, "chi_high": null, "beta_low": null}