{"R": 40.0, "wi": 2, "di": 2, "delta": 1.0, "gamma": {"0": 0.976494599425853, "1": 1.3348133424012443, "2": 1.0790528223662288}, "mu": {"0": 1.1048409351741282, "1": 1.018744704939609, "2": 1.116015061248334}, "phi": {"0": 0.831156356776711, "1": 0.24794761044242397, "2": 0.3418510217782662}, "psi": {"0": 1.0671348223674073, "1": 0.5427060643625589, "2": 1.0577093627963747}, "sigma": {"0": 0.6075856676054245, "1": 0.8133527177014801, "2": 0.0}, "chi_high": null, "beta_low": null}