{"R": 40.0, "wi": 2, "di": 2, "delta": 1.0, "gamma": {"0": 1.059737139053742, "1": 0.6905903493202399, "2": 1.2361019831398674}, "mu": {"0": 1.0285819943853531, "1": 1.0757060858457095, "2": 1.087523080782986}, "phi": {"0": 0.6895898767469746, "1": 0.8202407384416606, "2": 0.5874589157448263}, "psi": {"0": 0.6458090268669184, "1": 1.1960860754141391, "2": 0.6266841939055844}, "sigma": {"0": 0.7163022401399495, "1": 0.9682808972609631, "2": 0.0}, "chi_high": null, "beta_low": null}