{"R": 40.0, "wi": 0, "di": 0, "delta": 1.0, "gamma": {"0": 0.981440726414474, "1": 0.7505642830726614, "2": 0.7976862255450995}, "mu": {"0": 1.059216377115129, "1": 1.0831864006764298, "2": 1.0012675757784173}, "phi": {"0": 0.4388573852342601, "1": 0.16267710563261906, "2": 0.6574640075304462}, "psi": {"0": 0.8585965928394673, "1": 1.3471014637535301, "2": 0.744915714843785}, "sigma": {"0": 0.727118356801176, "1": 0.5317555117987918, "2": 0.0}, "chi_high": 0.8828976677580186, "beta_low": 0.07238324062388336}