{"R": 40.0, "wi": 0, "di": 1, "delta": 1.0, "gamma": {"0": 0.8620525560300519, "1": 0.5135993898922769, "2": 0.6557579755537154}, "mu": {"0": 1.1118983256936923, "1": 1.0898396633459269, "2": 1.1107386578799483}, "phi": {"0": 0.46981128077076184, "1": 0.3374556781067488, "2": 0.70616399024893}, "psi": {"0": 0.5591273362121005, "1": 0.542371161469732, "2": 1.4854792102119256}, "sigma": {"0": 0.6911346041844177, "1": 0.5865045509709798, "2": 0.0}, "chi_high": 0.4784883427269746, "beta_low": 0.5490309383906038}