{"R": 40.0, "wi": 3, "di": 2, "delta": 1.0, "gamma": {"0": 1.012382653207056, "1": 1.3324707795031365, "2": 1.3901616707444215}, "mu": {"0": 1.119304703700991, "1": 1.0774024556529795, "2": 1.0349227294564418}, "phi": {"0": 0.12661618704691568, "1": 0.18850667325664905, "2": 0.026748001153855117}, "psi": {"0": 0.7313676067763444, "1": 0.5334499736919891, "2": 1.1384204983921673}, "sigma": {"0": 0.7450770481727864, "1": 0.672893454951251, "2": 0.0}, "chi_high": 0.1341437828537008, "beta_low": null}