{"R": 40.0, "wi": 3, "di": 1, "delta": 1.0, "gamma": {"0": 0.9285139227412968, "1": 1.2507895827509437, "2": 1.4161204550436213}, "mu": {"0": 1.0841828355915244, "1": 1.0903534530393886, "2": 1.1248074212503814}, "phi": {"0": 0.40790074589174163, "1": 0.36676056705630133, "2": 0.11733095492020573}, "psi": {"0": 1.134131798914816, "1": 0.9152420687486323, "2": 0.734033745988769}, "sigma": {"0": 0.8752453683748576, "1": 0.8328984489073756, "2": 0.0}, "chi_high": 0.5253875558104938, "beta_low": null}