{"R": 40.0, "wi": 2, "di": 0, "delta": 1.0, "gamma": {"0": 1.1348516962609678, "1": 1.3175914307793417, "2": 0.7104294023585801}, "mu": {"0": 1.0694994852557516, "1": 1.054446798520592, "2": 1.0335099558768819}, "phi": {"0": 0.0572226678696689, "1": 0.5202937993589309, "2": 0.6039178935501774}, "psi": {"0": 0.8673879301662105, "1": 1.031267320429723, "2": 0.5737550045814787}, "sigma": {"0": 0.5093396406793009, "1": 0.788059813564896, "2": 0.0}, "chi_high": null, "beta_low": null}