{"R": 40.0, "wi": 1, "di": 1, "delta": 1.0, "gamma": {"0": 1.278939956813057, "1": 0.9254771291448931, "2": 0.8591443838862026}, "mu": {"0": 1.106907356637108, "1": 1.1276990207766815, "2": 1.1401074932378554}, "phi": {"0": 0.8314896712072384, "1": 0.9950751423209762, "2": 0.15277720292830366}, "psi": {"0": 0.685052935037452, "1": 0.5917846074107952, "2": 1.3250051588979024}, "sigma": {"0": 0.6073563333490413, "1": 0.0, "2": 0.0}, "chi_high": null, "beta_low": 0.44665770600931226}