{"R": 40.0, "wi": 3, "di": 2, "delta": 1.0, "gamma": {"0": 1.2901677398949878, "1": 0.5709922724114975, "2": 1.2035610615346704}, "mu": {"0": 1.009528598537636, "1": 1.0713799451349721, "2": 1.113659937833913}, "phi": {"0": 0.2185332413208898, "1": 0.6247375219562136, "2": 0.9741531233813615}, "psi": {"0": 0.5866463889897424, "1": 0.9809801999770931, "2": 1.1997818877797615}, "sigma": {"0": 0.8226642754763708, "1": 0.5520789406823516, "2": 0.0}, "chi_high": 0.22332545498170767, "beta_low": null}