{"R": 40.0, "wi": 1, "di": 0, "delta": 1.0, "gamma": {"0": 1.3527663279156288, "1": 0.8143305440922535, "2": 1.4358322575899765}, "mu": {"0": 1.1320945220155187, "1": 1.091172826077357, "2": 1.0143037220580384}, "phi": {"0": 0.6718673517152121, "1": 0.5428492549943393, "2": 0.207279540430925}, "psi": {"0": 1.0004266679884979, "1": 0.9555546061766236, "2": 0.7195000296901725}, "sigma": {"0": 0.8902386529232158, "1": 0.0, "2": 0.0}, "chi_high": null, "beta_low": 0.35812859171979583}