{"R": 40.0, "wi": 0, "di": 2, "delta": 1.0, "gamma": {"0": 0.9969501954500051, "1": 1.0371828026780667, "2": 0.936577526457875}, "mu": {"0": 1.0531543554447989, "1": 1.1192933635881301, "2": 1.1036995489844674}, "phi": {"0": 0.43388534853916005, "1": 0.9196126989788268, "2": 0.2701332663988082}, "psi": {"0": 1.460939037907587, "1": 0.673860221893131, "2": 1.1442353566302859}, "sigma": {"0": 0.9537221185706652, "1": 0.6092304629153441, "2": 0.0}, "chi_high": 0.9518539157995893, "beta_low": 0.6446790808029346}