{"R": 40.0, "wi": 1, "di": 0, "delta": 1.0, "gamma": {"0": 0.9203058287870052, "1": 0.7099866671250791, "2": 0.7360308305043992}, "mu": {"0": 1.0377871471158888, "1": 1.0528933546887838, "2": 1.0053408913969657}, "phi": {"0": 0.41562349234895024, "1": 0.2648634448315811, "2": 0.00564836111737288}, "psi": {"0": 0.6658042002949267, "1": 0.6638851946586998, "2": 1.4392418367117576}, "sigma": {"0": 0.909749337637269, "1": 0.0, "2": 0.0}, "chi_high": null, "beta_low": 0.4354873052096708}