{"R": 40.0, "wi": 1, "di": 0, "delta": 1.0, "gamma": {"0": 0.7760477758487434, "1": 1.0814888543533652, "2": 1.167923199549214}, "mu": {"0": 1.012395250049582, "1": 1.0905994746656578, "2": 1.1152542232290767}, "phi": {"0": 0.45441329981987344, "1": 0.44440421334470015, "2": 0.7378402229212151}, "psi": {"0": 0.7471925551022767, "1": 0.708054389181362, "2": 1.1680999445241822}, "sigma": {"0": 0.9063554584642897, "1": 0.0, "2": 0.0}, "chi_high": null, "beta_low": 0.9819995155189776}