{"R": 40.0, "wi": 1, "di": 0, "delta": 1.0, "gamma": {"0": 1.096373591140218, "1": 1.1549853552068534, "2": 1.1257221756880114}, "mu": {"0": 1.0454540770362775, "1": 1.0995308449920251, "2": 1.0607923601947133}, "phi": {"0": 0.16604260311072672, "1": 0.47757432065961003, "2": 0.059690209635357316}, "psi": {"0": 1.2255718117177357, "1": 0.7458109681308555, "2": 1.077120941168793}, "sigma": {"0": 0.9852181858940463, "1": 0.0, "2": 0.0}, "chi_high": null, "beta_low": 0.8149540841428776}