{"R": 40.0, "wi": 3, "di": 2, "delta": 1.0, "gamma": {"0": 0.9684939383412716, "1": 1.2105631846184353, "2": 1.1907735214841741}, "mu": {"0": 1.0357039128013044, "1": 1.0517578548378894, "2": 1.0609440196003743}, "phi": {"0": 0.42477557498971596, "1": 0.8737098833099802, "2": 0.2514255464417239}, "psi": {"0": 1.2662842907410297, "1": 0.634480618487793, "2": 1.4729752402107208}, "sigma": {"0": 0.5173939139361641, "1": 0.7684846548807077, "2": 0.0}, "chi_high": 0.5076989287475772, "beta_low": null}