{"R": 40.0, "wi": 0, "di": 2, "delta": 1.0, "gamma": {"0": 0.5083843100818917, "1": 0.9945895228660009, "2": 1.072563118115283}, "mu": {"0": 1.1258105458324794, "1": 1.0226962055669588, "2": 1.0059752451589195}, "phi": {"0": 0.7364920467817841, "1": 0.016036137050404076, "2": 0.21616496000198582}, "psi": {"0": 0.9859516830097873, "1": 1.2654236715317624, "2": 1.3107164708234667}, "sigma": {"0": 0.5712561220983394, "1": 0.568257171498865, "2": 0.0}, "chi_high": 0.7875197471252169, "beta_low": 0.3805642608799483}