{"R": 40.0, "wi": 1, "di": 2, "delta": 1.0, "gamma": {"0": 1.4831150758728124, "1": 1.185515539062751, "2": 1.3880935727064432}, "mu": {"0": 1.0856258341696614, "1": 1.1367050622097143, "2": 1.1025321327142348}, "phi": {"0": 0.31145079761127203, "1": 0.8405832805103374, "2": 0.19786348290709754}, "psi": {"0": 1.344033158316151, "1": 0.9946508303487057, "2": 1.090069442089397}, "sigma": {"0": 0.6595767664748613, "1": 0.0, "2": 0.0}, "chi_high": null, "beta_low": 0.17356092000609027}