{"R": 40.0, "wi": 3, "di": 2, "delta": 1.0, "gamma": {"0": 1.1857257592405595, "1": 0.6755028643403914, "2": 0.7623660132309726}, "mu": {"0": 1.05679280376834, "1": 1.116521849507758, "2": 1.0431226735552082}, "phi": {"0": 0.872630621038359, "1": 0.021522644696397086, "2": 0.8847460735409401}, "psi": {"0": 1.1961125519472895, "1": 0.9721823125749176, "2": 1.076178778659902}, "sigma": {"0": 0.7568387967568796, "1": 0.882529345897916, "2": 0.0}, "chi_high": 0.59307037060733, "beta_low": null}