{"R": 40.0, "wi": 3, "di": 0, "delta": 1.0, "gamma": {"0": 1.025003211398634, "1": 1.0767303523375023, "2": 1.350075918205392}, "mu": {"0": 1.0957321939181055, "1": 1.0308474201663782, "2": 1.0702559871245987}, "phi": {"0": 0.9059169462847235, "1": 0.656256689272472, "2": 0.8613101691817574}, "psi": {"0": 1.2612788910974972, "1": 0.981658523507864, "2": 1.1405925376260742}, "sigma": {"0": 0.6643647427139132, "1": 0.8511422293527113, "2": 0.0}, "chi_high": 0.39698205018220534, "beta_low": null}