{"R": 40.0, "wi": 2, "di": 2, "delta": 1.0, "gamma": {"0": 1.3018678927128486, "1": 1.028356519002461, "2": 1.2761709716342846}, "mu": {"0": 1.0386760809122517, "1": 1.056818081472055, "2": 1.1089604439845817}, "phi": {"0": 0.5218518517720978, "1": 0.07728453748895736, "2": 0.12106160136414379}, "psi": {"0": 0.8643289322048925, "1": 1.4150577978831078, "2": 0.7667866258281519}, "sigma": {"0": 0.5484715223471598, "1": 0.5128395911878079, "2": 0.0}, "chi_high": null, "beta_low": null}