{"R": 40.0, "wi": 3, "di": 2, "delta": 1.0, "gamma": {"0": 1.2865662839774437, "1": 0.96167894169446, "2": 1.2112710886459133}, "mu": {"0": 1.1011329688224512, "1": 1.08997395684673, "2": 1.023161037070468}, "phi": {"0": 0.5565745810269301, "1": 0.17494501921035344, "2": 0.77363846164849}, "psi": {"0": 0.8899402531132328, "1": 1.310964912862389, "2": 0.8059288870546942}, "sigma": {"0": 0.5775704786249642, "1": 0.7954125461298982, "2": 0.0}, "chi_high": 0.5587519277162882, "beta_low": null}