{"R": 40.0, "wi": 2, "di": 1, "delta": 1.0, "gamma": {"0": 0.6032076000837057, "1": 0.5794416119594507, "2": 1.323400830606725}, "mu": {"0": 1.054934758621332, "1": 1.032004784026527, "2": 1.0756847064996087}, "phi": {"0": 0.8387621824514788, "1": 0.7972528338833985, "2": 0.18707764292441031}, "psi": {"0": 0.6035926322762464, "1": 0.5232441662929489, "2": 1.0974985909743407}, "sigma": {"0": 0.9094901196867762, "1": 0.6877127701558612, "2": 0.0}, "chi_high": null, "beta_low": null}