{"R": 40.0, "wi": 3, "di": 2, "delta": 1.0, "gamma": {"0": 1.4808389707875627, "1": 0.8392802964599306, "2": 0.694383628514855}, "mu": {"0": 1.1364804126252106, "1": 1.0012389438795803, "2": 1.0562200733923957}, "phi": {"0": 0.16966534693658408, "1": 0.5813497412076006, "2": 0.691841778035615}, "psi": {"0": 1.1878684245314841, "1": 0.6224414024591876, "2": 1.4694447751377298}, "sigma": {"0": 0.5308366621498399, "1": 0.9316820187626651, "2": 0.0}, "chi_high": 0.14836062009912582, "beta_low": null}