{"R": 40.0, "wi": 0, "di": 1, "delta": 1.0, "gamma": {"0": 0.7527791421023385, "1": 0.6749581204668901, "2": 1.3634438209240862}, "mu": {"0": 1.0984098053638498, "1": 1.1194048645449564, "2": 1.0456599107125624}, "phi": {"0": 0.9482977387846578, "1": 0.6529879642428376, "2": 0.9457782623069266}, "psi": {"0": 0.5343291837775759, "1": 0.6916721606428607, "2": 1.3506120241401058}, "sigma": {"0": 0.9645375051674707, "1": 0.8119933620588149, "2": 0.0}, "chi_high": 0.3142052120137719, "beta_low": 0.35701118450870367}