{"R": 40.0, "wi": 3, "di": 2, "delta": 1.0, "gamma": {"0": 1.0698714225187842, "1": 1.3399017721028357, "2": 1.262145012067691}, "mu": {"0": 1.039786061017591, "1": 1.122837346111918, "2": 1.0234883332809608}, "phi": {"0": 0.03225866431661151, "1": 0.1495189055389512, "2": 0.3209997826511217}, "psi": {"0": 0.7305098720952554, "1": 0.7289617216428879, "2": 1.281897384514429}, "sigma": {"0": 0.7305954033813536, "1": 0.5922784203827653, "2": 0.0}, "chi_high": 0.724179468596615, "beta_low": null}