{"R": 40.0, "wi": 2, "di": 1, "delta": 1.0, "gamma": {"0": 0.8451210372055482, "1": 1.2074927744203112, "2": 1.3977620332595904}, "mu": {"0": 1.1013038498569077, "1": 1.0789784689392679, "2": 1.1136844890525177}, "phi": {"0": 0.017701296338649253, "1": 0.6247997251202436, "2": 0.7469360424475331}, "psi": {"0": 0.6970331922403072, "1": 0.7259614754692011, "2": 1.3102503435785784}, "sigma": {"0": 0.5637731134716771, "1": 0.5982995375080419, "2": 0.0}, "chi_high": null, "beta_low": null}