{"R": 40.0, "wi": 0, "di": 1, "delta": 1.0, "gamma": {"0": 1.4424761074569128, "1": 0.9329641576635872, "2": 1.3306602563357999}, "mu": {"0": 1.103849023805489, "1": 1.0515475001474348, "2": 1.0589742997754679}, "phi": {"0": 0.34222618868677923, "1": 0.39300658355407037, "2": 0.153287157580563}, "psi": {"0": 1.1425855601701156, "1": 0.6475679035274763, "2": 0.9818001869175936}, "sigma": {"0": 0.677796779559372, "1": 0.965265932082883, "2": 0.0}, "chi_high": 0.1742457806282509, "beta_low": 0.9598374693520666}