{"R": 40.0, "wi": 0, "di": 1, "delta": 1.0, "gamma": {"0": 1.0185494911337232, "1": 0.8723408516907757, "2": 0.6961296196275203}, "mu": {"0": 1.0431625927595818, "1": 1.081304608854043, "2": 1.1098387128152052}, "phi": {"0": 0.408197371137654, "1": 0.8858657552529783, "2": 0.768792985296698}, "psi": {"0": 1.0364321583603764, "1": 1.0181377016428679, "2": 0.8931821810298781}, "sigma": {"0": 0.8092381272104969, "1": 0.5148721289593923, "2": 0.0}, "chi_high": 0.39325022971687706, "beta_low": 0.21030713985507082}