{"R": 40.0, "wi": 0, "di": 1, "delta": 1.0, "gamma": {"0": 0.6675971914117718, "1": 0.9765166749954015, "2": 1.1761684173159812}, "mu": {"0": 1.1360987940738558, "1": 1.127384156949733, "2": 1.0764455255675076}, "phi": {"0": 0.49184341882300087, "1": 0.8507124786466409, "2": 0.13619497059499575}, "psi": {"0": 0.7673572702234656, "1": 1.1663307381985075, "2": 0.9500671017448135}, "sigma": {"0": 0.6837711346842354, "1": 0.9178517843492403, "2": 0.0}, "chi_high": 0.9315792392514403, "beta_low": 0.3575378445618157}