{"R": 40.0, "wi": 2, "di": 0, "delta": 1.0, "gamma": {"0": 0.5598090739642193, "1": 1.167966285548802, "2": 0.9946227358460251}, "mu": {"0": 1.063773528361151, "1": 1.1012230124493547, "2": 1.1332847078412611}, "phi": {"0": 0.7672073307643622, "1": 0.4119923713779615, "2": 0.35836226793045545}, "psi": {"0": 0.8907908009767523, "1": 1.3859550374371636, "2": 1.3381455527855635}, "sigma": {"0": 0.5994938365108408, "1": 0.9708589981766835, "2": 0.0}, "chi_high": null, "beta_low": null}