{"R": 40.0, "wi": 3, "di": 1, "delta": 1.0, "gamma": {"0": 0.5303216462809069, "1": 0.7540808693133124, "2": 1.2510870970514123}, "mu": {"0": 1.0540225694132468, "1": 1.1410317526996234, "2": 1.0979928799097227}, "phi": {"0": 0.8847469057776645, "1": 0.5907450901662991, "2": 0.28760957775302376}, "psi": {"0": 0.5525335851236571, "1": 1.0765514851418916, "2": 1.0420601177526478}, "sigma": {"0": 0.7456738351133124, "1": 0.7112718320528444, "2": 0.0}, "chi_high": 0.8268325999525793, "beta_low": null}