{"R": 40.0, "wi": 2, "di": 1, "delta": 1.0, "gamma": {"0": 1.3706913126193108, "1": 1.0013818872832567, "2": 0.5520225121591706}, "mu": {"0": 1.0215762381594102, "1": 1.058025467453673, "2": 1.1103951101026506}, "phi": {"0": 0.2757699751806666, "1": 0.9981982326742499, "2": 0.560826148639574}, "psi": {"0": 0.8702802908816725, "1": 0.5377794881950342, "2": 1.1272364295035167}, "sigma": {"0": 0.7505076241654458, "1": 0.6883645635943338, "2": 0.0}, "chi_high": null, "beta_low": null}