{"R": 40.0, "wi": 1, "di": 2, "delta": 1.0, "gamma": {"0": 1.2245877708899333, "1": 0.6304554803320372, "2": 1.2096288519695158}, "mu": {"0": 1.116353824278757, "1": 1.0594092649531262, "2": 1.1028060372232156}, "phi": {"0": 0.6047087253974643, "1": 0.1300059084441859, "2": 0.4330380190645138}, "psi": {"0": 0.9681180293395327, "1": 1.022693380219404, "2": 0.564173904321912}, "sigma": {"0": 0.8808449518116058, "1": 0.0, "2": 0.0}, "chi_high": null, "beta_low": 0.7643134612991596}