{"R": 40.0, "wi": 1, "di": 2, "delta": 1.0, "gamma": {"0": 0.5066714028007491, "1": 0.8491177631418662, "2": 1.0654883144775338}, "mu": {"0": 1.0016471895136534, "1": 1.061159095151313, "2": 1.1265622934639172}, "phi": {"0": 0.8267404419437708, "1": 0.9471620587792344, "2": 0.2598321674728806}, "psi": {"0": 0.5850647164941991, "1": 0.9798785428433442, "2": 0.51286409644058}, "sigma": {"0": 0.8905037098539521, "1": 0.0, "2": 0.0}, "chi_high": null, "beta_low": 0.9659341855582393}