{"R": 40.0, "wi": 1, "di": 2, "delta": 1.0, "gamma": {"0": 1.128158826456148, "1": 1.2764731394140552, "2": 0.9501255329835978}, "mu": {"0": 1.0738300452294747, "1": 1.0934935652833482, "2": 1.0245547043962984}, "phi": {"0": 0.4024851658510378, "1": 0.09713881040175432, "2": 0.08529731819379793}, "psi": {"0": 1.0098810404447667, "1": 0.6373945722880132, "2": 1.367014960481022}, "sigma": {"0": 0.7845463564893616, "1": 0.0, "2": 0.0}, "chi_high": null, "beta_low": 0.39673170805801283}