{"R": 40.0, "wi": 3, "di": 0, "delta": 1.0, "gamma": {"0": 1.3198079938179237, "1": 1.207875321906822, "2": 0.7726261132190715}, "mu": {"0": 1.0431245140144274, "1": 1.1277134301354088, "2": 1.0125390764416264}, "phi": {"0": 0.5986910943246956, "1": 0.22049817788548343, "2": 0.4680757651991151}, "psi": {"0": 0.7782759266052504, "1": 0.803427118982344, "2": 0.6353989526946923}, "sigma": {"0": 0.6605142107845778, "1": 0.7649110138000993, "2": 0.0}, "chi_high": 0.9123812650207846, "beta_low": null}