{"R": 40.0, "wi": 3, "di": 0, "delta": 1.0, "gamma": {"0": 1.2581497642201906, "1": 0.5279981978705539, "2": 0.9165804871339134}, "mu": {"0": 1.105229733361705, "1": 1.013980287660748, "2": 1.0208253660054096}, "phi": {"0": 0.941200709605151, "1": 0.020377920282085626, "2": 0.01295245067579287}, "psi": {"0": 1.1307640658838052, "1": 1.1798381465800878, "2": 1.084993054955146}, "sigma": {"0": 0.7943704375593357, "1": 0.8693084713239558, "2": 0.0}, "chi_high": 0.7274471787331506, "beta_low": null}