{"R": 40.0, "wi": 0, "di": 0, "delta": 1.0, "gamma": {"0": 1.4387984521825141, "1": 0.6900473889817309, "2": 1.1146620716582727}, "mu": {"0": 1.037452034186668, "1": 1.0958419611520207, "2": 1.0670395954297134}, "phi": {"0": 0.4611243214981242, "1": 0.2924267751771018, "2": 0.9220019958456688}, "psi": {"0": 0.695685265131579, "1": 0.9751419271357177, "2": 1.0577057943166706}, "sigma": {"0": 0.9063665093572992, "1": 0.9043698369232231, "2": 0.0}, "chi_high": 0.2598640141120635, "beta_low": 0.5283456668865165}