{"R": 40.0, "wi": 3, "di": 1, "delta": 1.0, "gamma": {"0": 0.7560228264127069, "1": 0.9303794300890468, "2": 0.7518794998320153}, "mu": {"0": 1.133265401542394, "1": 1.0648617372939446, "2": 1.0453700908325831}, "phi": {"0": 0.851762805009378, "1": 0.9420384472973585, "2": 0.2876439437458639}, "psi": {"0": 1.4676833970820926, "1": 0.7348461356707492, "2": 0.8596821214592779}, "sigma": {"0": 0.7163067091213555, "1": 0.7536747199966691, "2": 0.0}, "chi_high": 0.4536993012796168, "beta_low": null}