{"R": 40.0, "wi": 1, "di": 2, "delta": 1.0, "gamma": {"0": 0.6548638195415869, "1": 1.1149176077823943, "2": 1.1094662875299908}, "mu": {"0": 1.0914364046289997, "1": 1.0882931782188614, "2": 1.0858451852910034}, "phi": {"0": 0.10567331349651987, "1": 0.1470379377699319, "2": 0.9736460206568344}, "psi": {"0": 1.0147856147722405, "1": 1.412017064510838, "2": 1.3193049509600379}, "sigma": {"0": 0.6085722751544567, "1": 0.0, "2": 0.0}, "chi_high": null, "beta_low": 0.8161502820542115}