{"R": 40.0, "wi": 2, "di": 0, "delta": 1.0, "gamma": {"0": 0.8244017232381833, "1": 1.0115614460842588, "2": 1.3697022944663932}, "mu": {"0": 1.1444844033018637, "1": 1.0540465677999693, "2": 1.015064941773938}, "phi": {"0": 0.7238733362699535, "1": 0.6189792170548326, "2": 0.4841054748607224}, "psi": {"0": 1.171103738758608, "1": 1.3148249282106024, "2": 1.4529942497647585}, "sigma": {"0": 0.9430091655114785, "1": 0.6970176749458505, "2": 0.0}, "chi_high": null, "beta_low": null}