{"R": 40.0, "wi": 3, "di": 0, "delta": 1.0, "gamma": {"0": 1.0596210071209655, "1": 1.3848628837890469, "2": 0.7957202471355398}, "mu": {"0": 1.0560633848846819, "1": 1.0567987719564307, "2": 1.1394818673024758}, "phi": {"0": 0.7174433352882247, "1": 0.9289317836385557, "2": 0.8749196950558743}, "psi": {"0": 0.9037514203323467, "1": 1.1920154270450758, "2": 0.5664565256045607}, "sigma": {"0": 0.5057015052775335, "1": 0.6786447737602532, "2": 0.0}, "chi_high": 0.9370476618461917, "beta_low": null}