{"R": 40.0, "wi": 3, "di": 1, "delta": 1.0, "gamma": {"0": 1.201742520424144, "1": 1.4635778092677727, "2": 1.3308859056644073}, "mu": {"0": 1.0604747760680653, "1": 1.0466294318814546, "2": 1.0284859467034582}, "phi": {"0": 0.978286187999168, "1": 0.7335410454326309, "2": 0.2757508688664162}, "psi": {"0": 1.4712549770981376, "1": 0.7546360903554059, "2": 1.2006135894273786}, "sigma": {"0": 0.9807911535346776, "1": 0.8846053214406944, "2": 0.0}, "chi_high": 0.44020296290505395, "beta_low": null}