{"R": 40.0, "wi": 3, "di": 1, "delta": 1.0, "gamma": {"0": 1.410078304402643, "1": 1.3292338107197024, "2": 1.3566203692501921}, "mu": {"0": 1.0818069544246913, "1": 1.0872627707771667, "2": 1.000959491991386}, "phi": {"0": 0.07658117578021317, "1": 0.6302451626412132, "2": 0.7908177647414923}, "psi": {"0": 0.6309475952348077, "1": 1.1708629288852528, "2": 0.9067358053481606}, "sigma": {"0": 0.9053545250937776, "1": 0.731913722711246, "2": 0.0}, "chi_high": 0.1750633867434314, "beta_low": null}