{"R": 40.0, "wi": 0, "di": 1, "delta": 1.0, "gamma": {"0": 1.2392267660957645, "1": 1.4249093125692718, "2": 1.1555778223960576}, "mu": {"0": 1.1357094846510807, "1": 1.0359203348393573, "2": 1.0624190233149517}, "phi": {"0": 0.7390110905366623, "1": 0.6952856833803093, "2": 0.41896282671756613}, "psi": {"0": 1.0842945902003893, "1": 1.122055543378142, "2": 0.6040065083739999}, "sigma": {"0": 0.5069612763351334, "1": 0.9172760686775283, "2": 0.0}, "chi_high": 0.556128294846961, "beta_low": 0.27332004791174425}