{"R": 40.0, "wi": 3, "di": 2, "delta": 1.0, "gamma": {"0": 0.5479756280422488, "1": 0.7574509073918153, "2": 0.6257381433208695}, "mu": {"0": 1.07306368224921, "1": 1.1330062041681868, "2": 1.1032457090706596}, "phi": {"0": 0.3609631461036473, "1": 0.0043033880815995795, "2": 0.5965885508538021}, "psi": {"0": 0.5700411771287589, "1": 1.1210075333584015, "2": 0.6029673609799494}, "sigma": {"0": 0.9163454792611817, "1": 0.9832619249355941, "2": 0.0}, "chi_high": 0.1001841020954857, "beta_low": null}