{"R": 40.0, "wi": 1, "di": 2, "delta": 1.0, "gamma": {"0": 0.6823999939372474, "1": 0.6183630741629715, "2": 1.3666219773488635}, "mu": {"0": 1.1475499764369133, "1": 1.1314732971881558, "2": 1.08211897901851}, "phi": {"0": 0.1670395922545258, "1": 0.059162815916243505, "2": 0.7911161130559913}, "psi": {"0": 0.9724535577848145, "1": 1.236568152567111, "2": 1.2932780709663412}, "sigma": {"0": 0.7242587262263656, "1": 0.0, "2": 0.0}, "chi_high": null, "beta_low": 0.4788382410150907}