{"R": 40.0, "wi": 0, "di": 0, "delta": 1.0, "gamma": {"0": 0.7181246499752997, "1": 1.1030057368522939, "2": 1.2803956381546362}, "mu": {"0": 1.0390305903611903, "1": 1.1317029106365246, "2": 1.0645468745230369}, "phi": {"0": 0.4344459130885534, "1": 0.23434430650028526, "2": 0.8870241807653103}, "psi": {"0": 0.8227874281508958, "1": 1.1834263359062893, "2": 0.5490801406472682}, "sigma": {"0": 0.6902596776174407, "1": 0.9235061283701267, "2": 0.0}, "chi_high": 0.891235717950498, "beta_low": 0.7458172207088993}