{"R": 40.0, "wi": 1, "di": 2, "delta": 1.0, "gamma": {"0": 0.6549216782730644, "1": 0.7596508156514566, "2": 1.2520302121188742}, "mu": {"0": 1.0046133280277427, "1": 1.1115833529253305, "2": 1.0111362030948021}, "phi": {"0": 0.9220433796269691, "1": 0.7318479801859662, "2": 0.9172399259078832}, "psi": {"0": 1.4840408951391684, "1": 0.7607348926474339, "2": 0.935673413122022}, "sigma": {"0": 0.923875395707942, "1": 0.0, "2": 0.0}, "chi_high": null, "beta_low": 0.9333023166748284}