{"R": 40.0, "wi": 3, "di": 1, "delta": 1.0, "gamma": {"0": 1.1361863295917358, "1": 0.698002191142086, "2": 1.2838946128268054}, "mu": {"0": 1.0576002849512602, "1": 1.0911046801442383, "2": 1.1471472211905398}, "phi": {"0": 0.302353803306846, "1": 0.5505032702733994, "2": 0.6997218449023087}, "psi": {"0": 0.5417371116480463, "1": 1.3630152297523703, "2": 1.0120911662323295}, "sigma": {"0": 0.908655140645571, "1": 0.8181967305417686, "2": 0.0}, "chi_high": 0.27178868061270806, "beta_low": null}