{"R": 40.0, "wi": 2, "di": 0, "delta": 1.0, "gamma": {"0": 1.3408055162943888, "1": 0.5690933608861258, "2": 1.255265964107388}, "mu": {"0": 1.0998612039849844, "1": 1.1034824233557494, "2": 1.047206459003195}, "phi": {"0": 0.07012202041908455, "1": 0.13552432264172942, "2": 0.07975987375718452}, "psi": {"0": 1.1762764532250496, "1": 1.4792749602577138, "2": 0.5657771761681623}, "sigma": {"0": 0.568791177305709, "1": 0.7609019851147067, "2": 0.0}, "chi_high": null, "beta_low": null}