{"R": 40.0, "wi": 2, "di": 1, "delta": 1.0, "gamma": {"0": 0.7712249613190684, "1": 1.2940101994995383, "2": 1.3237412485161433}, "mu": {"0": 1.1335642552841627, "1": 1.091463874495558, "2": 1.0110733068582716}, "phi": {"0": 0.27511477987206334, "1": 0.025267556294929827, "2": 0.22400715177326758}, "psi": {"0": 0.9110950421839752, "1": 0.8197278671551554, "2": 0.8686912089508882}, "sigma": {"0": 0.9879127170393849, "1": 0.7747727505651777, "2": 0.0}, "chi_high": null, "beta_low": null}