{"R": 40.0, "wi": 3, "di": 2, "delta": 1.0, "gamma": {"0": 1.3975720197939223, "1": 1.414541361712598, "2": 1.4547460156115641}, "mu": {"0": 1.0392336008508833, "1": 1.057976899050294, "2": 1.1412298434754733}, "phi": {"0": 0.8445145307274157, "1": 0.1836089835990058, "2": 0.10794078940007035}, "psi": {"0": 0.5432550978277079, "1": 0.7563327622691755, "2": 0.929367293163182}, "sigma": {"0": 0.9049579801742536, "1": 0.6780049016063081, "2": 0.0}, "chi_high": 0.9589004090290842, "beta_low": null}