{"R": 40.0, "wi": 2, "di": 1, "delta": 1.0, "gamma": {"0": 0.5654646542048763, "1": 0.5797785564501925, "2": 0.8581696557540417}, "mu": {"0": 1.060687117774019, "1": 1.0234102959335643, "2": 1.0220044955862262}, "phi": {"0": 0.7161017439522959, "1": 0.07348965474243618, "2": 0.8555401587693682}, "psi": {"0": 1.4555876829174124, "1": 0.7130578210487074, "2": 1.4836007489452172}, "sigma": {"0": 0.5732286310532164, "1": 0.7437283460736646, "2": 0.0}, "chi_high": null, "beta_low": null}