{"R": 40.0, "wi": 0, "di": 1, "delta": 1.0, "gamma": {"0": 1.0686064162601738, "1": 0.8146953843460403, "2": 1.4922627629822225}, "mu": {"0": 1.0014503856793409, "1": 1.0035442878708534, "2": 1.1357521310862628}, "phi": {"0": 0.3492516370489075, "1": 0.48304334519137915, "2": 0.5509370282124442}, "psi": {"0": 1.1637629871038917, "1": 0.8763474341182796, "2": 1.2524287149514128}, "sigma": {"0": 0.9024767706848363, "1": 0.5467692290392525, "2": 0.0}, "chi_high": 0.4067670297387108, "beta_low": 0.6284399004920138}