{"R": 40.0, "wi": 3, "di": 2, "delta": 1.0, "gamma": {"0": 1.428714137550413, "1": 0.9203442432662212, "2": 0.9021099341462965}, "mu": {"0": 1.0074367128220425, "1": 1.0282049902050348, "2": 1.149923863180462}, "phi": {"0": 0.04861671625309316, "1": 0.3667905405498475, "2": 0.7573569629615404}, "psi": {"0": 0.6405149948870653, "1": 0.9774565283067955, "2": 0.8733765829590685}, "sigma": {"0": 0.6630305527367133, "1": 0.7914518980094354, "2": 0.0}, "chi_high": 0.5483768225850976, "beta_low": null}