{"R": 40.0, "wi": 0, "di": 0, "delta": 1.0, "gamma": {"0": 0.7798944253979152, "1": 0.8673028271075811, "2": 0.6628716384665958}, "mu": {"0": 1.1054125716114498, "1": 1.0617521864765067, "2": 1.0214876054547024}, "phi": {"0": 0.16697182761003726, "1": 0.3145869892943369, "2": 0.3525495535557024}, "psi": {"0": 0.6989768156585567, "1": 1.270364841642054, "2": 0.8943183727198075}, "sigma": {"0": 0.8394383467998764, "1": 0.8769932167221439, "2": 0.0}, "chi_high": 0.1447419348053438, "beta_low": 0.14285334416167325}