{"R": 40.0, "wi": 1, "di": 1, "delta": 1.0, "gamma": {"0": 1.233844093612732, "1": 1.4739661280514285, "2": 0.838283844855471}, "mu": {"0": 1.1481853005026124, "1": 1.068430228940501, "2": 1.0082049330465945}, "phi": {"0": 0.3430965859479801, "1": 0.35262323672666673, "2": 0.23014903437196887}, "psi": {"0": 1.402258830293846, "1": 0.806134276302482, "2": 0.8277906352674759}, "sigma": {"0": 0.8788839941365494, "1": 0.0, "2": 0.0}, "chi_high": null, "beta_low": 0.6447939433172422}