{"R": 40.0, "wi": 1, "di": 1, "delta": 1.0, "gamma": {"0": 0.5618325760346722, "1": 0.9402650093612209, "2": 0.6906784131759498}, "mu": {"0": 1.137337854081792, "1": 1.1348178335990406, "2": 1.0988552018849915}, "phi": {"0": 0.660257334848394, "1": 0.15409802718701493, "2": 0.5033140733163539}, "psi": {"0": 1.1649473075612211, "1": 0.9133787229939999, "2": 0.8960970574561284}, "sigma": {"0": 0.8720030773259294, "1": 0.0, "2": 0.0}, "chi_high": null, "beta_low": 0.9590777889059039}