{"R": 40.0, "wi": 3, "di": 0, "delta": 1.0, "gamma": {"0": 1.103561436484029, "1": 0.6457851075668297, "2": 1.174417391756343}, "mu": {"0": 1.0678449635825886, "1": 1.0649377629480747, "2": 1.0374963059543556}, "phi": {"0": 0.45155551750926515, "1": 0.5281271724783304, "2": 0.7108985067495293}, "psi": {"0": 0.7631005781151848, "1": 1.4262695868887558, "2": 1.1520225030389228}, "sigma": {"0": 0.8483721157221695, "1": 0.8421750087033254, "2": 0.0}, "chi_high": 0.5594928554570788, "beta_low": null}