{"R": 40.0, "wi": 0, "di": 0, "delta": 1.0, "gamma": {"0": 1.413926808568093, "1": 0.8810769857536207, "2": 0.9357504369349054}, "mu": {"0": 1.0484871996799234, "1": 1.14597499448583, "2": 1.0967245346933632}, "phi": {"0": 0.09757745576842003, "1": 0.35311156360991536, "2": 0.8814556601050236}, "psi": {"0": 1.4875992625213925, "1": 0.8338777963171633, "2": 1.4455947792987591}, "sigma": {"0": 0.6776957246593422, "1": 0.9537299778022428, "2": 0.0}, "chi_high": 0.896278657755402, "beta_low": 0.45710597893252947}