{"R": 40.0, "wi": 1, "di": 2, "delta": 1.0, "gamma": {"0": 1.3062064748435855, "1": 0.7900202218225663, "2": 1.1017559064147582}, "mu": {"0": 1.0182042623481915, "1": 1.0365268872245597, "2": 1.130200919030923}, "phi": {"0": 0.9687884842786213, "1": 0.6459078508260824, "2": 0.87505485354697}, "psi": {"0": 1.0067655080598634, "1": 1.0938821575549993, "2": 0.5229202654310875}, "sigma": {"0": 0.8680141788157827, "1": 0.0, "2": 0.0}, "chi_high": null, "beta_low": 0.9892973777816796}