{"R": 40.0, "wi": 2, "di": 0, "delta": 1.0, "gamma": {"0": 1.428959258404337, "1": 0.9828514300567931, "2": 0.9125134197669421}, "mu": {"0": 1.0498770084333315, "1": 1.0735601315266912, "2": 1.0545976991422858}, "phi": {"0": 0.12558204729487854, "1": 0.6259932881232313, "2": 0.9020630128312062}, "psi": {"0": 0.570301593592043, "1": 0.6424098012063015, "2": 0.7967030575449237}, "sigma": {"0": 0.6800369856410655, "1": 0.8679262311379878, "2": 0.0}, "chi_high": null, "beta_low": null}