{"R": 40.0, "wi": 1, "di": 1, "delta": 1.0, "gamma": {"0": 0.9071241936820025, "1": 1.1688451272537344, "2": 1.3167984993642898}, "mu": {"0": 1.115020135062432, "1": 1.0804382523536165, "2": 1.1166235588195352}, "phi": {"0": 0.35049978825630246, "1": 0.4168348494721832, "2": 0.7344463067832905}, "psi": {"0": 0.7365755928530974, "1": 0.832484659910207, "2": 0.8921437128926865}, "sigma": {"0": 0.879335176718888, "1": 0.0, "2": 0.0}, "chi_high": null, "beta_low": 0.7305111458351781}