{"R": 40.0, "wi": 3, "di": 1, "delta": 1.0, "gamma": {"0": 1.0597879970164703, "1": 1.3745422778816583, "2": 1.4972888126629549}, "mu": {"0": 1.101405474248897, "1": 1.0628763825634806, "2": 1.1492237168203774}, "phi": {"0": 0.007608610917486769, "1": 0.8540362671010903, "2": 0.06454406043616767}, "psi": {"0": 0.7317130711717752, "1": 1.2252460666844827, "2": 1.3673731250790653}, "sigma": {"0": 0.9698933578733864, "1": 0.6070551710963816, "2": 0.0}, "chi_high": 0.5294366027476914, "beta_low": null}