{"R": 40.0, "wi": 0, "di": 2, "delta": 1.0, "gamma": {"0": 0.6163049835675765, "1": 0.8945527766798865, "2": 1.1070616511713443}, "mu": {"0": 1.1160603864888428, "1": 1.0884937779717623, "2": 1.1185896213084245}, "phi": {"0": 0.38487822352843515, "1": 0.9731427339984335, "2": 0.32407746017738026}, "psi": {"0": 1.4658020443040496, "1": 0.8236255258334255, "2": 0.9341570407845283}, "sigma": {"0": 0.9664014972698796, "1": 0.8520874102140373, "2": 0.0}, "chi_high": 0.8202581929118694, "beta_low": 0.1575273410858018}