{"R": 40.0, "wi": 0, "di": 2, "delta": 1.0, "gamma": {"0": 0.8007358692439305, "1": 1.353400761273198, "2": 1.4853980213443987}, "mu": {"0": 1.089496048479912, "1": 1.1233658438167176, "2": 1.0235745642481175}, "phi": {"0": 0.962409065557107, "1": 0.6505591458187765, "2": 0.44079430188133184}, "psi": {"0": 0.5108325051136325, "1": 1.0469724436926189, "2": 1.4552096305662556}, "sigma": {"0": 0.9003932709114087, "1": 0.5959581787121817, "2": 0.0}, "chi_high": 0.13811407365478204, "beta_low": 0.40145644220912324}