{"R": 40.0, "wi": 1, "di": 2, "delta": 1.0, "gamma": {"0": 1.0298457451310372, "1": 0.6193791563577173, "2": 1.4501177377210621}, "mu": {"0": 1.122085680743374, "1": 1.0316125621227739, "2": 1.0599885188973746}, "phi": {"0": 0.7276507689497376, "1": 0.7935590179448069, "2": 0.292015443099487}, "psi": {"0": 1.0277250467634529, "1": 0.5966743290772902, "2": 1.4757455345303192}, "sigma": {"0": 0.7025080443336452, "1": 0.0, "2": 0.0}, "chi_high": null, "beta_low": 0.703742160189724}