{"R": 40.0, "wi": 1, "di": 0, "delta": 1.0, "gamma": {"0": 0.6655518182009564, "1": 1.3545951029320005, "2": 0.6999987843641785}, "mu": {"0": 1.0350552889056501, "1": 1.0007363771259135, "2": 1.0016354476701668}, "phi": {"0": 0.7397449260560904, "1": 0.34523040461982835, "2": 0.44694886118196464}, "psi": {"0": 0.5047347668525669, "1": 1.4326212413661765, "2": 0.6731904982036285}, "sigma": {"0": 0.8496325964160387, "1": 0.0, "2": 0.0}, "chi_high": null, "beta_low": 0.1595112528974321}