{"R": 40.0, "wi": 0, "di": 2, "delta": 1.0, "gamma": {"0": 1.335754660328194, "1": 1.3959912868797155, "2": 1.2110397933081831}, "mu": {"0": 1.126136440685009, "1": 1.0336039905779424, "2": 1.0629457039483494}, "phi": {"0": 0.5925550313919228, "1": 0.8230953145019492, "2": 0.3220780466340648}, "psi": {"0": 0.5420790603161426, "1": 0.6158158801849916, "2": 0.7030822559062816}, "sigma": {"0": 0.7479000016166579, "1": 0.5076833862252615, "2": 0.0}, "chi_high": 0.1245661244731699, "beta_low": 0.4762947279326467}