{"R": 40.0, "wi": 2, "di": 2, "delta": 1.0, "gamma": {"0": 1.290750351186887, "1": 0.5743740448448137, "2": 1.1037645757418562}, "mu": {"0": 1.1181782318421867, "1": 1.032020394628431, "2": 1.1051553288898874}, "phi": {"0": 0.8785829225609335, "1": 0.644417301551837, "2": 0.6103150931364156}, "psi": {"0": 0.9338302795889902, "1": 0.710118075296115, "2": 1.386714939602237}, "sigma": {"0": 0.5323392360678438, "1": 0.6180319380321901, "2": 0.0}, "chi_high": null, "beta_low": null}