{"R": 40.0, "wi": 0, "di": 2, "delta": 1.0, "gamma": {"0": 0.8537149726028971, "1": 0.6344933768553478, "2": 0.8074635093891597}, "mu": {"0": 1.0687915859544124, "1": 1.0628526222142005, "2": 1.07784738538953}, "phi": {"0": 0.9767172063296703, "1": 0.9223729490143865, "2": 0.07086987956449986}, "psi": {"0": 0.6035925455294887, "1": 0.5022666142286017, "2": 1.0165346494236762}, "sigma": {"0": 0.8330601625651879, "1": 0.5577304421613916, "2": 0.0}, "chi_high": 0.39478533211928807, "beta_low": 0.14923038932993657}