{"R": 40.0, "wi": 1, "di": 0, "delta": 1.0, "gamma": {"0": 1.332400359715411, "1": 1.2994195507804598, "2": 1.131030047756591}, "mu": {"0": 1.0306086582565912, "1": 1.0453208399559766, "2": 1.0424465146928903}, "phi": {"0": 0.033693940628441776, "1": 0.21840294445504205, "2": 0.7927054391742945}, "psi": {"0": 1.2432034841302533, "1": 1.240487699342999, "2": 0.5727581824358298}, "sigma": {"0": 0.6708042402877252, "1": 0.0, "2": 0.0}, "chi_high": null, "beta_low": 0.0866739523515968}