{"R": 40.0, "wi": 2, "di": 1, "delta": 1.0, "gamma": {"0": 1.4273263869175095, "1": 1.338341681291015, "2": 0.6505553334494085}, "mu": {"0": 1.133335193379521, "1": 1.1478247436958602, "2": 1.131526511707372}, "phi": {"0": 0.07757872675626765, "1": 0.09226995757786982, "2": 0.5451971967791419}, "psi": {"0": 1.4375203383943564, "1": 1.33957965454857, "2": 0.751686646756758}, "sigma": {"0": 0.9384205075613792, "1": 0.9106460989668803, "2": 0.0}, "chi_high": null, "beta_low": null}