{"R": 40.0, "wi": 1, "di": 1, "delta": 1.0, "gamma": {"0": 1.1183257565017297, "1": 1.4728696110399833, "2": 0.7949614696387205}, "mu": {"0": 1.1240949939382645, "1": 1.0890886316920902, "2": 1.0040237675180155}, "phi": {"0": 0.5310489503801691, "1": 0.08726608627515564, "2": 0.959024053681518}, "psi": {"0": 0.7042919512258441, "1": 0.6804079574756504, "2": 1.2557078863276692}, "sigma": {"0": 0.5100074479508143, "1": 0.0, "2": 0.0}, "chi_high": null, "beta_low": 0.35361235679698283}