{"R": 40.0, "wi": 1, "di": 0, "delta": 1.0, "gamma": {"0": 0.5887241552045015, "1": 1.1840665367280865, "2": 0.8582859361148792}, "mu": {"0": 1.0816658545194398, "1": 1.1342273000105465, "2": 1.130461243044996}, "phi": {"0": 0.10593213722829065, "1": 0.17438111126610334, "2": 0.41922955445867893}, "psi": {"0": 0.738593590867521, "1": 0.9521464852789675, "2": 0.9013784791910278}, "sigma": {"0": 0.8751886685028241, "1": 0.0, "2": 0.0}, "chi_high": null, "beta_low": 0.31447760402610525}