{"R": 40.0, "wi": 2, "di": 0, "delta": 1.0, "gamma": {"0": 1.0217732032668603, "1": 0.5948607868963594, "2": 1.395528404111134}, "mu": {"0": 1.1218660182048183, "1": 1.0142684992261093, "2": 1.0696487672544048}, "phi": {"0": 0.6404640010484179, "1": 0.7395104291016786, "2": 0.4821561072266225}, "psi": {"0": 1.278601752427258, "1": 1.2911028336455632, "2": 1.0619522933541024}, "sigma": {"0": 0.9050740959973537, "1": 0.9180068765021854, "2": 0.0}, "chi_high": null, "beta_low": null}