{"R": 40.0, "wi": 2, "di": 2, "delta": 1.0, "gamma": {"0": 1.422426698806914, "1": 1.488451298289511, "2": 1.3942868704162046}, "mu": {"0": 1.1332125758316034, "1": 1.0319564026958368, "2": 1.0542236361970736}, "phi": {"0": 0.2779848622950334, "1": 0.9006941514802329, "2": 0.9862506017748445}, "psi": {"0": 0.9884215240214088, "1": 0.8344116344735578, "2": 1.4640766830811347}, "sigma": {"0": 0.8785481922603096, "1": 0.7035200721312791, "2": 0.0}, "chi_high": null, "beta_low": null}