{"R": 40.0, "wi": 3, "di": 2, "delta": 1.0, "gamma": {"0": 1.115717949141991, "1": 0.7598032795024755, "2": 1.1417138116297094}, "mu": {"0": 1.141506138404404, "1": 1.0285091409766696, "2": 1.133392930998654}, "phi": {"0": 0.6524568151232215, "1": 0.018960683117148602, "2": 0.1797510480291522}, "psi": {"0": 1.212479160275492, "1": 1.1938225054682792, "2": 1.4585156992926476}, "sigma": {"0": 0.7472394199590361, "1": 0.5603350212501728, "2": 0.0}, "chi_high": 0.3435461424492502, "beta_low": null}