{"R": 40.0, "wi": 3, "di": 2, "delta": 1.0, "gamma": {"0": 1.2435865751486999, "1": 0.5186781419088368, "2": 0.6897148986051691}, "mu": {"0": 1.1137625978433712, "1": 1.0668879581881119, "2": 1.1162294396522856}, "phi": {"0": 0.02775416691076349, "1": 0.7401657665411107, "2": 0.7178178076442613}, "psi": {"0": 1.0300172638926464, "1": 0.5961309703727696, "2": 1.1387292375936808}, "sigma": {"0": 0.964744579487324, "1": 0.532137463646581, "2": 0.0}, "chi_high": 0.14171652693090586, "beta_low": null}