{"R": 40.0, "wi": 0, "di": 0, "delta": 1.0, "gamma": {"0": 0.5909730394506254, "1": 1.3967382439440263, "2": 0.9367260864962227}, "mu": {"0": 1.146493704466202, "1": 1.0155030163944316, "2": 1.0233890517766229}, "phi": {"0": 0.010245978307533599, "1": 0.42285040186582035, "2": 0.2814822795131392}, "psi": {"0": 1.4551056666875826, "1": 1.1428657053828046, "2": 0.5102114928010195}, "sigma": {"0": 0.9228216546256796, "1": 0.7399803540820002, "2": 0.0}, "chi_high": 0.14990360082160778, "beta_low": 0.15282175986995164}