{"R": 40.0, "wi": 3, "di": 1, "delta": 1.0, "gamma": {"0": 0.9658850501828455, "1": 1.4933803357884248, "2": 0.6903763157512603}, "mu": {"0": 1.0094412077720323, "1": 1.0197356042684285, "2": 1.1293168018377044}, "phi": {"0": 0.8909999085240774, "1": 0.22410388194451136, "2": 0.4109402517515659}, "psi": {"0": 0.852434648373382, "1": 1.1647310830119841, "2": 0.5179545210443298}, "sigma": {"0": 0.7355504491042812, "1": 0.6825442106063381, "2": 0.0}, "chi_high": 0.20779927625810507, "beta_low": null}