{"R": 40.0, "wi": 3, "di": 0, "delta": 1.0, "gamma": {"0": 0.9900484481411893, "1": 0.7514684062634781, "2": 1.4154469362133706}, "mu": {"0": 1.1237487267083575, "1": 1.1111280695043544, "2": 1.08000772874315}, "phi": {"0": 0.8234732623685043, "1": 0.8480562948483572, "2": 0.7269009627318351}, "psi": {"0": 1.2686487214396178, "1": 0.6340465686022734, "2": 0.9452682691096261}, "sigma": {"0": 0.8242478456641649, "1": 0.8562650532562825, "2": 0.0}, "chi_high": 0.2514920484937707, "beta_low": null}