{"R": 40.0, "wi": 0, "di": 0, "delta": 1.0, "gamma": {"0": 0.9759561461681684, "1": 1.394017525293117, "2": 0.7842400439764178}, "mu": {"0": 1.0111742697020512, "1": 1.04350485620789, "2": 1.059947284697829}, "phi": {"0": 0.45780413099308026, "1": 0.390921763880538, "2": 0.023352358415062002}, "psi": {"0": 1.4117635264394814, "1": 1.423241511015543, "2": 0.9009416295089947}, "sigma": {"0": 0.9369398337417034, "1": 0.8116729821138611, "2": 0.0}, "chi_high": 0.10191975119623449, "beta_low": 0.6310494458458513}