{"R": 40.0, "wi": 0, "di": 0, "delta": 1.0, "gamma": {"0": 0.6882851074709583, "1": 0.7317715292528407, "2": 1.3671889498935674}, "mu": {"0": 1.056779378048337, "1": 1.0600487186307586, "2": 1.09026810177706}, "phi": {"0": 0.6275741101428003, "1": 0.8961307164953539, "2": 0.6610742503337693}, "psi": {"0": 0.737100809728652, "1": 1.1916617636141082, "2": 0.5562099849801333}, "sigma": {"0": 0.619686993669923, "1": 0.7450750063811726, "2": 0.0}, "chi_high": 0.790470004832069, "beta_low": 0.6960570209837306}