{"R": 40.0, "wi": 2, "di": 2, "delta": 1.0, "gamma": {"0": 1.0054021352363405, "1": 0.6063493674348914, "2": 0.9312065952476751}, "mu": {"0": 1.1465422634240434, "1": 1.0234432777523097, "2": 1.1424595178883563}, "phi": {"0": 0.6210762018750621, "1": 0.7637064597947592, "2": 0.1367786108470337}, "psi": {"0": 0.7513997233033559, "1": 1.025897523544765, "2": 1.3866238069202947}, "sigma": {"0": 0.726770050749715, "1": 0.887172672208078, "2": 0.0}, "chi_high": null, "beta_low": null}