{"R": 40.0, "wi": 0, "di": 2, "delta": 1.0, "gamma": {"0": 0.6824200084034298, "1": 0.8776446583257094, "2": 0.8777865911888891}, "mu": {"0": 1.1116295166726988, "1": 1.0946769849360605, "2": 1.0704443686028802}, "phi": {"0": 0.2931918442609035, "1": 0.08176814587462833, "2": 0.599240675206244}, "psi": {"0": 1.2838507276829896, "1": 0.7283112981212911, "2": 1.1154277954020453}, "sigma": {"0": 0.690560451857523, "1": 0.6495493048216368, "2": 0.0}, "chi_high": 0.4574692410243357, "beta_low": 0.19150970652442995}