{"R": 40.0, "wi": 3, "di": 1, "delta": 1.0, "gamma": {"0": 0.6742917884593052, "1": 0.8217741289921952, "2": 0.8927632549350271}, "mu": {"0": 1.087781146558495, "1": 1.1016914638993913, "2": 1.1410741710386056}, "phi": {"0": 0.3762072154735506, "1": 0.7793751587646939, "2": 0.7195762346661498}, "psi": {"0": 1.3187738182232764, "1": 1.1947212744704485, "2": 0.7071153090971272}, "sigma": {"0": 0.8070006456276008, "1": 0.7217194805336093, "2": 0.0}, "chi_high": 0.37687123101623826, "beta_low": null}