{"R": 40.0, "wi": 0, "di": 0, "delta": 1.0, "gamma": {"0": 1.1247023027945686, "1": 0.5470015712589675, "2": 0.6409656643125641}, "mu": {"0": 1.0975851127254665, "1": 1.1299540129441594, "2": 1.0111671872851582}, "phi": {"0": 0.17696005148210692, "1": 0.2759876859591175, "2": 0.5050620061333801}, "psi": {"0": 0.6610958276078357, "1": 1.4114052641646628, "2": 0.5859367261749384}, "sigma": {"0": 0.919920713716096, "1": 0.9351726258351434, "2": 0.0}, "chi_high": 0.22677837849384144, "beta_low": 0.5519031271301326}