{"R": 40.0, "wi": 1, "di": 2, "delta": 1.0, "gamma": {"0": 1.2695213575078919, "1": 0.5866130964914829, "2": 0.7856139225559805}, "mu": {"0": 1.0006883230392685, "1": 1.0162659516160248, "2": 1.009547996861026}, "phi": {"0": 0.1791209902333648, "1": 0.47105992121527385, "2": 0.7084450075248379}, "psi": {"0": 0.532546239908143, "1": 0.9890020751380955, "2": 1.2187121770547833}, "sigma": {"0": 0.6570609800924995, "1": 0.0, "2": 0.0}, "chi_high": null, "beta_low": 0.8785458172716707}