{"R": 40.0, "wi": 1, "di": 2, "delta": 1.0, "gamma": {"0": 1.2917152308697364, "1": 1.4420519330755086, "2": 0.9139409392532539}, "mu": {"0": 1.0594538701561036, "1": 1.1050297726815015, "2": 1.0016804409585398}, "phi": {"0": 0.5283066610281776, "1": 0.6680516759906827, "2": 0.6903756517873542}, "psi": {"0": 0.679025507058276, "1": 0.6105226312853373, "2": 0.9847842167752343}, "sigma": {"0": 0.9865692736647107, "1": 0.0, "2": 0.0}, "chi_high": null, "beta_low": 0.5405548283094656}