{"R": 40.0, "wi": 0, "di": 0, "delta": 1.0, "gamma": {"0": 1.1750043398724417, "1": 1.392476118592981, "2": 0.729447676898936}, "mu": {"0": 1.1059221230558833, "1": 1.0241119043375617, "2": 1.0400262880602773}, "phi": {"0": 0.24894222768054808, "1": 0.6030830530300532, "2": 0.162671742994549}, "psi": {"0": 1.2433791482114538, "1": 0.8546638651849912, "2": 1.018275673441277}, "sigma": {"0": 0.886517018154341, "1": 0.8216660226027817, "2": 0.0}, "chi_high": 0.445381153218387, "beta_low": 0.06521588198726229}