{"R": 40.0, "wi": 0, "di": 1, "delta": 1.0, "gamma": {"0": 1.1429556883569476, "1": 1.4824220288307712, "2": 1.2284808017108415}, "mu": {"0": 1.002590082321041, "1": 1.0411966440815017, "2": 1.104967568886044}, "phi": {"0": 0.1767686499554023, "1": 0.6904571986258673, "2": 0.3082467588772727}, "psi": {"0": 0.5637972248623163, "1": 1.3561542132517348, "2": 1.1175879777682691}, "sigma": {"0": 0.507765509194405, "1": 0.6051094574702938, "2": 0.0}, "chi_high": 0.27453154060324236, "beta_low": 0.17174932414363317}