{"R": 40.0, "wi": 3, "di": 1, "delta": 1.0, "gamma": {"0": 1.057494409506106, "1": 1.2531796636366659, "2": 1.2410814018295278}, "mu": {"0": 1.0867361555812916, "1": 1.0367356131432355, "2": 1.0112293422844871}, "phi": {"0": 0.18417963430522732, "1": 0.8311895017630622, "2": 0.4364949750423941}, "psi": {"0": 1.3160856827305736, "1": 1.0134786276239136, "2": 1.0599889625996575}, "sigma": {"0": 0.6468392603608644, "1": 0.9075930737567848, "2": 0.0}, "chi_high": 0.14657269974839332, "beta_low": null}