{"R": 40.0, "wi": 0, "di": 0, "delta": 1.0, "gamma": {"0": 1.224364221190866, "1": 0.7641398022159818, "2": 0.5527015632817919}, "mu": {"0": 1.0184287203251605, "1": 1.072351188632893, "2": 1.0445569704296356}, "phi": {"0": 0.5399056603707354, "1": 0.5086217292764624, "2": 0.9761685594088126}, "psi": {"0": 1.0390319979818012, "1": 0.626608861370136, "2": 0.6791569964515828}, "sigma": {"0": 0.7099537060249371, "1": 0.8658120419113811, "2": 0.0}, "chi_high": 0.9070646027509227, "beta_low": 0.9293688662304661}