{"R": 40.0, "wi": 1, "di": 1, "delta": 1.0, "gamma": {"0": 0.6271859062318628, "1": 0.8407335630972284, "2": 0.6445379892740528}, "mu": {"0": 1.0842606194398272, "1": 1.0465735024802512, "2": 1.0670196278398456}, "phi": {"0": 0.659594781410704, "1": 0.7791839087557729, "2": 0.9391233864018448}, "psi": {"0": 1.498929129351446, "1": 0.7211482135606287, "2": 1.3869339709123003}, "sigma": {"0": 0.7462880847374813, "1": 0.0, "2": 0.0}, "chi_high": null, "beta_low": 0.1268263992792064}