{"R": 40.0, "wi": 0, "di": 2, "delta": 1.0, "gamma": {"0": 1.372117038316358, "1": 0.5653059935569053, "2": 0.9882035909332877}, "mu": {"0": 1.1347512799030972, "1": 1.0006806789814955, "2": 1.0365241059690273}, "phi": {"0": 0.4913796272039349, "1": 0.40314194278510607, "2": 0.6602965830874172}, "psi": {"0": 0.973220989952614, "1": 1.231669839511294, "2": 1.1494369450472743}, "sigma": {"0": 0.9515773271461238, "1": 0.7292679423984375, "2": 0.0}, "chi_high": 0.7019754440714198, "beta_low": 0.4796134842649938}