{"R": 40.0, "wi": 2, "di": 2, "delta": 1.0, "gamma": {"0": 0.6760473565467155, "1": 1.4187672306178016, "2": 1.2377729855794402}, "mu": {"0": 1.0083088982563104, "1": 1.0720144802241558, "2": 1.115439154520715}, "phi": {"0": 0.9151549176263208, "1": 0.29836071278188325, "2": 0.4483151369856352}, "psi": {"0": 1.472847452068124, "1": 1.2824529505394962, "2": 1.0718220091026383}, "sigma": {"0": 0.979951251347166, "1": 0.5051862957658062, "2": 0.0}, "chi_high": null, "beta_low": null}