{"R": 40.0, "wi": 1, "di": 2, "delta": 1.0, "gamma": {"0": 1.0149988502982499, "1": 1.4863558994073673, "2": 1.1434202312992663}, "mu": {"0": 1.1202798270333636, "1": 1.045027313191753, "2": 1.1499948355797114}, "phi": {"0": 0.5450697132312123, "1": 0.028255482422889777, "2": 0.9542743565787976}, "psi": {"0": 1.3701875600316784, "1": 0.6239421037044326, "2": 0.539347236522803}, "sigma": {"0": 0.7405741655690297, "1": 0.0, "2": 0.0}, "chi_high": null, "beta_low": 0.2646332364711231}