{"R": 40.0, "wi": 1, "di": 1, "delta": 1.0, "gamma": {"0": 0.8951930144926283, "1": 1.2206128912522174, "2": 1.1401482117700015}, "mu": {"0": 1.0159849853240475, "1": 1.1399972754007015, "2": 1.0028092776271034}, "phi": {"0": 0.6894423337878102, "1": 0.5535913538076691, "2": 0.7249600181997489}, "psi": {"0": 1.0098232055084484, "1": 1.285217603222536, "2": 1.3686834352423962}, "sigma": {"0": 0.6399206340231991, "1": 0.0, "2": 0.0}, "chi_high": null, "beta_low": 0.07587585772677334}