{"R": 40.0, "wi": 0, "di": 0, "delta": 1.0, "gamma": {"0": 0.7733633359416533, "1": 0.8066407693452601, "2": 1.1331663559512042}, "mu": {"0": 1.0525426601805667, "1": 1.0841650782721517, "2": 1.1379648572750096}, "phi": {"0": 0.5195721900794571, "1": 0.7482222778837379, "2": 0.5573849388941864}, "psi": {"0": 1.1436974810665532, "1": 0.9686082144611575, "2": 0.5410990882493389}, "sigma": {"0": 0.5350300991090333, "1": 0.9409017251985063, "2": 0.0}, "chi_high": 0.930356609855082, "beta_low": 0.9587063373420289}