{"R": 40.0, "wi": 3, "di": 0, "delta": 1.0, "gamma": {"0": 0.7090073362580485, "1": 1.2688039853605826, "2": 1.4164518507633779}, "mu": {"0": 1.0906735408931962, "1": 1.0603488491631679, "2": 1.049075166612337}, "phi": {"0": 0.8001052053280595, "1": 0.14467641741916737, "2": 0.8212718272110549}, "psi": {"0": 0.8231718169014121, "1": 0.9212861187533501, "2": 1.403068977029828}, "sigma": {"0": 0.6300833113428639, "1": 0.846662144257287, "2": 0.0}, "chi_high": 0.2689722012325831, "beta_low": null}