{"R": 40.0, "wi": 1, "di": 2, "delta": 1.0, "gamma": {"0": 1.0364150632035227, "1": 1.2651111628375462, "2": 0.9537880305438345}, "mu": {"0": 1.0808747522413396, "1": 1.0884421544405412, "2": 1.0288836065094416}, "phi": {"0": 0.16564577532055602, "1": 0.92838375701427, "2": 0.5890856667787286}, "psi": {"0": 0.68212335921398, "1": 0.9601798605229966, "2": 0.6116720143388272}, "sigma": {"0": 0.5266611824609749, "1": 0.0, "2": 0.0}, "chi_high": null, "beta_low": 0.9696157208878844}