{"R": 40.0, "wi": 3, "di": 0, "delta": 1.0, "gamma": {"0": 0.5898410375586384, "1": 1.223510467023634, "2": 1.3298382415800187}, "mu": {"0": 1.0353170467106965, "1": 1.1399611177463684, "2": 1.0080521323711786}, "phi": {"0": 0.1096389368038142, "1": 0.7496419498882838, "2": 0.20609149853813746}, "psi": {"0": 0.5385386805810054, "1": 1.3279332519655738, "2": 0.5909961611879229}, "sigma": {"0": 0.6671154100879794, "1": 0.627445769662705, "2": 0.0}, "chi_high": 0.6464384127180883, "beta_low": null}