{"R": 40.0, "wi": 2, "di": 0, "delta": 1.0, "gamma": {"0": 0.6120591573570664, "1": 1.0548645203775684, "2": 1.457807844930538}, "mu": {"0": 1.1380464000660535, "1": 1.0215848420284817, "2": 1.0574608342300016}, "phi": {"0": 0.32310874952584645, "1": 0.45248756512671173, "2": 0.5010620521016532}, "psi": {"0": 1.3559463944782322, "1": 1.1844697386932899, "2": 0.7738289781592428}, "sigma": {"0": 0.5634618450738891, "1": 0.7846329113764683, "2": 0.0}, "chi_high": null, "beta_low": null}