{"R": 40.0, "wi": 0, "di": 1, "delta": 1.0, "gamma": {"0": 0.5958437311917684, "1": 0.5757409877441566, "2": 0.6092790754822945}, "mu": {"0": 1.0654711449525118, "1": 1.0524116148110254, "2": 1.0986883560267318}, "phi": {"0": 0.14267164956498557, "1": 0.6775910749386596, "2": 0.5190286386954371}, "psi": {"0": 0.8886105058473907, "1": 1.2842328016221665, "2": 1.1567310331629028}, "sigma": {"0": 0.8631553828276031, "1": 0.9662978176524828, "2": 0.0}, "chi_high": 0.901371466046207, "beta_low": 0.4723295509126524}