{"R": 40.0, "wi": 2, "di": 0, "delta": 1.0, "gamma": {"0": 0.8253158181730653, "1": 0.5652482595317447, "2": 0.5261997406124248}, "mu": {"0": 1.1321035176685694, "1": 1.077848404907572, "2": 1.0394998334655152}, "phi": {"0": 0.779649049246914, "1": 0.451643920236366, "2": 0.18646567157014793}, "psi": {"0": 1.1428292573352397, "1": 0.5989494511379035, "2": 1.4936354428689835}, "sigma": {"0": 0.8093024693372488, "1": 0.9052029467854139, "2": 0.0}, "chi_high": null, "beta_low": null}