{"R": 40.0, "wi": 3, "di": 0, "delta": 1.0, "gamma": {"0": 1.036021935978317, "1": 1.4645458329302639, "2": 0.9278234776538903}, "mu": {"0": 1.1294924847074783, "1": 1.1047221095872743, "2": 1.1312279326437082}, "phi": {"0": 0.9806407589294558, "1": 0.3048176186133994, "2": 0.7177052492589748}, "psi": {"0": 1.397217913752041, "1": 1.209718018174485, "2": 1.2933627561231613}, "sigma": {"0": 0.9680738938652524, "1": 0.7263430575473342, "2": 0.0}, "chi_high": 0.5273328665356993, "beta_low": null}