{"R": 40.0, "wi": 1, "di": 0, "delta": 1.0, "gamma": {"0": 1.1521629679692744, "1": 1.3322306233814691, "2": 0.9502799677112884}, "mu": {"0": 1.0561886456234473, "1": 1.0241721312608596, "2": 1.0209012560520339}, "phi": {"0": 0.3591433067354468, "1": 0.4517925284818203, "2": 0.9727462256133133}, "psi": {"0": 0.6293002940888913, "1": 1.0217129457022054, "2": 1.1276942323532966}, "sigma": {"0": 0.9413109750659139, "1": 0.0, "2": 0.0}, "chi_high": null, "beta_low": 0.39365247745556864}