{"R": 40.0, "wi": 3, "di": 0, "delta": 1.0, "gamma": {"0": 1.36979624101853, "1": 1.4464310175166597, "2": 1.4437541504190938}, "mu": {"0": 1.052568755646069, "1": 1.1302962099278715, "2": 1.053627423418403}, "phi": {"0": 0.2846855957766141, "1": 0.628792045974963, "2": 0.6641242205161826}, "psi": {"0": 0.9723929692670206, "1": 1.182737460528597, "2": 1.3219762984113492}, "sigma": {"0": 0.6798663480477818, "1": 0.7313498435277113, "2": 0.0}, "chi_high": 0.44951691585282355, "beta_low": null}