{"R": 40.0, "wi": 1, "di": 0, "delta": 1.0, "gamma": {"0": 1.1763365225146734, "1": 0.9193930955621307, "2": 1.0750324274123542}, "mu": {"0": 1.111898991274982, "1": 1.122099181206804, "2": 1.1053872296951095}, "phi": {"0": 0.18168442370401217, "1": 0.12500168509011478, "2": 0.8031206290707876}, "psi": {"0": 0.5314637393668851, "1": 1.2145164003768565, "2": 0.9117817606498463}, "sigma": {"0": 0.7038049840331032, "1": 0.0, "2": 0.0}, "chi_high": null, "beta_low": 0.17912973331978152}