{"R": 40.0, "wi": 0, "di": 0, "delta": 1.0, "gamma": {"0": 0.5490352875301739, "1": 0.5950258530819028, "2": 0.8541242262304796}, "mu": {"0": 1.0188825448292442, "1": 1.0772092627968508, "2": 1.0802220135463625}, "phi": {"0": 0.5786994036428432, "1": 0.1990164265387694, "2": 0.9545125055725907}, "psi": {"0": 0.9958594936494131, "1": 0.8420963368318151, "2": 0.7698050746353889}, "sigma": {"0": 0.6738585098784876, "1": 0.5924943013061612, "2": 0.0}, "chi_high": 0.10332917080704142, "beta_low": 0.518499583695479}