{"R": 40.0, "wi": 3, "di": 1, "delta": 1.0, "gamma": {"0": 1.0993922746487417, "1": 0.9673994500500703, "2": 0.789976094575763}, "mu": {"0": 1.0691717860549101, "1": 1.1352085853898761, "2": 1.1205051896536937}, "phi": {"0": 0.8073538863768757, "1": 0.9438366259198558, "2": 0.5676186355512619}, "psi": {"0": 1.0132265925728143, "1": 1.4599071617055963, "2": 0.5429522582554034}, "sigma": {"0": 0.6296827307982302, "1": 0.5987467662890924, "2": 0.0}, "chi_high": 0.3091998881111335, "beta_low": null}