{"R": 40.0, "wi": 2, "di": 2, "delta": 1.0, "gamma": {"0": 1.1757812561980883, "1": 0.9935829741331931, "2": 0.8316348640197172}, "mu": {"0": 1.014477079229169, "1": 1.1276164098407022, "2": 1.0431953665726517}, "phi": {"0": 0.4028311467810407, "1": 0.3353957909563373, "2": 0.7422959840847695}, "psi": {"0": 0.6003692680316867, "1": 1.0454972300843581, "2": 1.1293094708902571}, "sigma": {"0": 0.6770346543730692, "1": 0.9951386238666462, "2": 0.0}, "chi_high": null, "beta_low": null}