{"R": 40.0, "wi": 2, "di": 0, "delta": 1.0, "gamma": {"0": 1.3467263344122675, "1": 1.2859681937336938, "2": 0.8726339139469953}, "mu": {"0": 1.1334132333500446, "1": 1.0470064978528189, "2": 1.0906145121150534}, "phi": {"0": 0.035805803089626, "1": 0.3231110650970399, "2": 0.32470078867688723}, "psi": {"0": 0.9547237288454763, "1": 0.9074612464008602, "2": 1.0136291534291044}, "sigma": {"0": 0.6344116097799338, "1": 0.561687570479266, "2": 0.0}, "chi_high": null, "beta_low": null}