{"R": 40.0, "wi": 2, "di": 1, "delta": 1.0, "gamma": {"0": 0.9825423722915281, "1": 1.374264745291251, "2": 1.1498487984118841}, "mu": {"0": 1.0527482831299184, "1": 1.0046190105386459, "2": 1.0749798890488047}, "phi": {"0": 0.5992225273740647, "1": 0.1725254965422145, "2": 0.15259854496777792}, "psi": {"0": 1.4296062627791817, "1": 1.4105780098466303, "2": 1.007972202336303}, "sigma": {"0": 0.8790003666173187, "1": 0.8622876145977001, "2": 0.0}, "chi_high": null, "beta_low": null}