{"R": 40.0, "wi": 3, "di": 2, "delta": 1.0, "gamma": {"0": 0.8729425388559383, "1": 0.5154860378282818, "2": 0.5748238814710398}, "mu": {"0": 1.0515897675790333, "1": 1.1030285526419625, "2": 1.14606617113319}, "phi": {"0": 0.8794737463540927, "1": 0.8325208091383008, "2": 0.0031484354815307647}, "psi": {"0": 0.8224231903501504, "1": 0.7696022550681435, "2": 0.8205446124524384}, "sigma": {"0": 0.8503004998467509, "1": 0.8593911315149523, "2": 0.0}, "chi_high": 0.16070026123661607, "beta_low": null}