{"R": 40.0, "wi": 2, "di": 0, "delta": 1.0, "gamma": {"0": 1.1438653406897374, "1": 0.8862320780582604, "2": 0.7470458815622442}, "mu": {"0": 1.0151175222983706, "1": 1.0826185300053979, "2": 1.0241585259664396}, "phi": {"0": 0.7228275227569119, "1": 0.2266644830726805, "2": 0.06370882912137221}, "psi": {"0": 1.1083491583876048, "1": 0.5144871450949275, "2": 1.1554412681587964}, "sigma": {"0": 0.649419887300952, "1": 0.5891341117151397, "2": 0.0}, "chi_high": null, "beta_low": null}