{"R": 40.0, "wi": 2, "di": 1, "delta": 1.0, "gamma": {"0": 1.1516851241787918, "1": 1.3978588419265596, "2": 0.808145691811693}, "mu": {"0": 1.0967180621554158, "1": 1.016164913145733, "2": 1.0666661418467205}, "phi": {"0": 0.14489008753357624, "1": 0.7815658958242192, "2": 0.08149338297004505}, "psi": {"0": 0.6769403743042711, "1": 0.5118094645847024, "2": 1.4612426031520496}, "sigma": {"0": 0.7001985493754057, "1": 0.6729684514348369, "2": 0.0}, "chi_high": null, "beta_low": null}