{"R": 40.0, "wi": 1, "di": 0, "delta": 1.0, "gamma": {"0": 1.1937426133342237, "1": 0.6833356121405454, "2": 1.3577051258255812}, "mu": {"0": 1.1122661579391104, "1": 1.0596250495322315, "2": 1.1288357426670916}, "phi": {"0": 0.034037472099448296, "1": 0.3026780663605111, "2": 0.2924869460568169}, "psi": {"0": 1.3702065970187705, "1": 1.074016065480206, "2": 0.9445813775538346}, "sigma": {"0": 0.8796760562540842, "1": 0.0, "2": 0.0}, "chi_high": null, "beta_low": 0.6483488237557028}