{"R": 40.0, "wi": 3, "di": 2, "delta": 1.0, "gamma": {"0": 1.1884436058632595, "1": 1.3335587489258338, "2": 1.0622448453595021}, "mu": {"0": 1.0846751669293642, "1": 1.0812169323068914, "2": 1.0708245816156947}, "phi": {"0": 0.48800010764118373, "1": 0.5422432852925577, "2": 0.6049933953658767}, "psi": {"0": 1.2340018086483666, "1": 0.6079469064861296, "2": 0.5902021391658162}, "sigma": {"0": 0.5178569476589834, "1": 0.7588671220104181, "2": 0.0}, "chi_high": 0.9188411575362687, "beta_low": null}