{"R": 40.0, "wi": 2, "di": 0, "delta": 1.0, "gamma": {"0": 1.2024553733246395, "1": 1.259109313807698, "2": 1.0594925682297516}, "mu": {"0": 1.1150283778711134, "1": 1.0202382874324138, "2": 1.0163081153726967}, "phi": {"0": 0.7706430256421593, "1": 0.8506186696323808, "2": 0.5240608925142953}, "psi": {"0": 0.8478582289573726, "1": 0.9418866474681447, "2": 0.5304787017117163}, "sigma": {"0": 0.687756661021907, "1": 0.6267682838637125, "2": 0.0}, "chi_high": null, "beta_low": null}