{"R": 40.0, "wi": 0, "di": 1, "delta": 1.0, "gamma": {"0": 1.4940370375429701, "1": 0.7074606688793443, "2": 1.2206534493390884}, "mu": {"0": 1.089951075601943, "1": 1.0762637035921987, "2": 1.1462026395111629}, "phi": {"0": 0.5866228102269636, "1": 0.6227706210445073, "2": 0.9870600689227768}, "psi": {"0": 1.014618337059535, "1": 0.9423022968479514, "2": 0.8013503939343081}, "sigma": {"0": 0.9501856465269678, "1": 0.618840950622245, "2": 0.0}, "chi_high": 0.15341124069599968, "beta_low": 0.040916888799010544}