{"R": 40.0, "wi": 0, "di": 0, "delta": 1.0, "gamma": {"0": 0.7005012169966837, "1": 1.2395362362311433, "2": 1.186192973503566}, "mu": {"0": 1.132533541944896, "1": 1.0045390170757384, "2": 1.051607133777054}, "phi": {"0": 0.40499230549411736, "1": 0.18090832672258106, "2": 0.03376226347994837}, "psi": {"0": 1.2475955109513128, "1": 0.9181903656681913, "2": 0.5408413980763991}, "sigma": {"0": 0.6728842592571492, "1": 0.6408649797722107, "2": 0.0}, "chi_high": 0.1314982316617656, "beta_low": 0.44488444173038455}