{"R": 40.0, "wi": 0, "di": 1, "delta": 1.0, "gamma": {"0": 0.6247191640092499, "1": 1.0627802727085274, "2": 0.6795934676593385}, "mu": {"0": 1.110735351377916, "1": 1.063155407440525, "2": 1.0954798663308343}, "phi": {"0": 0.7028510090986041, "1": 0.6101122904783548, "2": 0.13069133164396884}, "psi": {"0": 0.9945518423657734, "1": 0.9627847372079824, "2": 1.2488335181360064}, "sigma": {"0": 0.5113303063298298, "1": 0.6649190013766613, "2": 0.0}, "chi_high": 0.7355438381524059, "beta_low": 0.7096711403407981}