{"R": 40.0, "wi": 2, "di": 2, "delta": 1.0, "gamma": {"0": 0.6639572824731748, "1": 1.073830331793792, "2": 1.1645089817376584}, "mu": {"0": 1.075291261142281, "1": 1.0514921563916857, "2": 1.1200393328547205}, "phi": {"0": 0.577526275203434, "1": 0.22062392945742115, "2": 0.3097751874534517}, "psi": {"0": 1.2441342699497984, "1": 0.67758843426087, "2": 0.5181592654024859}, "sigma": {"0": 0.5836514483117308, "1": 0.6641386424219067, "2": 0.0}, "chi_high": null, "beta_low": null}