{"R": 40.0, "wi": 1, "di": 1, "delta": 1.0, "gamma": {"0": 1.4127917619031511, "1": 1.3141269508622972, "2": 1.4274897643643838}, "mu": {"0": 1.113153607607348, "1": 1.0309920767539216, "2": 1.128535768890559}, "phi": {"0": 0.769447663358424, "1": 0.5048581328770346, "2": 0.4491580008151058}, "psi": {"0": 0.9653067850659935, "1": 0.6899955515612396, "2": 1.078443780150921}, "sigma": {"0": 0.500976330626328, "1": 0.0, "2": 0.0}, "chi_high": null, "beta_low": 0.12145204647184289}