{"R": 40.0, "wi": 1, "di": 1, "delta": 1.0, "gamma": {"0": 1.2519977385111176, "1": 0.6034286015045719, "2": 1.293069612119986}, "mu": {"0": 1.0012787900959481, "1": 1.132936564383924, "2": 1.073792790460474}, "phi": {"0": 0.3224953331571273, "1": 0.04410915948590133, "2": 0.7934246393892997}, "psi": {"0": 0.566385348698908, "1": 1.3903897444892857, "2": 1.4820189363118739}, "sigma": {"0": 0.9170487539315417, "1": 0.0, "2": 0.0}, "chi_high": null, "beta_low": 0.34572853323878466}