{"R": 40.0, "wi": 1, "di": 0, "delta": 1.0, "gamma": {"0": 1.2930748971840982, "1": 0.6418346420373878, "2": 0.7782213321013476}, "mu": {"0": 1.0675858355351808, "1": 1.1443628197824138, "2": 1.0603352657540126}, "phi": {"0": 0.8655935832418773, "1": 0.1535529974531178, "2": 0.41919057468384135}, "psi": {"0": 0.9722792912679218, "1": 0.6214595382733814, "2": 0.9534506321221078}, "sigma": {"0": 0.9406261641869349, "1": 0.0, "2": 0.0}, "chi_high": null, "beta_low": 0.7611503883385604}