{"R": 40.0, "wi": 0, "di": 0, "delta": 1.0, "gamma": {"0": 1.4297533113657659, "1": 0.7973012359442704, "2": 1.2480402957332144}, "mu": {"0": 1.0822502802720684, "1": 1.140123616307022, "2": 1.0298212961648698}, "phi": {"0": 0.4297282158834338, "1": 0.312787879783048, "2": 0.7369985039148161}, "psi": {"0": 1.3246326446809538, "1": 1.2169337292332034, "2": 1.4616458946572113}, "sigma": {"0": 0.5995036038692604, "1": 0.5554757551033778, "2": 0.0}, "chi_high": 0.014573426347651781, "beta_low": 0.46307107062242137}