{"R": 40.0, "wi": 0, "di": 2, "delta": 1.0, "gamma": {"0": 0.9675094047611098, "1": 0.873538732523434, "2": 0.7349668570310551}, "mu": {"0": 1.0339453231950195, "1": 1.0549038866470675, "2": 1.0274424443136974}, "phi": {"0": 0.9537823997088546, "1": 0.44037584852940237, "2": 0.5827592130085621}, "psi": {"0": 0.9434800531731626, "1": 0.7906774642829606, "2": 1.3918965139559623}, "sigma": {"0": 0.926047793753588, "1": 0.5411478779304283, "2": 0.0}, "chi_high": 0.31670595854575906, "beta_low": 0.5132917681854647}