{"R": 40.0, "wi": 1, "di": 0, "delta": 1.0, "gamma": {"0": 1.0378677919445374, "1": 1.0026188608211204, "2": 0.5672194161765197}, "mu": {"0": 1.1466068079442595, "1": 1.1446974374373444, "2": 1.0291010909427571}, "phi": {"0": 0.23005940936795566, "1": 0.6128999889078228, "2": 0.7880181315968854}, "psi": {"0": 0.8072985217847878, "1": 1.337520215997119, "2": 1.4553258542831533}, "sigma": {"0": 0.8966754383664353, "1": 0.0, "2": 0.0}, "chi_high": null, "beta_low": 0.38544428990627055}