{"R": 40.0, "wi": 1, "di": 1, "delta": 1.0, "gamma": {"0": 1.082745671105608, "1": 0.8278854976089027, "2": 0.9979621103177078}, "mu": {"0": 1.0202828647319673, "1": 1.0220355972459465, "2": 1.045284141941196}, "phi": {"0": 0.28487350110890175, "1": 0.14918749306092605, "2": 0.46132250892784776}, "psi": {"0": 1.1196177927305628, "1": 0.723131605836958, "2": 0.5435230012905613}, "sigma": {"0": 0.9299067266015397, "1": 0.0, "2": 0.0}, "chi_high": null, "beta_low": 0.3861577536516406}