{"R": 40.0, "wi": 2, "di": 0, "delta": 1.0, "gamma": {"0": 0.7165585419688189, "1": 0.5345549907563736, "2": 0.6055577765687331}, "mu": {"0": 1.0872528371313421, "1": 1.0808882528281547, "2": 1.1455718556798544}, "phi": {"0": 0.6272445098792968, "1": 0.5178322179555054, "2": 0.3782882172939712}, "psi": {"0": 1.3798275350749225, "1": 0.9253135841511559, "2": 0.7340585128695163}, "sigma": {"0": 0.8149955159554256, "1": 0.757087969368364, "2": 0.0}, "chi_high": null, "beta_low": null}