{"R": 40.0, "wi": 3, "di": 2, "delta": 1.0, "gamma": {"0": 0.616018202403969, "1": 0.6243037123984237, "2": 0.6234197671986984}, "mu": {"0": 1.0414326266160139, "1": 1.0405743883308334, "2": 1.0323191958472182}, "phi": {"0": 0.4551112811126987, "1": 0.4485586825457426, "2": 0.40363825250514884}, "psi": {"0": 0.5090813042424175, "1": 0.7204897060686483, "2": 0.9400651680139974}, "sigma": {"0": 0.7246097167300058, "1": 0.8308872392363634, "2": 0.0}, "chi_high": 0.13558832399318316, "beta_low": null}