{"R": 40.0, "wi": 1, "di": 2, "delta": 1.0, "gamma": {"0": 0.6490919315070903, "1": 0.7066797392370814, "2": 1.1719475235895684}, "mu": {"0": 1.0172191979882101, "1": 1.035199384809818, "2": 1.0746293418921584}, "phi": {"0": 0.7943298547166241, "1": 0.07922779890202014, "2": 0.04178928861504594}, "psi": {"0": 0.9609203321942814, "1": 0.8085314577234781, "2": 0.9790724747313415}, "sigma": {"0": 0.7608699179746911, "1": 0.0, "2": 0.0}, "chi_high": null, "beta_low": 0.434376866086287}