{"R": 40.0, "wi": 3, "di": 1, "delta": 1.0, "gamma": {"0": 0.6178612607352651, "1": 0.7192228308678119, "2": 0.8416487876467971}, "mu": {"0": 1.1375120253247446, "1": 1.00047140545592, "2": 1.013460642890892}, "phi": {"0": 0.9274456077850414, "1": 0.6496751112690226, "2": 0.6704232452009922}, "psi": {"0": 0.5128661976857659, "1": 1.4260025157960503, "2": 0.943856372266667}, "sigma": {"0": 0.689833526319638, "1": 0.830811048350087, "2": 0.0}, "chi_high": 0.04596040340733475, "beta_low": null}