{"R": 40.0, "wi": 0, "di": 0, "delta": 1.0, "gamma": {"0": 1.4895283989208812, "1": 0.9749212727726531, "2": 1.0097795703219434}, "mu": {"0": 1.0698887921117628, "1": 1.1013391847248177, "2": 1.118980895594895}, "phi": {"0": 0.11057005981315671, "1": 0.41828873298787006, "2": 0.1570677813639174}, "psi": {"0": 1.1961739488392835, "1": 0.7857041323523959, "2": 1.1480311874979465}, "sigma": {"0": 0.7115474405588069, "1": 0.9079612428887164, "2": 0.0}, "chi_high": 0.29324099290745, "beta_low": 0.01326031537187437}