{"R": 40.0, "wi": 3, "di": 2, "delta": 1.0, "gamma": {"0": 0.723772882157264, "1": 1.3809475324613434, "2": 1.4224085535412094}, "mu": {"0": 1.1081019835833092, "1": 1.019905563507604, "2": 1.0498050060885113}, "phi": {"0": 0.28462514181132914, "1": 0.8094926237421685, "2": 0.6880814118562755}, "psi": {"0": 0.6882362367026941, "1": 0.6565980366191854, "2": 1.2664897322120845}, "sigma": {"0": 0.6873216006725693, "1": 0.7790343357155545, "2": 0.0}, "chi_high": 0.37703729017112014, "beta_low": null}