{"R": 40.0, "wi": 2, "di": 0, "delta": 1.0, "gamma": {"0": 0.7510437414243964, "1": 0.8737357348257502, "2": 1.4399091184838937}, "mu": {"0": 1.070881714720924, "1": 1.1406678317741457, "2": 1.0173866879930198}, "phi": {"0": 0.3967591822791888, "1": 0.7625564592579251, "2": 0.8069945348918034}, "psi": {"0": 0.6005651353480296, "1": 1.0228841328256197, "2": 1.302133431706459}, "sigma": {"0": 0.9603984772079099, "1": 0.8028209879877333, "2": 0.0}, "chi_high": null, "beta_low": null}