{"R": 40.0, "wi": 3, "di": 1, "delta": 1.0, "gamma": {"0": 1.0638605620011945, "1": 0.854290531368368, "2": 0.5700623671019149}, "mu": {"0": 1.0450806218871076, "1": 1.0577582517228084, "2": 1.0923118843176847}, "phi": {"0": 0.5562706592582107, "1": 0.3454726282559284, "2": 0.11383235627073418}, "psi": {"0": 0.6711500970615899, "1": 0.5684033336903138, "2": 0.7416426855907867}, "sigma": {"0": 0.859327796584698, "1": 0.7953285508125918, "2": 0.0}, "chi_high": 0.5446734849217173, "beta_low": null}