{"R": 40.0, "wi": 2, "di": 2, "delta": 1.0, "gamma": {"0": 0.608638025175281, "1": 1.1491673964559839, "2": 0.9777794596927375}, "mu": {"0": 1.079885159478666, "1": 1.1105653711463899, "2": 1.0703882853762225}, "phi": {"0": 0.9307575567725226, "1": 0.7787394839298277, "2": 0.6387118477123507}, "psi": {"0": 1.096562129803221, "1": 1.484198792615955, "2": 1.317222873275827}, "sigma": {"0": 0.6152918447869051, "1": 0.6411862514664137, "2": 0.0}, "chi_high": null, "beta_low": null}