{"R": 40.0, "wi": 2, "di": 2, "delta": 1.0, "gamma": {"0": 1.3022383153234411, "1": 1.0671122132284738, "2": 0.5354256470123515}, "mu": {"0": 1.1169249100959862, "1": 1.1394453362117312, "2": 1.096975789746873}, "phi": {"0": 0.41183361694185316, "1": 0.8562797670392044, "2": 0.9704447108741662}, "psi": {"0": 1.1994001423348553, "1": 1.2712974245643833, "2": 0.8318578403360546}, "sigma": {"0": 0.7277516097715364, "1": 0.651476453519334, "2": 0.0}, "chi_high": null, "beta_low": null}