{"R": 40.0, "wi": 1, "di": 0, "delta": 1.0, "gamma": {"0": 0.5570822447016315, "1": 1.2670730561037706, "2": 0.6358496310820891}, "mu": {"0": 1.1099683596958765, "1": 1.0628015051159367, "2": 1.0595212660339273}, "phi": {"0": 0.10318181287813122, "1": 0.5026023832858625, "2": 0.44331012165624284}, "psi": {"0": 0.8601236754253699, "1": 1.4550030120253248, "2": 1.1507093378520716}, "sigma": {"0": 0.5966193451156444, "1": 0.0, "2": 0.0}, "chi_high": null, "beta_low": 0.08309358870980499}