{"R": 40.0, "wi": 3, "di": 0, "delta": 1.0, "gamma": {"0": 0.5704402376341711, "1": 1.0235405293185302, "2": 1.0700274436211008}, "mu": {"0": 1.1323228289141336, "1": 1.0064998037157458, "2": 1.1011422361824528}, "phi": {"0": 0.061244290815740454, "1": 0.23088569088603728, "2": 0.12018786636650047}, "psi": {"0": 1.4461557528401652, "1": 0.9635801811714334, "2": 1.1684476966327804}, "sigma": {"0": 0.5850350776404183, "1": 0.7751824512051941, "2": 0.0}, "chi_high": 0.5324255964371066, "beta_low": null}