{"R": 40.0, "wi": 3, "di": 1, "delta": 1.0, "gamma": {"0": 0.9536920000419529, "1": 1.110548293767022, "2": 0.8473772621328466}, "mu": {"0": 1.0340596021561335, "1": 1.064897800408801, "2": 1.0776924110249733}, "phi": {"0": 0.771720283584136, "1": 0.8578333442196783, "2": 0.8840599156045703}, "psi": {"0": 1.1522633028848874, "1": 1.3597284936303136, "2": 0.9458194843155524}, "sigma": {"0": 0.9602728686509936, "1": 0.8299749835008661, "2": 0.0}, "chi_high": 0.01318198131377576, "beta_low": null}