{"R": 40.0, "wi": 1, "di": 1, "delta": 1.0, "gamma": {"0": 0.9006088667769522, "1": 0.8575567997808908, "2": 1.0114382099582775}, "mu": {"0": 1.089500679395669, "1": 1.0599893250521382, "2": 1.0630626496401436}, "phi": {"0": 0.512681073807916, "1": 0.8839880225720462, "2": 0.43475585234935477}, "psi": {"0": 1.2026272000712135, "1": 1.0735675189020686, "2": 1.0905060705058127}, "sigma": {"0": 0.5456206851970431, "1": 0.0, "2": 0.0}, "chi_high": null, "beta_low": 0.4065364810598388}