{"R": 40.0, "wi": 3, "di": 0, "delta": 1.0, "gamma": {"0": 0.5426930129004799, "1": 0.9142162042082952, "2": 0.5736461151766314}, "mu": {"0": 1.0404396052609548, "1": 1.1490583994975019, "2": 1.1069673787863767}, "phi": {"0": 0.4640153461562383, "1": 0.8716625861343739, "2": 0.23521523851955584}, "psi": {"0": 1.3381814908223608, "1": 1.3548065736616406, "2": 1.4207756150273543}, "sigma": {"0": 0.8837142387422973, "1": 0.6342079267547418, "2": 0.0}, "chi_high": 0.5859819996690823, "beta_low": null}