{"R": 40.0, "wi": 1, "di": 2, "delta": 1.0, "gamma": {"0": 1.01073722477168, "1": 0.915498353243584, "2": 1.4865997958390587}, "mu": {"0": 1.088198461273013, "1": 1.0328754793928814, "2": 1.1339364607800457}, "phi": {"0": 0.6709682640617805, "1": 0.5719388918525328, "2": 0.7751821763373156}, "psi": {"0": 0.5360061172717493, "1": 0.9366437664652961, "2": 0.9197572359050312}, "sigma": {"0": 0.5618207333325678, "1": 0.0, "2": 0.0}, "chi_high": null, "beta_low": 0.8243326540932433}