{"R": 40.0, "wi": 1, "di": 1, "delta": 1.0, "gamma": {"0": 1.1914951830657743, "1": 1.184447291381478, "2": 1.4157360284021077}, "mu": {"0": 1.1491485497838774, "1": 1.0388213958379147, "2": 1.04527532297453}, "phi": {"0": 0.9849950264589244, "1": 0.6807153791255524, "2": 0.22134755881707513}, "psi": {"0": 1.436675633848271, "1": 1.280577100955276, "2": 1.1002001542746496}, "sigma": {"0": 0.5909178502597003, "1": 0.0, "2": 0.0}, "chi_high": null, "beta_low": 0.5173815482640186}