{"R": 40.0, "wi": 0, "di": 2, "delta": 1.0, "gamma": {"0": 1.1428715382519208, "1": 0.5553408139675978, "2": 0.7387777150165535}, "mu": {"0": 1.0665509348965192, "1": 1.1164116785775406, "2": 1.1031629723935228}, "phi": {"0": 0.9667878199761736, "1": 0.48061472953435946, "2": 0.699808231420613}, "psi": {"0": 1.4430425393747432, "1": 0.5375655878994338, "2": 0.9954460363458023}, "sigma": {"0": 0.9434006657298144, "1": 0.6882856630291987, "2": 0.0}, "chi_high": 0.3694602884301919, "beta_low": 0.7696910684979847}