{"R": 40.0, "wi": 3, "di": 1, "delta": 1.0, "gamma": {"0": 0.5593963382842576, "1": 0.9235415570578532, "2": 1.1399894598547515}, "mu": {"0": 1.0316670175238223, "1": 1.0838416658228889, "2": 1.0827326541151068}, "phi": {"0": 0.7172026967955003, "1": 0.6072895676029751, "2": 0.7754605863379148}, "psi": {"0": 1.0083029888454655, "1": 1.3997192115122143, "2": 1.3915877319822259}, "sigma": {"0": 0.5306816736259286, "1": 0.8209144486513082, "2": 0.0}, "chi_high": 0.654634111602902, "beta_low": null}