{"R": 40.0, "wi": 3, "di": 1, "delta": 1.0, "gamma": {"0": 1.0677598155524837, "1": 0.6354739533243106, "2": 0.9590354748461247}, "mu": {"0": 1.0393956326318576, "1": 1.0091120615262321, "2": 1.1333577079502761}, "phi": {"0": 0.11309812477068659, "1": 0.5995621710095397, "2": 0.4847259170332967}, "psi": {"0": 1.339685542829684, "1": 0.767853255761142, "2": 1.3626883770403624}, "sigma": {"0": 0.8674066287626532, "1": 0.9592861760764784, "2": 0.0}, "chi_high": 0.8681825317844916, "beta_low": null}