{"R": 40.0, "wi": 0, "di": 0, "delta": 1.0, "gamma": {"0": 1.3153568814538668, "1": 0.9990113471109897, "2": 1.4410140789980779}, "mu": {"0": 1.0655631353943174, "1": 1.1143022660764563, "2": 1.0241391385734187}, "phi": {"0": 0.017984828815877818, "1": 0.569117019309125, "2": 0.025668166827285788}, "psi": {"0": 1.2488716390916945, "1": 1.0352360095649107, "2": 1.297383856330146}, "sigma": {"0": 0.5168217150461369, "1": 0.7490572465720764, "2": 0.0}, "chi_high": 0.5329976257531757, "beta_low": 0.9501808053142321}