{"R": 40.0, "wi": 3, "di": 1, "delta": 1.0, "gamma": {"0": 0.8000275744965901, "1": 0.6123267048022861, "2": 0.6750363490997123}, "mu": {"0": 1.0353381533807393, "1": 1.1038480163914517, "2": 1.1240609313224506}, "phi": {"0": 0.684929357071983, "1": 0.9973299994870921, "2": 0.3750500934305717}, "psi": {"0": 1.399285942688919, "1": 1.3431389473745237, "2": 0.8468991740142336}, "sigma": {"0": 0.7760530154603389, "1": 0.9787300140017708, "2": 0.0}, "chi_high": 0.515961542582519, "beta_low": null}