{"R": 40.0, "wi": 1, "di": 0, "delta": 1.0, "gamma": {"0": 1.3099400400395451, "1": 0.6524716111730995, "2": 1.272823654332056}, "mu": {"0": 1.0524792732619437, "1": 1.0679836664369404, "2": 1.0273935250106718}, "phi": {"0": 0.8778714988225966, "1": 0.2301627248268907, "2": 0.49471469142535296}, "psi": {"0": 0.8639383964615013, "1": 1.4348122924703675, "2": 1.1865310262621054}, "sigma": {"0": 0.6594556969655443, "1": 0.0, "2": 0.0}, "chi_high": null, "beta_low": 0.4069097982284295}