{"R": 40.0, "wi": 1, "di": 1, "delta": 1.0, "gamma": {"0": 1.1428829688572095, "1": 1.2124879253548306, "2": 1.375133997820515}, "mu": {"0": 1.118879627993519, "1": 1.14707585858289, "2": 1.0298488023209549}, "phi": {"0": 0.6496607301780785, "1": 0.9275761520555973, "2": 0.04177464658766028}, "psi": {"0": 0.9205592305543245, "1": 0.5763285305533388, "2": 0.7079124433664515}, "sigma": {"0": 0.8720368464591373, "1": 0.0, "2": 0.0}, "chi_high": null, "beta_low": 0.2034663141508773}