{"R": 40.0, "wi": 2, "di": 2, "delta": 1.0, "gamma": {"0": 0.672133337435347, "1": 0.8352628241642871, "2": 0.8920330060813294}, "mu": {"0": 1.0629844388872238, "1": 1.0158620385018442, "2": 1.0735380584563734}, "phi": {"0": 0.12772827887111338, "1": 0.2808462971695097, "2": 0.2563367188601292}, "psi": {"0": 1.3230504521282136, "1": 1.2751961329469212, "2": 1.201572668012064}, "sigma": {"0": 0.7293810359437134, "1": 0.7183603694688743, "2": 0.0}, "chi_high": null, "beta_low": null}