{"R": 40.0, "wi": 2, "di": 0, "delta": 1.0, "gamma": {"0": 0.5230608810191671, "1": 1.1068924750301306, "2": 1.169668628919693}, "mu": {"0": 1.0736504457571416, "1": 1.0920240161081427, "2": 1.0082144500413142}, "phi": {"0": 0.3715829304053042, "1": 0.45123608446192265, "2": 0.20645411058152618}, "psi": {"0": 1.4211282955147704, "1": 0.6228502468815177, "2": 1.4043948451038197}, "sigma": {"0": 0.7226064640882599, "1": 0.5794267067795851, "2": 0.0}, "chi_high": null, "beta_low": null}