{"R": 40.0, "wi": 2, "di": 2, "delta": 1.0, "gamma": {"0": 0.56609789795614, "1": 0.6200260986342208, "2": 1.2576243300307406}, "mu": {"0": 1.1046063122306873, "1": 1.0263061349006524, "2": 1.0112245026634272}, "phi": {"0": 0.3740756232109341, "1": 0.2956401644851565, "2": 0.04511716904305363}, "psi": {"0": 1.204926981174522, "1": 1.1847518232186232, "2": 0.8819496969312639}, "sigma": {"0": 0.7704078452228347, "1": 0.9853661191657493, "2": 0.0}, "chi_high": null, "beta_low": null}