{"R": 40.0, "wi": 3, "di": 2, "delta": 1.0, "gamma": {"0": 0.6332854712019026, "1": 0.8223899726665281, "2": 1.036337433248189}, "mu": {"0": 1.1240023636279888, "1": 1.09166555467841, "2": 1.0178998056452988}, "phi": {"0": 0.44912155408262044, "1": 0.19740578627820948, "2": 0.6251213244285944}, "psi": {"0": 0.5658476800944842, "1": 0.9728661889184241, "2": 1.3947363509185045}, "sigma": {"0": 0.6875183213053512, "1": 0.7313888750828008, "2": 0.0}, "chi_high": 0.3330092446860299, "beta_low": null}