{"R": 40.0, "wi": 0, "di": 2, "delta": 1.0, "gamma": {"0": 0.6123376361673507, "1": 1.2680452511293456, "2": 0.7227059118263208}, "mu": {"0": 1.0463769228996807, "1": 1.0203319444214016, "2": 1.1397819440860493}, "phi": {"0": 0.6194470046048058, "1": 0.09320597021123167, "2": 0.4177002057509185}, "psi": {"0": 1.4125458202897114, "1": 0.5282001577932882, "2": 1.148472058677646}, "sigma": {"0": 0.7345558257223381, "1": 0.5199210240469931, "2": 0.0}, "chi_high": 0.9277574117744867, "beta_low": 0.8119055914147638}