{"R": 40.0, "wi": 1, "di": 2, "delta": 1.0, "gamma": {"0": 1.0922337274726486, "1": 1.0229475606804395, "2": 0.7687723975804688}, "mu": {"0": 1.0073591711564538, "1": 1.0901172776913894, "2": 1.0044220770262775}, "phi": {"0": 0.09530622257333321, "1": 0.2089169013774934, "2": 0.026692582540940535}, "psi": {"0": 0.6230380383754581, "1": 1.4849662967155361, "2": 0.6263865402805201}, "sigma": {"0": 0.6552245831297835, "1": 0.0, "2": 0.0}, "chi_high": null, "beta_low": 0.6459395742224978}