{"R": 40.0, "wi": 3, "di": 2, "delta": 1.0, "gamma": {"0": 0.9405793333883813, "1": 0.8360621690953626, "2": 1.0769749703072402}, "mu": {"0": 1.121574153937329, "1": 1.0707599710823879, "2": 1.0435105846184627}, "phi": {"0": 0.8123918321694507, "1": 0.10946215313076191, "2": 0.07424085183599927}, "psi": {"0": 1.3095063291143463, "1": 0.702474693426634, "2": 1.0759280198929515}, "sigma": {"0": 0.5685184847820244, "1": 0.9487951215444754, "2": 0.0}, "chi_high": 0.2282958181500823, "beta_low": null}