{"R": 40.0, "wi": 1, "di": 1, "delta": 1.0, "gamma": {"0": 1.3707342856895965, "1": 1.0713222089547192, "2": 1.2708687194438437}, "mu": {"0": 1.0442042217267795, "1": 1.0077563448851263, "2": 1.0094123963205157}, "phi": {"0": 0.1208121889192354, "1": 0.025237969832105578, "2": 0.9941793381546443}, "psi": {"0": 0.9502015892109117, "1": 0.8570085832387219, "2": 1.420685257158851}, "sigma": {"0": 0.578302580536395, "1": 0.0, "2": 0.0}, "chi_high": null, "beta_low": 0.9064515034559169}