{"R": 40.0, "wi": 2, "di": 1, "delta": 1.0, "gamma": {"0": 0.7298755771755815, "1": 0.6126169354369518, "2": 0.7589336004966869}, "mu": {"0": 1.1197988989199605, "1": 1.0449986235842414, "2": 1.1479105633337903}, "phi": {"0": 0.27213966650032106, "1": 0.5174427733972244, "2": 0.5330371040911275}, "psi": {"0": 0.8216754029996004, "1": 1.2352750139482542, "2": 0.579094457633036}, "sigma": {"0": 0.6963604799548262, "1": 0.6787329861098567, "2": 0.0}, "chi_high": null, "beta_low": null}