{"R": 40.0, "wi": 0, "di": 1, "delta": 1.0, "gamma": {"0": 0.9552508965891497, "1": 1.306805379742507, "2": 1.3727576836536084}, "mu": {"0": 1.088658823009355, "1": 1.121628044182464, "2": 1.1482207752471045}, "phi": {"0": 0.18211638444783818, "1": 0.2784443990994101, "2": 0.8060082125398603}, "psi": {"0": 0.9003206058113962, "1": 1.2579225922288249, "2": 0.7167022589724082}, "sigma": {"0": 0.6995470052906942, "1": 0.8864482366093669, "2": 0.0}, "chi_high": 0.15507204337722932, "beta_low": 0.1325631597877867}