{"R": 40.0, "wi": 3, "di": 0, "delta": 1.0, "gamma": {"0": 0.7155396568598864, "1": 0.9933186669467846, "2": 0.7591537105552664}, "mu": {"0": 1.0861878913978031, "1": 1.050831997195434, "2": 1.0511715788292983}, "phi": {"0": 0.3461012887462044, "1": 0.16413317378918257, "2": 0.37195734242032397}, "psi": {"0": 1.1728437230444924, "1": 0.8785896262837897, "2": 0.5776086314118035}, "sigma": {"0": 0.6614286006552799, "1": 0.7973638485302461, "2": 0.0}, "chi_high": 0.2150748673406009, "beta_low": null}