{"R": 40.0, "wi": 3, "di": 2, "delta": 1.0, "gamma": {"0": 0.5837738314645019, "1": 1.1504848129876, "2": 1.0136501876533606}, "mu": {"0": 1.0890943304525902, "1": 1.0331273363561908, "2": 1.1191246603037388}, "phi": {"0": 0.544040328182292, "1": 0.492251746826472, "2": 0.6470111511298563}, "psi": {"0": 0.8725145841572597, "1": 1.0958764806387786, "2": 0.9637828492843762}, "sigma": {"0": 0.8034916117776001, "1": 0.8232447578372777, "2": 0.0}, "chi_high": 0.7589565346594431, "beta_low": null}