{"R": 40.0, "wi": 3, "di": 1, "delta": 1.0, "gamma": {"0": 0.8203022306566505, "1": 1.018551869119805, "2": 0.7008401674049701}, "mu": {"0": 1.0896664270430259, "1": 1.0857152691820686, "2": 1.1200330254212396}, "phi": {"0": 0.4000990380174104, "1": 0.3088471052403712, "2": 0.5425407816172018}, "psi": {"0": 0.6532006865522779, "1": 0.870181349545045, "2": 0.9896112409476238}, "sigma": {"0": 0.7647371002160569, "1": 0.557397982728146, "2": 0.0}, "chi_high": 0.10220949132795762, "beta_low": null}