{"R": 40.0, "wi": 1, "di": 0, "delta": 1.0, "gamma": {"0": 0.6365659395686776, "1": 1.2627570610481174, "2": 1.0558609489709685}, "mu": {"0": 1.078490506883909, "1": 1.0073787578751714, "2": 1.0639079784265497}, "phi": {"0": 0.11943236937560464, "1": 0.2866215093441483, "2": 0.8121821508600884}, "psi": {"0": 1.2321326441496314, "1": 1.3529696340410466, "2": 0.8645252132917273}, "sigma": {"0": 0.5559806540491206, "1": 0.0, "2": 0.0}, "chi_high": null, "beta_low": 0.08592971872768723}