{"R": 40.0, "wi": 1, "di": 0, "delta": 1.0, "gamma": {"0": 1.1777317176859763, "1": 1.2503361911840756, "2": 1.4233132655063656}, "mu": {"0": 1.1433437437198586, "1": 1.0294676212258422, "2": 1.0500804680026075}, "phi": {"0": 0.0084133257085387, "1": 0.5034260477469368, "2": 0.6834955125628067}, "psi": {"0": 0.7555566579759865, "1": 0.9020037914787654, "2": 0.8429953855250689}, "sigma": {"0": 0.6792867055274058, "1": 0.0, "2": 0.0}, "chi_high": null, "beta_low": 0.7287292326582461}