{"R": 40.0, "wi": 3, "di": 2, "delta": 1.0, "gamma": {"0": 0.554082410412975, "1": 0.8129347433235138, "2": 1.2937603576241128}, "mu": {"0": 1.1101614739973706, "1": 1.044130150485352, "2": 1.0427193906003773}, "phi": {"0": 0.24245215290711608, "1": 0.6259768186665873, "2": 0.09084801604933901}, "psi": {"0": 1.1336263728592377, "1": 0.5771203963564377, "2": 0.5876780457086391}, "sigma": {"0": 0.6262700401939167, "1": 0.5814532779995455, "2": 0.0}, "chi_high": 0.5442689677724457, "beta_low": null}