{"R": 40.0, "wi": 3, "di": 0, "delta": 1.0, "gamma": {"0": 1.076384779225723, "1": 1.4160441060657256, "2": 1.337736432817576}, "mu": {"0": 1.0007482214011223, "1": 1.119021950517885, "2": 1.0584695306176013}, "phi": {"0": 0.235790695381351, "1": 0.872803640707378, "2": 0.38668586713601616}, "psi": {"0": 0.5621561697919284, "1": 1.1319113007586628, "2": 1.3149052744591678}, "sigma": {"0": 0.8723307733320548, "1": 0.514789091872095, "2": 0.0}, "chi_high": 0.1496490351841866, "beta_low": null}