{"R": 40.0, "wi": 0, "di": 1, "delta": 1.0, "gamma": {"0": 1.1280593445686176, "1": 0.5356835815450012, "2": 0.9337845036848748}, "mu": {"0": 1.0044843431942678, "1": 1.0060061215152925, "2": 1.1099831438376633}, "phi": {"0": 0.0059713429037530075, "1": 0.5676921921915883, "2": 0.16096427091273358}, "psi": {"0": 0.9107456737220663, "1": 0.9091832560596266, "2": 1.1720990741752966}, "sigma": {"0": 0.8737790544301631, "1": 0.7926983212517706, "2": 0.0}, "chi_high": 0.08363163838301488, "beta_low": 0.7524843096879711}