{"R": 40.0, "wi": 2, "di": 0, "delta": 1.0, "gamma": {"0": 0.6679021405071083, "1": 1.4277991417997402, "2": 1.432709610543539}, "mu": {"0": 1.043792913473821, "1": 1.0259071116381822, "2": 1.08838197263441}, "phi": {"0": 0.33141228100855213, "1": 0.9245777872109389, "2": 0.7965479861655611}, "psi": {"0": 0.6868175729527601, "1": 1.1611217684278883, "2": 0.6825297141909139}, "sigma": {"0": 0.825852182625452, "1": 0.9962032635292605, "2": 0.0}, "chi_high": null, "beta_low": null}