{"R": 40.0, "wi": 1, "di": 0, "delta": 1.0, "gamma": {"0": 1.0912341306213587, "1": 0.9350464014843771, "2": 0.6067383045537026}, "mu": {"0": 1.0926657238532378, "1": 1.083258681138348, "2": 1.0535843804574148}, "phi": {"0": 0.11628908467971044, "1": 0.4740882387918638, "2": 0.5456352402859855}, "psi": {"0": 1.251811355404496, "1": 0.9617162973730503, "2": 0.9579310622965135}, "sigma": {"0": 0.9793744725611961, "1": 0.0, "2": 0.0}, "chi_high": null, "beta_low": 0.022875276004697468}