{"R": 40.0, "wi": 3, "di": 0, "delta": 1.0, "gamma": {"0": 0.6344600808844708, "1": 0.9639804757308087, "2": 0.5447549417194554}, "mu": {"0": 1.12125508340365, "1": 1.1355871923532004, "2": 1.1281985074345782}, "phi": {"0": 0.6561237768260538, "1": 0.9637933357131553, "2": 0.8055126907002533}, "psi": {"0": 0.5664461765566611, "1": 1.3770866962605695, "2": 0.7448115936773485}, "sigma": {"0": 0.7451130748877446, "1": 0.5351405166063132, "2": 0.0}, "chi_high": 0.8483379242228299, "beta_low": null}