{"R": 40.0, "wi": 3, "di": 1, "delta": 1.0, "gamma": {"0": 1.2242731172101597, "1": 0.9288182773303668, "2": 1.28060180314194}, "mu": {"0": 1.1199759324414031, "1": 1.0984639596569734, "2": 1.1298326681497095}, "phi": {"0": 0.737690539930826, "1": 0.08643303083899068, "2": 0.8533567467910668}, "psi": {"0": 0.5115710804679212, "1": 0.56026182237168, "2": 0.9526424626146026}, "sigma": {"0": 0.6761870693291414, "1": 0.5580947161927463, "2": 0.0}, "chi_high": 0.9534855075371389, "beta_low": null}