{"R": 40.0, "wi": 1, "di": 1, "delta": 1.0, "gamma": {"0": 1.30393326201842, "1": 0.7998217089178885, "2": 0.8733893715799221}, "mu": {"0": 1.099680090690246, "1": 1.0985184454247432, "2": 1.0225434541188605}, "phi": {"0": 0.6104028254858271, "1": 0.20942984371224127, "2": 0.3574029468180704}, "psi": {"0": 0.5074147459843863, "1": 0.8797906979773084, "2": 1.3713258875573096}, "sigma": {"0": 0.674621363215151, "1": 0.0, "2": 0.0}, "chi_high": null, "beta_low": 0.5283252494282674}