{"R": 40.0, "wi": 2, "di": 1, "delta": 1.0, "gamma": {"0": 1.475396147987925, "1": 0.5562652763311895, "2": 1.398827313683584}, "mu": {"0": 1.123103327395014, "1": 1.094647670925353, "2": 1.1315885324156731}, "phi": {"0": 0.5251166351887242, "1": 0.9386303116171392, "2": 0.35857597353765636}, "psi": {"0": 0.5764809435826804, "1": 1.4978035784170456, "2": 0.6842986527389617}, "sigma": {"0": 0.9560084052121155, "1": 0.6744436817317829, "2": 0.0}, "chi_high": null, "beta_low": null}