{"R": 40.0, "wi": 2, "di": 2, "delta": 1.0, "gamma": {"0": 0.9572795937699957, "1": 1.493286802425739, "2": 1.220009797247873}, "mu": {"0": 1.0663404941895525, "1": 1.0541572018421301, "2": 1.0297194032659718}, "phi": {"0": 0.7577809343933466, "1": 0.8504473891881228, "2": 0.6763044184089884}, "psi": {"0": 1.2709822412152776, "1": 1.190384117971068, "2": 0.9904755749639002}, "sigma": {"0": 0.605770140454408, "1": 0.8209315898079075, "2": 0.0}, "chi_high": null, "beta_low": null}