{"R": 40.0, "wi": 2, "di": 1, "delta": 1.0, "gamma": {"0": 0.6189552096754107, "1": 0.8679294639067441, "2": 1.407635277467951}, "mu": {"0": 1.052082632350669, "1": 1.0694018304146429, "2": 1.111603888543693}, "phi": {"0": 0.8503005181912167, "1": 0.5473739332138852, "2": 0.6660612209463275}, "psi": {"0": 1.146694564388334, "1": 0.5866379642297453, "2": 1.1495429744268972}, "sigma": {"0": 0.7371866019817166, "1": 0.6217489390631584, "2": 0.0}, "chi_high": null, "beta_low": null}