{"R": 40.0, "wi": 0, "di": 0, "delta": 1.0, "gamma": {"0": 0.7578335180753311, "1": 1.4179130081943283, "2": 0.6976436271583661}, "mu": {"0": 1.094884568942168, "1": 1.0130607648476835, "2": 1.1097558976395687}, "phi": {"0": 0.4321365128700808, "1": 0.12153860400635397, "2": 0.8617039739632317}, "psi": {"0": 0.5159255107113464, "1": 0.5732903981776062, "2": 0.7705181284900815}, "sigma": {"0": 0.8302927701251156, "1": 0.7841087990028667, "2": 0.0}, "chi_high": 0.011717981416206214, "beta_low": 0.6231179057394315}