{"R": 40.0, "wi": 1, "di": 0, "delta": 1.0, "gamma": {"0": 1.1555569303623927, "1": 0.7269180230781672, "2": 0.808019726718779}, "mu": {"0": 1.0727307563549355, "1": 1.0813854720132312, "2": 1.0708817961114192}, "phi": {"0": 0.4090440907422589, "1": 0.03773468677484626, "2": 0.8536866463707141}, "psi": {"0": 0.618020474964559, "1": 1.0586092272437253, "2": 1.2639274262647766}, "sigma": {"0": 0.6673834981629201, "1": 0.0, "2": 0.0}, "chi_high": null, "beta_low": 0.4654153103367875}