{"R": 40.0, "wi": 2, "di": 0, "delta": 1.0, "gamma": {"0": 1.0887068152672, "1": 0.8528424939833325, "2": 1.4998660892600455}, "mu": {"0": 1.1214604508242534, "1": 1.1347783153013382, "2": 1.136163648381914}, "phi": {"0": 0.26261787066590137, "1": 0.544132513069789, "2": 0.15714000621969937}, "psi": {"0": 1.1133117733983406, "1": 1.0623905403745535, "2": 0.7010038104147127}, "sigma": {"0": 0.5544197412317041, "1": 0.7181468157092132, "2": 0.0}, "chi_high": null, "beta_low": null}