{"R": 40.0, "wi": 2, "di": 1, "delta": 1.0, "gamma": {"0": 1.3091918918846475, "1": 1.0286939008519935, "2": 0.7784664304172374}, "mu": {"0": 1.0145005870367132, "1": 1.1173858098078564, "2": 1.0117513066362416}, "phi": {"0": 0.8774434557013518, "1": 0.80863498968846, "2": 0.6314331230294793}, "psi": {"0": 0.9116077519281207, "1": 1.3285110056833176, "2": 0.8834831119022064}, "sigma": {"0": 0.7462803053357648, "1": 0.6965757757328312, "2": 0.0}, "chi_high": null, "beta_low": null}