{"R": 40.0, "wi": 3, "di": 0, "delta": 1.0, "gamma": {"0": 1.1000076312180629, "1": 0.653554136302044, "2": 1.2520466243994652}, "mu": {"0": 1.069390402520951, "1": 1.0684352353530246, "2": 1.1332002720677232}, "phi": {"0": 0.27747637889525334, "1": 0.9693021401107779, "2": 0.5975741699963714}, "psi": {"0": 1.2034394540799833, "1": 1.1770885658165762, "2": 0.8991262032198953}, "sigma": {"0": 0.7696248130113692, "1": 0.5567065553027657, "2": 0.0}, "chi_high": 0.34617106760873123, "beta_low": null}