{"R": 40.0, "wi": 0, "di": 1, "delta": 1.0, "gamma": {"0": 1.4989528322657233, "1": 0.9178885265940808, "2": 1.2866334588039066}, "mu": {"0": 1.0264705190683794, "1": 1.0016962579024402, "2": 1.0038699603349948}, "phi": {"0": 0.37891871249610976, "1": 0.7755964715211201, "2": 0.4294470112909957}, "psi": {"0": 1.3358932655049882, "1": 1.4849710258891746, "2": 1.3322659441715077}, "sigma": {"0": 0.8145348413125266, "1": 0.6887578714461489, "2": 0.0}, "chi_high": 0.5782513419391219, "beta_low": 0.551083669503756}