{"R": 40.0, "wi": 3, "di": 1, "delta": 1.0, "gamma": {"0": 0.5349877357399042, "1": 0.7065883623380252, "2": 1.0544832870519811}, "mu": {"0": 1.022372775982599, "1": 1.0946740409740354, "2": 1.1188814943840626}, "phi": {"0": 0.4491378746743139, "1": 0.514031831959457, "2": 0.399305532820007}, "psi": {"0": 0.7106857480684661, "1": 0.9812056462406038, "2": 0.9007834605259264}, "sigma": {"0": 0.7987312540318467, "1": 0.9956779620256638, "2": 0.0}, "chi_high": 0.17715449946851267, "beta_low": null}