{"R": 40.0, "wi": 2, "di": 1, "delta": 1.0, "gamma": {"0": 0.976437928142552, "1": 1.383471196797426, "2": 1.410025344024902}, "mu": {"0": 1.090588778839095, "1": 1.0854762335391155, "2": 1.1196300060359756}, "phi": {"0": 0.04980291734439457, "1": 0.5069838192128568, "2": 0.6232787182117514}, "psi": {"0": 0.5488626424982028, "1": 1.1758128879106504, "2": 1.0336998852555164}, "sigma": {"0": 0.838226567805078, "1": 0.9850216987598193, "2": 0.0}, "chi_high": null, "beta_low": null}