{"R": 40.0, "wi": 0, "di": 0, "delta": 1.0, "gamma": {"0": 0.5395564624274961, "1": 0.7349364285246028, "2": 1.2152865723759703}, "mu": {"0": 1.0332163584072793, "1": 1.145569615525791, "2": 1.056346761627736}, "phi": {"0": 0.8600070460975037, "1": 0.5633890532303845, "2": 0.139846163696991}, "psi": {"0": 1.1052907100718343, "1": 1.3825068174149013, "2": 1.0468035391946762}, "sigma": {"0": 0.7927075208994497, "1": 0.740490203459494, "2": 0.0}, "chi_high": 0.12081391218122739, "beta_low": 0.568527054308151}