{"R": 40.0, "wi": 2, "di": 1, "delta": 1.0, "gamma": {"0": 0.9005057578371778, "1": 0.9236548183567139, "2": 0.6454856254525979}, "mu": {"0": 1.0742742911483836, "1": 1.1464837320446972, "2": 1.064367521692638}, "phi": {"0": 0.25956209821982323, "1": 0.19809918148764827, "2": 0.6109478319404569}, "psi": {"0": 1.499743496096505, "1": 0.6127262962181057, "2": 1.4312571927438194}, "sigma": {"0": 0.7716859025348795, "1": 0.7514802957052199, "2": 0.0}, "chi_high": null, "beta_low": null}