{"R": 40.0, "wi": 1, "di": 0, "delta": 1.0, "gamma": {"0": 1.0237873423985355, "1": 1.1448434835411314, "2": 1.0111088513297193}, "mu": {"0": 1.039686357371492, "1": 1.0766704623491825, "2": 1.132801736650316}, "phi": {"0": 0.6922809584978429, "1": 0.48669312927740227, "2": 0.09442845262450494}, "psi": {"0": 1.0924919787552274, "1": 1.4389598653503057, "2": 1.4964356300416244}, "sigma": {"0": 0.9002299741547135, "1": 0.0, "2": 0.0}, "chi_high": null, "beta_low": 0.3735586218691247}