{"R": 40.0, "wi": 2, "di": 0, "delta": 1.0, "gamma": {"0": 1.046038991380537, "1": 0.5625066066700696, "2": 0.8660714466179515}, "mu": {"0": 1.0177674446944873, "1": 1.1428742294758152, "2": 1.0184505004137268}, "phi": {"0": 0.07702927374211543, "1": 0.5317271589710074, "2": 0.9451668371155224}, "psi": {"0": 0.7611650823507011, "1": 0.7363141380033437, "2": 0.5604076826057981}, "sigma": {"0": 0.6122733806625515, "1": 0.9756207014938303, "2": 0.0}, "chi_high": null, "beta_low": null}