{"R": 40.0, "wi": 1, "di": 0, "delta": 1.0, "gamma": {"0": 0.9406173845717709, "1": 1.0113532380856092, "2": 1.3158610369501273}, "mu": {"0": 1.0545638586098725, "1": 1.0621373972897312, "2": 1.0585107433583079}, "phi": {"0": 0.913347554700546, "1": 0.4937011345762554, "2": 0.29909802196577595}, "psi": {"0": 0.6051867184271433, "1": 1.4326029120112276, "2": 0.7147983462641567}, "sigma": {"0": 0.5217821718545262, "1": 0.0, "2": 0.0}, "chi_high": null, "beta_low": 0.3142995667228558}