{"R": 40.0, "wi": 0, "di": 0, "delta": 1.0, "gamma": {"0": 0.7721347069280122, "1": 1.4637198661024482, "2": 1.335848004746441}, "mu": {"0": 1.113995452773012, "1": 1.1334230325330092, "2": 1.1452407485531013}, "phi": {"0": 0.5222509969645651, "1": 0.0704465718852294, "2": 0.9706483897103568}, "psi": {"0": 0.5156143066912552, "1": 1.302255793851936, "2": 0.9513571598930088}, "sigma": {"0": 0.7940309502034171, "1": 0.8111698497611802, "2": 0.0}, "chi_high": 0.843331248455183, "beta_low": 0.4266799915924122}