{"R": 40.0, "wi": 1, "di": 2, "delta": 1.0, "gamma": {"0": 0.9806819377451799, "1": 0.9399505919871324, "2": 0.8050553161186748}, "mu": {"0": 1.1342609984481726, "1": 1.0588168148241168, "2": 1.1258956394569488}, "phi": {"0": 0.6019447946022022, "1": 0.19476012098070983, "2": 0.6940299307582991}, "psi": {"0": 0.981617695473512, "1": 0.8139436766426086, "2": 1.2078482950137164}, "sigma": {"0": 0.6602788654961456, "1": 0.0, "2": 0.0}, "chi_high": null, "beta_low": 0.1206185512265595}