{"R": 40.0, "wi": 3, "di": 0, "delta": 1.0, "gamma": {"0": 0.6203183451719564, "1": 0.6594200539184822, "2": 1.0385315141284073}, "mu": {"0": 1.0196014978425625, "1": 1.0005575547508971, "2": 1.0537422410830808}, "phi": {"0": 0.8195726067960031, "1": 0.29638526918849273, "2": 0.4220564879180776}, "psi": {"0": 1.0672892859229743, "1": 0.8656941155433614, "2": 1.0302259076745852}, "sigma": {"0": 0.6618781094030881, "1": 0.5795871278782798, "2": 0.0}, "chi_high": 0.803647913318833, "beta_low": null}