{"R": 40.0, "wi": 3, "di": 1, "delta": 1.0, "gamma": {"0": 1.4749680875089284, "1": 1.3710165398849417, "2": 0.7862206285603364}, "mu": {"0": 1.0084161247421175, "1": 1.1326132850618709, "2": 1.0708291386618825}, "phi": {"0": 0.6146668281210004, "1": 0.32298466843564366, "2": 0.3231472729173557}, "psi": {"0": 0.5018597997082648, "1": 1.3814114912656419, "2": 1.0258782558679143}, "sigma": {"0": 0.6014467818621267, "1": 0.9116176715982821, "2": 0.0}, "chi_high": 0.3584657867567535, "beta_low": null}