{"R": 40.0, "wi": 2, "di": 1, "delta": 1.0, "gamma": {"0": 1.2097608221787965, "1": 0.8178700250514868, "2": 1.334991380066144}, "mu": {"0": 1.116552309991475, "1": 1.0372345478207703, "2": 1.0306958396089534}, "phi": {"0": 0.005909636425992959, "1": 0.05894289496701033, "2": 0.2850574516775115}, "psi": {"0": 0.7999045436643782, "1": 1.3531840766031107, "2": 1.1429017254396974}, "sigma": {"0": 0.808033841120864, "1": 0.6506272617738204, "2": 0.0}, "chi_high": null, "beta_low": null}