{"R": 40.0, "wi": 0, "di": 2, "delta": 1.0, "gamma": {"0": 1.0319284783803606, "1": 0.6613995857157215, "2": 0.8608599740807554}, "mu": {"0": 1.010994907926599, "1": 1.0335693376917496, "2": 1.03944373160854}, "phi": {"0": 0.05483563176964634, "1": 0.5310364981211503, "2": 0.9285653691449623}, "psi": {"0": 0.6571473051530766, "1": 1.4359899038328123, "2": 1.129506193570552}, "sigma": {"0": 0.5657723554004219, "1": 0.6441879663496017, "2": 0.0}, "chi_high": 0.3586985432477864, "beta_low": 0.6205826212547823}