{"R": 40.0, "wi": 1, "di": 0, "delta": 1.0, "gamma": {"0": 0.5255069490528637, "1": 0.7354673291430727, "2": 0.6995571647961185}, "mu": {"0": 1.0799730937066763, "1": 1.127442892627894, "2": 1.0123735178117907}, "phi": {"0": 0.2409461404522799, "1": 0.3737432360581401, "2": 0.88752971901229}, "psi": {"0": 0.6339580719362375, "1": 0.717686899620196, "2": 1.1455332675369023}, "sigma": {"0": 0.9278101888091933, "1": 0.0, "2": 0.0}, "chi_high": null, "beta_low": 0.5492884046451365}