{"R": 40.0, "wi": 2, "di": 1, "delta": 1.0, "gamma": {"0": 1.3420277031921655, "1": 0.5943491268937968, "2": 1.2382309341277646}, "mu": {"0": 1.104425276188379, "1": 1.0818701727676763, "2": 1.0253334612773661}, "phi": {"0": 0.012688006324572565, "1": 0.48015710515187937, "2": 0.7945979620843981}, "psi": {"0": 0.7255939395399613, "1": 0.8510148734661716, "2": 1.3270661223068805}, "sigma": {"0": 0.9514147711677288, "1": 0.914989451818757, "2": 0.0}, "chi_high": null, "beta_low": null}