{"R": 40.0, "wi": 1, "di": 1, "delta": 1.0, "gamma": {"0": 0.7191017632636042, "1": 0.9830835964276704, "2": 1.1470024616275774}, "mu": {"0": 1.1345306088040812, "1": 1.0821250781126794, "2": 1.1236721335126405}, "phi": {"0": 0.28514144621684834, "1": 0.4394203424105818, "2": 0.1865987838949491}, "psi": {"0": 0.9022235653272902, "1": 1.0049347308984076, "2": 0.9318412967675145}, "sigma": {"0": 0.760619143731432, "1": 0.0, "2": 0.0}, "chi_high": null, "beta_low": 0.6999864122494532}