{"R": 40.0, "wi": 3, "di": 1, "delta": 1.0, "gamma": {"0": 0.8427409285468143, "1": 0.6941911570238738, "2": 1.053464850986117}, "mu": {"0": 1.0180970427989002, "1": 1.0993523235060838, "2": 1.0521030909320077}, "phi": {"0": 0.8016929906446889, "1": 0.7014814500618053, "2": 0.9450928963995227}, "psi": {"0": 1.0557303721203257, "1": 0.7334566908014359, "2": 1.2255251123437247}, "sigma": {"0": 0.8996546465973835, "1": 0.7661111503875195, "2": 0.0}, "chi_high": 0.6032964498232748, "beta_low": null}