{"R": 40.0, "wi": 3, "di": 1, "delta": 1.0, "gamma": {"0": 1.1342999719410098, "1": 0.5725985178569758, "2": 0.8196956753729193}, "mu": {"0": 1.0317960479193948, "1": 1.1228418680143841, "2": 1.0402841374619813}, "phi": {"0": 0.3918892532033019, "1": 0.5669483235784034, "2": 0.5042371213499305}, "psi": {"0": 0.9825834916353331, "1": 0.5432953935089496, "2": 0.6391122442667508}, "sigma": {"0": 0.9898154312461711, "1": 0.9884390128016847, "2": 0.0}, "chi_high": 0.7837303566401506, "beta_low": null}