{"R": 40.0, "wi": 3, "di": 0, "delta": 1.0, "gamma": {"0": 0.8218723726040451, "1": 0.9866394718572705, "2": 0.9713671968753507}, "mu": {"0": 1.0971735003592544, "1": 1.0797960539669988, "2": 1.0762727741772824}, "phi": {"0": 0.9198770874474216, "1": 0.2847283307211249, "2": 0.4484371083223835}, "psi": {"0": 0.5579828091441602, "1": 0.9047937143701915, "2": 0.5302987615012664}, "sigma": {"0": 0.8114016836909614, "1": 0.8473240548259409, "2": 0.0}, "chi_high": 0.5538144022964105, "beta_low": null}