{"R": 40.0, "wi": 3, "di": 2, "delta": 1.0, "gamma": {"0": 0.7484236492528261, "1": 0.7400553887819874, "2": 1.4308810900730662}, "mu": {"0": 1.0085662321946096, "1": 1.09241452227119, "2": 1.0380237749486283}, "phi": {"0": 0.15541198835585202, "1": 0.621947771357143, "2": 0.30937679933999385}, "psi": {"0": 0.6277946175299014, "1": 0.9272347359878583, "2": 1.4215273731577946}, "sigma": {"0": 0.6536503228034188, "1": 0.7508560342034538, "2": 0.0}, "chi_high": 0.7843180835762757, "beta_low": null}