{"R": 40.0, "wi": 0, "di": 1, "delta": 1.0, "gamma": {"0": 1.0277707334334711, "1": 0.9787829686546304, "2": 1.0866715712084836}, "mu": {"0": 1.0314829593024495, "1": 1.1344198397793823, "2": 1.0955366968540847}, "phi": {"0": 0.00916215704273815, "1": 0.21300299964786595, "2": 0.8199190056037301}, "psi": {"0": 1.2917032381455638, "1": 1.3707243028702312, "2": 0.7076391147255724}, "sigma": {"0": 0.6178196673310065, "1": 0.9326600249606815, "2": 0.0}, "chi_high": 0.136333900029476, "beta_low": 0.23682591095099037}