{"R": 40.0, "wi": 2, "di": 1, "delta": 1.0, "gamma": {"0": 1.1289322188210273, "1": 1.4430055036212317, "2": 1.4784647379863871}, "mu": {"0": 1.1219798646269599, "1": 1.0259362621442119, "2": 1.0523805780882804}, "phi": {"0": 0.08753998156177678, "1": 0.055798515363221335, "2": 0.16953036754673567}, "psi": {"0": 1.2398488112637935, "1": 0.5087166470648044, "2": 0.5981766315843394}, "sigma": {"0": 0.6341785387932706, "1": 0.6838110394471641, "2": 0.0}, "chi_high": null, "beta_low": null}