{"R": 40.0, "wi": 2, "di": 2, "delta": 1.0, "gamma": {"0": 0.9908127261427233, "1": 0.8844764515198515, "2": 0.6396188466168299}, "mu": {"0": 1.0500954691595275, "1": 1.1396125756023172, "2": 1.1309534049684935}, "phi": {"0": 0.5733653344399329, "1": 0.06945310768096269, "2": 0.23253898461350697}, "psi": {"0": 1.1538371038735031, "1": 0.7630044225474439, "2": 1.4166524833596763}, "sigma": {"0": 0.9134253446705705, "1": 0.5964372638431622, "2": 0.0}, "chi_high": null, "beta_low": null}