{"R": 40.0, "wi": 2, "di": 1, "delta": 1.0, "gamma": {"0": 1.018158688263718, "1": 0.6867443342786119, "2": 1.0691414365082843}, "mu": {"0": 1.130103016140269, "1": 1.1433142434990788, "2": 1.0214209029909402}, "phi": {"0": 0.4477178824213017, "1": 0.3297072760609201, "2": 0.13523118564282188}, "psi": {"0": 0.9755391838090501, "1": 0.9656725088559135, "2": 1.2050929735212659}, "sigma": {"0": 0.5879660620994149, "1": 0.6323175019460443, "2": 0.0}, "chi_high": null, "beta_low": null}