{"R": 40.0, "wi": 3, "di": 0, "delta": 1.0, "gamma": {"0": 1.0641679347037085, "1": 1.0208602781492746, "2": 1.433554101946406}, "mu": {"0": 1.116574071807962, "1": 1.1070837939170473, "2": 1.07160264597143}, "phi": {"0": 0.9390387769712405, "1": 0.7849137689291299, "2": 0.9270764042128155}, "psi": {"0": 0.9601203308556846, "1": 1.3153966403355681, "2": 1.4498434604245851}, "sigma": {"0": 0.5250035938021995, "1": 0.5679838960854298, "2": 0.0}, "chi_high": 0.12731863368343102, "beta_low": null}