{"R": 40.0, "wi": 2, "di": 1, "delta": 1.0, "gamma": {"0": 0.7345685594961389, "1": 1.078313789141083, "2": 0.9159333515324113}, "mu": {"0": 1.091575336827299, "1": 1.1052522405689453, "2": 1.0318379495239942}, "phi": {"0": 0.04808826735362126, "1": 0.24148530486529396, "2": 0.15380393066561437}, "psi": {"0": 1.499464958537913, "1": 0.6081506543123568, "2": 0.6586442620222455}, "sigma": {"0": 0.550994839781283, "1": 0.9160488653745731, "2": 0.0}, "chi_high": null, "beta_low": null}