{"R": 40.0, "wi": 1, "di": 1, "delta": 1.0, "gamma": {"0": 0.7000968698524574, "1": 1.116875038070187, "2": 1.2233715340402909}, "mu": {"0": 1.1186930689033847, "1": 1.0025153050586633, "2": 1.049340476079913}, "phi": {"0": 0.7383754431057922, "1": 0.03236688475750338, "2": 0.32733246365362156}, "psi": {"0": 0.6419721715442352, "1": 1.0898820425350713, "2": 0.5398810366535908}, "sigma": {"0": 0.9848454718677383, "1": 0.0, "2": 0.0}, "chi_high": null, "beta_low": 0.9617484352406807}