{"R": 40.0, "wi": 1, "di": 1, "delta": 1.0, "gamma": {"0": 0.6987800416783794, "1": 0.8596309348570397, "2": 0.5427705788379866}, "mu": {"0": 1.1333700810174163, "1": 1.1152337513073163, "2": 1.0842796039744877}, "phi": {"0": 0.6988973133232388, "1": 0.3135736685303505, "2": 0.7500914730379076}, "psi": {"0": 0.6611240746247703, "1": 0.5393000721077994, "2": 0.652720694757169}, "sigma": {"0": 0.8958453311611922, "1": 0.0, "2": 0.0}, "chi_high": null, "beta_low": 0.8955769099875793}