{"R": 40.0, "wi": 3, "di": 2, "delta": 1.0, "gamma": {"0": 0.8277394974122426, "1": 0.7710044354640858, "2": 1.4287632491405762}, "mu": {"0": 1.094467453697618, "1": 1.0003165923536261, "2": 1.0553106159855585}, "phi": {"0": 0.5053303175686416, "1": 0.08579819479226303, "2": 0.018492995518856747}, "psi": {"0": 1.1293702320894838, "1": 1.0450560121466637, "2": 1.113542891233616}, "sigma": {"0": 0.8602301877232091, "1": 0.8374895236668563, "2": 0.0}, "chi_high": 0.42935014173449193, "beta_low": null}