{"R": 40.0, "wi": 3, "di": 1, "delta": 1.0, "gamma": {"0": 1.0386550202795042, "1": 1.112334853736055, "2": 0.5014761121890339}, "mu": {"0": 1.1242605055181845, "1": 1.1361116317054847, "2": 1.1418084834549374}, "phi": {"0": 0.5231171287382519, "1": 0.6582010916922868, "2": 0.046726090884148586}, "psi": {"0": 0.8495925493180966, "1": 0.7303952867620312, "2": 0.8367701314300913}, "sigma": {"0": 0.5028930728297801, "1": 0.9310554906824041, "2": 0.0}, "chi_high": 0.0981349760551739, "beta_low": null}