{"R": 40.0, "wi": 1, "di": 2, "delta": 1.0, "gamma": {"0": 0.8371703921039302, "1": 0.9414105147813222, "2": 0.8785524059852886}, "mu": {"0": 1.1442586208446186, "1": 1.083197579085215, "2": 1.119877604384863}, "phi": {"0": 0.056560254433786206, "1": 0.2785770071254352, "2": 0.663266507580821}, "psi": {"0": 0.8169704265214243, "1": 0.8659289755747499, "2": 0.9175281309223408}, "sigma": {"0": 0.5933020237913538, "1": 0.0, "2": 0.0}, "chi_high": null, "beta_low": 0.8487890393037872}