{"R": 40.0, "wi": 3, "di": 1, "delta": 1.0, "gamma": {"0": 0.6958268423642229, "1": 1.274674527292269, "2": 1.3824319956717048}, "mu": {"0": 1.0124617318191693, "1": 1.1095774904603217, "2": 1.1097129144813322}, "phi": {"0": 0.177844101824724, "1": 0.5893878350772789, "2": 0.7003787426663439}, "psi": {"0": 0.8704861138468374, "1": 1.2497085828796575, "2": 1.1993768104228095}, "sigma": {"0": 0.6378974394939962, "1": 0.5046704627391045, "2": 0.0}, "chi_high": 0.1302222476787127, "beta_low": null}