{"R": 40.0, "wi": 2, "di": 1, "delta": 1.0, "gamma": {"0": 1.076590305553634, "1": 0.8872249459039768, "2": 1.2720023673757277}, "mu": {"0": 1.0925152729843304, "1": 1.0208901775684196, "2": 1.0234795329901278}, "phi": {"0": 0.34415306460241646, "1": 0.37062251068088303, "2": 0.9503746450129403}, "psi": {"0": 1.2541082242185644, "1": 1.3943339001558415, "2": 1.1535161029308099}, "sigma": {"0": 0.7613953823008636, "1": 0.8414791659401666, "2": 0.0}, "chi_high": null, "beta_low": null}