{"R": 40.0, "wi": 1, "di": 2, "delta": 1.0, "gamma": {"0": 1.0947070824962841, "1": 0.7157554951167464, "2": 1.2761383996755253}, "mu": {"0": 1.0671531872703934, "1": 1.1107385942983028, "2": 1.1240814748844679}, "phi": {"0": 0.09571674235800998, "1": 0.5198209570395895, "2": 0.7145042245835964}, "psi": {"0": 0.9039826335118369, "1": 1.0266961642162822, "2": 1.267108987809719}, "sigma": {"0": 0.9580037140901351, "1": 0.0, "2": 0.0}, "chi_high": null, "beta_low": 0.5685286482071935}