{"R": 40.0, "wi": 1, "di": 0, "delta": 1.0, "gamma": {"0": 1.375829706411664, "1": 0.9527171416030692, "2": 1.2929987024642822}, "mu": {"0": 1.0747089654482322, "1": 1.0513813085039607, "2": 1.1266383573827954}, "phi": {"0": 0.44214237607788753, "1": 0.0055128203664908115, "2": 0.7115720193036275}, "psi": {"0": 1.1487653192325886, "1": 0.8379848025799974, "2": 1.3156835415467651}, "sigma": {"0": 0.6161113526511517, "1": 0.0, "2": 0.0}, "chi_high": null, "beta_low": 0.4923486001598971}