{"R": 40.0, "wi": 2, "di": 0, "delta": 1.0, "gamma": {"0": 1.097102837490494, "1": 1.1243120275501939, "2": 1.1990665396831799}, "mu": {"0": 1.0385419209629316, "1": 1.13562089726893, "2": 1.0052182949915855}, "phi": {"0": 0.429960005298774, "1": 0.9047978414455137, "2": 0.6198606300338405}, "psi": {"0": 0.6354942670123074, "1": 0.7757171468345616, "2": 1.323295829306537}, "sigma": {"0": 0.7478457518349874, "1": 0.5106450190356233, "2": 0.0}, "chi_high": null, "beta_low": null}