{"R": 40.0, "wi": 3, "di": 2, "delta": 1.0, "gamma": {"0": 1.1717775950999652, "1": 0.5721512407045608, "2": 0.8339738851727271}, "mu": {"0": 1.0784334591058804, "1": 1.124680955766966, "2": 1.0521862662126216}, "phi": {"0": 0.26869517323140546, "1": 0.07160140325473818, "2": 0.1809104074567961}, "psi": {"0": 0.6824990563211896, "1": 1.0798036779560014, "2": 0.9588847265770988}, "sigma": {"0": 0.9793318001612584, "1": 0.8998266332467765, "2": 0.0}, "chi_high": 0.8889319231801829, "beta_low": null}