{"R": 40.0, "wi": 1, "di": 0, "delta": 1.0, "gamma": {"0": 0.6149007567283076, "1": 1.336625214191843, "2": 0.6492242232661042}, "mu": {"0": 1.0566563800645756, "1": 1.0090361868782176, "2": 1.1325043584438423}, "phi": {"0": 0.2785328665102955, "1": 0.5711837205428822, "2": 0.35922894077171197}, "psi": {"0": 1.4707106492803381, "1": 0.8714837104050708, "2": 0.9032621849646443}, "sigma": {"0": 0.5657777330803504, "1": 0.0, "2": 0.0}, "chi_high": null, "beta_low": 0.8213421467752725}