{"R": 40.0, "wi": 3, "di": 1, "delta": 1.0, "gamma": {"0": 0.5044150089236598, "1": 0.5046946711552023, "2": 1.0739586574766586}, "mu": {"0": 1.0272208232036912, "1": 1.1250150153237273, "2": 1.0349876673728786}, "phi": {"0": 0.9149179583178383, "1": 0.9741958692746491, "2": 0.5300324351577003}, "psi": {"0": 0.8973345210076668, "1": 0.7251394766380038, "2": 1.1958022418862781}, "sigma": {"0": 0.8127218394166529, "1": 0.6247168489452956, "2": 0.0}, "chi_high": 0.9721014061992934, "beta_low": null}