{"R": 40.0, "wi": 3, "di": 0, "delta": 1.0, "gamma": {"0": 1.280167081552378, "1": 0.5043657732183575, "2": 1.1042857201445673}, "mu": {"0": 1.1383494841931314, "1": 1.0934152921114395, "2": 1.0010065534189339}, "phi": {"0": 0.950353132678525, "1": 0.28622981777637235, "2": 0.4638562058586755}, "psi": {"0": 0.9947149426836728, "1": 0.5092795892682389, "2": 0.9344434620312505}, "sigma": {"0": 0.5579714568249771, "1": 0.9563387883787555, "2": 0.0}, "chi_high": 0.290408571268871, "beta_low": null}