{"R": 40.0, "wi": 0, "di": 1, "delta": 1.0, "gamma": {"0": 0.6753399511817425, "1": 1.1227087635620885, "2": 1.1285260408292621}, "mu": {"0": 1.059745797697541, "1": 1.0689386633454716, "2": 1.0820092469498181}, "phi": {"0": 0.4957031927638449, "1": 0.0070773678019701025, "2": 0.6635491184624608}, "psi": {"0": 0.9841651197743024, "1": 0.9299941439321491, "2": 1.4189672462289464}, "sigma": {"0": 0.7291929430367956, "1": 0.9228154379613163, "2": 0.0}, "chi_high": 0.2557030309915555, "beta_low": 0.26062137390794}