{"R": 40.0, "wi": 3, "di": 2, "delta": 1.0, "gamma": {"0": 0.7707287141603395, "1": 0.976861288250405, "2": 0.7226915752696789}, "mu": {"0": 1.0814952679419785, "1": 1.0679829284735698, "2": 1.0325746119904298}, "phi": {"0": 0.8466777349052297, "1": 0.8213968937735836, "2": 0.5749021398650289}, "psi": {"0": 0.8853068686084483, "1": 0.604541586439749, "2": 1.013675608164064}, "sigma": {"0": 0.8775065432138033, "1": 0.5461302787496842, "2": 0.0}, "chi_high": 0.982839027819023, "beta_low": null}