{"R": 40.0, "wi": 2, "di": 0, "delta": 1.0, "gamma": {"0": 0.8889868874556344, "1": 0.9779451813425509, "2": 1.4947378193400573}, "mu": {"0": 1.0753107554337047, "1": 1.0115826813281181, "2": 1.1348947101543274}, "phi": {"0": 0.7897897884919568, "1": 0.7629175330809143, "2": 0.08938676281047053}, "psi": {"0": 1.3356088075500785, "1": 0.9531790408448166, "2": 1.4562710197984612}, "sigma": {"0": 0.6031318430385926, "1": 0.7557677397574337, "2": 0.0}, "chi_high": null, "beta_low": null}