{"R": 40.0, "wi": 3, "di": 2, "delta": 1.0, "gamma": {"0": 1.394205433774355, "1": 1.1733589797890676, "2": 1.4594238219139286}, "mu": {"0": 1.0534191988218116, "1": 1.0077369506462912, "2": 1.0730674901721335}, "phi": {"0": 0.6922131372727224, "1": 0.37855012550003186, "2": 0.15120962352993295}, "psi": {"0": 1.06383462844056, "1": 1.37649502618873, "2": 1.11239885906513}, "sigma": {"0": 0.661585657189153, "1": 0.5059540089014267, "2": 0.0}, "chi_high": 0.35293638848387854, "beta_low": null}