{"R": 40.0, "wi": 2, "di": 0, "delta": 1.0, "gamma": {"0": 0.7113660170176341, "1": 1.4716143661707752, "2": 0.9192933688956574}, "mu": {"0": 1.1186213378699263, "1": 1.0123178554499075, "2": 1.0790019326843225}, "phi": {"0": 0.9246309009444937, "1": 0.41498517290134374, "2": 0.6318424161922352}, "psi": {"0": 0.5448562299719142, "1": 0.6269012049143142, "2": 1.3329244201814543}, "sigma": {"0": 0.9441468664964701, "1": 0.7979396745534857, "2": 0.0}, "chi_high": null, "beta_low": null}