{"R": 40.0, "wi": 1, "di": 2, "delta": 1.0, "gamma": {"0": 1.4057482903729297, "1": 0.6866826769713003, "2": 1.0145046340099848}, "mu": {"0": 1.1109374533979544, "1": 1.134090462720379, "2": 1.1271747226168656}, "phi": {"0": 0.10591865856211768, "1": 0.029066082619796152, "2": 0.48835946293412025}, "psi": {"0": 0.8564288056009493, "1": 1.305705345528824, "2": 1.4337971381938743}, "sigma": {"0": 0.8685230732343581, "1": 0.0, "2": 0.0}, "chi_high": null, "beta_low": 0.32236143403439566}