{"R": 40.0, "wi": 1, "di": 1, "delta": 1.0, "gamma": {"0": 0.5184992807779034, "1": 0.9010717205277747, "2": 1.1397283261947537}, "mu": {"0": 1.0502506732313381, "1": 1.0004261145289115, "2": 1.033982992976218}, "phi": {"0": 0.6547085464073532, "1": 0.17052704909749938, "2": 0.41056667647691625}, "psi": {"0": 1.0740996218480094, "1": 0.6214674459769235, "2": 1.2997450812608133}, "sigma": {"0": 0.7107668879186384, "1": 0.0, "2": 0.0}, "chi_high": null, "beta_low": 0.7662533543282593}