{"R": 40.0, "wi": 0, "di": 1, "delta": 1.0, "gamma": {"0": 1.3764396972953397, "1": 0.9481250880846549, "2": 0.8826703428816185}, "mu": {"0": 1.110232444139216, "1": 1.1020851975674513, "2": 1.1342125012267354}, "phi": {"0": 0.2807127009925041, "1": 0.581621185764306, "2": 0.678320578547447}, "psi": {"0": 0.7544169052299049, "1": 0.885398742595272, "2": 1.0922268936038624}, "sigma": {"0": 0.9367490626211028, "1": 0.6834613084078831, "2": 0.0}, "chi_high": 0.24916746151350458, "beta_low": 0.11598969544914964}