{"R": 40.0, "wi": 2, "di": 1, "delta": 1.0, "gamma": {"0": 0.5298378907411091, "1": 1.3947635337559485, "2": 0.7170112197191499}, "mu": {"0": 1.017139749638567, "1": 1.1217586161231303, "2": 1.1309166273750164}, "phi": {"0": 0.6113357392357416, "1": 0.7916806691745868, "2": 0.1155796854357346}, "psi": {"0": 0.5364422966325053, "1": 0.7666989937550892, "2": 1.488520473113943}, "sigma": {"0": 0.6112590732498782, "1": 0.515304294516286, "2": 0.0}, "chi_high": null, "beta_low": null}