{"R": 40.0, "wi": 0, "di": 1, "delta": 1.0, "gamma": {"0": 1.3901416261207657, "1": 1.4032351709393034, "2": 1.0045003579130554}, "mu": {"0": 1.032662601223985, "1": 1.0503077781607773, "2": 1.0238640658556355}, "phi": {"0": 0.5180566950968261, "1": 0.11588247794148021, "2": 0.9431174198517156}, "psi": {"0": 1.1712549698859718, "1": 0.727671120290635, "2": 1.1038267253246634}, "sigma": {"0": 0.8665678162778848, "1": 0.9007283420631799, "2": 0.0}, "chi_high": 0.9713077024139282, "beta_low": 0.8522417069494496}