{"R": 40.0, "wi": 0, "di": 0, "delta": 1.0, "gamma": {"0": 0.7367577849948681, "1": 0.6585611335886654, "2": 0.8855754849631459}, "mu": {"0": 1.127205170547951, "1": 1.0783752182351758, "2": 1.1489395251654066}, "phi": {"0": 0.5284660131664519, "1": 0.6763414603177066, "2": 0.7606232558521726}, "psi": {"0": 1.3706505604313082, "1": 0.5523036497881251, "2": 0.7005748462922948}, "sigma": {"0": 0.8859934904395093, "1": 0.6504543291764231, "2": 0.0}, "chi_high": 0.2781662139294291, "beta_low": 0.7746209102910433}