{"R": 40.0, "wi": 2, "di": 0, "delta": 1.0, "gamma": {"0": 0.9408842654098054, "1": 0.883806501037881, "2": 0.521553383221422}, "mu": {"0": 1.0922192229737764, "1": 1.1403879097450043, "2": 1.0438279462559197}, "phi": {"0": 0.4583528153665324, "1": 0.19113800740774, "2": 0.9643792527048116}, "psi": {"0": 0.8704150586257056, "1": 0.8999151745845375, "2": 0.7868272121664682}, "sigma": {"0": 0.7554550604248229, "1": 0.6027303467802398, "2": 0.0}, "chi_high": null, "beta_low": null}