{"R": 40.0, "wi": 3, "di": 2, "delta": 1.0, "gamma": {"0": 1.095652497750652, "1": 1.3540516978327868, "2": 1.3918732119461485}, "mu": {"0": 1.0934811955103485, "1": 1.0952173935556766, "2": 1.0499861353432596}, "phi": {"0": 0.6340976896189258, "1": 0.780663250995312, "2": 0.2188294274976672}, "psi": {"0": 1.4368278778556978, "1": 1.3813387893289297, "2": 1.4070450404218326}, "sigma": {"0": 0.8962960754749761, "1": 0.9402805435941708, "2": 0.0}, "chi_high": 0.823218501681343, "beta_low": null}