{"R": 40.0, "wi": 1, "di": 1, "delta": 1.0, "gamma": {"0": 1.2059439694294363, "1": 0.7576795361363399, "2": 0.5109133764492213}, "mu": {"0": 1.0554959050013832, "1": 1.099841620126492, "2": 1.0786875159979334}, "phi": {"0": 0.15553641131501594, "1": 0.8034563463348792, "2": 0.7867988517298923}, "psi": {"0": 1.1453446435540768, "1": 1.2529927079938168, "2": 0.8143814104769544}, "sigma": {"0": 0.9960554525868189, "1": 0.0, "2": 0.0}, "chi_high": null, "beta_low": 0.5690016563200543}