{"R": 40.0, "wi": 0, "di": 2, "delta": 1.0, "gamma": {"0": 0.7323800926178379, "1": 1.3758023315000965, "2": 1.2934600064126434}, "mu": {"0": 1.1019108953139898, "1": 1.1285591038922103, "2": 1.001494622868312}, "phi": {"0": 0.6004335370378011, "1": 0.2871529060076987, "2": 0.1698103427133003}, "psi": {"0": 1.4659302578777864, "1": 0.8607391488393454, "2": 0.7037757283592763}, "sigma": {"0": 0.8694030321626461, "1": 0.6368267135695505, "2": 0.0}, "chi_high": 0.035647514821250365, "beta_low": 0.7527418038791776}