{"R": 40.0, "wi": 0, "di": 2, "delta": 1.0, "gamma": {"0": 0.7687326286967997, "1": 1.1297252481529945, "2": 0.737412823109136}, "mu": {"0": 1.1281406520581057, "1": 1.137589713793966, "2": 1.1334262418641663}, "phi": {"0": 0.8008025910991049, "1": 0.9057904609989583, "2": 0.6548209147491023}, "psi": {"0": 0.8012085506054666, "1": 0.8966875267760738, "2": 0.5188466898523484}, "sigma": {"0": 0.7984090382694544, "1": 0.7687388667332853, "2": 0.0}, "chi_high": 0.11846222792443582, "beta_low": 0.7855346398583967}