{"R": 40.0, "wi": 3, "di": 1, "delta": 1.0, "gamma": {"0": 0.7640243184961636, "1": 0.7746512203698372, "2": 0.9234509576543629}, "mu": {"0": 1.0148944661795123, "1": 1.1080975269612496, "2": 1.0739042978410758}, "phi": {"0": 0.5876761140485368, "1": 0.9979954618927935, "2": 0.6351152861586227}, "psi": {"0": 1.3822853243059634, "1": 1.4860038441515337, "2": 0.7549595424510253}, "sigma": {"0": 0.6338042236770294, "1": 0.5316439513204891, "2": 0.0}, "chi_high": 0.9302290111732755, "beta_low": null}