{"R": 40.0, "wi": 1, "di": 0, "delta": 1.0, "gamma": {"0": 1.3241285287139901, "1": 0.7075588192405717, "2": 1.2615296855841736}, "mu": {"0": 1.0712988080972987, "1": 1.1307660276228368, "2": 1.02507064738656}, "phi": {"0": 0.6094630778068645, "1": 0.7351627893750884, "2": 0.9257397239162901}, "psi": {"0": 1.418648158461043, "1": 1.0547304413872465, "2": 0.6051042922126665}, "sigma": {"0": 0.5139235847586293, "1": 0.0, "2": 0.0}, "chi_high": null, "beta_low": 0.5952041085932003}