{"R": 40.0, "wi": 1, "di": 1, "delta": 1.0, "gamma": {"0": 0.8293778782806415, "1": 1.0792917335632404, "2": 1.1820452956233254}, "mu": {"0": 1.00428026320821, "1": 1.1222053366734974, "2": 1.1041282006811042}, "phi": {"0": 0.7515299122440737, "1": 0.5568427147932415, "2": 0.02284615378619681}, "psi": {"0": 1.1069701761078488, "1": 1.040944925405187, "2": 0.9600395628320121}, "sigma": {"0": 0.8518781310376139, "1": 0.0, "2": 0.0}, "chi_high": null, "beta_low": 0.9494166272140143}