{"R": 40.0, "wi": 0, "di": 0, "delta": 1.0, "gamma": {"0": 0.9987522648442959, "1": 1.237851217660737, "2": 0.8236368042621027}, "mu": {"0": 1.0683900365960604, "1": 1.1325461084037187, "2": 1.0330428617597904}, "phi": {"0": 0.15766898066848023, "1": 0.9442711776771785, "2": 0.9508695891562492}, "psi": {"0": 0.74802673091688, "1": 1.0356967045938026, "2": 0.8080456110601272}, "sigma": {"0": 0.9700380532962047, "1": 0.9637521299033873, "2": 0.0}, "chi_high": 0.3165396882851335, "beta_low": 0.5566007356945684}