{"R": 40.0, "wi": 3, "di": 0, "delta": 1.0, "gamma": {"0": 1.0468350661223935, "1": 0.8310392528850085, "2": 1.2869737924334599}, "mu": {"0": 1.0230870281963067, "1": 1.005948343917715, "2": 1.0102087525183159}, "phi": {"0": 0.6990330469851875, "1": 0.3946971689507939, "2": 0.5799879706413592}, "psi": {"0": 0.8955580566940075, "1": 1.3626177241919426, "2": 1.4939704126382534}, "sigma": {"0": 0.9755853763106048, "1": 0.5838055994911453, "2": 0.0}, "chi_high": 0.2451860600480422, "beta_low": null}