{"R": 40.0, "wi": 3, "di": 1, "delta": 1.0, "gamma": {"0": 0.9275672205460839, "1": 1.340435121314738, "2": 1.391192747179081}, "mu": {"0": 1.1218133096944753, "1": 1.0769058438946602, "2": 1.0049355470004235}, "phi": {"0": 0.10994382613600395, "1": 0.9063943351763641, "2": 0.7105401085296167}, "psi": {"0": 0.7165097004448843, "1": 1.252210872269453, "2": 0.7762844365034177}, "sigma": {"0": 0.7883668004676766, "1": 0.6242221236545547, "2": 0.0}, "chi_high": 0.1676426719729612, "beta_low": null}