{"R": 40.0, "wi": 0, "di": 0, "delta": 1.0, "gamma": {"0": 0.606194538499014, "1": 0.7057305851830975, "2": 0.5324413717977091}, "mu": {"0": 1.0698529250584166, "1": 1.114781548380699, "2": 1.0896438629183824}, "phi": {"0": 0.684369409348744, "1": 0.3126901087085814, "2": 0.8331288764408766}, "psi": {"0": 0.6224487222033404, "1": 0.986091308791852, "2": 1.10203150390933}, "sigma": {"0": 0.9932201686321943, "1": 0.5275337226329484, "2": 0.0}, "chi_high": 0.21193946106714337, "beta_low": 0.732849615183505}