{"R": 40.0, "wi": 1, "di": 2, "delta": 1.0, "gamma": {"0": 1.4909895402264315, "1": 1.346989499858386, "2": 1.0193898937391406}, "mu": {"0": 1.0018481008333282, "1": 1.0085130743044557, "2": 1.0067958305658136}, "phi": {"0": 0.07559466200699094, "1": 0.25041891766960145, "2": 0.7172355068974986}, "psi": {"0": 1.099824470886105, "1": 0.7395393918316757, "2": 1.233961251534374}, "sigma": {"0": 0.9029545992615913, "1": 0.0, "2": 0.0}, "chi_high": null, "beta_low": 0.010445184399826325}