{"R": 40.0, "wi": 0, "di": 0, "delta": 1.0, "gamma": {"0": 0.6053888710240558, "1": 1.102249137455765, "2": 1.093238909936176}, "mu": {"0": 1.0170253429737086, "1": 1.139681450307919, "2": 1.101964373234138}, "phi": {"0": 0.4970427226921813, "1": 0.8617041952129286, "2": 0.48533803084026794}, "psi": {"0": 1.3470609419915769, "1": 0.964377752408236, "2": 1.4573753757550194}, "sigma": {"0": 0.7315868550765667, "1": 0.590218737128166, "2": 0.0}, "chi_high": 0.5245301910867626, "beta_low": 0.3396535844230699}