{"R": 40.0, "wi": 3, "di": 0, "delta": 1.0, "gamma": {"0": 1.4752126125053366, "1": 1.2992547270952977, "2": 1.3039317693441337}, "mu": {"0": 1.0024882798441273, "1": 1.04084829329785, "2": 1.1049891643741316}, "phi": {"0": 0.6232969963524486, "1": 0.7223906244927732, "2": 0.6296643171237816}, "psi": {"0": 1.2590881738708322, "1": 1.120075441391218, "2": 1.2794004709081281}, "sigma": {"0": 0.5912525083027371, "1": 0.5449331747596228, "2": 0.0}, "chi_high": 0.41857006555722454, "beta_low": null}