{"R": 40.0, "wi": 2, "di": 0, "delta": 1.0, "gamma": {"0": 1.212797739417495, "1": 0.8179683055742931, "2": 1.1817785313939702}, "mu": {"0": 1.0044352486316275, "1": 1.0449588907939478, "2": 1.0121585349684863}, "phi": {"0": 0.654766091197486, "1": 0.543908081294793, "2": 0.13156033689751145}, "psi": {"0": 1.2803211089256832, "1": 1.3087882976036838, "2": 1.2554102254130242}, "sigma": {"0": 0.9765621681204864, "1": 0.8978594621737551, "2": 0.0}, "chi_high": null, "beta_low": null}