{"R": 40.0, "wi": 3, "di": 0, "delta": 1.0, "gamma": {"0": 1.302950644452916, "1": 0.6694327654965412, "2": 1.0812696629262903}, "mu": {"0": 1.0471061949324891, "1": 1.030756485487539, "2": 1.0951632585920237}, "phi": {"0": 0.534461677143619, "1": 0.41092846699115615, "2": 0.22500158428928152}, "psi": {"0": 0.7479246908412078, "1": 0.7309526666031482, "2": 0.639188262027266}, "sigma": {"0": 0.6669112485204737, "1": 0.7925040517153139, "2": 0.0}, "chi_high": 0.777302747134504, "beta_low": null}