{"R": 40.0, "wi": 1, "di": 2, "delta": 1.0, "gamma": {"0": 0.5033430610977403, "1": 0.7865947886844982, "2": 1.2653289747601077}, "mu": {"0": 1.0038216211813997, "1": 1.0269629265219637, "2": 1.068730130395319}, "phi": {"0": 0.7615432081033762, "1": 0.7062390948992711, "2": 0.4001734161238162}, "psi": {"0": 0.7077026753743836, "1": 1.1012296730556228, "2": 0.7503480984414869}, "sigma": {"0": 0.8111229664145527, "1": 0.0, "2": 0.0}, "chi_high": null, "beta_low": 0.43246253689257064}