{"R": 40.0, "wi": 1, "di": 1, "delta": 1.0, "gamma": {"0": 0.9073240699424691, "1": 0.7567249681483066, "2": 0.9726554883459902}, "mu": {"0": 1.1303745426731757, "1": 1.0825590307655402, "2": 1.0196173882423092}, "phi": {"0": 0.7831160588192914, "1": 0.24544858535329483, "2": 0.0071731658095577355}, "psi": {"0": 0.6548959625142405, "1": 1.27646222968426, "2": 1.4471109845078063}, "sigma": {"0": 0.85898679092485, "1": 0.0, "2": 0.0}, "chi_high": null, "beta_low": 0.1558698838984567}