{"R": 40.0, "wi": 1, "di": 1, "delta": 1.0, "gamma": {"0": 1.2846803197090357, "1": 1.0030923871849953, "2": 0.7486920827803711}, "mu": {"0": 1.111020578645393, "1": 1.0667233339249762, "2": 1.0896540677980318}, "phi": {"0": 0.38054139992173397, "1": 0.562632804924429, "2": 0.41370458449134606}, "psi": {"0": 0.5282239525636651, "1": 0.8380515857201793, "2": 0.7111353112478512}, "sigma": {"0": 0.8226127923702404, "1": 0.0, "2": 0.0}, "chi_high": null, "beta_low": 0.11488078642273197}