{"R": 40.0, "wi": 0, "di": 1, "delta": 1.0, "gamma": {"0": 1.0462692548672423, "1": 1.4449488262015258, "2": 1.1132250444947749}, "mu": {"0": 1.029083678195429, "1": 1.0798194384932065, "2": 1.0144663445846271}, "phi": {"0": 0.8391945314648923, "1": 0.9538639835655466, "2": 0.49705742391319785}, "psi": {"0": 0.5438693478255254, "1": 0.5801549512060781, "2": 0.8400006834503685}, "sigma": {"0": 0.9231889057657339, "1": 0.8974240467662161, "2": 0.0}, "chi_high": 0.5488111566342796, "beta_low": 0.09680539161929416}