{"R": 40.0, "wi": 0, "di": 2, "delta": 1.0, "gamma": {"0": 1.0543795871313595, "1": 1.4210946112855365, "2": 1.3167281021499009}, "mu": {"0": 1.0204407140634548, "1": 1.137363660080495, "2": 1.068539245586624}, "phi": {"0": 0.2697028280602607, "1": 0.35133504176198926, "2": 0.6753124257091723}, "psi": {"0": 1.1893499020765357, "1": 0.5780242020720214, "2": 0.7308679497565252}, "sigma": {"0": 0.9500562559008467, "1": 0.6914144763737192, "2": 0.0}, "chi_high": 0.4249047107198512, "beta_low": 0.593564282066192}