{"R": 40.0, "wi": 2, "di": 1, "delta": 1.0, "gamma": {"0": 0.9638147751201255, "1": 0.5973789904464457, "2": 1.3739077800963662}, "mu": {"0": 1.127494844231163, "1": 1.0047149849734023, "2": 1.0964815227107605}, "phi": {"0": 0.7028852067311989, "1": 0.3349799338776923, "2": 0.21134421402158743}, "psi": {"0": 1.4770066004408648, "1": 1.3992485255468858, "2": 1.0069532807763761}, "sigma": {"0": 0.7765239533028347, "1": 0.7716260282805738, "2": 0.0}, "chi_high": null, "beta_low": null}