{"R": 40.0, "wi": 2, "di": 2, "delta": 1.0, "gamma": {"0": 1.146004359961877, "1": 0.8271059499657637, "2": 0.8128996893535821}, "mu": {"0": 1.0990648508022918, "1": 1.1156053997723248, "2": 1.080115748409521}, "phi": {"0": 0.17263166929716178, "1": 0.6959862932154282, "2": 0.6498186186817808}, "psi": {"0": 0.8835217686162393, "1": 1.251496411285418, "2": 0.894214689569779}, "sigma": {"0": 0.6558923498242281, "1": 0.7104802205869428, "2": 0.0}, "chi_high": null, "beta_low": null}