{"R": 40.0, "wi": 0, "di": 0, "delta": 1.0, "gamma": {"0": 1.288356389765716, "1": 0.6344658206178051, "2": 0.6305188175471926}, "mu": {"0": 1.0774540577756782, "1": 1.0896949171770516, "2": 1.1045868576529827}, "phi": {"0": 0.4356585917062471, "1": 0.22010991058721685, "2": 0.11865727069666532}, "psi": {"0": 1.3986981891167343, "1": 1.2875150863259306, "2": 0.6317793217576506}, "sigma": {"0": 0.6397882050749734, "1": 0.6031544538987558, "2": 0.0}, "chi_high": 0.6377196170946527, "beta_low": 0.9031018869659988}