{"R": 40.0, "wi": 0, "di": 1, "delta": 1.0, "gamma": {"0": 1.0407150485610892, "1": 1.4522780959870385, "2": 0.7805358725412394}, "mu": {"0": 1.0962337622958698, "1": 1.113427074102227, "2": 1.0813794527964053}, "phi": {"0": 0.030215368435374312, "1": 0.8958337748190026, "2": 0.4310110626059338}, "psi": {"0": 1.0231917671217023, "1": 1.3487517045486714, "2": 1.1025331009405952}, "sigma": {"0": 0.8226833293659255, "1": 0.6051737614941199, "2": 0.0}, "chi_high": 0.9016936317621124, "beta_low": 0.2728304590487974}