{"R": 40.0, "wi": 3, "di": 1, "delta": 1.0, "gamma": {"0": 0.9713825878494218, "1": 0.6541226603831931, "2": 1.48299570530473}, "mu": {"0": 1.0522359521103435, "1": 1.0660970909506, "2": 1.100721365534794}, "phi": {"0": 0.625633558951307, "1": 0.3806350506153736, "2": 0.0019302011243307327}, "psi": {"0": 0.7321583157436443, "1": 1.1497070781540888, "2": 0.8674324099865657}, "sigma": {"0": 0.6931896569089252, "1": 0.8722981276755718, "2": 0.0}, "chi_high": 0.7610986221869972, "beta_low": null}