{"R": 40.0, "wi": 3, "di": 2, "delta": 1.0, "gamma": {"0": 1.3003780917542596, "1": 0.6661171300392688, "2": 0.6546690879878858}, "mu": {"0": 1.0700711576729458, "1": 1.0199681353887773, "2": 1.1089772212520872}, "phi": {"0": 0.0546810185379073, "1": 0.8540720151872826, "2": 0.013163816583933952}, "psi": {"0": 0.9821980282427307, "1": 1.3927562806131655, "2": 1.121227140100569}, "sigma": {"0": 0.5223475150860311, "1": 0.7105154510267382, "2": 0.0}, "chi_high": 0.17218144976677688, "beta_low": null}