{"R": 40.0, "wi": 2, "di": 1, "delta": 1.0, "gamma": {"0": 1.297085649863756, "1": 0.7728497764115455, "2": 1.2455216811483014}, "mu": {"0": 1.0935298357937615, "1": 1.1061058418425016, "2": 1.0362308318242228}, "phi": {"0": 0.9222092149326683, "1": 0.6816095509039841, "2": 0.007845763273386375}, "psi": {"0": 1.2651020585338038, "1": 0.5437963024467565, "2": 0.9023282588633031}, "sigma": {"0": 0.8519126211632689, "1": 0.5119246160150128, "2": 0.0}, "chi_high": null, "beta_low": null}