{"R": 40.0, "wi": 0, "di": 0, "delta": 1.0, "gamma": {"0": 0.7898723374373716, "1": 1.1113003359339895, "2": 0.7433604428378455}, "mu": {"0": 1.0434082034246568, "1": 1.0456015693666634, "2": 1.0007810621384872}, "phi": {"0": 0.6030776497682322, "1": 0.49155351197807384, "2": 0.1849667880936836}, "psi": {"0": 1.3901668749844962, "1": 0.5674613940386204, "2": 0.859295863424049}, "sigma": {"0": 0.9555133868184886, "1": 0.5182514694328912, "2": 0.0}, "chi_high": 0.4421908037792473, "beta_low": 0.14871390705792167}