{"R": 40.0, "wi": 1, "di": 1, "delta": 1.0, "gamma": {"0": 0.7115435848948043, "1": 0.6716570639429934, "2": 0.7495687636702766}, "mu": {"0": 1.118056027414573, "1": 1.1147829355275563, "2": 1.0159559750228495}, "phi": {"0": 0.5056238161623141, "1": 0.007019630962538881, "2": 0.6721791176426277}, "psi": {"0": 0.5637270995795982, "1": 0.8720398359342475, "2": 0.5748469311550671}, "sigma": {"0": 0.6556833533344818, "1": 0.0, "2": 0.0}, "chi_high": null, "beta_low": 0.3111754172356224}