{"R": 40.0, "wi": 1, "di": 2, "delta": 1.0, "gamma": {"0": 1.165545626707373, "1": 0.6363668636804001, "2": 1.2493136403080112}, "mu": {"0": 1.1322606860992563, "1": 1.1157869754317478, "2": 1.1364651967669164}, "phi": {"0": 0.8521438589928921, "1": 0.8672550198992528, "2": 0.3894841554929118}, "psi": {"0": 1.0552758269884475, "1": 1.2644779334876293, "2": 0.8174088411536194}, "sigma": {"0": 0.5890682762927736, "1": 0.0, "2": 0.0}, "chi_high": null, "beta_low": 0.5136856941738364}