{"R": 40.0, "wi": 1, "di": 2, "delta": 1.0, "gamma": {"0": 1.40459390478842, "1": 0.7427692157921291, "2": 0.8571840630104293}, "mu": {"0": 1.0044332570276169, "1": 1.049896752707393, "2": 1.0030191556841306}, "phi": {"0": 0.8616583850023813, "1": 0.9473419701913018, "2": 0.6201553706170019}, "psi": {"0": 1.0130912536424894, "1": 0.9325800576535722, "2": 1.3684640426363193}, "sigma": {"0": 0.8161832439972613, "1": 0.0, "2": 0.0}, "chi_high": null, "beta_low": 0.5506264035303132}