{"R": 40.0, "wi": 2, "di": 1, "delta": 1.0, "gamma": {"0": 0.9590459694267714, "1": 1.2340325265351064, "2": 0.8316923342861423}, "mu": {"0": 1.1326981728559535, "1": 1.0118207263835857, "2": 1.0447081313660442}, "phi": {"0": 0.07096894831282996, "1": 0.8405769096587761, "2": 0.9902018097132153}, "psi": {"0": 1.3998455943120998, "1": 0.837086557310103, "2": 0.9821765371834114}, "sigma": {"0": 0.7045116858841097, "1": 0.6748864252436967, "2": 0.0}, "chi_high": null, "beta_low": null}