{"R": 40.0, "wi": 2, "di": 2, "delta": 1.0, "gamma": {"0": 0.6301395531177756, "1": 0.869361575630004, "2": 0.7536781051474826}, "mu": {"0": 1.103276890156718, "1": 1.0001297952875197, "2": 1.0106030901941472}, "phi": {"0": 0.002644920328497724, "1": 0.9340932955260755, "2": 0.5442617578318678}, "psi": {"0": 1.3481664365433987, "1": 0.5362898844290808, "2": 1.1933010049968873}, "sigma": {"0": 0.5444858181441719, "1": 0.8708093608736878, "2": 0.0}, "chi_high": null, "beta_low": null}