{"R": 40.0, "wi": 0, "di": 2, "delta": 1.0, "gamma": {"0": 0.66800139166446, "1": 0.5091971722354772, "2": 0.9516649332517773}, "mu": {"0": 1.1451036493758364, "1": 1.0192329479857856, "2": 1.1294445950730454}, "phi": {"0": 0.6524877313996307, "1": 0.9554073263480181, "2": 0.4286540921617651}, "psi": {"0": 1.0209457149507346, "1": 1.4101128426666099, "2": 0.6866144677194911}, "sigma": {"0": 0.6227346608537604, "1": 0.8548390816216411, "2": 0.0}, "chi_high": 0.8497293617915813, "beta_low": 0.9602507460480222}