{"R": 40.0, "wi": 0, "di": 2, "delta": 1.0, "gamma": {"0": 1.2742241032027295, "1": 1.1182847502132844, "2": 1.1444097745120319}, "mu": {"0": 1.1184915900486163, "1": 1.0617767858951255, "2": 1.082852252560764}, "phi": {"0": 0.9956152533130964, "1": 0.5139469477932335, "2": 0.0025895100227740775}, "psi": {"0": 0.560330588181175, "1": 0.9587325839731727, "2": 0.891158584347537}, "sigma": {"0": 0.7216950148802079, "1": 0.6744671205216443, "2": 0.0}, "chi_high": 0.40034844968615374, "beta_low": 0.724221411598803}