{"R": 40.0, "wi": 1, "di": 1, "delta": 1.0, "gamma": {"0": 1.2073867152833966, "1": 0.6110957779428783, "2": 1.4639019415480061}, "mu": {"0": 1.1150953669354926, "1": 1.002153074414351, "2": 1.0716722802288907}, "phi": {"0": 0.06019782472724078, "1": 0.7705585671098537, "2": 0.9046731361619372}, "psi": {"0": 0.7347811225096923, "1": 0.6413377153216924, "2": 1.2290711139616657}, "sigma": {"0": 0.8942060137296461, "1": 0.0, "2": 0.0}, "chi_high": null, "beta_low": 0.8232796604503396}