{"R": 40.0, "wi": 3, "di": 1, "delta": 1.0, "gamma": {"0": 1.1909893924638775, "1": 1.2518256321305072, "2": 1.3137099815267153}, "mu": {"0": 1.0116960705248053, "1": 1.0183352808383206, "2": 1.0222166300706226}, "phi": {"0": 0.8111135315038538, "1": 0.8051675312113394, "2": 0.028575411759314218}, "psi": {"0": 0.9556743615924195, "1": 1.0803669639453581, "2": 0.7058727283731794}, "sigma": {"0": 0.6109266933193809, "1": 0.7870765975302243, "2": 0.0}, "chi_high": 0.9322541377800385, "beta_low": null}