{"R": 40.0, "wi": 1, "di": 2, "delta": 1.0, "gamma": {"0": 1.2808787729871054, "1": 0.8243501952662238, "2": 0.8198820794500065}, "mu": {"0": 1.0614607802962843, "1": 1.07715744953139, "2": 1.102012749503164}, "phi": {"0": 0.781014811075025, "1": 0.5834719212143198, "2": 0.9184236820183591}, "psi": {"0": 0.827494491637015, "1": 0.9096640281536317, "2": 1.4740955328690017}, "sigma": {"0": 0.5134473092383371, "1": 0.0, "2": 0.0}, "chi_high": null, "beta_low": 0.5679797506746264}