{"R": 40.0, "wi": 2, "di": 1, "delta": 1.0, "gamma": {"0": 1.296470051150568, "1": 0.7742670308200662, "2": 0.5958387024053016}, "mu": {"0": 1.0314283985424766, "1": 1.0800768753059051, "2": 1.0093986929928498}, "phi": {"0": 0.4156191090193071, "1": 0.05072741769496003, "2": 0.6602943371265533}, "psi": {"0": 1.1815130366293114, "1": 0.6292682916089183, "2": 1.2286477716158921}, "sigma": {"0": 0.9299837366440995, "1": 0.6840818998825525, "2": 0.0}, "chi_high": null, "beta_low": null}