{"R": 40.0, "wi": 1, "di": 0, "delta": 1.0, "gamma": {"0": 1.4894575999996613, "1": 1.3004321753774337, "2": 1.1497666732582883}, "mu": {"0": 1.094942480277264, "1": 1.0308376851763306, "2": 1.0001611615221706}, "phi": {"0": 0.9473280442748321, "1": 0.9862583041095423, "2": 0.15990366613122486}, "psi": {"0": 1.136242850035746, "1": 1.0456008815149487, "2": 0.9732398219694255}, "sigma": {"0": 0.9292279585032237, "1": 0.0, "2": 0.0}, "chi_high": null, "beta_low": 0.5669842266920475}