{"R": 40.0, "wi": 1, "di": 2, "delta": 1.0, "gamma": {"0": 1.0497851923108463, "1": 1.1040469491251166, "2": 0.6802750405829963}, "mu": {"0": 1.1005549653822049, "1": 1.066179122339853, "2": 1.0594300296159602}, "phi": {"0": 0.7508434146633357, "1": 0.6020153035600327, "2": 0.9181732917446531}, "psi": {"0": 0.5474001508471041, "1": 1.0963936845006317, "2": 1.0545697559955696}, "sigma": {"0": 0.5408580389396004, "1": 0.0, "2": 0.0}, "chi_high": null, "beta_low": 0.20013449518067802}