{"R": 40.0, "wi": 3, "di": 2, "delta": 1.0, "gamma": {"0": 0.7935951372761385, "1": 1.2731823856221949, "2": 1.39262276961712}, "mu": {"0": 1.1472580756682065, "1": 1.0913746310225523, "2": 1.0907279318128673}, "phi": {"0": 0.6192735409997644, "1": 0.40549222376952376, "2": 0.5846506942302422}, "psi": {"0": 0.997639576632537, "1": 0.9433121871595592, "2": 0.7823902352072377}, "sigma": {"0": 0.5592782348177043, "1": 0.9274217158628901, "2": 0.0}, "chi_high": 0.8387498282382534, "beta_low": null}