{"R": 40.0, "wi": 2, "di": 0, "delta": 1.0, "gamma": {"0": 0.8385146264739952, "1": 0.5821460346619459, "2": 0.9807616903032573}, "mu": {"0": 1.0373750134076403, "1": 1.1010178724588544, "2": 1.055778602077584}, "phi": {"0": 0.005100716466482247, "1": 0.5661881743943065, "2": 0.585857789789699}, "psi": {"0": 1.0111080156289933, "1": 0.96361995835802, "2": 1.4704055591355405}, "sigma": {"0": 0.5102836309977735, "1": 0.7707869854349205, "2": 0.0}, "chi_high": null, "beta_low": null}