{"R": 40.0, "wi": 3, "di": 2, "delta": 1.0, "gamma": {"0": 1.02819385780219, "1": 1.1942468661681076, "2": 0.8335464314825486}, "mu": {"0": 1.0104693611682083, "1": 1.0121974504533358, "2": 1.1255099334613847}, "phi": {"0": 0.5534946002395686, "1": 0.338640257685239, "2": 0.7483264331854825}, "psi": {"0": 0.5245438332754058, "1": 1.3258953343698856, "2": 1.196017716745142}, "sigma": {"0": 0.7593611492456613, "1": 0.9253819949775861, "2": 0.0}, "chi_high": 0.7736314620382763, "beta_low": null}