{"R": 40.0, "wi": 1, "di": 1, "delta": 1.0, "gamma": {"0": 0.5814134407803199, "1": 0.831076924842389, "2": 0.8631097619767534}, "mu": {"0": 1.0929435793104607, "1": 1.1320825948545947, "2": 1.031518528091892}, "phi": {"0": 0.5160738570751927, "1": 0.9116140924709419, "2": 0.5660611378066113}, "psi": {"0": 1.149298689547293, "1": 1.027798341083598, "2": 0.566439905880358}, "sigma": {"0": 0.7673147462955359, "1": 0.0, "2": 0.0}, "chi_high": null, "beta_low": 0.5883305629345712}