{"R": 40.0, "wi": 3, "di": 2, "delta": 1.0, "gamma": {"0": 0.9216661999300565, "1": 1.1914739580359357, "2": 0.7327173261606319}, "mu": {"0": 1.0884253778181299, "1": 1.0531582584794335, "2": 1.0194898054888308}, "phi": {"0": 0.2708186740590065, "1": 0.6690099544571019, "2": 0.008887757439620003}, "psi": {"0": 1.0154227421324329, "1": 1.0866481387579476, "2": 0.9936910102459529}, "sigma": {"0": 0.7486040053684493, "1": 0.6742721324807752, "2": 0.0}, "chi_high": 0.013106479009357986, "beta_low": null}