{"R": 40.0, "wi": 0, "di": 2, "delta": 1.0, "gamma": {"0": 1.1681641053011664, "1": 0.9665323228933402, "2": 1.2582699782289004}, "mu": {"0": 1.0862269278528618, "1": 1.0186299029797914, "2": 1.0894129111432884}, "phi": {"0": 0.7095998787009254, "1": 0.31289700326810765, "2": 0.07721081188914825}, "psi": {"0": 0.8394008439854495, "1": 0.6492613964705101, "2": 1.1784403917794952}, "sigma": {"0": 0.9126636408706792, "1": 0.973811360364795, "2": 0.0}, "chi_high": 0.48210387950671835, "beta_low": 0.07786331380932228}