{"R": 40.0, "wi": 3, "di": 2, "delta": 1.0, "gamma": {"0": 0.7032630530888956, "1": 1.166587878771006, "2": 1.147102294476253}, "mu": {"0": 1.118346301570992, "1": 1.0928564564746555, "2": 1.0892638144347122}, "phi": {"0": 0.18893565752060082, "1": 0.4712563879917223, "2": 0.060959153323478676}, "psi": {"0": 1.1846676458407464, "1": 0.7444368922186829, "2": 0.6006658644731135}, "sigma": {"0": 0.6169126007807739, "1": 0.7763365119825775, "2": 0.0}, "chi_high": 0.02612535314392911, "beta_low": null}