{"R": 40.0, "wi": 0, "di": 2, "delta": 1.0, "gamma": {"0": 0.9448340842317484, "1": 1.4524769720714104, "2": 1.022256640477376}, "mu": {"0": 1.0278438933330345, "1": 1.0534495288816743, "2": 1.0718339084721111}, "phi": {"0": 0.024125062054556445, "1": 0.8149209648326394, "2": 0.4041297328608511}, "psi": {"0": 0.9112742591974025, "1": 1.2078742421266926, "2": 1.2947468649067382}, "sigma": {"0": 0.9427502287675875, "1": 0.5550112169654806, "2": 0.0}, "chi_high": 0.12174500331456951, "beta_low": 0.09288709585092486}