{"R": 40.0, "wi": 2, "di": 1, "delta": 1.0, "gamma": {"0": 1.2281982225934245, "1": 1.429296003471258, "2": 0.8472501503366943}, "mu": {"0": 1.1072178831685522, "1": 1.1354168411829133, "2": 1.1299265244338996}, "phi": {"0": 0.13177971870528993, "1": 0.6865299638493783, "2": 0.46105383423450574}, "psi": {"0": 1.2685143295874792, "1": 0.5452039771352644, "2": 0.5113711344843624}, "sigma": {"0": 0.9256617257509048, "1": 0.7049826374165409, "2": 0.0}, "chi_high": null, "beta_low": null}