{"R": 40.0, "wi": 1, "di": 0, "delta": 1.0, "gamma": {"0": 1.431807256890542, "1": 1.150487494932538, "2": 0.837883005963732}, "mu": {"0": 1.0127190010326317, "1": 1.0617987468866221, "2": 1.1286453789258701}, "phi": {"0": 0.7812318375382, "1": 0.32032121834326555, "2": 0.33494829341751176}, "psi": {"0": 1.4487223855465698, "1": 1.107646102538591, "2": 1.2764006534620294}, "sigma": {"0": 0.8488858709015552, "1": 0.0, "2": 0.0}, "chi_high": null, "beta_low": 0.10078683312831016}