{"R": 40.0, "wi": 2, "di": 0, "delta": 1.0, "gamma": {"0": 0.8888553600837523, "1": 1.3418121857609169, "2": 0.5971967225276513}, "mu": {"0": 1.1366725610366575, "1": 1.1115733484554258, "2": 1.0540793337501084}, "phi": {"0": 0.8983894090512894, "1": 0.19773847993126825, "2": 0.05174723044696483}, "psi": {"0": 1.3478981234226772, "1": 1.304588227615316, "2": 1.182042154988125}, "sigma": {"0": 0.7553126073179963, "1": 0.9508029976499104, "2": 0.0}, "chi_high": null, "beta_low": null}