{"R": 40.0, "wi": 1, "di": 0, "delta": 1.0, "gamma": {"0": 0.9337158158244426, "1": 0.6012866402904132, "2": 1.0742185861119937}, "mu": {"0": 1.0566090781064745, "1": 1.0182274736392318, "2": 1.067601131950453}, "phi": {"0": 0.6659449564656581, "1": 0.6001537642163506, "2": 0.5863321858006023}, "psi": {"0": 0.766453573959438, "1": 0.8497624382093518, "2": 1.2993892105071345}, "sigma": {"0": 0.755829215473036, "1": 0.0, "2": 0.0}, "chi_high": null, "beta_low": 0.696996618267321}