{"R": 40.0, "wi": 2, "di": 1, "delta": 1.0, "gamma": {"0": 0.6595607392793215, "1": 1.1290290274536994, "2": 0.7839343305379178}, "mu": {"0": 1.0311376899597409, "1": 1.0737690914832239, "2": 1.0150615504128355}, "phi": {"0": 0.037429798975998185, "1": 0.5922959834989286, "2": 0.8219860974032053}, "psi": {"0": 0.5512796052900271, "1": 0.5573609771286098, "2": 0.5999254949033076}, "sigma": {"0": 0.6537968621488808, "1": 0.9925077748747959, "2": 0.0}, "chi_high": null, "beta_low": null}