{"R": 40.0, "wi": 3, "di": 0, "delta": 1.0, "gamma": {"0": 1.0383524293173405, "1": 1.3759757640828698, "2": 0.9959209623599429}, "mu": {"0": 1.1114728837132666, "1": 1.1311744183337684, "2": 1.1494168319964413}, "phi": {"0": 0.8194716535985187, "1": 0.5621409716027899, "2": 0.3598559959756732}, "psi": {"0": 1.2530605628716693, "1": 1.3620472113044988, "2": 0.9898527852485861}, "sigma": {"0": 0.8856550575985713, "1": 0.6716342029827937, "2": 0.0}, "chi_high": 0.029562951000991686, "beta_low": null}