{"R": 40.0, "wi": 0, "di": 2, "delta": 1.0, "gamma": {"0": 1.2035867403364564, "1": 0.5551883536287732, "2": 0.5585108903772951}, "mu": {"0": 1.0263678648858463, "1": 1.110774786699931, "2": 1.0426721018233598}, "phi": {"0": 0.8317450052725786, "1": 0.45801772216927616, "2": 0.06314299384519961}, "psi": {"0": 0.8571832673480132, "1": 1.110089950795793, "2": 1.4044257226583545}, "sigma": {"0": 0.9117282290594448, "1": 0.8003026040057772, "2": 0.0}, "chi_high": 0.5774265079862595, "beta_low": 0.5237246026428786}