{"R": 40.0, "wi": 2, "di": 1, "delta": 1.0, "gamma": {"0": 0.6890587004701249, "1": 0.9368465887568844, "2": 0.6408233350573268}, "mu": {"0": 1.130439686785201, "1": 1.0098369584346258, "2": 1.0633564002633815}, "phi": {"0": 0.5295285797846441, "1": 0.3184333845305426, "2": 0.8928756953338436}, "psi": {"0": 1.012264194687663, "1": 0.5555115660949675, "2": 1.2383004977385723}, "sigma": {"0": 0.7300561547600908, "1": 0.9341009024975699, "2": 0.0}, "chi_high": null, "beta_low": null}