{"R": 40.0, "wi": 3, "di": 1, "delta": 1.0, "gamma": {"0": 0.5406174266378836, "1": 0.7389037640988378, "2": 0.8171207113779277}, "mu": {"0": 1.0342239985254047, "1": 1.1295933266405631, "2": 1.0727534014827027}, "phi": {"0": 0.9630406691827891, "1": 0.8420082163832936, "2": 0.3324554528991529}, "psi": {"0": 0.6423771233981844, "1": 0.5262975981749245, "2": 0.6389353640029213}, "sigma": {"0": 0.5645329095558979, "1": 0.7790185751455333, "2": 0.0}, "chi_high": 0.6377294192185348, "beta_low": null}