{"R": 40.0, "wi": 0, "di": 1, "delta": 1.0, "gamma": {"0": 1.1022112104711315, "1": 1.054768780302553, "2": 1.4512506273758636}, "mu": {"0": 1.0790204963504828, "1": 1.0018006397281505, "2": 1.0338164704595358}, "phi": {"0": 0.999121701971854, "1": 0.8425192977454221, "2": 0.25146452621573}, "psi": {"0": 0.7681998318217159, "1": 1.4002275614245594, "2": 1.0861147854347508}, "sigma": {"0": 0.8119332607688072, "1": 0.895331186668568, "2": 0.0}, "chi_high": 0.8794226465939032, "beta_low": 0.015240858798882968}