{"R": 40.0, "wi": 0, "di": 1, "delta": 1.0, "gamma": {"0": 1.4575015485315435, "1": 0.9537720434333358, "2": 1.188028903353727}, "mu": {"0": 1.0713220940461945, "1": 1.0083196915617767, "2": 1.040360633276192}, "phi": {"0": 0.06124206967578816, "1": 0.8174397210935318, "2": 0.5375193437923141}, "psi": {"0": 0.9855254267148329, "1": 1.2264486936243442, "2": 0.6415089093367147}, "sigma": {"0": 0.5218855757188197, "1": 0.9329010801587108, "2": 0.0}, "chi_high": 0.3733413992176608, "beta_low": 0.6619260031641989}