{"R": 40.0, "wi": 0, "di": 2, "delta": 1.0, "gamma": {"0": 1.3529452102404358, "1": 1.3433869616654301, "2": 1.473139608567464}, "mu": {"0": 1.0681886379665742, "1": 1.1088545645041012, "2": 1.1445718983350297}, "phi": {"0": 0.8322018613022094, "1": 0.3993950419569279, "2": 0.9599330746741872}, "psi": {"0": 0.9570208559817405, "1": 1.3611521496075323, "2": 1.2779168098804463}, "sigma": {"0": 0.7693410017121474, "1": 0.9323199254611173, "2": 0.0}, "chi_high": 0.8472436960619651, "beta_low": 0.8462730069828045}