{"R": 40.0, "wi": 1, "di": 0, "delta": 1.0, "gamma": {"0": 0.8257740535935241, "1": 1.2585016273117295, "2": 0.6446889094318801}, "mu": {"0": 1.0566624062330332, "1": 1.039840257077529, "2": 1.1115436522057287}, "phi": {"0": 0.6760174458503878, "1": 0.9501823108524257, "2": 0.15257580487761957}, "psi": {"0": 0.9668324820046966, "1": 0.6885846527264887, "2": 1.2277553285126104}, "sigma": {"0": 0.863563890603597, "1": 0.0, "2": 0.0}, "chi_high": null, "beta_low": 0.7387203124253618}