{"R": 40.0, "wi": 2, "di": 1, "delta": 1.0, "gamma": {"0": 1.3373493007783128, "1": 1.009358578489575, "2": 0.5848370374297951}, "mu": {"0": 1.0817644415554, "1": 1.0709650010792389, "2": 1.1415427503498408}, "phi": {"0": 0.8567479540539126, "1": 0.02603299776703505, "2": 0.5132171445496897}, "psi": {"0": 0.6595144596213863, "1": 1.2077436903720695, "2": 0.6946573314078753}, "sigma": {"0": 0.6802912112485819, "1": 0.8320466963081822, "2": 0.0}, "chi_high": null, "beta_low": null}