{"R": 40.0, "wi": 2, "di": 2, "delta": 1.0, "gamma": {"0": 0.7758679762757527, "1": 0.6186679334073607, "2": 0.6902110311710575}, "mu": {"0": 1.1058652731998693, "1": 1.033527433694442, "2": 1.1079130093621263}, "phi": {"0": 0.48708508907897374, "1": 0.3668885447557614, "2": 0.5497825693633657}, "psi": {"0": 0.605821737115617, "1": 1.4303857346626034, "2": 1.1223670524413332}, "sigma": {"0": 0.652185576185073, "1": 0.9533320018389044, "2": 0.0}, "chi_high": null, "beta_low": null}