{"R": 40.0, "wi": 3, "di": 0, "delta": 1.0, "gamma": {"0": 0.5763937592301444, "1": 1.0120151123904333, "2": 1.1943111582805672}, "mu": {"0": 1.117210782158484, "1": 1.142582130793933, "2": 1.1130337610843903}, "phi": {"0": 0.2575182204285392, "1": 0.0014162770238275169, "2": 0.8649612725941518}, "psi": {"0": 0.9030660744638532, "1": 1.2488445812682487, "2": 0.7959304296178418}, "sigma": {"0": 0.5825373870581143, "1": 0.6318592406377812, "2": 0.0}, "chi_high": 0.8072620220492688, "beta_low": null}