{"R": 40.0, "wi": 0, "di": 1, "delta": 1.0, "gamma": {"0": 1.3146429181584827, "1": 1.4263152407085025, "2": 0.5439555865675182}, "mu": {"0": 1.099016568044006, "1": 1.0165864218175846, "2": 1.010120829543704}, "phi": {"0": 0.43859405079760305, "1": 0.010565927739242698, "2": 0.8677625874936216}, "psi": {"0": 0.9243007336583656, "1": 0.5261933569335248, "2": 1.1013241271626777}, "sigma": {"0": 0.5160609691181028, "1": 0.5403607467681005, "2": 0.0}, "chi_high": 0.8785233490299563, "beta_low": 0.25981582203748493}