{"R": 40.0, "wi": 2, "di": 1, "delta": 1.0, "gamma": {"0": 1.0987926457180366, "1": 1.411926824339393, "2": 0.5973726459185106}, "mu": {"0": 1.1162877315920436, "1": 1.0019951426141287, "2": 1.0535706714389996}, "phi": {"0": 0.5324073412617666, "1": 0.3943061705573675, "2": 0.8611530633470683}, "psi": {"0": 1.3124456786907952, "1": 1.3902928813677669, "2": 0.6661102003906124}, "sigma": {"0": 0.8366044674811318, "1": 0.7868579381287941, "2": 0.0}, "chi_high": null, "beta_low": null}