{"R": 40.0, "wi": 1, "di": 2, "delta": 1.0, "gamma": {"0": 0.6974937041130321, "1": 1.017259905827149, "2": 1.489104672725756}, "mu": {"0": 1.1253480136133758, "1": 1.1146673760452896, "2": 1.0963214816436144}, "phi": {"0": 0.17335732408477078, "1": 0.4295480941413835, "2": 0.2811587352577396}, "psi": {"0": 1.106665378676342, "1": 0.720812305505008, "2": 0.7314929923668151}, "sigma": {"0": 0.53827727375789, "1": 0.0, "2": 0.0}, "chi_high": null, "beta_low": 0.5179516233436462}