{"R": 40.0, "wi": 2, "di": 0, "delta": 1.0, "gamma": {"0": 0.7752807069334995, "1": 0.7088448445928157, "2": 1.3704264638063568}, "mu": {"0": 1.0414961606852107, "1": 1.1485128153312587, "2": 1.1459844031767188}, "phi": {"0": 0.6639402901933412, "1": 0.23156891694758497, "2": 0.9802930186745321}, "psi": {"0": 0.8578458046601407, "1": 1.0714810992727573, "2": 0.5361185257826143}, "sigma": {"0": 0.5266463105562352, "1": 0.7257542828638984, "2": 0.0}, "chi_high": null, "beta_low": null}