{"R": 40.0, "wi": 2, "di": 2, "delta": 1.0, "gamma": {"0": 0.825866241212732, "1": 1.4718088141085643, "2": 1.3108623537718744}, "mu": {"0": 1.139412974562809, "1": 1.0963996932882558, "2": 1.033234037246635}, "phi": {"0": 0.8595449245128084, "1": 0.08271642291452952, "2": 0.9534412073592622}, "psi": {"0": 0.5146937112954498, "1": 0.9894633868259819, "2": 1.1470538096658927}, "sigma": {"0": 0.8570133899760037, "1": 0.7631249792124968, "2": 0.0}, "chi_high": null, "beta_low": null}