{"R": 40.0, "wi": 3, "di": 0, "delta": 1.0, "gamma": {"0": 1.3234034618001473, "1": 1.4998307486758575, "2": 0.9034253287744881}, "mu": {"0": 1.0003553699848258, "1": 1.0272105793684836, "2": 1.026600686644361}, "phi": {"0": 0.722214897777401, "1": 0.892974717580932, "2": 0.05741027498905982}, "psi": {"0": 0.5008856105990925, "1": 1.4298500597543673, "2": 1.479377346298145}, "sigma": {"0": 0.9087657123439612, "1": 0.8973667476818552, "2": 0.0}, "chi_high": 0.5488770494716513, "beta_low": null}