{"R": 40.0, "wi": 2, "di": 2, "delta": 1.0, "gamma": {"0": 1.117353068657382, "1": 1.4887498046216354, "2": 0.7018595984576796}, "mu": {"0": 1.04430892598516, "1": 1.1243750404181527, "2": 1.1110577080586141}, "phi": {"0": 0.4273150782839368, "1": 0.9011182076285456, "2": 0.21284370648759254}, "psi": {"0": 0.8529432499939491, "1": 0.542105139653414, "2": 1.378827887661203}, "sigma": {"0": 0.8981258318250449, "1": 0.8824682566730959, "2": 0.0}, "chi_high": null, "beta_low": null}