{"R": 40.0, "wi": 3, "di": 0, "delta": 1.0, "gamma": {"0": 1.1866572258716928, "1": 1.0126338203191323, "2": 0.7157671124415217}, "mu": {"0": 1.0350673348348904, "1": 1.0077897523068133, "2": 1.08858833590187}, "phi": {"0": 0.2866372842554835, "1": 0.7565152580148538, "2": 0.3254823193846298}, "psi": {"0": 0.8063680230846976, "1": 1.066641599048361, "2": 1.4388270549876303}, "sigma": {"0": 0.6382958984340408, "1": 0.9477742277930814, "2": 0.0}, "chi_high": 0.29836685802381213, "beta_low": null}