{"R": 40.0, "wi": 1, "di": 2, "delta": 1.0, "gamma": {"0": 1.4175601672214162, "1": 0.7445934835472694, "2": 1.1467829832229897}, "mu": {"0": 1.1071538036590396, "1": 1.041814314252181, "2": 1.094336740388243}, "phi": {"0": 0.3537177504456337, "1": 0.8656417143175896, "2": 0.538573134111478}, "psi": {"0": 0.5213581816450208, "1": 0.9731405088311375, "2": 1.0266909853683694}, "sigma": {"0": 0.736104233993405, "1": 0.0, "2": 0.0}, "chi_high": null, "beta_low": 0.6769202019445699}