{"R": 40.0, "wi": 3, "di": 2, "delta": 1.0, "gamma": {"0": 0.641358005920143, "1": 1.2503441313765302, "2": 0.5432000016559877}, "mu": {"0": 1.1334952117573518, "1": 1.0688333157189476, "2": 1.0905408508283883}, "phi": {"0": 0.1518552980200223, "1": 0.15106994098010496, "2": 0.6487015440447867}, "psi": {"0": 0.7918551577972914, "1": 0.5897887493226681, "2": 0.9843295987124897}, "sigma": {"0": 0.5478429890789598, "1": 0.8779875477521845, "2": 0.0}, "chi_high": 0.30752965589751063, "beta_low": null}