{"R": 40.0, "wi": 3, "di": 1, "delta": 1.0, "gamma": {"0": 0.7042091108946219, "1": 1.2343257937836067, "2": 0.7513509181122795}, "mu": {"0": 1.0923388902088547, "1": 1.1146575818199083, "2": 1.0263651126384798}, "phi": {"0": 0.3055636024507783, "1": 0.045689955272512184, "2": 0.44039355521093504}, "psi": {"0": 1.132019745336256, "1": 1.0058172182668526, "2": 1.4959430923211778}, "sigma": {"0": 0.5612300398202561, "1": 0.989515783018041, "2": 0.0}, "chi_high": 0.8710076857900245, "beta_low": null}