{"R": 40.0, "wi": 0, "di": 0, "delta": 1.0, "gamma": {"0": 1.3715924256876373, "1": 0.660628110797619, "2": 1.323414800290713}, "mu": {"0": 1.0719684805968948, "1": 1.081471148965515, "2": 1.0087226019348277}, "phi": {"0": 0.5986824265148682, "1": 0.9600630783993369, "2": 0.17450915495087693}, "psi": {"0": 0.681361134034472, "1": 1.1803275714462729, "2": 1.0628571505837283}, "sigma": {"0": 0.793194706415632, "1": 0.6343457999435489, "2": 0.0}, "chi_high": 0.6412018207625678, "beta_low": 0.20653305209744266}