{"R": 40.0, "wi": 2, "di": 2, "delta": 1.0, "gamma": {"0": 0.5391360522178721, "1": 0.7539193443751776, "2": 1.2064155092903968}, "mu": {"0": 1.1450425500652093, "1": 1.1477419027628366, "2": 1.0640883810726116}, "phi": {"0": 0.9027967532357085, "1": 0.986725661484971, "2": 0.1430193369481756}, "psi": {"0": 0.8162987323946111, "1": 1.2702624776555904, "2": 1.1699027436050493}, "sigma": {"0": 0.8984575582502526, "1": 0.5013923159531102, "2": 0.0}, "chi_high": null, "beta_low": null}