{"R": 40.0, "wi": 2, "di": 0, "delta": 1.0, "gamma": {"0": 1.2610773163890514, "1": 0.9730324797799951, "2": 0.747906808958059}, "mu": {"0": 1.0896216225809334, "1": 1.0874988261872, "2": 1.1167775116920766}, "phi": {"0": 0.07242295477705063, "1": 0.7558976875390154, "2": 0.3041900611721031}, "psi": {"0": 0.5835042830218281, "1": 1.4565741211874141, "2": 1.237530414839441}, "sigma": {"0": 0.5681111349377709, "1": 0.7998604632646013, "2": 0.0}, "chi_high": null, "beta_low": null}