{"R": 40.0, "wi": 2, "di": 1, "delta": 1.0, "gamma": {"0": 1.2170075122332613, "1": 1.1517198438785345, "2": 1.2170187419156033}, "mu": {"0": 1.0245866134944643, "1": 1.1186534971469424, "2": 1.1223018803505838}, "phi": {"0": 0.40653934731177976, "1": 0.021971661036004564, "2": 0.7877115655673246}, "psi": {"0": 0.6052338840610793, "1": 1.479075322063466, "2": 0.5091369273316074}, "sigma": {"0": 0.832334968914628, "1": 0.7955828489813284, "2": 0.0}, "chi_high": null, "beta_low": null}