{"R": 40.0, "wi": 1, "di": 2, "delta": 1.0, "gamma": {"0": 0.5713941568964301, "1": 0.910379288872119, "2": 1.0407512754818329}, "mu": {"0": 1.0782652296871635, "1": 1.1309817836901406, "2": 1.1079704682226685}, "phi": {"0": 0.3182043791831497, "1": 0.0944935006716412, "2": 0.26746790215089167}, "psi": {"0": 1.2389136979550561, "1": 1.0610051519922248, "2": 1.35987937629552}, "sigma": {"0": 0.7260927621490783, "1": 0.0, "2": 0.0}, "chi_high": null, "beta_low": 0.1712512682262803}