{"R": 40.0, "wi": 2, "di": 1, "delta": 1.0, "gamma": {"0": 0.7462523524342357, "1": 0.6016596811156748, "2": 1.4566762722570716}, "mu": {"0": 1.1415100512851035, "1": 1.1378040075860514, "2": 1.1351558379951994}, "phi": {"0": 0.840014481353932, "1": 0.19453325267795374, "2": 0.27349264086189573}, "psi": {"0": 1.2059870401800104, "1": 0.7413160216107423, "2": 0.8809257159341659}, "sigma": {"0": 0.9124780168433078, "1": 0.9040237146531441, "2": 0.0}, "chi_high": null, "beta_low": null}