{"R": 40.0, "wi": 2, "di": 0, "delta": 1.0, "gamma": {"0": 1.2436859206635196, "1": 1.113653387835047, "2": 0.6057283030264894}, "mu": {"0": 1.042729092956127, "1": 1.1221435008304645, "2": 1.003044835192065}, "phi": {"0": 0.27294148168666654, "1": 0.9370784201835791, "2": 0.5963548857974521}, "psi": {"0": 1.240109571301549, "1": 1.447967168293626, "2": 0.7813295582409201}, "sigma": {"0": 0.8046055367657821, "1": 0.6939860930306219, "2": 0.0}, "chi_high": null, "beta_low": null}