{"R": 40.0, "wi": 2, "di": 0, "delta": 1.0, "gamma": {"0": 1.187631807892517, "1": 0.947828656972665, "2": 1.0906582724647895}, "mu": {"0": 1.009034734430734, "1": 1.1231722266486495, "2": 1.0692791701145508}, "phi": {"0": 0.6849009885476047, "1": 0.6874820470842594, "2": 0.2063048457196901}, "psi": {"0": 1.025112015402328, "1": 0.8772825151276115, "2": 0.6162069297688636}, "sigma": {"0": 0.9517187737366631, "1": 0.8154937266781547, "2": 0.0}, "chi_high": null, "beta_low": null}