{"R": 40.0, "wi": 1, "di": 1, "delta": 1.0, "gamma": {"0": 1.2852435865320238, "1": 1.4601641819495548, "2": 1.0927422845684507}, "mu": {"0": 1.0599173343869608, "1": 1.0199125171088925, "2": 1.1003064868000971}, "phi": {"0": 0.3442129319189179, "1": 0.7026813547313214, "2": 0.12114874653574115}, "psi": {"0": 0.6927287269275759, "1": 0.7495137125829262, "2": 1.0938442287399106}, "sigma": {"0": 0.8463166443404496, "1": 0.0, "2": 0.0}, "chi_high": null, "beta_low": 0.36765890322141104}