{"R": 40.0, "wi": 3, "di": 0, "delta": 1.0, "gamma": {"0": 1.4226762776565467, "1": 1.018690295539252, "2": 0.6391637300985893}, "mu": {"0": 1.0893921829161335, "1": 1.0827716677890258, "2": 1.1304544731957549}, "phi": {"0": 0.2829086620914639, "1": 0.0512087724943292, "2": 0.2156298280835075}, "psi": {"0": 0.7918260334002745, "1": 0.9431448977290879, "2": 1.4263136579260867}, "sigma": {"0": 0.7993026025185377, "1": 0.537715214689314, "2": 0.0}, "chi_high": 0.8304935526930126, "beta_low": null}