{"R": 40.0, "wi": 0, "di": 1, "delta": 1.0, "gamma": {"0": 1.0455857360389542, "1": 1.485049372243949, "2": 0.707771899697002}, "mu": {"0": 1.0603790968245534, "1": 1.1079999685599475, "2": 1.1439987699928782}, "phi": {"0": 0.26781200171247155, "1": 0.2758992532298258, "2": 0.9446914229511341}, "psi": {"0": 0.6744584892934566, "1": 1.3254645829323333, "2": 0.9250565927095802}, "sigma": {"0": 0.6892099135514554, "1": 0.9526998877530664, "2": 0.0}, "chi_high": 0.07849468084571223, "beta_low": 0.7292679647513798}