{"R": 40.0, "wi": 2, "di": 2, "delta": 1.0, "gamma": {"0": 1.2042003193297277, "1": 1.3334044074951272, "2": 1.1562640249904934}, "mu": {"0": 1.0619118925111035, "1": 1.0245937285997624, "2": 1.0593361529787015}, "phi": {"0": 0.31378986536091213, "1": 0.46197190619885364, "2": 0.3789381912333585}, "psi": {"0": 0.7867218190508501, "1": 0.9346589617363352, "2": 1.1641585443909435}, "sigma": {"0": 0.774663045957652, "1": 0.5420973591758338, "2": 0.0}, "chi_high": null, "beta_low": null}