{"R": 40.0, "wi": 2, "di": 2, "delta": 1.0, "gamma": {"0": 1.196804977211071, "1": 1.4681476321488618, "2": 1.4670371038878636}, "mu": {"0": 1.1043072727440906, "1": 1.0726830034229513, "2": 1.1027699212060138}, "phi": {"0": 0.33273861945034, "1": 0.6035544216617862, "2": 0.35057174607399755}, "psi": {"0": 1.0749194959955637, "1": 1.237822000274997, "2": 1.0475597927328584}, "sigma": {"0": 0.8446440102126298, "1": 0.9059075897248453, "2": 0.0}, "chi_high": null, "beta_low": null}