{"R": 40.0, "wi": 2, "di": 0, "delta": 1.0, "gamma": {"0": 1.290460924939189, "1": 1.0698758485580397, "2": 1.3024302384505417}, "mu": {"0": 1.049669594366679, "1": 1.0090992849420366, "2": 1.1104070459024622}, "phi": {"0": 0.5180243557661287, "1": 0.11400541450732193, "2": 0.8988985111408719}, "psi": {"0": 1.0776723502900878, "1": 1.3316795045407788, "2": 1.145159876921492}, "sigma": {"0": 0.5790514829724168, "1": 0.7063696985938772, "2": 0.0}, "chi_high": null, "beta_low": null}