{"R": 40.0, "wi": 2, "di": 1, "delta": 1.0, "gamma": {"0": 0.5591858020117181, "1": 1.3728187381068435, "2": 0.542188560765325}, "mu": {"0": 1.1475311937660706, "1": 1.1005724541332913, "2": 1.1387314440949146}, "phi": {"0": 0.6167974560449718, "1": 0.5931741536727544, "2": 0.4045585248851572}, "psi": {"0": 1.1630151179222739, "1": 0.8659655275690633, "2": 0.6515912015448013}, "sigma": {"0": 0.9651347475949663, "1": 0.8139358403525807, "2": 0.0}, "chi_high": null, "beta_low": null}