{"R": 40.0, "wi": 1, "di": 1, "delta": 1.0, "gamma": {"0": 1.2135538718097485, "1": 0.6144554910850402, "2": 0.7611463884573629}, "mu": {"0": 1.1196035638590385, "1": 1.0123458402172727, "2": 1.0132367284746575}, "phi": {"0": 0.1273510982054452, "1": 0.3533130071939653, "2": 0.7960046692604742}, "psi": {"0": 1.005493851487109, "1": 1.1813208866963394, "2": 0.6133307598394278}, "sigma": {"0": 0.7217124064366345, "1": 0.0, "2": 0.0}, "chi_high": null, "beta_low": 0.9083903693838425}