{"R": 40.0, "wi": 0, "di": 1, "delta": 1.0, "gamma": {"0": 1.2193143160795104, "1": 0.9495405722120421, "2": 1.1660574971324016}, "mu": {"0": 1.1061317396842658, "1": 1.0824667105797088, "2": 1.0590790102975136}, "phi": {"0": 0.4212537813726953, "1": 0.9749829113031194, "2": 0.871142248839645}, "psi": {"0": 0.9241152217321489, "1": 1.489490491687604, "2": 1.349043071302949}, "sigma": {"0": 0.6840980729006068, "1": 0.8849379066184522, "2": 0.0}, "chi_high": 0.9456423999591109, "beta_low": 0.25612520607388783}