{"R": 40.0, "wi": 2, "di": 0, "delta": 1.0, "gamma": {"0": 1.4608522468046055, "1": 0.5174217985400493, "2": 1.409165456564232}, "mu": {"0": 1.0126204480588408, "1": 1.0651993725794118, "2": 1.09559709653741}, "phi": {"0": 0.5265205385337106, "1": 0.5914575861628228, "2": 0.9109661341318587}, "psi": {"0": 0.7289638359034258, "1": 0.5725546720696951, "2": 1.0542661517111211}, "sigma": {"0": 0.6266472344849329, "1": 0.8693035427555795, "2": 0.0}, "chi_high": null, "beta_low": null}