{"R": 40.0, "wi": 1, "di": 0, "delta": 1.0, "gamma": {"0": 0.79872058209955, "1": 1.4551998287897865, "2": 0.9015273655933906}, "mu": {"0": 1.141651614354832, "1": 1.1293565338980953, "2": 1.0829585661635417}, "phi": {"0": 0.873461412755562, "1": 0.22379294113111914, "2": 0.3325137857960243}, "psi": {"0": 1.237680061021468, "1": 0.7544525335814921, "2": 1.1778955737639638}, "sigma": {"0": 0.6749094547164005, "1": 0.0, "2": 0.0}, "chi_high": null, "beta_low": 0.7733434091611808}