{"R": 40.0, "wi": 0, "di": 1, "delta": 1.0, "gamma": {"0": 1.057568595243335, "1": 1.1248998721995758, "2": 1.1925677130916348}, "mu": {"0": 1.1413965963143227, "1": 1.1499165347503735, "2": 1.1467144157941584}, "phi": {"0": 0.4488250363520565, "1": 0.5832324130869422, "2": 0.9886095584871339}, "psi": {"0": 0.9243026882066043, "1": 1.3515259859194226, "2": 1.425094364236874}, "sigma": {"0": 0.9495603486889016, "1": 0.5815845138266651, "2": 0.0}, "chi_high": 0.578855966397766, "beta_low": 0.4859706208324517}