{"R": 40.0, "wi": 3, "di": 2, "delta": 1.0, "gamma": {"0": 1.3445193420294714, "1": 0.8932000263603935, "2": 1.0283810041224855}, "mu": {"0": 1.0706455104053958, "1": 1.103176394798179, "2": 1.0983544590840877}, "phi": {"0": 0.6956927605994283, "1": 0.5400109239442975, "2": 0.16035291706402033}, "psi": {"0": 0.7346955449581041, "1": 1.0008726094606644, "2": 1.0651199005701506}, "sigma": {"0": 0.6516114408582243, "1": 0.6426562302487573, "2": 0.0}, "chi_high": 0.43827049827973064, "beta_low": null}