{"R": 40.0, "wi": 2, "di": 0, "delta": 1.0, "gamma": {"0": 0.9221938364260144, "1": 0.8528177658144349, "2": 0.7782178938340287}, "mu": {"0": 1.0383323252942402, "1": 1.0654992212787402, "2": 1.121535288115942}, "phi": {"0": 0.3682971537319645, "1": 0.4581563506050088, "2": 0.7552678391305917}, "psi": {"0": 1.0694782256257866, "1": 0.6062954780513463, "2": 1.3178178712163506}, "sigma": {"0": 0.7961484668439455, "1": 0.7982216759631318, "2": 0.0}, "chi_high": null, "beta_low": null}