{"R": 40.0, "wi": 0, "di": 1, "delta": 1.0, "gamma": {"0": 1.4437865573107127, "1": 1.4086246251408057, "2": 0.8705111135985836}, "mu": {"0": 1.0310147136344137, "1": 1.0711779939919133, "2": 1.139380547464655}, "phi": {"0": 0.34318789771005276, "1": 0.2761821010787592, "2": 0.7894658963910873}, "psi": {"0": 1.180421462875813, "1": 0.946605487247611, "2": 1.396235537026965}, "sigma": {"0": 0.7034818408264181, "1": 0.879286478188928, "2": 0.0}, "chi_high": 0.12363830442501163, "beta_low": 0.08642043175208765}