{"R": 40.0, "wi": 1, "di": 1, "delta": 1.0, "gamma": {"0": 1.0758940183856438, "1": 1.1997696124728592, "2": 0.8357366750185505}, "mu": {"0": 1.0346360050027776, "1": 1.143858846307921, "2": 1.0283819483659697}, "phi": {"0": 0.7532531177834833, "1": 0.44344842667667483, "2": 0.048830082010195675}, "psi": {"0": 0.717340891841805, "1": 0.7672236353387231, "2": 0.7129375491018871}, "sigma": {"0": 0.9559960330961192, "1": 0.0, "2": 0.0}, "chi_high": null, "beta_low": 0.9614494168878125}