{"R": 40.0, "wi": 0, "di": 2, "delta": 1.0, "gamma": {"0": 0.7758955274315772, "1": 1.4286685596195603, "2": 0.8992412650126064}, "mu": {"0": 1.0436007906899432, "1": 1.0275681844162712, "2": 1.0756260542943616}, "phi": {"0": 0.3224815925898017, "1": 0.40377224924938504, "2": 0.10604583336552653}, "psi": {"0": 1.3356282111708673, "1": 1.18588755590683, "2": 0.633652692024904}, "sigma": {"0": 0.6308984234834458, "1": 0.6999790764086185, "2": 0.0}, "chi_high": 0.8842355003619169, "beta_low": 0.19473605228255658}