{"R": 40.0, "wi": 2, "di": 1, "delta": 1.0, "gamma": {"0": 0.8277242220261589, "1": 1.4005702793882042, "2": 0.5732872911466173}, "mu": {"0": 1.1156279916016523, "1": 1.0509953838542632, "2": 1.0929189741999252}, "phi": {"0": 0.40082332134820575, "1": 0.22566991685634485, "2": 0.6100996444525497}, "psi": {"0": 1.0080075086077975, "1": 0.9639939119025401, "2": 0.9568390541877269}, "sigma": {"0": 0.9437641281451259, "1": 0.7991425080191916, "2": 0.0}, "chi_high": null, "beta_low": null}