{"R": 40.0, "wi": 2, "di": 0, "delta": 1.0, "gamma": {"0": 1.120467566335055, "1": 0.9695193287843251, "2": 0.5183498819233787}, "mu": {"0": 1.102500157315892, "1": 1.1132217125784327, "2": 1.0540461688118763}, "phi": {"0": 0.9106804991546442, "1": 0.796431671507906, "2": 0.04228295588415343}, "psi": {"0": 1.3986156945624737, "1": 0.6690285062257154, "2": 0.6161626644327721}, "sigma": {"0": 0.9838845765928286, "1": 0.7343048239379704, "2": 0.0}, "chi_high": null, "beta_low": null}