{"R": 40.0, "wi": 1, "di": 2, "delta": 1.0, "gamma": {"0": 0.951646238670399, "1": 1.0360038164017868, "2": 1.1151374515877794}, "mu": {"0": 1.041111928199151, "1": 1.0728991934378516, "2": 1.1336807926982748}, "phi": {"0": 0.20250945882237414, "1": 0.30496726043782696, "2": 0.419191302443942}, "psi": {"0": 1.385609646209837, "1": 0.7818999343962398, "2": 1.2799518408699935}, "sigma": {"0": 0.7000326749358861, "1": 0.0, "2": 0.0}, "chi_high": null, "beta_low": 0.3479521116232911}