{"R": 40.0, "wi": 1, "di": 2, "delta": 1.0, "gamma": {"0": 1.3503959688088911, "1": 1.159498724547781, "2": 1.291637046342489}, "mu": {"0": 1.1483912086104593, "1": 1.0972458715704236, "2": 1.0185667947081223}, "phi": {"0": 0.885062398058767, "1": 0.8307746644480282, "2": 0.4695250339965048}, "psi": {"0": 1.0733364344451122, "1": 1.46066720042986, "2": 1.4665470708516994}, "sigma": {"0": 0.72524741722557, "1": 0.0, "2": 0.0}, "chi_high": null, "beta_low": 0.8716384884996251}