{"R": 40.0, "wi": 1, "di": 1, "delta": 1.0, "gamma": {"0": 0.9198550522261916, "1": 0.5472129039519064, "2": 0.8960859604261157}, "mu": {"0": 1.0168791415658642, "1": 1.1390611505986474, "2": 1.1429511832118393}, "phi": {"0": 0.1469710134366533, "1": 0.3395422753853258, "2": 0.33551600193601006}, "psi": {"0": 0.8131127234118564, "1": 0.5048706142207917, "2": 1.0204812005369872}, "sigma": {"0": 0.9493771185660418, "1": 0.0, "2": 0.0}, "chi_high": null, "beta_low": 0.036374956944268545}