{"R": 40.0, "wi": 0, "di": 2, "delta": 1.0, "gamma": {"0": 0.9676126906389282, "1": 1.3874698090906588, "2": 1.3047455568802997}, "mu": {"0": 1.1285888158800808, "1": 1.0163149942895882, "2": 1.110532279243856}, "phi": {"0": 0.6938615214915835, "1": 0.869698357633228, "2": 0.4932129624053325}, "psi": {"0": 1.2384996896766691, "1": 1.2851852351279223, "2": 0.5940115416732855}, "sigma": {"0": 0.7025241655617809, "1": 0.837527048100533, "2": 0.0}, "chi_high": 0.49846612422407205, "beta_low": 0.3575946111708156}