{"R": 40.0, "wi": 3, "di": 0, "delta": 1.0, "gamma": {"0": 1.0679765320957648, "1": 1.4088309954702511, "2": 0.533049113859837}, "mu": {"0": 1.1474695775909054, "1": 1.106361358483333, "2": 1.0712608008552467}, "phi": {"0": 0.18563905117669388, "1": 0.2152119649609857, "2": 0.8031077851896241}, "psi": {"0": 1.11218419966529, "1": 0.5051364852286145, "2": 0.803640292555735}, "sigma": {"0": 0.7407377073581048, "1": 0.866106381998297, "2": 0.0}, "chi_high": 0.25952156213875366, "beta_low": null}