{"R": 40.0, "wi": 0, "di": 0, "delta": 1.0, "gamma": {"0": 1.1285778696991373, "1": 0.8945497096088718, "2": 0.9375283540873038}, "mu": {"0": 1.089725186981814, "1": 1.1073719626177767, "2": 1.14877867502526}, "phi": {"0": 0.4106124015153193, "1": 0.9941479918087854, "2": 0.9118677801017769}, "psi": {"0": 1.153807077308098, "1": 1.163855165365106, "2": 1.4276906659487545}, "sigma": {"0": 0.6660621110183162, "1": 0.9647472035733919, "2": 0.0}, "chi_high": 0.1454126932246744, "beta_low": 0.5515048946186464}