{"R": 40.0, "wi": 1, "di": 1, "delta": 1.0, "gamma": {"0": 1.4929844831371317, "1": 1.216356280019669, "2": 1.075975276481623}, "mu": {"0": 1.101844240539861, "1": 1.0017902684182862, "2": 1.1203604332990318}, "phi": {"0": 0.5072651565990746, "1": 0.1538439256351397, "2": 0.5622584407709469}, "psi": {"0": 0.8727921262926825, "1": 1.2646014667831487, "2": 1.1622947862797453}, "sigma": {"0": 0.6281186850591377, "1": 0.0, "2": 0.0}, "chi_high": null, "beta_low": 0.3844408733467143}