{"R": 40.0, "wi": 3, "di": 2, "delta": 1.0, "gamma": {"0": 1.1778694862327423, "1": 0.6841084649927319, "2": 1.0826042768039619}, "mu": {"0": 1.1435824663828444, "1": 1.0344122142354282, "2": 1.016009466790912}, "phi": {"0": 0.769403789496915, "1": 0.677796768136355, "2": 0.5284068487112389}, "psi": {"0": 0.7797119635798699, "1": 0.5991519729112392, "2": 1.2997602710799097}, "sigma": {"0": 0.5857897017519864, "1": 0.9777452946462809, "2": 0.0}, "chi_high": 0.19832308521989803, "beta_low": null}