{"R": 40.0, "wi": 3, "di": 0, "delta": 1.0, "gamma": {"0": 0.6696995822478993, "1": 0.9682260061816661, "2": 0.7768300563908113}, "mu": {"0": 1.146655653956095, "1": 1.0718985459907309, "2": 1.0420423308844975}, "phi": {"0": 0.19483753809599125, "1": 0.9896727674099317, "2": 0.7012435606409945}, "psi": {"0": 0.5879687732137965, "1": 1.016296363389099, "2": 0.6576383292414125}, "sigma": {"0": 0.9219370661633508, "1": 0.8288468725168758, "2": 0.0}, "chi_high": 0.37246784273225847, "beta_low": null}