{"R": 40.0, "wi": 3, "di": 1, "delta": 1.0, "gamma": {"0": 0.8483439630854958, "1": 1.296182676291964, "2": 0.587938410573756}, "mu": {"0": 1.0257522527350706, "1": 1.0829823045947227, "2": 1.1242862216279763}, "phi": {"0": 0.2662434208856105, "1": 0.27146260782644305, "2": 0.9214405484195615}, "psi": {"0": 1.2728821356062907, "1": 1.3885007076222067, "2": 1.4995002457409348}, "sigma": {"0": 0.6932577146486952, "1": 0.913071700942242, "2": 0.0}, "chi_high": 0.5068632617205152, "beta_low": null}