{"R": 40.0, "wi": 0, "di": 1, "delta": 1.0, "gamma": {"0": 0.9337315743049739, "1": 1.0394234435681193, "2": 1.2902555779037925}, "mu": {"0": 1.010277492387542, "1": 1.007774444607062, "2": 1.1175518501200445}, "phi": {"0": 0.2753522312344352, "1": 0.9289225041560669, "2": 0.5366575254478392}, "psi": {"0": 0.6811449421713007, "1": 1.3361724824592538, "2": 0.6327182295995074}, "sigma": {"0": 0.5056112954067007, "1": 0.521908468230171, "2": 0.0}, "chi_high": 0.39308738916855646, "beta_low": 0.6947314303919399}