{"R": 40.0, "wi": 0, "di": 0, "delta": 1.0, "gamma": {"0": 0.6809956363981302, "1": 1.286926802162694, "2": 1.4357055014540716}, "mu": {"0": 1.0606781606457678, "1": 1.0698187609056202, "2": 1.1080489738369779}, "phi": {"0": 0.6297193250002251, "1": 0.8729942220475218, "2": 0.19792192262500086}, "psi": {"0": 1.0845884535560621, "1": 1.2058258754929918, "2": 0.7987312181293946}, "sigma": {"0": 0.556976839139415, "1": 0.7332705475563983, "2": 0.0}, "chi_high": 0.7958042756219547, "beta_low": 0.5388830266441919}