{"R": 40.0, "wi": 1, "di": 2, "delta": 1.0, "gamma": {"0": 1.435642477760013, "1": 1.3156129910531567, "2": 1.390739809730084}, "mu": {"0": 1.0717691122214832, "1": 1.0595682230563876, "2": 1.0305276072701441}, "phi": {"0": 0.3765647497094985, "1": 0.5761824245332295, "2": 0.4710000915026865}, "psi": {"0": 1.0291309450892068, "1": 1.1092774712241584, "2": 1.0860424264465212}, "sigma": {"0": 0.6603015840917212, "1": 0.0, "2": 0.0}, "chi_high": null, "beta_low": 0.9567600413873067}