{"R": 40.0, "wi": 0, "di": 2, "delta": 1.0, "gamma": {"0": 1.0038388135551917, "1": 1.1792273288225292, "2": 0.6570982337264764}, "mu": {"0": 1.0200047324076864, "1": 1.0429548077716466, "2": 1.1306437892515708}, "phi": {"0": 0.9054197758979564, "1": 0.6097170520019142, "2": 0.7454359038413856}, "psi": {"0": 0.8099627314946152, "1": 0.8553655930264157, "2": 1.4573709534226613}, "sigma": {"0": 0.847013281113405, "1": 0.7346553524313582, "2": 0.0}, "chi_high": 0.2528391836883309, "beta_low": 0.3090516869769615}