{"R": 40.0, "wi": 0, "di": 1, "delta": 1.0, "gamma": {"0": 0.5459299290368652, "1": 1.1987795020020502, "2": 0.5028337507811026}, "mu": {"0": 1.010740341147845, "1": 1.0067461411776129, "2": 1.14514537012889}, "phi": {"0": 0.6217802113004851, "1": 0.27002896931323084, "2": 0.6727844021365962}, "psi": {"0": 1.2588538062505286, "1": 1.3162575377594647, "2": 1.381177118629445}, "sigma": {"0": 0.7538399679472879, "1": 0.7470301285315535, "2": 0.0}, "chi_high": 0.4685599290393679, "beta_low": 0.35236628390444047}