{"R": 40.0, "wi": 2, "di": 2, "delta": 1.0, "gamma": {"0": 1.1818018887766208, "1": 0.8403472747218321, "2": 1.4426842585481165}, "mu": {"0": 1.0339556485737484, "1": 1.1003266586064584, "2": 1.0207624514660398}, "phi": {"0": 0.1347676342326951, "1": 0.942611390236334, "2": 0.7511773923620803}, "psi": {"0": 0.8840096965305378, "1": 1.1792260619780763, "2": 0.6722735176179374}, "sigma": {"0": 0.5045968208858717, "1": 0.8429578045196027, "2": 0.0}, "chi_high": null, "beta_low": null}