{"R": 40.0, "wi": 0, "di": 2, "delta": 1.0, "gamma": {"0": 0.7251784239066738, "1": 0.5172654474219337, "2": 0.8807189090487665}, "mu": {"0": 1.079532266185023, "1": 1.0375397975435108, "2": 1.1359170565234165}, "phi": {"0": 0.2701059260131794, "1": 0.33374887517952934, "2": 0.2103058664301295}, "psi": {"0": 1.2204450137960285, "1": 0.9697038714960384, "2": 0.812670869408648}, "sigma": {"0": 0.6958647566639953, "1": 0.8595575477268074, "2": 0.0}, "chi_high": 0.3456096936456969, "beta_low": 0.13289657042321795}