{"R": 40.0, "wi": 1, "di": 1, "delta": 1.0, "gamma": {"0": 0.7210147302865847, "1": 0.5098821600980019, "2": 0.9324636626878309}, "mu": {"0": 1.1190884424218965, "1": 1.1111538940301053, "2": 1.0843004043593236}, "phi": {"0": 0.7083286050080162, "1": 0.2123900046967474, "2": 0.6373047222302404}, "psi": {"0": 1.3439936139199542, "1": 0.9206676868540525, "2": 0.8250810591927498}, "sigma": {"0": 0.985476798128552, "1": 0.0, "2": 0.0}, "chi_high": null, "beta_low": 0.9286285051806}