{"R": 40.0, "wi": 2, "di": 2, "delta": 1.0, "gamma": {"0": 0.8979511296068637, "1": 1.4820889407780236, "2": 0.6848030812975041}, "mu": {"0": 1.1442124580870452, "1": 1.0844478892316012, "2": 1.0220154348888646}, "phi": {"0": 0.2446816122355615, "1": 0.5896482259737252, "2": 0.9893934234653182}, "psi": {"0": 1.2098939720817807, "1": 0.778244271699094, "2": 0.6421260598166579}, "sigma": {"0": 0.6419045365233997, "1": 0.7468186152281705, "2": 0.0}, "chi_high": null, "beta_low": null}