{"R": 40.0, "wi": 1, "di": 0, "delta": 1.0, "gamma": {"0": 1.2054991833964013, "1": 1.0426406637439884, "2": 0.5083629714596304}, "mu": {"0": 1.000349029110841, "1": 1.0944071403283986, "2": 1.1451491259561377}, "phi": {"0": 0.5623920247799118, "1": 0.056585722916552395, "2": 0.5890581398244623}, "psi": {"0": 0.6709995451260098, "1": 1.3686785190151285, "2": 0.9587014956207289}, "sigma": {"0": 0.6467493362282082, "1": 0.0, "2": 0.0}, "chi_high": null, "beta_low": 0.12119454990515233}