{"R": 40.0, "wi": 3, "di": 0, "delta": 1.0, "gamma": {"0": 0.6317765331720735, "1": 0.5218788097706645, "2": 1.0403233821878441}, "mu": {"0": 1.103116570671797, "1": 1.0351749234863146, "2": 1.0944878602243084}, "phi": {"0": 0.773436339394675, "1": 0.02911505960401206, "2": 0.7032489631867221}, "psi": {"0": 0.5053550467838267, "1": 0.6147874331693439, "2": 0.6570894436595064}, "sigma": {"0": 0.8912402311414536, "1": 0.8849501664562724, "2": 0.0}, "chi_high": 0.43002922184001485, "beta_low": null}