{"R": 40.0, "wi": 0, "di": 0, "delta": 1.0, "gamma": {"0": 1.2668884571531889, "1": 1.3202691363750563, "2": 1.4819604695972979}, "mu": {"0": 1.0181284128165555, "1": 1.0485308812207565, "2": 1.0866584473994996}, "phi": {"0": 0.015914952615756817, "1": 0.9525321006958443, "2": 0.11707532502476103}, "psi": {"0": 1.3864825042093765, "1": 1.22981945491915, "2": 1.3774906941093095}, "sigma": {"0": 0.951763087209978, "1": 0.8211694711530929, "2": 0.0}, "chi_high": 0.4389398852284396, "beta_low": 0.010673063656286981}