{"R": 40.0, "wi": 1, "di": 0, "delta": 1.0, "gamma": {"0": 0.533393950337556, "1": 0.8829414399879694, "2": 0.5510036400753224}, "mu": {"0": 1.0164511690570996, "1": 1.053042306213851, "2": 1.1197293654588627}, "phi": {"0": 0.48439639844850824, "1": 0.39714414460624525, "2": 0.2977699890462886}, "psi": {"0": 0.8860869101556895, "1": 0.8173506597215958, "2": 0.9815259467263551}, "sigma": {"0": 0.6060504936527827, "1": 0.0, "2": 0.0}, "chi_high": null, "beta_low": 0.2920352354406875}