{"R": 40.0, "wi": 1, "di": 2, "delta": 1.0, "gamma": {"0": 0.5454740032579323, "1": 1.2569357389170501, "2": 0.8706822985545439}, "mu": {"0": 1.0085623177505518, "1": 1.0173265056938197, "2": 1.0480475599746524}, "phi": {"0": 0.537566201217111, "1": 0.9451669585792349, "2": 0.9769404070205132}, "psi": {"0": 1.3982791788720166, "1": 0.6092974667865244, "2": 1.2004799531188237}, "sigma": {"0": 0.9887118582154082, "1": 0.0, "2": 0.0}, "chi_high": null, "beta_low": 0.915072117495653}