{"R": 40.0, "wi": 2, "di": 1, "delta": 1.0, "gamma": {"0": 0.7692784018846317, "1": 0.5538831442400607, "2": 1.3074621844058543}, "mu": {"0": 1.011762854527331, "1": 1.126487112673178, "2": 1.1416827133876608}, "phi": {"0": 0.052149268132539284, "1": 0.06884710599668842, "2": 0.4089942833656016}, "psi": {"0": 1.4765297789344105, "1": 1.0600402400571758, "2": 1.3923349375896432}, "sigma": {"0": 0.760712976431754, "1": 0.7989727755148719, "2": 0.0}, "chi_high": null, "beta_low": null}