{"R": 40.0, "wi": 1, "di": 0, "delta": 1.0, "gamma": {"0": 1.096995474767483, "1": 1.234919491194721, "2": 1.3974098360018066}, "mu": {"0": 1.0899829579932807, "1": 1.001927614914353, "2": 1.092966883169711}, "phi": {"0": 0.9170359174791477, "1": 0.06195233154867308, "2": 0.08402068271488594}, "psi": {"0": 0.5390092620104282, "1": 0.5420783715621432, "2": 1.4445242270710195}, "sigma": {"0": 0.6314334497734578, "1": 0.0, "2": 0.0}, "chi_high": null, "beta_low": 0.25425240995689086}