{"R": 40.0, "wi": 2, "di": 0, "delta": 1.0, "gamma": {"0": 0.6882825188690931, "1": 1.0691456648559026, "2": 1.4327387855277562}, "mu": {"0": 1.0846701845126159, "1": 1.0470646939256931, "2": 1.1089769328937105}, "phi": {"0": 0.38639143317911995, "1": 0.7818370644455658, "2": 0.4224281683959772}, "psi": {"0": 0.6801704358406367, "1": 0.8866937853727707, "2": 0.8417229998274431}, "sigma": {"0": 0.8401670195261308, "1": 0.8875055781485667, "2": 0.0}, "chi_high": null, "beta_low": null}