{"R": 40.0, "wi": 0, "di": 2, "delta": 1.0, "gamma": {"0": 1.0316290582493362, "1": 1.3687405788811833, "2": 1.4575454411434108}, "mu": {"0": 1.0063795518738683, "1": 1.1009042231610973, "2": 1.1391972898840301}, "phi": {"0": 0.1753669788860005, "1": 0.9066306241713064, "2": 0.28137393664667354}, "psi": {"0": 0.7613324308486978, "1": 0.820017559692653, "2": 0.8896577293229796}, "sigma": {"0": 0.5587362760894878, "1": 0.9760608967296418, "2": 0.0}, "chi_high": 0.33022916278195513, "beta_low": 0.09798980386736494}