{"R": 40.0, "wi": 3, "di": 1, "delta": 1.0, "gamma": {"0": 1.3808904266354864, "1": 0.7231568381691348, "2": 0.9139310396649947}, "mu": {"0": 1.1449746643600673, "1": 1.1484154123156214, "2": 1.0674742444052887}, "phi": {"0": 0.9525333215150529, "1": 0.12374152366134006, "2": 0.2333386178190836}, "psi": {"0": 1.1975781898535462, "1": 1.3384494884790283, "2": 1.1679917194299314}, "sigma": {"0": 0.5489238928678355, "1": 0.7544158977448323, "2": 0.0}, "chi_high": 0.6562830628622552, "beta_low": null}