{"R": 40.0, "wi": 0, "di": 1, "delta": 1.0, "gamma": {"0": 1.1565028609240242, "1": 1.4672037936957363, "2": 1.4679076194134564}, "mu": {"0": 1.0391785537765361, "1": 1.0408935001282913, "2": 1.1038566855296645}, "phi": {"0": 0.06541888545325347, "1": 0.04951293912848276, "2": 0.0020112285956446208}, "psi": {"0": 1.2183057602619947, "1": 1.2168482234670344, "2": 0.6586606700268489}, "sigma": {"0": 0.9689590826238547, "1": 0.786246382866776, "2": 0.0}, "chi_high": 0.41046374362759797, "beta_low": 0.40208734051638945}