{"R": 40.0, "wi": 0, "di": 1, "delta": 1.0, "gamma": {"0": 0.77442664063077, "1": 1.0450637101974727, "2": 0.8628452745052035}, "mu": {"0": 1.1119261943425018, "1": 1.0720516813088652, "2": 1.0267214643595355}, "phi": {"0": 0.9859015473091374, "1": 0.6978818538018653, "2": 0.13984003093418473}, "psi": {"0": 1.2951730372880448, "1": 0.9501046135001509, "2": 1.2762502759600551}, "sigma": {"0": 0.8809557373560712, "1": 0.7681136389527422, "2": 0.0}, "chi_high": 0.31316669764579436, "beta_low": 0.4364280320313832}