{"R": 40.0, "wi": 0, "di": 1, "delta": 1.0, "gamma": {"0": 1.4113775850339674, "1": 0.7803799847830561, "2": 1.4008915480309538}, "mu": {"0": 1.0474809644258853, "1": 1.0270997192919609, "2": 1.0188359058073178}, "phi": {"0": 0.7365477917275095, "1": 0.4045674910205068, "2": 0.04938395123455408}, "psi": {"0": 1.3351738571679745, "1": 1.2166706607998161, "2": 1.3177499966122348}, "sigma": {"0": 0.6250659697955967, "1": 0.6451853247520791, "2": 0.0}, "chi_high": 0.26149030569817017, "beta_low": 0.4089164561544857}