{"R": 40.0, "wi": 1, "di": 0, "delta": 1.0, "gamma": {"0": 1.1612007983582395, "1": 1.129907453372959, "2": 0.9101076996449358}, "mu": {"0": 1.0347784231981356, "1": 1.1138450193000216, "2": 1.1242450206820467}, "phi": {"0": 0.05212921568778006, "1": 0.5710510812201239, "2": 0.9742755179051839}, "psi": {"0": 1.345730251677538, "1": 0.9303799615664687, "2": 0.6754038675732149}, "sigma": {"0": 0.8501946078390286, "1": 0.0, "2": 0.0}, "chi_high": null, "beta_low": 0.5856040346625381}