{"R": 40.0, "wi": 2, "di": 1, "delta": 1.0, "gamma": {"0": 0.9017059917967977, "1": 0.7528142295346004, "2": 1.2198900670177744}, "mu": {"0": 1.0021665957852304, "1": 1.0059683505171129, "2": 1.1426358073107503}, "phi": {"0": 0.6314875833433612, "1": 0.5872933421620213, "2": 0.6523804114322782}, "psi": {"0": 0.7490114711793712, "1": 1.0496669287027374, "2": 0.8704768179503145}, "sigma": {"0": 0.6667698213687594, "1": 0.5343868116057855, "2": 0.0}, "chi_high": null, "beta_low": null}