{"R": 40.0, "wi": 2, "di": 0, "delta": 1.0, "gamma": {"0": 1.2186814421079775, "1": 0.6320198211825849, "2": 0.8358426953211324}, "mu": {"0": 1.002200414330227, "1": 1.0291218454646285, "2": 1.0237626060485152}, "phi": {"0": 0.9697009922614117, "1": 0.44040525279026965, "2": 0.5748087341349438}, "psi": {"0": 0.8580743769563502, "1": 0.8439619449159025, "2": 0.622684092502506}, "sigma": {"0": 0.620343661695698, "1": 0.6181835351245741, "2": 0.0}, "chi_high": null, "beta_low": null}