{"R": 40.0, "wi": 2, "di": 2, "delta": 1.0, "gamma": {"0": 0.5124069288641339, "1": 1.4315425924154774, "2": 1.3769015034757721}, "mu": {"0": 1.0042657452436203, "1": 1.0282658157626896, "2": 1.044464136003048}, "phi": {"0": 0.38235010261807223, "1": 0.85671769757882, "2": 0.9975301026711874}, "psi": {"0": 1.1113801897751465, "1": 1.2027592952888724, "2": 1.2346322062594262}, "sigma": {"0": 0.8979920350014265, "1": 0.787210752339821, "2": 0.0}, "chi_high": null, "beta_low": null}