{"R": 40.0, "wi": 2, "di": 1, "delta": 1.0, "gamma": {"0": 1.3209519113707473, "1": 1.430241807663691, "2": 0.5180043601566566}, "mu": {"0": 1.0694987440403514, "1": 1.0120586089703583, "2": 1.0242649500435934}, "phi": {"0": 0.9223908777735417, "1": 0.2844214745225784, "2": 0.36555762742347064}, "psi": {"0": 1.447222004532869, "1": 0.5490600995074575, "2": 0.8805556731804496}, "sigma": {"0": 0.7276671525354323, "1": 0.9207887029847652, "2": 0.0}, "chi_high": null, "beta_low": null}