{"R": 40.0, "wi": 0, "di": 1, "delta": 1.0, "gamma": {"0": 1.3392776266378372, "1": 1.4657217596177539, "2": 1.4635184706851008}, "mu": {"0": 1.007639246081628, "1": 1.0169724453053413, "2": 1.045973933182173}, "phi": {"0": 0.029825487241583404, "1": 0.7104808837742586, "2": 0.32087330770519473}, "psi": {"0": 0.7168247717301038, "1": 1.088576653409457, "2": 1.0389825928370564}, "sigma": {"0": 0.8966904575714445, "1": 0.828432784505823, "2": 0.0}, "chi_high": 0.5881989359701931, "beta_low": 0.362458805241778}