{"R": 40.0, "wi": 3, "di": 1, "delta": 1.0, "gamma": {"0": 0.8375562214002021, "1": 0.8404606440922057, "2": 1.2112785672434825}, "mu": {"0": 1.1265368841595684, "1": 1.14442611176006, "2": 1.05924274761192}, "phi": {"0": 0.19236965732948863, "1": 0.13560970387845572, "2": 0.9011323033529893}, "psi": {"0": 1.406861529506756, "1": 0.6385971867427422, "2": 1.2172310626538225}, "sigma": {"0": 0.9220600382818123, "1": 0.9676638869313413, "2": 0.0}, "chi_high": 0.4003150514598866, "beta_low": null}