{"R": 40.0, "wi": 2, "di": 2, "delta": 1.0, "gamma": {"0": 1.4906812688648259, "1": 1.0878800531763677, "2": 1.0597974483843982}, "mu": {"0": 1.040778803907779, "1": 1.1432521907869164, "2": 1.0804103641445024}, "phi": {"0": 0.41852603062736105, "1": 0.579245746478365, "2": 0.4618835356340433}, "psi": {"0": 0.7407789076499028, "1": 0.7777338165184001, "2": 1.2006667304402527}, "sigma": {"0": 0.8736913608181629, "1": 0.9995121250460175, "2": 0.0}, "chi_high": null, "beta_low": null}