{"R": 40.0, "wi": 1, "di": 1, "delta": 1.0, "gamma": {"0": 1.0911291879306906, "1": 1.0005894150444257, "2": 0.5443255923487429}, "mu": {"0": 1.0854877378605878, "1": 1.0943673467276462, "2": 1.0731856717836072}, "phi": {"0": 0.7866539075529462, "1": 0.1621872035954367, "2": 0.49926935376425974}, "psi": {"0": 1.4655337520013063, "1": 0.5828354185223658, "2": 0.5385246073976435}, "sigma": {"0": 0.6210955064702194, "1": 0.0, "2": 0.0}, "chi_high": null, "beta_low": 0.0662945190399494}