{"R": 40.0, "wi": 3, "di": 1, "delta": 1.0, "gamma": {"0": 1.4995671029192605, "1": 0.6295732903293356, "2": 0.6504741662894287}, "mu": {"0": 1.0291933225635843, "1": 1.0853478841540571, "2": 1.0420162687882912}, "phi": {"0": 0.15647747096544462, "1": 0.5634483025085417, "2": 0.3994797219532732}, "psi": {"0": 0.5070085411967005, "1": 0.5461856588299788, "2": 0.5210031263656513}, "sigma": {"0": 0.6700212438473507, "1": 0.7232244103951553, "2": 0.0}, "chi_high": 0.11430641285448875, "beta_low": null}