{"R": 40.0, "wi": 2, "di": 0, "delta": 1.0, "gamma": {"0": 1.1440259078454944, "1": 0.7952734127471198, "2": 0.5613661001750574}, "mu": {"0": 1.0049082992682035, "1": 1.0462704464102504, "2": 1.081855302840638}, "phi": {"0": 0.7054845081427478, "1": 0.9725837509568181, "2": 0.9881027900785194}, "psi": {"0": 0.7413264950788995, "1": 1.0788553604172701, "2": 0.919772592013536}, "sigma": {"0": 0.6628044519293615, "1": 0.5142853633415789, "2": 0.0}, "chi_high": null, "beta_low": null}