{"R": 40.0, "wi": 3, "di": 2, "delta": 1.0, "gamma": {"0": 0.8125801837095784, "1": 1.2058395841595422, "2": 0.7857086634310149}, "mu": {"0": 1.052567589722834, "1": 1.1309092051021423, "2": 1.1120301413573033}, "phi": {"0": 0.6110754443173442, "1": 0.9853454137516698, "2": 0.7995616555020669}, "psi": {"0": 0.5006427168020071, "1": 0.7007078861399246, "2": 0.6725945388945359}, "sigma": {"0": 0.7580853786456316, "1": 0.5969753376723916, "2": 0.0}, "chi_high": 0.029213666624695295, "beta_low": null}