{"R": 40.0, "wi": 1, "di": 1, "delta": 1.0, "gamma": {"0": 0.8378936350442764, "1": 0.501639405689719, "2": 0.7932611961226453}, "mu": {"0": 1.03418036720733, "1": 1.0959717939747287, "2": 1.11330844269933}, "phi": {"0": 0.8379784827826181, "1": 0.29997969878604147, "2": 0.9606671529725593}, "psi": {"0": 0.9303558043776748, "1": 1.398587365735463, "2": 1.497821953855733}, "sigma": {"0": 0.8364676741605301, "1": 0.0, "2": 0.0}, "chi_high": null, "beta_low": 0.48480896194960726}