{"R": 40.0, "wi": 2, "di": 0, "delta": 1.0, "gamma": {"0": 1.0527715542675802, "1": 0.6594418639907662, "2": 1.2858939689911428}, "mu": {"0": 1.0873708391648722, "1": 1.1381085618333442, "2": 1.014263317731546}, "phi": {"0": 0.9131229014594878, "1": 0.006079492088169269, "2": 0.2655748470653332}, "psi": {"0": 0.955714460385309, "1": 0.7586676344041617, "2": 1.0089003600292026}, "sigma": {"0": 0.8183422152629989, "1": 0.8866477763139613, "2": 0.0}, "chi_high": null, "beta_low": null}