{"R": 40.0, "wi": 0, "di": 2, "delta": 1.0, "gamma": {"0": 0.6055097288829961, "1": 1.4445538960844817, "2": 1.3648445787104615}, "mu": {"0": 1.0674417647442265, "1": 1.126303357018336, "2": 1.068833176396816}, "phi": {"0": 0.3221701134481654, "1": 0.6571734062361162, "2": 0.5879519199480665}, "psi": {"0": 0.5014851156082429, "1": 0.9966958958088831, "2": 0.7146800354110806}, "sigma": {"0": 0.7903867796513839, "1": 0.7168117711541759, "2": 0.0}, "chi_high": 0.9835481439546557, "beta_low": 0.7184909881350433}