{"R": 40.0, "wi": 0, "di": 2, "delta": 1.0, "gamma": {"0": 1.1659940679443146, "1": 0.9373187920038228, "2": 0.9528528788625586}, "mu": {"0": 1.1183198530170149, "1": 1.07551552220819, "2": 1.1078035233748933}, "phi": {"0": 0.3184279872063752, "1": 0.14369971047813268, "2": 0.35660403738033286}, "psi": {"0": 0.8503759113287164, "1": 1.0729732552398619, "2": 0.5631264436309998}, "sigma": {"0": 0.5496580452100068, "1": 0.6944965975666122, "2": 0.0}, "chi_high": 0.07751252316517676, "beta_low": 0.9549158567798057}