{"R": 40.0, "wi": 3, "di": 1, "delta": 1.0, "gamma": {"0": 0.6856362654233321, "1": 1.302422457569333, "2": 1.2821329277016082}, "mu": {"0": 1.0638518600101812, "1": 1.1265463586524223, "2": 1.1281964206339719}, "phi": {"0": 0.7023164639642584, "1": 0.038044741754830635, "2": 0.4692028384685587}, "psi": {"0": 0.5336408150909614, "1": 1.0225085121670168, "2": 0.9854789566909954}, "sigma": {"0": 0.9788381409319287, "1": 0.6330239029717226, "2": 0.0}, "chi_high": 0.22169458856083507, "beta_low": null}