{"R": 40.0, "wi": 1, "di": 2, "delta": 1.0, "gamma": {"0": 0.9681747691405128, "1": 0.9243770578137795, "2": 0.5928196018921486}, "mu": {"0": 1.0766852211779745, "1": 1.1240125745053533, "2": 1.1237653684645106}, "phi": {"0": 0.30202109478884975, "1": 0.30166819734410877, "2": 0.575725046031845}, "psi": {"0": 1.0692675410447454, "1": 0.6005284551590893, "2": 0.757307416559814}, "sigma": {"0": 0.7678753201191232, "1": 0.0, "2": 0.0}, "chi_high": null, "beta_low": 0.6156079986260403}