{"R": 40.0, "wi": 2, "di": 1, "delta": 1.0, "gamma": {"0": 0.750327449862353, "1": 1.127203221135503, "2": 0.7802216204304542}, "mu": {"0": 1.0521923749198978, "1": 1.1034944087329217, "2": 1.0032060647788161}, "phi": {"0": 0.2587089531586645, "1": 0.03851936909040621, "2": 0.3611694180392434}, "psi": {"0": 0.9244142781614892, "1": 1.4930027086827895, "2": 1.3468143216538992}, "sigma": {"0": 0.7475782603429622, "1": 0.7280806604042653, "2": 0.0}, "chi_high": null, "beta_low": null}