{"R": 40.0, "wi": 0, "di": 2, "delta": 1.0, "gamma": {"0": 1.312246296085526, "1": 1.0339931295064795, "2": 0.741762876863424}, "mu": {"0": 1.1301291233451782, "1": 1.1026534751202122, "2": 1.0157850213872046}, "phi": {"0": 0.1283405781119742, "1": 0.7611182355704754, "2": 0.09363900908917877}, "psi": {"0": 0.6208808130863089, "1": 0.7800487003174833, "2": 0.5001830546686276}, "sigma": {"0": 0.7184098517436697, "1": 0.871664220487087, "2": 0.0}, "chi_high": 0.7455766839424991, "beta_low": 0.30556736559509556}