{"R": 40.0, "wi": 1, "di": 2, "delta": 1.0, "gamma": {"0": 1.0639042679488662, "1": 1.043079342137406, "2": 0.97760851700415}, "mu": {"0": 1.0074481553334602, "1": 1.0959182508312044, "2": 1.0828770184794665}, "phi": {"0": 0.14903860001189362, "1": 0.12368760304231674, "2": 0.15179279182754357}, "psi": {"0": 0.5777903626714895, "1": 1.4622810549747804, "2": 0.5632194988129198}, "sigma": {"0": 0.8639391539619088, "1": 0.0, "2": 0.0}, "chi_high": null, "beta_low": 0.4745776471802358}