{"R": 40.0, "wi": 1, "di": 0, "delta": 1.0, "gamma": {"0": 0.9140138831161058, "1": 0.5838869200021904, "2": 1.2018804558953664}, "mu": {"0": 1.139609241112113, "1": 1.131252131613741, "2": 1.1128507395833638}, "phi": {"0": 0.5348515807311366, "1": 0.21266726993909246, "2": 0.5021620401899782}, "psi": {"0": 1.3290590839413807, "1": 1.3910205174672752, "2": 0.8633121288555945}, "sigma": {"0": 0.9134961276933902, "1": 0.0, "2": 0.0}, "chi_high": null, "beta_low": 0.8576953066661105}