{"R": 40.0, "wi": 0, "di": 2, "delta": 1.0, "gamma": {"0": 0.6799245534433868, "1": 0.6530953057750781, "2": 0.9346491353241994}, "mu": {"0": 1.0638423992007842, "1": 1.105974355766555, "2": 1.0242844899244612}, "phi": {"0": 0.7705366493390811, "1": 0.5152467266905898, "2": 0.4708698089935508}, "psi": {"0": 0.8405948635500549, "1": 0.5270800414636689, "2": 0.5836517227519041}, "sigma": {"0": 0.5361492777706774, "1": 0.5885240323171337, "2": 0.0}, "chi_high": 0.10183917334750159, "beta_low": 0.8460925000558825}