{"R": 40.0, "wi": 2, "di": 0, "delta": 1.0, "gamma": {"0": 0.7963470910375943, "1": 1.0533072882421686, "2": 0.5454067432924526}, "mu": {"0": 1.1285294963684078, "1": 1.0643419789778263, "2": 1.1197924175397465}, "phi": {"0": 0.26905721308842756, "1": 0.8856913050246173, "2": 0.7857847372563402}, "psi": {"0": 1.0292686236941524, "1": 0.6421570302459799, "2": 0.5138374212258535}, "sigma": {"0": 0.5300484823285245, "1": 0.8948684053124606, "2": 0.0}, "chi_high": null, "beta_low": null}