{"R": 40.0, "wi": 1, "di": 0, "delta": 1.0, "gamma": {"0": 1.0852238824839122, "1": 1.2279245660550084, "2": 0.7384096908526007}, "mu": {"0": 1.0124999309026497, "1": 1.0514124716541442, "2": 1.0637557338522488}, "phi": {"0": 0.2611191922698364, "1": 0.9445849166968938, "2": 0.6868523910488772}, "psi": {"0": 1.4683204807854917, "1": 0.5987936765577184, "2": 0.8452867232889578}, "sigma": {"0": 0.8846837606827576, "1": 0.0, "2": 0.0}, "chi_high": null, "beta_low": 0.972054054751479}