{"R": 40.0, "wi": 0, "di": 1, "delta": 1.0, "gamma": {"0": 1.329093600179568, "1": 0.9219080589637907, "2": 1.4295937013690465}, "mu": {"0": 1.036008701584266, "1": 1.1252762573414277, "2": 1.0009892153531024}, "phi": {"0": 0.4779111787094844, "1": 0.2645898757397769, "2": 0.38417449338573495}, "psi": {"0": 0.6159280526647241, "1": 1.1557930956460245, "2": 0.6875673373843656}, "sigma": {"0": 0.5322901700437268, "1": 0.8234381444419367, "2": 0.0}, "chi_high": 0.9848290487209386, "beta_low": 0.6255643427036226}