{"R": 40.0, "wi": 3, "di": 1, "delta": 1.0, "gamma": {"0": 1.009607626463348, "1": 0.5575788991490181, "2": 1.1232333855029322}, "mu": {"0": 1.0168073892276819, "1": 1.0740390890577196, "2": 1.0186638733842932}, "phi": {"0": 0.9244886550226001, "1": 0.12459998265861694, "2": 0.6638503337630298}, "psi": {"0": 0.5529830709992084, "1": 0.6757788047609212, "2": 0.9324890829777769}, "sigma": {"0": 0.8907564551617893, "1": 0.5527053884279284, "2": 0.0}, "chi_high": 0.03330454907313614, "beta_low": null}