{"R": 40.0, "wi": 0, "di": 0, "delta": 1.0, "gamma": {"0": 1.0150918253777528, "1": 0.9428270758271159, "2": 0.7335466957555179}, "mu": {"0": 1.100090098139447, "1": 1.0329935723801686, "2": 1.1039827907304016}, "phi": {"0": 0.8319739336529148, "1": 0.7057506191643564, "2": 0.8139898802250886}, "psi": {"0": 0.6490080348251052, "1": 1.0409898370226198, "2": 0.604033407825777}, "sigma": {"0": 0.9522520506177209, "1": 0.8539863051961882, "2": 0.0}, "chi_high": 0.9750237621308953, "beta_low": 0.29403921591918136}