{"R": 40.0, "wi": 2, "di": 0, "delta": 1.0, "gamma": {"0": 0.749217549243843, "1": 1.3621428476424482, "2": 0.7907574547482802}, "mu": {"0": 1.0831189811996307, "1": 1.0751607850970093, "2": 1.0983571453118441}, "phi": {"0": 0.3696898464481907, "1": 0.7518175498789744, "2": 0.10338217006745565}, "psi": {"0": 1.0872834242615947, "1": 0.8707353328732151, "2": 0.5106068788344796}, "sigma": {"0": 0.6763302234913868, "1": 0.844632310576247, "2": 0.0}, "chi_high": null, "beta_low": null}