{"R": 40.0, "wi": 0, "di": 1, "delta": 1.0, "gamma": {"0": 0.5440137250375169, "1": 1.2283760041616936, "2": 1.2795705286140984}, "mu": {"0": 1.1086907759067002, "1": 1.1474089390138467, "2": 1.0966191768948912}, "phi": {"0": 0.8695971802925362, "1": 0.041298895634848454, "2": 0.7408289766141718}, "psi": {"0": 0.8456219201938198, "1": 1.3397283887991347, "2": 1.2241785503145248}, "sigma": {"0": 0.6367585961095481, "1": 0.6406076921050348, "2": 0.0}, "chi_high": 0.7334061167851975, "beta_low": 0.20495496110804265}