{"R": 40.0, "wi": 0, "di": 2, "delta": 1.0, "gamma": {"0": 0.6099052681848216, "1": 0.9878762362764951, "2": 1.4036973868095615}, "mu": {"0": 1.017207991267426, "1": 1.0144910150247748, "2": 1.0328574908411898}, "phi": {"0": 0.3454044797963015, "1": 0.686678265006568, "2": 0.5746791061518354}, "psi": {"0": 1.4595963710840718, "1": 0.5305078340564389, "2": 0.9428290990780923}, "sigma": {"0": 0.8938136840867206, "1": 0.7076842545413238, "2": 0.0}, "chi_high": 0.9665704729314692, "beta_low": 0.658241204483375}