{"R": 40.0, "wi": 3, "di": 0, "delta": 1.0, "gamma": {"0": 1.2046878177473297, "1": 0.5328025633515983, "2": 1.4315806439022087}, "mu": {"0": 1.0144341442954965, "1": 1.0733916709913744, "2": 1.055287967338994}, "phi": {"0": 0.5017900801696146, "1": 0.8146448904164417, "2": 0.6449915898010674}, "psi": {"0": 1.2130702583554367, "1": 0.9628411938211962, "2": 0.9098872135843792}, "sigma": {"0": 0.8798927779896666, "1": 0.9109733509914988, "2": 0.0}, "chi_high": 0.5812132208847623, "beta_low": null}