{"R": 40.0, "wi": 1, "di": 0, "delta": 1.0, "gamma": {"0": 1.1441587023716304, "1": 1.2921286347415717, "2": 1.264724382629962}, "mu": {"0": 1.031334089404259, "1": 1.0306826424680073, "2": 1.0208894155485941}, "phi": {"0": 0.4270197766723435, "1": 0.5458468793599783, "2": 0.3853670275879725}, "psi": {"0": 1.4614231065479353, "1": 0.5037552251685868, "2": 1.3894341187573902}, "sigma": {"0": 0.9305106788492945, "1": 0.0, "2": 0.0}, "chi_high": null, "beta_low": 0.46430534858016875}