{"R": 40.0, "wi": 0, "di": 1, "delta": 1.0, "gamma": {"0": 0.9171819433552438, "1": 0.6441656942194828, "2": 1.4061467549413589}, "mu": {"0": 1.0426043345989786, "1": 1.0681686199784581, "2": 1.0223525042779207}, "phi": {"0": 0.7915990610286235, "1": 0.26140513564917056, "2": 0.4275888747985668}, "psi": {"0": 0.7280974637997722, "1": 1.1734842505944734, "2": 0.8767726619367445}, "sigma": {"0": 0.6581133794307279, "1": 0.929262835816882, "2": 0.0}, "chi_high": 0.8522825195984249, "beta_low": 0.44861226499253926}