{"R": 40.0, "wi": 2, "di": 2, "delta": 1.0, "gamma": {"0": 0.6771444257870425, "1": 0.7372529919222661, "2": 0.6944441787706145}, "mu": {"0": 1.0727401778607886, "1": 1.0420753439510482, "2": 1.0340163997903298}, "phi": {"0": 0.8921901303297922, "1": 0.5190055385412035, "2": 0.8616460528683488}, "psi": {"0": 0.8745604834003832, "1": 0.5887181143626911, "2": 1.3409518658059714}, "sigma": {"0": 0.7288218286612024, "1": 0.966209833233008, "2": 0.0}, "chi_high": null, "beta_low": null}