{"R": 40.0, "wi": 1, "di": 1, "delta": 1.0, "gamma": {"0": 1.2830516449205083, "1": 1.311789775265865, "2": 0.5812149209334319}, "mu": {"0": 1.0942337229392054, "1": 1.0339768398971931, "2": 1.0203747256004727}, "phi": {"0": 0.3822528264125502, "1": 0.787873243643543, "2": 0.7908699784447978}, "psi": {"0": 1.1340769321931239, "1": 0.7592531701062532, "2": 1.1658802864667366}, "sigma": {"0": 0.6488407697035496, "1": 0.0, "2": 0.0}, "chi_high": null, "beta_low": 0.9288643558063584}