{"R": 40.0, "wi": 3, "di": 2, "delta": 1.0, "gamma": {"0": 0.6845424881161171, "1": 1.328593233548558, "2": 1.3608660411897673}, "mu": {"0": 1.126691259009358, "1": 1.0002899678016237, "2": 1.0385742616228664}, "phi": {"0": 0.9380036732523457, "1": 0.10539142815555969, "2": 0.48019397731432845}, "psi": {"0": 1.0687804307142574, "1": 0.8370270462533407, "2": 1.3488505776148618}, "sigma": {"0": 0.6996621524155748, "1": 0.5682925180036854, "2": 0.0}, "chi_high": 0.22857986310298484, "beta_low": null}