{"R": 40.0, "wi": 1, "di": 1, "delta": 1.0, "gamma": {"0": 0.8727027970246821, "1": 1.4282587059673553, "2": 0.6860120371225229}, "mu": {"0": 1.0476508458332783, "1": 1.0636541386834508, "2": 1.0404492633740734}, "phi": {"0": 0.9340473920158443, "1": 0.5566853401489918, "2": 0.013154502524716283}, "psi": {"0": 0.5451034202917692, "1": 1.0093303407127474, "2": 1.0274069714074587}, "sigma": {"0": 0.6360415784451612, "1": 0.0, "2": 0.0}, "chi_high": null, "beta_low": 0.775363332031338}