{"R": 40.0, "wi": 3, "di": 2, "delta": 1.0, "gamma": {"0": 1.2249205008566597, "1": 0.5895626938519793, "2": 1.1103332588545887}, "mu": {"0": 1.0942922343052603, "1": 1.0672959068515089, "2": 1.1185294533526555}, "phi": {"0": 0.5760204728385443, "1": 0.6654887045603904, "2": 0.4960547563053169}, "psi": {"0": 1.479651135031869, "1": 1.0304466438001754, "2": 1.4277067236616343}, "sigma": {"0": 0.8180191382388458, "1": 0.8660667015691604, "2": 0.0}, "chi_high": 0.7968086845932628, "beta_low": null}