{"R": 40.0, "wi": 2, "di": 0, "delta": 1.0, "gamma": {"0": 1.142077837572308, "1": 0.9179615609282975, "2": 0.9786267734395542}, "mu": {"0": 1.1011143621715855, "1": 1.0202290715731641, "2": 1.1292214252838857}, "phi": {"0": 0.04107583810798854, "1": 0.9979044390048506, "2": 0.15443762401445915}, "psi": {"0": 1.193061152217736, "1": 0.8624945608417292, "2": 1.1342763113813898}, "sigma": {"0": 0.8423729128021387, "1": 0.8500943773952394, "2": 0.0}, "chi_high": null, "beta_low": null}