{"R": 40.0, "wi": 0, "di": 0, "delta": 1.0, "gamma": {"0": 0.9978920181357834, "1": 1.0447059677786972, "2": 0.544257870878072}, "mu": {"0": 1.0474157985536434, "1": 1.1279379124280526, "2": 1.056852775772137}, "phi": {"0": 0.5495139465679618, "1": 0.5056560121650048, "2": 0.8014603781805762}, "psi": {"0": 1.0844126671312897, "1": 0.65734573315106, "2": 0.7286758201572694}, "sigma": {"0": 0.8441103648101964, "1": 0.5987064148720607, "2": 0.0}, "chi_high": 0.9020161411451135, "beta_low": 0.4932398672540513}