{"R": 40.0, "wi": 1, "di": 2, "delta": 1.0, "gamma": {"0": 1.020079812989073, "1": 1.3660792801291413, "2": 0.6069571935055376}, "mu": {"0": 1.0681507005379203, "1": 1.1324579989828245, "2": 1.0828693471497632}, "phi": {"0": 0.5499060811137845, "1": 0.9070283092836835, "2": 0.46772784616471985}, "psi": {"0": 1.0736003408510437, "1": 1.192027603301867, "2": 1.1125038032758696}, "sigma": {"0": 0.5088715789666698, "1": 0.0, "2": 0.0}, "chi_high": null, "beta_low": 0.27188644769972153}