{"R": 40.0, "wi": 2, "di": 2, "delta": 1.0, "gamma": {"0": 1.2823520166239821, "1": 0.7857553786701645, "2": 1.4110754353202928}, "mu": {"0": 1.0142819147822544, "1": 1.1394688328201217, "2": 1.0058897477607387}, "phi": {"0": 0.7619412897531271, "1": 0.5690309086370606, "2": 0.42015622325758606}, "psi": {"0": 0.8473244776432954, "1": 1.1280943443426183, "2": 1.4761685532070514}, "sigma": {"0": 0.8841938022002495, "1": 0.5461279434263622, "2": 0.0}, "chi_high": null, "beta_low": null}