{"R": 40.0, "wi": 2, "di": 1, "delta": 1.0, "gamma": {"0": 0.8891848623612688, "1": 0.7785095355747865, "2": 1.2324390522069035}, "mu": {"0": 1.0805317846127276, "1": 1.0837997402927155, "2": 1.0179287282252456}, "phi": {"0": 0.9498685363236635, "1": 0.8795691351437622, "2": 0.38040024152957364}, "psi": {"0": 1.3197267516296785, "1": 1.156123842559609, "2": 1.115517966126307}, "sigma": {"0": 0.9392390099698606, "1": 0.8504032442793499, "2": 0.0}, "chi_high": null, "beta_low": null}