{"R": 40.0, "wi": 2, "di": 1, "delta": 1.0, "gamma": {"0": 0.9090954942133481, "1": 1.4145166990302893, "2": 0.98846988583394}, "mu": {"0": 1.08162639935403, "1": 1.0975938558001501, "2": 1.0570135568125745}, "phi": {"0": 0.8837473936846384, "1": 0.5380527081936747, "2": 0.6685374217186714}, "psi": {"0": 1.27417294597856, "1": 0.5725979070291531, "2": 0.8938995927935031}, "sigma": {"0": 0.7867336778813505, "1": 0.5592074232844255, "2": 0.0}, "chi_high": null, "beta_low": null}