{"R": 40.0, "wi": 3, "di": 2, "delta": 1.0, "gamma": {"0": 1.3307258571970038, "1": 0.7537924647092783, "2": 1.1231229708161758}, "mu": {"0": 1.0885265665514505, "1": 1.0846726893083176, "2": 1.1059831924708148}, "phi": {"0": 0.44117627855662256, "1": 0.8378205511768142, "2": 0.2361880526540523}, "psi": {"0": 0.7957388675825599, "1": 0.969091713840798, "2": 1.3697217654738165}, "sigma": {"0": 0.7688857909620175, "1": 0.7650879433485485, "2": 0.0}, "chi_high": 0.699384306662808, "beta_low": null}