{"R": 40.0, "wi": 1, "di": 2, "delta": 1.0, "gamma": {"0": 1.4496379413213987, "1": 1.058738913360503, "2": 1.4600327718353845}, "mu": {"0": 1.091409694910323, "1": 1.1001064978991273, "2": 1.0666220309405832}, "phi": {"0": 0.4423980860191975, "1": 0.37584279914771157, "2": 0.23849380219642902}, "psi": {"0": 0.6918004885507116, "1": 1.4556199497750106, "2": 1.0180503653676896}, "sigma": {"0": 0.7894371198497352, "1": 0.0, "2": 0.0}, "chi_high": null, "beta_low": 0.6378842119770074}