{"R": 40.0, "wi": 1, "di": 0, "delta": 1.0, "gamma": {"0": 0.9063459060055421, "1": 0.7971272532307225, "2": 0.6042620713149414}, "mu": {"0": 1.0489515730648866, "1": 1.0092198892854563, "2": 1.070918096324947}, "phi": {"0": 0.7144493782398919, "1": 0.5306882334017347, "2": 0.7092900232459828}, "psi": {"0": 0.5471358910493891, "1": 1.4414553842777829, "2": 1.1985781942058407}, "sigma": {"0": 0.5237610422134278, "1": 0.0, "2": 0.0}, "chi_high": null, "beta_low": 0.6821910699235912}