{"R": 40.0, "wi": 3, "di": 0, "delta": 1.0, "gamma": {"0": 0.6044905050809071, "1": 0.7437420314751892, "2": 0.607347261316005}, "mu": {"0": 1.0714289110330966, "1": 1.0350159597841606, "2": 1.1285943693249436}, "phi": {"0": 0.2659591689263707, "1": 0.8622573394488806, "2": 0.8321674366297472}, "psi": {"0": 0.5838082311697239, "1": 1.4312865654695686, "2": 0.657831406749301}, "sigma": {"0": 0.73241859739324, "1": 0.9993201128778532, "2": 0.0}, "chi_high": 0.8774172307839416, "beta_low": null}