{"R": 40.0, "wi": 3, "di": 2, "delta": 1.0, "gamma": {"0": 1.1009962311719197, "1": 1.2957884826216177, "2": 1.3544139218082636}, "mu": {"0": 1.1241774733287, "1": 1.0130123284203236, "2": 1.0337973443040533}, "phi": {"0": 0.7726137988179367, "1": 0.29014549151188695, "2": 0.7120233437409046}, "psi": {"0": 0.8690851939815186, "1": 1.3091308457107846, "2": 0.9838958789940477}, "sigma": {"0": 0.611621332646159, "1": 0.6168589552160777, "2": 0.0}, "chi_high": 0.8554829269658011, "beta_low": null}