{"R": 40.0, "wi": 2, "di": 0, "delta": 1.0, "gamma": {"0": 0.8102738183333411, "1": 0.8338078055197731, "2": 1.3428253620891786}, "mu": {"0": 1.1107158334020546, "1": 1.0865469723595063, "2": 1.1359276749752802}, "phi": {"0": 0.4831535857343079, "1": 0.9868823239175727, "2": 0.46631101029117294}, "psi": {"0": 0.8105750034365165, "1": 0.6767936218399353, "2": 0.9279217546631363}, "sigma": {"0": 0.718099465033198, "1": 0.5276353048592697, "2": 0.0}, "chi_high": null, "beta_low": null}