{"R": 40.0, "wi": 1, "di": 2, "delta": 1.0, "gamma": {"0": 0.740840042650096, "1": 1.0385226512951382, "2": 1.2522506817789105}, "mu": {"0": 1.0328417592919377, "1": 1.1020914094576943, "2": 1.010245233899129}, "phi": {"0": 0.5506437505834368, "1": 0.02185178530065779, "2": 0.5018184880532106}, "psi": {"0": 0.9010485561979953, "1": 0.7873010599828075, "2": 1.0054985419443327}, "sigma": {"0": 0.7056959054274083, "1": 0.0, "2": 0.0}, "chi_high": null, "beta_low": 0.2983041948167194}