{"R": 40.0, "wi": 1, "di": 2, "delta": 1.0, "gamma": {"0": 0.6728068945021716, "1": 0.8358326264624012, "2": 0.517428183602501}, "mu": {"0": 1.102085048712996, "1": 1.0085305155453836, "2": 1.0601746060203463}, "phi": {"0": 0.13616695411573887, "1": 0.3022614308601377, "2": 0.004042459991043024}, "psi": {"0": 0.7258689588225152, "1": 0.9758471933975605, "2": 1.0066570549869513}, "sigma": {"0": 0.9291650621816367, "1": 0.0, "2": 0.0}, "chi_high": null, "beta_low": 0.10533435234482}