{"R": 40.0, "wi": 1, "di": 2, "delta": 1.0, "gamma": {"0": 0.9306854922576373, "1": 1.0038000623144292, "2": 0.597569508901483}, "mu": {"0": 1.1316689847035635, "1": 1.0333244351050472, "2": 1.0625126009139554}, "phi": {"0": 0.3216083615792412, "1": 0.293708896298311, "2": 0.20857907626282413}, "psi": {"0": 1.1262996004645232, "1": 0.8720444946823229, "2": 0.5887046423780719}, "sigma": {"0": 0.9524709054912724, "1": 0.0, "2": 0.0}, "chi_high": null, "beta_low": 0.4911102842819323}