{"R": 40.0, "wi": 3, "di": 2, "delta": 1.0, "gamma": {"0": 1.1359216455000132, "1": 0.8871792597397752, "2": 1.0835185364518738}, "mu": {"0": 1.1426584694492457, "1": 1.0467861552763966, "2": 1.0081255455346851}, "phi": {"0": 0.695962958637643, "1": 0.6100984057068877, "2": 0.9702653224081381}, "psi": {"0": 1.158960891667741, "1": 0.876981730556797, "2": 0.5391302884205119}, "sigma": {"0": 0.873392637597044, "1": 0.9962189872412026, "2": 0.0}, "chi_high": 0.19552863355718958, "beta_low": null}