{"R": 40.0, "wi": 3, "di": 2, "delta": 1.0, "gamma": {"0": 1.1565171780699632, "1": 1.038202127444352, "2": 0.5380235071820413}, "mu": {"0": 1.1266193334244576, "1": 1.0329128664692648, "2": 1.1337692379102993}, "phi": {"0": 0.6026750341234874, "1": 0.7712982443086182, "2": 0.895443201301312}, "psi": {"0": 1.4285434698688966, "1": 1.0905480310403137, "2": 0.6575115689547576}, "sigma": {"0": 0.5330004178141958, "1": 0.8760909866273225, "2": 0.0}, "chi_high": 0.7785395150044929, "beta_low": null}