{"R": 40.0, "wi": 3, "di": 0, "delta": 1.0, "gamma": {"0": 1.303510741452777, "1": 0.8000292502647923, "2": 1.389757826340407}, "mu": {"0": 1.135185007705562, "1": 1.086247983484419, "2": 1.0432557355145864}, "phi": {"0": 0.5961099044384462, "1": 0.49831356914776204, "2": 0.6681983852036114}, "psi": {"0": 1.0087117439748456, "1": 0.7417245661655697, "2": 0.9569505349935807}, "sigma": {"0": 0.70973102022625, "1": 0.6861183938876563, "2": 0.0}, "chi_high": 0.2715110315390845, "beta_low": null}