{"R": 40.0, "wi": 1, "di": 1, "delta": 1.0, "gamma": {"0": 1.101940793029692, "1": 0.7478927971072913, "2": 0.5662819866596067}, "mu": {"0": 1.0024171352624769, "1": 1.1172800310460569, "2": 1.073960101979635}, "phi": {"0": 0.6088525719869059, "1": 0.4310173087551544, "2": 0.6528335156109109}, "psi": {"0": 1.0770415208620054, "1": 0.9719093173015292, "2": 1.0456675810633025}, "sigma": {"0": 0.5019857981122783, "1": 0.0, "2": 0.0}, "chi_high": null, "beta_low": 0.5388594070076943}