{"R": 40.0, "wi": 3, "di": 2, "delta": 1.0, "gamma": {"0": 0.6588180530283579, "1": 0.7140575511955491, "2": 0.538715824269031}, "mu": {"0": 1.0606711186217357, "1": 1.0890452343148747, "2": 1.103329158438554}, "phi": {"0": 0.27679419395302995, "1": 0.5321398050951366, "2": 0.029793653737582804}, "psi": {"0": 0.773642332443885, "1": 0.6615223917921031, "2": 1.4719923259238132}, "sigma": {"0": 0.6858555026224019, "1": 0.5915487117652116, "2": 0.0}, "chi_high": 0.542704335965098, "beta_low": null}