{"R": 40.0, "wi": 1, "di": 1, "delta": 1.0, "gamma": {"0": 1.2181471233880523, "1": 1.2664540148880628, "2": 1.3463306396623609}, "mu": {"0": 1.1167377582661924, "1": 1.014826172948662, "2": 1.071490297860919}, "phi": {"0": 0.05649288534485841, "1": 0.2141525212191231, "2": 0.10589520467279778}, "psi": {"0": 1.0719273096455444, "1": 0.8855060541005784, "2": 0.8698045298488001}, "sigma": {"0": 0.6946513461268069, "1": 0.0, "2": 0.0}, "chi_high": null, "beta_low": 0.8858267995430169}