{"R": 40.0, "wi": 1, "di": 1, "delta": 1.0, "gamma": {"0": 1.3862698992747964, "1": 1.3499129430867631, "2": 0.6694162336962374}, "mu": {"0": 1.0579318371453879, "1": 1.067769717130448, "2": 1.0311464949590883}, "phi": {"0": 0.2842120991903735, "1": 0.4324686446418694, "2": 0.8322131575388902}, "psi": {"0": 1.0095042273179526, "1": 1.0627461253190122, "2": 1.3550398294936143}, "sigma": {"0": 0.5672562476372598, "1": 0.0, "2": 0.0}, "chi_high": null, "beta_low": 0.7977242577051563}