{"R": 40.0, "wi": 1, "di": 0, "delta": 1.0, "gamma": {"0": 1.2592997042795004, "1": 1.2085931713629035, "2": 1.0716122989924017}, "mu": {"0": 1.1195717543270847, "1": 1.1242958468128144, "2": 1.1261728020826542}, "phi": {"0": 0.66896952045077, "1": 0.6144128519731983, "2": 0.7563394331669568}, "psi": {"0": 0.8455809811201089, "1": 1.2188041251147197, "2": 0.7923353920249608}, "sigma": {"0": 0.6590064579927566, "1": 0.0, "2": 0.0}, "chi_high": null, "beta_low": 0.6531309648320593}