{"R": 40.0, "wi": 0, "di": 1, "delta": 1.0, "gamma": {"0": 0.9239392252891979, "1": 0.6939417703510378, "2": 0.6043618099243153}, "mu": {"0": 1.0969701739540731, "1": 1.0051118783909665, "2": 1.056207244881846}, "phi": {"0": 0.23820678515385063, "1": 0.5652293551163234, "2": 0.25359591225487343}, "psi": {"0": 1.2897203302788807, "1": 0.6813289890634632, "2": 1.4750618172289118}, "sigma": {"0": 0.78803579473293, "1": 0.9696983920270836, "2": 0.0}, "chi_high": 0.46701136396967036, "beta_low": 0.29984949517337134}