{"R": 40.0, "wi": 0, "di": 1, "delta": 1.0, "gamma": {"0": 0.5907372144790981, "1": 1.486953074898922, "2": 1.1250901435198515}, "mu": {"0": 1.0466510599184546, "1": 1.0965665163973608, "2": 1.0508337459388923}, "phi": {"0": 0.9883518153641385, "1": 0.1783018634737359, "2": 0.036856598011417496}, "psi": {"0": 1.2351464528742593, "1": 1.365591916221349, "2": 0.6970759082402006}, "sigma": {"0": 0.6142055413996288, "1": 0.879677155770876, "2": 0.0}, "chi_high": 0.3272116892171749, "beta_low": 0.20450949972045374}