{"R": 40.0, "wi": 1, "di": 0, "delta": 1.0, "gamma": {"0": 1.4194188711755664, "1": 0.8174010985677677, "2": 1.4474150523107365}, "mu": {"0": 1.0976156209751982, "1": 1.0605420736462874, "2": 1.0694492745147712}, "phi": {"0": 0.5024244944988487, "1": 0.41001324589036114, "2": 0.53756079250635}, "psi": {"0": 0.672874741568934, "1": 0.5356145782704893, "2": 1.11914150643508}, "sigma": {"0": 0.9575410816635634, "1": 0.0, "2": 0.0}, "chi_high": null, "beta_low": 0.08080273557577533}