{"R": 40.0, "wi": 1, "di": 2, "delta": 1.0, "gamma": {"0": 1.314767173341973, "1": 0.7664592617193122, "2": 0.5620183491514917}, "mu": {"0": 1.0921374290513741, "1": 1.1078798936653251, "2": 1.045373894313783}, "phi": {"0": 0.9628037631399124, "1": 0.5748056403248402, "2": 0.11622425776539358}, "psi": {"0": 0.8957361743169153, "1": 0.6290924466659977, "2": 1.1620460110150024}, "sigma": {"0": 0.5994439758244029, "1": 0.0, "2": 0.0}, "chi_high": null, "beta_low": 0.5916770025107143}