{"R": 40.0, "wi": 1, "di": 2, "delta": 1.0, "gamma": {"0": 1.339202239652217, "1": 0.9623322327251007, "2": 1.0683627888049025}, "mu": {"0": 1.1224916773529707, "1": 1.0817845526178407, "2": 1.0275991228854853}, "phi": {"0": 0.2681278713277362, "1": 0.8514659704752368, "2": 0.44038037466360014}, "psi": {"0": 1.1179294295933926, "1": 0.9305295257642425, "2": 1.22422138612866}, "sigma": {"0": 0.760483213149253, "1": 0.0, "2": 0.0}, "chi_high": null, "beta_low": 0.342834932223698}