{"R": 40.0, "wi": 1, "di": 0, "delta": 1.0, "gamma": {"0": 1.0960636431805275, "1": 0.84728757381825, "2": 1.0042680560616697}, "mu": {"0": 1.038707016277893, "1": 1.135455992207274, "2": 1.0195950993443645}, "phi": {"0": 0.8277189796994132, "1": 0.5469347879794797, "2": 0.6972493841359998}, "psi": {"0": 0.5675702144403766, "1": 1.0762064103193787, "2": 1.3582244678909974}, "sigma": {"0": 0.5981952359666944, "1": 0.0, "2": 0.0}, "chi_high": null, "beta_low": 0.45932598848611217}