{"R": 40.0, "wi": 0, "di": 0, "delta": 1.0, "gamma": {"0": 1.083753023885917, "1": 0.7776632343522304, "2": 1.3503614568641351}, "mu": {"0": 1.0717318951814903, "1": 1.1003927060037062, "2": 1.0976442506647945}, "phi": {"0": 0.15293860126407988, "1": 0.07546632751553484, "2": 0.8809671840917891}, "psi": {"0": 1.1207912776270184, "1": 1.0426782579958265, "2": 1.211171180132835}, "sigma": {"0": 0.9069464407320157, "1": 0.7943717347988761, "2": 0.0}, "chi_high": 0.6358583825723617, "beta_low": 0.45996189771485635}