{"R": 40.0, "wi": 3, "di": 1, "delta": 1.0, "gamma": {"0": 1.3386109712136807, "1": 1.498025599938091, "2": 1.3955758214894913}, "mu": {"0": 1.0631702136962833, "1": 1.136438688228536, "2": 1.0629658361471903}, "phi": {"0": 0.46774899793571045, "1": 0.0036807806924898934, "2": 0.9071995369710292}, "psi": {"0": 0.9237548229271705, "1": 1.4174692653177847, "2": 1.1997926152328058}, "sigma": {"0": 0.8506004349409216, "1": 0.7672799437687666, "2": 0.0}, "chi_high": 0.2585540316079722, "beta_low": null}