{"R": 40.0, "wi": 0, "di": 0, "delta": 1.0, "gamma": {"0": 0.7497975172545658, "1": 1.3778947185675898, "2": 1.4842184234440405}, "mu": {"0": 1.1398893692417127, "1": 1.0923172010287738, "2": 1.061675595292088}, "phi": {"0": 0.38276923698455956, "1": 0.9453886809643776, "2": 0.13018031176440936}, "psi": {"0": 1.2058685708869268, "1": 1.4156442194543148, "2": 0.5430041351347554}, "sigma": {"0": 0.5063589671061786, "1": 0.548158740216173, "2": 0.0}, "chi_high": 0.07144888586009382, "beta_low": 0.287937619662724}