{"R": 40.0, "wi": 1, "di": 2, "delta": 1.0, "gamma": {"0": 1.2156664705268736, "1": 1.4723809542154132, "2": 1.18561540406795}, "mu": {"0": 1.0169655292655566, "1": 1.0946377070778044, "2": 1.0355383642469063}, "phi": {"0": 0.5336016026327947, "1": 0.5046885368937051, "2": 0.04012791651661829}, "psi": {"0": 1.328800642128658, "1": 1.0426126385322037, "2": 0.5071443208585421}, "sigma": {"0": 0.5956815948326794, "1": 0.0, "2": 0.0}, "chi_high": null, "beta_low": 0.4863316491672462}