{"R": 40.0, "wi": 3, "di": 0, "delta": 1.0, "gamma": {"0": 0.8658461354371921, "1": 1.1583716136263786, "2": 0.8274770215196726}, "mu": {"0": 1.0774760035320432, "1": 1.0483979074598018, "2": 1.125415598708061}, "phi": {"0": 0.35536337047686795, "1": 0.02090307333057817, "2": 0.5787541442941774}, "psi": {"0": 0.830454338932613, "1": 1.4866652068818924, "2": 1.0199539122411436}, "sigma": {"0": 0.9323329370883855, "1": 0.6386250873129699, "2": 0.0}, "chi_high": 0.2847703854250282, "beta_low": null}