{"R": 40.0, "wi": 0, "di": 1, "delta": 1.0, "gamma": {"0": 1.295884631584478, "1": 0.8705682800145575, "2": 1.0160530977825772}, "mu": {"0": 1.0629431298799563, "1": 1.0774777613578053, "2": 1.05795644040812}, "phi": {"0": 0.317087634976875, "1": 0.12957011932504037, "2": 0.5833825493523401}, "psi": {"0": 1.2864858100323133, "1": 1.2687493536885435, "2": 1.490638948138527}, "sigma": {"0": 0.521196658323398, "1": 0.8616918675886589, "2": 0.0}, "chi_high": 0.6035559502163894, "beta_low": 0.8008027272378145}