{"R": 40.0, "wi": 3, "di": 1, "delta": 1.0, "gamma": {"0": 0.9574411443386205, "1": 1.2330848729499642, "2": 0.7097476207614838}, "mu": {"0": 1.0720292989675686, "1": 1.1302234117807692, "2": 1.0889646613435426}, "phi": {"0": 0.4982457225054816, "1": 0.37175126137599024, "2": 0.5513148755985308}, "psi": {"0": 1.1242938751256861, "1": 1.2481272971461965, "2": 1.3336656326791718}, "sigma": {"0": 0.5995846856480538, "1": 0.7488892208587343, "2": 0.0}, "chi_high": 0.6107296419070901, "beta_low": null}