{"R": 40.0, "wi": 1, "di": 1, "delta": 1.0, "gamma": {"0": 0.6460172843822716, "1": 0.7177182730887154, "2": 0.7464703043385392}, "mu": {"0": 1.1044678409166806, "1": 1.0503370961459513, "2": 1.0264119050825706}, "phi": {"0": 0.8157990709059122, "1": 0.948808707491009, "2": 0.23873064337196925}, "psi": {"0": 1.4252133197105457, "1": 0.6501072202208719, "2": 1.3493156589459927}, "sigma": {"0": 0.6250864860220933, "1": 0.0, "2": 0.0}, "chi_high": null, "beta_low": 0.16556635033897588}