{"R": 40.0, "wi": 1, "di": 2, "delta": 1.0, "gamma": {"0": 1.3954725651492788, "1": 0.7138675024697317, "2": 0.9666803192359767}, "mu": {"0": 1.0337737465598735, "1": 1.0207939396767434, "2": 1.0799013037196996}, "phi": {"0": 0.4874098426758898, "1": 0.3698308381205301, "2": 0.9775789721255904}, "psi": {"0": 0.8088190718283651, "1": 1.140425063437247, "2": 1.1235527549202402}, "sigma": {"0": 0.768424854736102, "1": 0.0, "2": 0.0}, "chi_high": null, "beta_low": 0.6833148931340234}