{"R": 40.0, "wi": 1, "di": 1, "delta": 1.0, "gamma": {"0": 1.1203494109998076, "1": 1.333416347228237, "2": 1.1813083913542102}, "mu": {"0": 1.0080864470603075, "1": 1.0809729806689032, "2": 1.1079529494719416}, "phi": {"0": 0.18283148038819264, "1": 0.7961467277680632, "2": 0.3258845578996675}, "psi": {"0": 1.1408927629568635, "1": 0.7184737199074247, "2": 0.9354813382063293}, "sigma": {"0": 0.9974036257415599, "1": 0.0, "2": 0.0}, "chi_high": null, "beta_low": 0.8857463803694646}