{"R": 40.0, "wi": 3, "di": 2, "delta": 1.0, "gamma": {"0": 0.9292004291716516, "1": 0.508697690595854, "2": 1.3382730256663231}, "mu": {"0": 1.0333392925624503, "1": 1.031928669527337, "2": 1.031780655107197}, "phi": {"0": 0.042635353478997606, "1": 0.821640739815392, "2": 0.1729847059306937}, "psi": {"0": 1.2323380154678167, "1": 1.4688634386870503, "2": 1.2268014148552382}, "sigma": {"0": 0.5173231932670423, "1": 0.7153198451012532, "2": 0.0}, "chi_high": 0.9371062984181321, "beta_low": null}