{"R": 40.0, "wi": 1, "di": 1, "delta": 1.0, "gamma": {"0": 1.3756611002722008, "1": 1.0607504233028857, "2": 0.5897438147016381}, "mu": {"0": 1.1164469741110599, "1": 1.119989943853743, "2": 1.005663838232854}, "phi": {"0": 0.20405874743427366, "1": 0.07287759335008148, "2": 0.04839201253361047}, "psi": {"0": 1.3463406089758108, "1": 1.0011019055293802, "2": 0.5500159490146087}, "sigma": {"0": 0.5686539641231116, "1": 0.0, "2": 0.0}, "chi_high": null, "beta_low": 0.5158561061701514}