{"R": 40.0, "wi": 1, "di": 0, "delta": 1.0, "gamma": {"0": 1.0067666025726414, "1": 0.8599245034906294, "2": 1.4752182556080418}, "mu": {"0": 1.0762123043942764, "1": 1.1087432656194862, "2": 1.0783580680826055}, "phi": {"0": 0.8836833316019725, "1": 0.6556485550367438, "2": 0.9263799302502367}, "psi": {"0": 0.6443164482434689, "1": 1.0299971874860812, "2": 1.4001690890044318}, "sigma": {"0": 0.9949194279992533, "1": 0.0, "2": 0.0}, "chi_high": null, "beta_low": 0.6007350308954946}