{"R": 40.0, "wi": 2, "di": 0, "delta": 1.0, "gamma": {"0": 1.0293517996915993, "1": 0.8023033803825479, "2": 1.4765180210088404}, "mu": {"0": 1.0166082408171389, "1": 1.0230642296567465, "2": 1.0458945807756488}, "phi": {"0": 0.930654121788839, "1": 0.018461807741434244, "2": 0.9187622515952698}, "psi": {"0": 0.8427560699465602, "1": 1.1037135750033005, "2": 0.5805869278323793}, "sigma": {"0": 0.7796939251343038, "1": 0.6545363637909563, "2": 0.0}, "chi_high": null, "beta_low": null}