{"R": 40.0, "wi": 1, "di": 2, "delta": 1.0, "gamma": {"0": 0.962900145376189, "1": 1.1088164235530904, "2": 0.9925617538905158}, "mu": {"0": 1.0334794623766639, "1": 1.0949666403003582, "2": 1.0113572708585663}, "phi": {"0": 0.4108402035173714, "1": 0.07929050557775374, "2": 0.09472173635540393}, "psi": {"0": 0.5149360740026279, "1": 1.3414590784952345, "2": 0.7072442183867619}, "sigma": {"0": 0.7116290498490517, "1": 0.0, "2": 0.0}, "chi_high": null, "beta_low": 0.45773726820060323}