{"R": 40.0, "wi": 2, "di": 2, "delta": 1.0, "gamma": {"0": 1.1377980183614929, "1": 0.7574378956345128, "2": 0.8961759280522331}, "mu": {"0": 1.145794169789725, "1": 1.1411068853387611, "2": 1.1263358069852099}, "phi": {"0": 0.6535686875958714, "1": 0.6223682440550458, "2": 0.7451046274613256}, "psi": {"0": 0.9983081999776238, "1": 1.2622463948100964, "2": 1.2910742388692065}, "sigma": {"0": 0.699637031690067, "1": 0.5038635145330554, "2": 0.0}, "chi_high": null, "beta_low": null}