{"R": 40.0, "wi": 3, "di": 0, "delta": 1.0, "gamma": {"0": 0.958366042859791, "1": 1.2741411145833652, "2": 1.3004379816912466}, "mu": {"0": 1.1048369738738189, "1": 1.0667980228145266, "2": 1.0699989772433804}, "phi": {"0": 0.9801172361340907, "1": 0.7186789537167525, "2": 0.8796477574043259}, "psi": {"0": 1.2101541612429205, "1": 1.4402163348532904, "2": 1.1337952082478628}, "sigma": {"0": 0.5800599904271801, "1": 0.5352389814070262, "2": 0.0}, "chi_high": 0.5181343153912107, "beta_low": null}