{"R": 40.0, "wi": 3, "di": 0, "delta": 1.0, "gamma": {"0": 1.2401753819603194, "1": 0.7502493238024541, "2": 0.7050962903571052}, "mu": {"0": 1.0306406411812032, "1": 1.090377610877608, "2": 1.0408536976897629}, "phi": {"0": 0.22630080280769804, "1": 0.6359428014584492, "2": 0.7037917136802614}, "psi": {"0": 0.579685809082943, "1": 0.7867155410106793, "2": 0.8006891892003878}, "sigma": {"0": 0.5074449471084103, "1": 0.9395830010481545, "2": 0.0}, "chi_high": 0.7506102694308419, "beta_low": null}