{"R": 40.0, "wi": 1, "di": 2, "delta": 1.0, "gamma": {"0": 0.5363312013154281, "1": 0.7143715067116525, "2": 0.5380351140006079}, "mu": {"0": 1.137359286679416, "1": 1.121280205185607, "2": 1.0523839872708194}, "phi": {"0": 0.9393257160093208, "1": 0.4161487655510657, "2": 0.38262226762844875}, "psi": {"0": 1.0845293508436082, "1": 1.1180309559769062, "2": 1.4831291697564706}, "sigma": {"0": 0.7350513859869144, "1": 0.0, "2": 0.0}, "chi_high": null, "beta_low": 0.6555603650928875}