{"R": 40.0, "wi": 0, "di": 0, "delta": 1.0, "gamma": {"0": 0.843248819367257, "1": 1.0646148995631124, "2": 1.1744292707342439}, "mu": {"0": 1.0916819133587923, "1": 1.0249613650032443, "2": 1.01827109755797}, "phi": {"0": 0.4291683883432229, "1": 0.5580586555642019, "2": 0.7717513155842275}, "psi": {"0": 0.7741175266810187, "1": 0.9374711016946214, "2": 0.9359649212865495}, "sigma": {"0": 0.9336226003304932, "1": 0.7847632395190767, "2": 0.0}, "chi_high": 0.461627090095482, "beta_low": 0.9179957496070884}