{"R": 40.0, "wi": 0, "di": 2, "delta": 1.0, "gamma": {"0": 0.9379258504530262, "1": 1.118735781354407, "2": 1.4109367208565207}, "mu": {"0": 1.023947453147789, "1": 1.0017031417516131, "2": 1.0184487614629762}, "phi": {"0": 0.5148581785971498, "1": 0.5569402132747769, "2": 0.8793849659241729}, "psi": {"0": 0.6997575462477115, "1": 0.5510626001124846, "2": 0.7092067673761663}, "sigma": {"0": 0.5634783503661652, "1": 0.7834785878049286, "2": 0.0}, "chi_high": 0.22471269801373325, "beta_low": 0.14199898699878116}