{"R": 40.0, "wi": 0, "di": 0, "delta": 1.0, "gamma": {"0": 0.9130230760987382, "1": 0.5737164489757423, "2": 1.28205879910946}, "mu": {"0": 1.1338226320991072, "1": 1.0172521188454628, "2": 1.0470952235376694}, "phi": {"0": 0.9322348655840492, "1": 0.6119951630772104, "2": 0.06302268817746937}, "psi": {"0": 0.9006074512695952, "1": 0.7362183969583178, "2": 0.6412239279851751}, "sigma": {"0": 0.6224604155633664, "1": 0.9930865474599251, "2": 0.0}, "chi_high": 0.02364734065931277, "beta_low": 0.7649552443874983}