{"R": 40.0, "wi": 0, "di": 0, "delta": 1.0, "gamma": {"0": 0.6032691005767716, "1": 1.2306924124170262, "2": 0.9872141876687637}, "mu": {"0": 1.1274889644696213, "1": 1.1328355740591651, "2": 1.0787910444660593}, "phi": {"0": 0.8150296717651971, "1": 0.4911565653810822, "2": 0.22537131360588858}, "psi": {"0": 0.7029581273663824, "1": 0.7730429049049987, "2": 0.5263130134043636}, "sigma": {"0": 0.5047759768537854, "1": 0.8527989362425312, "2": 0.0}, "chi_high": 0.48055132194002204, "beta_low": 0.17924052164860152}