{"R": 40.0, "wi": 3, "di": 1, "delta": 1.0, "gamma": {"0": 0.646063518241225, "1": 0.963237257231786, "2": 0.5986409196562608}, "mu": {"0": 1.0927681688484567, "1": 1.0080662814918908, "2": 1.1459243691238732}, "phi": {"0": 0.928950145936083, "1": 0.8837275199047911, "2": 0.08378888036704613}, "psi": {"0": 0.7781701399102139, "1": 1.1406844347723595, "2": 1.4783895873003383}, "sigma": {"0": 0.517336896860563, "1": 0.8299062191492553, "2": 0.0}, "chi_high": 0.2336238037682454, "beta_low": null}