{"R": 40.0, "wi": 2, "di": 2, "delta": 1.0, "gamma": {"0": 1.060411961003461, "1": 0.8546391347569002, "2": 0.8277091414075662}, "mu": {"0": 1.0387045693223962, "1": 1.1300444373257263, "2": 1.08588137621601}, "phi": {"0": 0.024305873438527636, "1": 0.9791624391860332, "2": 0.7674217689375906}, "psi": {"0": 0.8004777008024856, "1": 1.484676420020817, "2": 1.1782299549374176}, "sigma": {"0": 0.898039874371659, "1": 0.7135135451348538, "2": 0.0}, "chi_high": null, "beta_low": null}