{"R": 40.0, "wi": 0, "di": 0, "delta": 1.0, "gamma": {"0": 1.0619776132733034, "1": 0.7310588417448839, "2": 1.2446856833708653}, "mu": {"0": 1.1103445216488086, "1": 1.1485255798436662, "2": 1.0396137666706735}, "phi": {"0": 0.5874835824292161, "1": 0.3767554805181147, "2": 0.5108733707791508}, "psi": {"0": 1.2996574827907605, "1": 0.5903237511470323, "2": 0.9898739574910067}, "sigma": {"0": 0.8064200803670329, "1": 0.6318867007683193, "2": 0.0}, "chi_high": 0.6756548455520274, "beta_low": 0.38221476717844904}