{"R": 40.0, "wi": 1, "di": 0, "delta": 1.0, "gamma": {"0": 1.4806687498547062, "1": 1.474274379373293, "2": 0.8513638578712237}, "mu": {"0": 1.021494065946025, "1": 1.1198652014050388, "2": 1.132904029358865}, "phi": {"0": 0.9479766522177083, "1": 0.17588609271103306, "2": 0.1572491276425163}, "psi": {"0": 0.6556109167412739, "1": 0.8054289200810607, "2": 0.5161442248981618}, "sigma": {"0": 0.5280600248525225, "1": 0.0, "2": 0.0}, "chi_high": null, "beta_low": 0.36212287248152264}