{"R": 40.0, "wi": 3, "di": 2, "delta": 1.0, "gamma": {"0": 0.7706990181484592, "1": 1.3623844440223485, "2": 0.767315101940898}, "mu": {"0": 1.0485282125826307, "1": 1.0771777013976147, "2": 1.009022718136164}, "phi": {"0": 0.40198389018090697, "1": 0.9247483171107908, "2": 0.796352715322018}, "psi": {"0": 0.8382755609861021, "1": 0.7327799060053933, "2": 1.058978996548631}, "sigma": {"0": 0.586666839789765, "1": 0.8239764030804901, "2": 0.0}, "chi_high": 0.8706416822309749, "beta_low": null}