{"R": 40.0, "wi": 0, "di": 0, "delta": 1.0, "gamma": {"0": 0.7903621119803712, "1": 0.5330015985093446, "2": 0.650840484058131}, "mu": {"0": 1.0463973970030347, "1": 1.0830222158238454, "2": 1.010315912545662}, "phi": {"0": 0.6930752986187632, "1": 0.8438700588620092, "2": 0.8616448086085855}, "psi": {"0": 0.8800618630434275, "1": 1.0147363972178156, "2": 1.099178051167117}, "sigma": {"0": 0.6662643658847678, "1": 0.9676211147401549, "2": 0.0}, "chi_high": 0.07544832850837466, "beta_low": 0.45943039550925446}