{"R": 40.0, "wi": 3, "di": 1, "delta": 1.0, "gamma": {"0": 0.9482824542013011, "1": 0.5456761218858066, "2": 0.9198058188288968}, "mu": {"0": 1.0142978030847865, "1": 1.0755355190414486, "2": 1.0120999316129338}, "phi": {"0": 0.506768905569899, "1": 0.1856605316347878, "2": 0.09859743887992534}, "psi": {"0": 0.8563757830468272, "1": 1.01643298572911, "2": 0.5826065167878524}, "sigma": {"0": 0.5705741055544788, "1": 0.5014314246596037, "2": 0.0}, "chi_high": 0.2631114513854426, "beta_low": null}