{"R": 40.0, "wi": 0, "di": 1, "delta": 1.0, "gamma": {"0": 0.8768008770991302, "1": 0.9202643479084186, "2": 0.9210770726205931}, "mu": {"0": 1.1115388494062666, "1": 1.0876694356235572, "2": 1.0155299757717393}, "phi": {"0": 0.27202147836219537, "1": 0.9642417632694242, "2": 0.23117021234818202}, "psi": {"0": 0.6340640916379274, "1": 1.2198502459177774, "2": 0.9775431964600519}, "sigma": {"0": 0.5879272388553118, "1": 0.9572025345746031, "2": 0.0}, "chi_high": 0.10546033122776205, "beta_low": 0.3969104661603175}