{"R": 40.0, "wi": 2, "di": 1, "delta": 1.0, "gamma": {"0": 1.1803654525313334, "1": 0.7909181786933568, "2": 0.7307188331255664}, "mu": {"0": 1.1470399719473854, "1": 1.1466670229177784, "2": 1.0110774180356437}, "phi": {"0": 0.28217438480159374, "1": 0.0738596431455677, "2": 0.5046706790950594}, "psi": {"0": 1.4558337107109836, "1": 1.4965774534146865, "2": 0.8787177571418238}, "sigma": {"0": 0.7363510995305265, "1": 0.8864157951114049, "2": 0.0}, "chi_high": null, "beta_low": null}