{"R": 40.0, "wi": 0, "di": 2, "delta": 1.0, "gamma": {"0": 0.7031364744517717, "1": 0.8739072803368636, "2": 1.1887707632697344}, "mu": {"0": 1.0304903375274899, "1": 1.132096316318049, "2": 1.121533904284612}, "phi": {"0": 0.09408390783677079, "1": 0.35972158421680833, "2": 0.5089402626763347}, "psi": {"0": 0.58714684938883, "1": 0.886068804715914, "2": 0.9478231298059163}, "sigma": {"0": 0.5513961377327141, "1": 0.5053984973433244, "2": 0.0}, "chi_high": 0.8563727612800248, "beta_low": 0.7467339202563241}