{"R": 40.0, "wi": 0, "di": 1, "delta": 1.0, "gamma": {"0": 1.0504796508060064, "1": 0.608329652256306, "2": 0.7145646890241267}, "mu": {"0": 1.029852491982779, "1": 1.109311119988545, "2": 1.1405709516731994}, "phi": {"0": 0.3981902818835369, "1": 0.5720921744173075, "2": 0.14536827100609173}, "psi": {"0": 1.0264333641330607, "1": 0.9226353408806909, "2": 0.7478707032242514}, "sigma": {"0": 0.8266881745305519, "1": 0.8410830363483089, "2": 0.0}, "chi_high": 0.533779094817525, "beta_low": 0.867527510336003}