{"R": 40.0, "wi": 1, "di": 1, "delta": 1.0, "gamma": {"0": 1.3753047803487282, "1": 0.5247049943106539, "2": 0.6477435316775245}, "mu": {"0": 1.0832500348472942, "1": 1.0271424495232218, "2": 1.079278311552738}, "phi": {"0": 0.18937882465218003, "1": 0.9323288299183486, "2": 0.6130052933849786}, "psi": {"0": 1.123543503077741, "1": 1.204151178125106, "2": 1.0031239167110368}, "sigma": {"0": 0.6523759863176424, "1": 0.0, "2": 0.0}, "chi_high": null, "beta_low": 0.8643816478140556}