{"R": 40.0, "wi": 2, "di": 0, "delta": 1.0, "gamma": {"0": 1.3381535550197632, "1": 0.9274343322026039, "2": 0.9712809409653458}, "mu": {"0": 1.1391516699200432, "1": 1.1328656399244905, "2": 1.0870300202141323}, "phi": {"0": 0.3398768418431156, "1": 0.5176164060566976, "2": 0.4588586013724252}, "psi": {"0": 1.1545531433712148, "1": 0.5585175508293725, "2": 0.5973493037756081}, "sigma": {"0": 0.7281394889447916, "1": 0.5884239481714211, "2": 0.0}, "chi_high": null, "beta_low": null}