{"R": 40.0, "wi": 3, "di": 2, "delta": 1.0, "gamma": {"0": 0.971079863148838, "1": 0.5903354025769536, "2": 1.0093308989999574}, "mu": {"0": 1.0208060774824723, "1": 1.0893149674198812, "2": 1.1236414405244162}, "phi": {"0": 0.9408831885152656, "1": 0.1817316272310533, "2": 0.14009377062392792}, "psi": {"0": 1.2067594940949626, "1": 1.2353408648062696, "2": 1.4926138510421612}, "sigma": {"0": 0.5299549482521386, "1": 0.5651303370169358, "2": 0.0}, "chi_high": 0.6054364128295362, "beta_low": null}