{"R": 40.0, "wi": 2, "di": 0, "delta": 1.0, "gamma": {"0": 1.2494807910067691, "1": 1.1875527111092525, "2": 1.066448086454062}, "mu": {"0": 1.0440931086733796, "1": 1.1401048014381576, "2": 1.1360449071974297}, "phi": {"0": 0.802156106751085, "1": 0.5163885493094514, "2": 0.4477910112590383}, "psi": {"0": 0.5236564694428755, "1": 1.0074450011781877, "2": 0.7989671389345504}, "sigma": {"0": 0.6584104629266483, "1": 0.6560369421715453, "2": 0.0}, "chi_high": null, "beta_low": null}