{"R": 40.0, "wi": 3, "di": 2, "delta": 1.0, "gamma": {"0": 0.8320502103259824, "1": 0.8424424653180258, "2": 0.6101026101836718}, "mu": {"0": 1.0164007841321216, "1": 1.0910817626631524, "2": 1.0947623414128305}, "phi": {"0": 0.06502006183992537, "1": 0.42118140916156377, "2": 0.4926480664799777}, "psi": {"0": 0.9029316267224271, "1": 0.9602797731744354, "2": 0.7861872502804871}, "sigma": {"0": 0.6344872759245768, "1": 0.5586279534295158, "2": 0.0}, "chi_high": 0.8728876628918968, "beta_low": null}