{"R": 40.0, "wi": 3, "di": 0, "delta": 1.0, "gamma": {"0": 1.2386528510730344, "1": 0.6637670605359836, "2": 0.6078322478203061}, "mu": {"0": 1.1027480001045091, "1": 1.015808677675821, "2": 1.1439513141859388}, "phi": {"0": 0.02833044641409943, "1": 0.6483324651396754, "2": 0.845791177730566}, "psi": {"0": 0.9669644289216662, "1": 1.1800293277734082, "2": 1.0743159324531804}, "sigma": {"0": 0.9982937034138492, "1": 0.6029143624302205, "2": 0.0}, "chi_high": 0.8520783285334294, "beta_low": null}