{"R": 40.0, "wi": 1, "di": 1, "delta": 1.0, "gamma": {"0": 1.4077670831085611, "1": 0.6735356501559474, "2": 1.3257882796449114}, "mu": {"0": 1.092909626018175, "1": 1.0841687406165352, "2": 1.0497429694854747}, "phi": {"0": 0.4161949348637586, "1": 0.7258371781819822, "2": 0.7404698335607498}, "psi": {"0": 0.5611479315313651, "1": 1.0374075297551424, "2": 1.1056004839147282}, "sigma": {"0": 0.6658990898132021, "1": 0.0, "2": 0.0}, "chi_high": null, "beta_low": 0.7983046590347852}