{"R": 40.0, "wi": 2, "di": 1, "delta": 1.0, "gamma": {"0": 0.6958067684764327, "1": 1.2470277563557581, "2": 1.3816564534958689}, "mu": {"0": 1.0937288456337193, "1": 1.034568996884249, "2": 1.0750292913374928}, "phi": {"0": 0.40473568249709047, "1": 0.3051725645748856, "2": 0.9962791731826733}, "psi": {"0": 1.3041135575089648, "1": 1.2842293979133022, "2": 1.1859658394786572}, "sigma": {"0": 0.6870738724174796, "1": 0.7066559312579237, "2": 0.0}, "chi_high": null, "beta_low": null}