{"R": 40.0, "wi": 3, "di": 1, "delta": 1.0, "gamma": {"0": 1.4839767289980683, "1": 0.7078501463079155, "2": 1.2668272316065194}, "mu": {"0": 1.123355035858745, "1": 1.110089808591379, "2": 1.0101714480685144}, "phi": {"0": 0.5439539737970079, "1": 0.1322959201883297, "2": 0.03102173903791816}, "psi": {"0": 1.4992342951540711, "1": 1.445568034692005, "2": 0.9828093033472964}, "sigma": {"0": 0.9967935675722536, "1": 0.6534375119360212, "2": 0.0}, "chi_high": 0.9226658369399551, "beta_low": null}