{"R": 40.0, "wi": 1, "di": 1, "delta": 1.0, "gamma": {"0": 0.519393356520418, "1": 0.7524350125013815, "2": 0.6948255074167508}, "mu": {"0": 1.063207281166291, "1": 1.1016654105440713, "2": 1.0330858783677273}, "phi": {"0": 0.5648358620388926, "1": 0.3905638703491153, "2": 0.03150454250987178}, "psi": {"0": 0.5066370366590816, "1": 1.1525363421331534, "2": 0.690746505600174}, "sigma": {"0": 0.5849427969495822, "1": 0.0, "2": 0.0}, "chi_high": null, "beta_low": 0.444266545515575}