{"R": 40.0, "wi": 3, "di": 1, "delta": 1.0, "gamma": {"0": 0.5371319544181687, "1": 1.4948696417270373, "2": 1.4729833575744467}, "mu": {"0": 1.0686735689184255, "1": 1.1442965117410575, "2": 1.1029983963225747}, "phi": {"0": 0.5982481953600765, "1": 0.9016980470605652, "2": 0.11090271885692837}, "psi": {"0": 0.5331797758225737, "1": 0.973881341891836, "2": 0.6916679003699896}, "sigma": {"0": 0.6841484588654598, "1": 0.6604344740945567, "2": 0.0}, "chi_high": 0.86245341631107, "beta_low": null}