{"R": 40.0, "wi": 3, "di": 1, "delta": 1.0, "gamma": {"0": 0.9848806727410857, "1": 1.0802092020466763, "2": 0.7549385205103997}, "mu": {"0": 1.0483106430314453, "1": 1.065345943951709, "2": 1.012569225236614}, "phi": {"0": 0.3137339723148844, "1": 0.30495919841849617, "2": 0.04394343500780551}, "psi": {"0": 1.3350469840469465, "1": 1.0432370940046587, "2": 0.6080881732341807}, "sigma": {"0": 0.5153590861162652, "1": 0.8998007455671839, "2": 0.0}, "chi_high": 0.485028969318512, "beta_low": null}