{"R": 40.0, "wi": 3, "di": 0, "delta": 1.0, "gamma": {"0": 1.4823398748715093, "1": 1.4137567281082444, "2": 1.0497991586754671}, "mu": {"0": 1.1150079371964892, "1": 1.0844238440981209, "2": 1.0439806550211028}, "phi": {"0": 0.5118972286538701, "1": 0.7837762718470987, "2": 0.28419044783520386}, "psi": {"0": 1.2252378759613378, "1": 1.1854508506441546, "2": 1.3165916149040509}, "sigma": {"0": 0.5110778355204973, "1": 0.5690669145402691, "2": 0.0}, "chi_high": 0.45964779014174434, "beta_low": null}