{"R": 40.0, "wi": 2, "di": 1, "delta": 1.0, "gamma": {"0": 1.1206200482317117, "1": 0.9525559379617319, "2": 0.5170365911908636}, "mu": {"0": 1.0531086109253514, "1": 1.085363408138746, "2": 1.1184780154494622}, "phi": {"0": 0.20115033772321522, "1": 0.5910723257392618, "2": 0.20413141875527974}, "psi": {"0": 1.0537418014221198, "1": 0.970456278381079, "2": 1.243448475186231}, "sigma": {"0": 0.6563984995796168, "1": 0.6826768405329187, "2": 0.0}, "chi_high": null, "beta_low": null}