{"R": 40.0, "wi": 0, "di": 0, "delta": 1.0, "gamma": {"0": 0.7241934283397934, "1": 0.985303061924697, "2": 0.5052115170751527}, "mu": {"0": 1.0755042592156747, "1": 1.0525449755927696, "2": 1.043372409118549}, "phi": {"0": 0.7498453937825508, "1": 0.2751542169191391, "2": 0.6909418572452055}, "psi": {"0": 0.9377485742011136, "1": 0.7189866812515687, "2": 0.7788262944223532}, "sigma": {"0": 0.538140946901977, "1": 0.9009517810091541, "2": 0.0}, "chi_high": 0.46614597141978403, "beta_low": 0.8051486347238648}