{"R": 40.0, "wi": 2, "di": 1, "delta": 1.0, "gamma": {"0": 0.7782443395922785, "1": 1.3490080831036866, "2": 0.8878459139936401}, "mu": {"0": 1.059000671158241, "1": 1.0025631085536533, "2": 1.0243673887197673}, "phi": {"0": 0.5281906084446579, "1": 0.34329703239727105, "2": 0.14320913325787432}, "psi": {"0": 0.9286400983821206, "1": 0.7509287277488086, "2": 1.2161516833852604}, "sigma": {"0": 0.7505508134405472, "1": 0.8387197846211387, "2": 0.0}, "chi_high": null, "beta_low": null}