{"R": 40.0, "wi": 3, "di": 1, "delta": 1.0, "gamma": {"0": 0.943008792442433, "1": 0.5234192005440174, "2": 1.1973868696000456}, "mu": {"0": 1.0512071531951792, "1": 1.1158206261692296, "2": 1.0781119557561274}, "phi": {"0": 0.5641287751345485, "1": 0.8286363778345731, "2": 0.33537939331487654}, "psi": {"0": 1.4126499282939635, "1": 1.3965550761549927, "2": 1.290543688967921}, "sigma": {"0": 0.9278677965221904, "1": 0.5336076522574045, "2": 0.0}, "chi_high": 0.9358486041792347, "beta_low": null}