{"R": 40.0, "wi": 2, "di": 0, "delta": 1.0, "gamma": {"0": 1.212723866926971, "1": 0.9495347636046502, "2": 1.495932742178743}, "mu": {"0": 1.08868729919057, "1": 1.0212552905083125, "2": 1.1249643338070374}, "phi": {"0": 0.2644060242586441, "1": 0.9229098405853707, "2": 0.40181767664236345}, "psi": {"0": 0.6053964566506671, "1": 1.2266802513259072, "2": 0.7572677679445804}, "sigma": {"0": 0.8367702285370355, "1": 0.6177543458378141, "2": 0.0}, "chi_high": null, "beta_low": null}