{"R": 40.0, "wi": 2, "di": 0, "delta": 1.0, "gamma": {"0": 1.2748421689164462, "1": 0.9633373351793488, "2": 1.0670574340476078}, "mu": {"0": 1.0277427238839463, "1": 1.1431497228183125, "2": 1.1284064504924376}, "phi": {"0": 0.5408626818595765, "1": 0.987827320714136, "2": 0.12966988502407217}, "psi": {"0": 1.3967195050793095, "1": 0.6467661750798374, "2": 1.2455047257483158}, "sigma": {"0": 0.5007911560182634, "1": 0.9916570818222092, "2": 0.0}, "chi_high": null, "beta_low": null}