{"R": 40.0, "wi": 3, "di": 1, "delta": 1.0, "gamma": {"0": 1.3357824610371, "1": 1.2558064263854638, "2": 1.2408252522171872}, "mu": {"0": 1.0464759993030035, "1": 1.1035472275814118, "2": 1.0349839719538425}, "phi": {"0": 0.47443929913938165, "1": 0.5986533915635591, "2": 0.5753010496673433}, "psi": {"0": 0.8238046948938301, "1": 0.5894387982903476, "2": 0.6430654546344253}, "sigma": {"0": 0.8127385204566306, "1": 0.5965742913027015, "2": 0.0}, "chi_high": 0.5603255468833832, "beta_low": null}