{"R": 40.0, "wi": 3, "di": 1, "delta": 1.0, "gamma": {"0": 0.6977295260346628, "1": 1.3126702198663576, "2": 1.3093777614634088}, "mu": {"0": 1.0900897994255911, "1": 1.1105885844915793, "2": 1.008091567873747}, "phi": {"0": 0.11064028605412202, "1": 0.054141905790558775, "2": 0.4622366601273895}, "psi": {"0": 1.461453874532046, "1": 1.0710247549192806, "2": 1.3478976955385535}, "sigma": {"0": 0.8131958131867936, "1": 0.5816464116653389, "2": 0.0}, "chi_high": 0.830982314192085, "beta_low": null}