{"R": 40.0, "wi": 1, "di": 0, "delta": 1.0, "gamma": {"0": 1.3115991928175212, "1": 0.954277653250322, "2": 0.7401107210202179}, "mu": {"0": 1.0191863399081633, "1": 1.0796151574841497, "2": 1.0554628274104176}, "phi": {"0": 0.2416587923143737, "1": 0.7326608088231115, "2": 0.4346595252133588}, "psi": {"0": 1.111453216359719, "1": 0.5671612384952015, "2": 0.919644156194424}, "sigma": {"0": 0.7514192781241926, "1": 0.0, "2": 0.0}, "chi_high": null, "beta_low": 0.9557700040514522}