{"R": 40.0, "wi": 3, "di": 0, "delta": 1.0, "gamma": {"0": 0.9226802750746445, "1": 1.1691766672627821, "2": 1.1922749168242717}, "mu": {"0": 1.1493335207456101, "1": 1.0179418884025087, "2": 1.0199213996354421}, "phi": {"0": 0.1522439033667684, "1": 0.8179585539086384, "2": 0.9384135720440082}, "psi": {"0": 0.935550438266622, "1": 0.916370991702131, "2": 0.768622191579189}, "sigma": {"0": 0.5258344510521737, "1": 0.7301903872571915, "2": 0.0}, "chi_high": 0.7527901798689239, "beta_low": null}