{"R": 40.0, "wi": 3, "di": 2, "delta": 1.0, "gamma": {"0": 1.4258041077078984, "1": 1.1328564488446247, "2": 1.2798337683222818}, "mu": {"0": 1.0190714476528488, "1": 1.052463862810113, "2": 1.0786060976201126}, "phi": {"0": 0.35523881331120033, "1": 0.6400115434226803, "2": 0.007978275569873072}, "psi": {"0": 0.7643806018684122, "1": 1.4269587503349275, "2": 0.6554419095437317}, "sigma": {"0": 0.6582342007647182, "1": 0.630455935892113, "2": 0.0}, "chi_high": 0.7704343924077128, "beta_low": null}