{"R": 40.0, "wi": 2, "di": 1, "delta": 1.0, "gamma": {"0": 0.8234421621923913, "1": 1.3055047457812905, "2": 0.7878186501227412}, "mu": {"0": 1.1095418430805453, "1": 1.0388697554204933, "2": 1.0283823232554958}, "phi": {"0": 0.5411207292177669, "1": 0.6626036346831483, "2": 0.9464372111822108}, "psi": {"0": 1.4981948023644764, "1": 0.730828862457446, "2": 0.8036657078086274}, "sigma": {"0": 0.743098367949522, "1": 0.7571473911127775, "2": 0.0}, "chi_high": null, "beta_low": null}