{"R": 40.0, "wi": 2, "di": 1, "delta": 1.0, "gamma": {"0": 0.7752008923004686, "1": 1.2703437398724073, "2": 0.7382039596869839}, "mu": {"0": 1.0503439815064886, "1": 1.1153748251802305, "2": 1.052277517156623}, "phi": {"0": 0.2974370812638427, "1": 0.8566803437444344, "2": 0.6401186642487466}, "psi": {"0": 0.7411461337054438, "1": 1.067340473779995, "2": 1.284666489382281}, "sigma": {"0": 0.6734106495059589, "1": 0.9595940773270234, "2": 0.0}, "chi_high": null, "beta_low": null}