{"R": 40.0, "wi": 2, "di": 2, "delta": 1.0, "gamma": {"0": 1.309549688202381, "1": 1.258990541581678, "2": 1.0789250324788053}, "mu": {"0": 1.1095278247736793, "1": 1.0973787384331077, "2": 1.1006111514436365}, "phi": {"0": 0.6880065446453094, "1": 0.3241701927784367, "2": 0.17638857134273822}, "psi": {"0": 1.0985072234210826, "1": 1.1252738704235914, "2": 0.6161241461742338}, "sigma": {"0": 0.67358735984906, "1": 0.532105571832177, "2": 0.0}, "chi_high": null, "beta_low": null}