{"R": 40.0, "wi": 1, "di": 1, "delta": 1.0, "gamma": {"0": 1.3761760597189654, "1": 0.7584522909851108, "2": 0.7690630681923286}, "mu": {"0": 1.1273388024352122, "1": 1.0738518950200495, "2": 1.1450584956455625}, "phi": {"0": 0.8330107637470066, "1": 0.6334108180459802, "2": 0.7361114479540845}, "psi": {"0": 1.191061126265701, "1": 1.4760064194923492, "2": 1.483066828321364}, "sigma": {"0": 0.7883798902599317, "1": 0.0, "2": 0.0}, "chi_high": null, "beta_low": 0.5738361093404257}