{"R": 40.0, "wi": 1, "di": 1, "delta": 1.0, "gamma": {"0": 1.44225896203245, "1": 0.8945749498963745, "2": 0.745840343341841}, "mu": {"0": 1.030271212489523, "1": 1.0593963270380287, "2": 1.0596852997757242}, "phi": {"0": 0.2853245364119096, "1": 0.3715984442452668, "2": 0.741443479284329}, "psi": {"0": 1.318798024570048, "1": 0.9442509870443633, "2": 0.7592539250937691}, "sigma": {"0": 0.6996093102717451, "1": 0.0, "2": 0.0}, "chi_high": null, "beta_low": 0.18775367165840787}