{"R": 40.0, "wi": 1, "di": 0, "delta": 1.0, "gamma": {"0": 1.140804112227292, "1": 1.1432344961689178, "2": 0.5333861101599484}, "mu": {"0": 1.129737046035469, "1": 1.1136696667781711, "2": 1.0626920113441745}, "phi": {"0": 0.7003024177974198, "1": 0.7819085684100756, "2": 0.1751992706250004}, "psi": {"0": 1.2721954200265755, "1": 0.8606188510934932, "2": 0.7214972323357572}, "sigma": {"0": 0.5256956707393536, "1": 0.0, "2": 0.0}, "chi_high": null, "beta_low": 0.3790468548560584}