{"R": 40.0, "wi": 1, "di": 1, "delta": 1.0, "gamma": {"0": 1.4162652541998426, "1": 1.2228917745568904, "2": 1.3918472677127887}, "mu": {"0": 1.0496455512787735, "1": 1.1289747803436838, "2": 1.0230354791243523}, "phi": {"0": 0.4449805550718797, "1": 0.864588758508862, "2": 0.16122665087278787}, "psi": {"0": 1.3598637455428593, "1": 1.421032831544164, "2": 1.2749333267836302}, "sigma": {"0": 0.8602660613044515, "1": 0.0, "2": 0.0}, "chi_high": null, "beta_low": 0.2716998528874118}