{"R": 40.0, "wi": 2, "di": 2, "delta": 1.0, "gamma": {"0": 0.6721236539777393, "1": 1.2841300313250406, "2": 0.8767107323971135}, "mu": {"0": 1.1374849719203024, "1": 1.0651910900243742, "2": 1.007743137102903}, "phi": {"0": 0.22438664720065704, "1": 0.8599337672931894, "2": 0.14908228717778316}, "psi": {"0": 1.2682467342780783, "1": 1.023375760846221, "2": 1.214980573341068}, "sigma": {"0": 0.551586018578466, "1": 0.751038964347865, "2": 0.0}, "chi_high": null, "beta_low": null}