{"R": 40.0, "wi": 2, "di": 2, "delta": 1.0, "gamma": {"0": 0.6087370453767347, "1": 0.6721442853624522, "2": 1.1514006797828285}, "mu": {"0": 1.0116291041723298, "1": 1.0884639318287372, "2": 1.0070810626177968}, "phi": {"0": 0.580660334016011, "1": 0.8475525776122856, "2": 0.7340718317504643}, "psi": {"0": 1.4171758341606657, "1": 1.2779621289088257, "2": 1.2486697003057963}, "sigma": {"0": 0.5518585855538791, "1": 0.970357729953867, "2": 0.0}, "chi_high": null, "beta_low": null}