{"R": 40.0, "wi": 0, "di": 1, "delta": 1.0, "gamma": {"0": 1.3364541650043957, "1": 0.6530892719337152, "2": 0.6166047010804668}, "mu": {"0": 1.1034467578923495, "1": 1.1144523360770844, "2": 1.089420987829108}, "phi": {"0": 0.16979382216843575, "1": 0.9254512285101624, "2": 0.03654296293342485}, "psi": {"0": 0.5581542807103599, "1": 0.6784634090208785, "2": 1.1201575934447021}, "sigma": {"0": 0.6675969957206356, "1": 0.7434576363155525, "2": 0.0}, "chi_high": 0.6805273173790064, "beta_low": 0.9777081565550235}