{"R": 40.0, "wi": 3, "di": 2, "delta": 1.0, "gamma": {"0": 0.5475965570205112, "1": 0.6679128731425706, "2": 1.403966111865269}, "mu": {"0": 1.0021205425135313, "1": 1.0668214535387057, "2": 1.0765950527085317}, "phi": {"0": 0.5259291231647442, "1": 0.38331906121995485, "2": 0.3776188945002269}, "psi": {"0": 1.4400330198879299, "1": 0.753528374816554, "2": 1.4178299132025476}, "sigma": {"0": 0.6084554254764294, "1": 0.5019565495355689, "2": 0.0}, "chi_high": 0.4888420742600404, "beta_low": null}