{"R": 40.0, "wi": 0, "di": 2, "delta": 1.0, "gamma": {"0": 1.3431141780445948, "1": 1.293669148391528, "2": 0.7161598605939143}, "mu": {"0": 1.0314998304975036, "1": 1.0512303510092844, "2": 1.0538186244310224}, "phi": {"0": 0.821910196984724, "1": 0.1875475447803978, "2": 0.5386165363888262}, "psi": {"0": 0.6865474589312314, "1": 0.6354365920476359, "2": 0.8212396166700237}, "sigma": {"0": 0.586218414585378, "1": 0.9882754919804868, "2": 0.0}, "chi_high": 0.4487994956614104, "beta_low": 0.6361104777449027}