{"R": 40.0, "wi": 2, "di": 1, "delta": 1.0, "gamma": {"0": 0.7532707414716564, "1": 1.1981775834983883, "2": 0.7895423768286549}, "mu": {"0": 1.116726082298536, "1": 1.1483672241512057, "2": 1.0426166642222006}, "phi": {"0": 0.9739562563945313, "1": 0.428259207152353, "2": 0.7868998527231429}, "psi": {"0": 1.0309704066588632, "1": 0.8209970737623568, "2": 1.356789278209015}, "sigma": {"0": 0.9161948773666226, "1": 0.7003416533467347, "2": 0.0}, "chi_high": null, "beta_low": null}