{"R": 40.0, "wi": 3, "di": 0, "delta": 1.0, "gamma": {"0": 0.6897343292918081, "1": 1.1634338553066428, "2": 1.4119761009709793}, "mu": {"0": 1.0055338356721275, "1": 1.1390441897632544, "2": 1.0160272321497545}, "phi": {"0": 0.9150786166139967, "1": 0.4354020623610284, "2": 0.7550025898913433}, "psi": {"0": 1.2773567250145716, "1": 0.7902463998433451, "2": 0.5385838347758711}, "sigma": {"0": 0.6862442634459931, "1": 0.6517623407392552, "2": 0.0}, "chi_high": 0.8428955508197864, "beta_low": null}