{"R": 40.0, "wi": 1, "di": 1, "delta": 1.0, "gamma": {"0": 1.2647073019481008, "1": 1.4339641837718928, "2": 0.7384963151310742}, "mu": {"0": 1.0327655663672917, "1": 1.0003250492388964, "2": 1.128426660270172}, "phi": {"0": 0.6779823171030454, "1": 0.95447544259164, "2": 0.26038675342244966}, "psi": {"0": 1.1476612955490075, "1": 0.5987701831911327, "2": 1.1178708911735775}, "sigma": {"0": 0.6047056647085084, "1": 0.0, "2": 0.0}, "chi_high": null, "beta_low": 0.8155871166950842}