{"R": 40.0, "wi": 1, "di": 0, "delta": 1.0, "gamma": {"0": 0.5220141821119106, "1": 0.5220270584428739, "2": 0.7353236659383151}, "mu": {"0": 1.0007694142601609, "1": 1.1015692062919706, "2": 1.0055738084550527}, "phi": {"0": 0.3624069171013071, "1": 0.9966407983468655, "2": 0.9548946862469907}, "psi": {"0": 1.1683935735508266, "1": 1.1107533283824198, "2": 1.152972952610456}, "sigma": {"0": 0.5691740158517141, "1": 0.0, "2": 0.0}, "chi_high": null, "beta_low": 0.6970430987852821}