{"R": 40.0, "wi": 1, "di": 1, "delta": 1.0, "gamma": {"0": 0.5163436007100471, "1": 0.9745855046588595, "2": 0.5763398197626506}, "mu": {"0": 1.0904199773832957, "1": 1.142779626292648, "2": 1.0438365892299293}, "phi": {"0": 0.7338798270609387, "1": 0.20408458473646385, "2": 0.8761217194630204}, "psi": {"0": 0.8393287100497903, "1": 0.5926183399140076, "2": 1.0372409325761707}, "sigma": {"0": 0.8168493482686592, "1": 0.0, "2": 0.0}, "chi_high": null, "beta_low": 0.44955687502512304}