{"R": 40.0, "wi": 3, "di": 0, "delta": 1.0, "gamma": {"0": 0.8641601648106709, "1": 0.8011739720036827, "2": 1.049873053958966}, "mu": {"0": 1.111516285685632, "1": 1.120737632120103, "2": 1.0249146832503038}, "phi": {"0": 0.058603111884335535, "1": 0.8266981530851983, "2": 0.04190204503370987}, "psi": {"0": 0.8032484576412685, "1": 1.3861434200194984, "2": 1.0632548343452441}, "sigma": {"0": 0.7042451385113471, "1": 0.9140173965995346, "2": 0.0}, "chi_high": 0.42092941223543096, "beta_low": null}