{"R": 40.0, "wi": 2, "di": 2, "delta": 1.0, "gamma": {"0": 1.431367809057141, "1": 0.5005219145126437, "2": 1.3892585149845018}, "mu": {"0": 1.0958668715239226, "1": 1.0839506174156301, "2": 1.1122554512600185}, "phi": {"0": 0.155410244145049, "1": 0.6251525203299446, "2": 0.4711656394335162}, "psi": {"0": 0.6130078107792746, "1": 0.5582119943260612, "2": 1.4710254456408915}, "sigma": {"0": 0.7032242801254187, "1": 0.7889276231386548, "2": 0.0}, "chi_high": null, "beta_low": null}