{"R": 40.0, "wi": 2, "di": 1, "delta": 1.0, "gamma": {"0": 0.699792738355821, "1": 1.1450641541457163, "2": 1.1383845563538317}, "mu": {"0": 1.1260243013246043, "1": 1.0350304594542739, "2": 1.0106975292079832}, "phi": {"0": 0.5862514549116155, "1": 0.8868458565648063, "2": 0.7160863525850767}, "psi": {"0": 1.3032116282454678, "1": 1.1879923197981541, "2": 0.5481487879418123}, "sigma": {"0": 0.5315226656791371, "1": 0.8608105267812891, "2": 0.0}, "chi_high": null, "beta_low": null}