{"R": 40.0, "wi": 3, "di": 1, "delta": 1.0, "gamma": {"0": 0.9579718655475538, "1": 1.023382538178336, "2": 1.3102236653602901}, "mu": {"0": 1.1455059412820257, "1": 1.1033605998725828, "2": 1.1190538352097583}, "phi": {"0": 0.44788881704691585, "1": 0.7473655762212031, "2": 0.43223047742634757}, "psi": {"0": 0.9533017107834919, "1": 0.5065561477998812, "2": 1.0119735500520814}, "sigma": {"0": 0.7833573704659859, "1": 0.6376841518471534, "2": 0.0}, "chi_high": 0.37769575936882066, "beta_low": null}