{"R": 40.0, "wi": 1, "di": 2, "delta": 1.0, "gamma": {"0": 0.692157032010246, "1": 1.250793722672101, "2": 0.6604650849962145}, "mu": {"0": 1.0230196775970408, "1": 1.0009262955245524, "2": 1.0461240910016127}, "phi": {"0": 0.044003278929479195, "1": 0.26266972359450824, "2": 0.13854000832067892}, "psi": {"0": 0.8258791464315023, "1": 0.7121104861504665, "2": 1.116454241846522}, "sigma": {"0": 0.6413292460071817, "1": 0.0, "2": 0.0}, "chi_high": null, "beta_low": 0.3480876056185887}