{"R": 40.0, "wi": 2, "di": 1, "delta": 1.0, "gamma": {"0": 0.6986933401541409, "1": 0.7036873408177399, "2": 1.368784466454536}, "mu": {"0": 1.0467576622550736, "1": 1.119544085292395, "2": 1.146755588743213}, "phi": {"0": 0.26232038993849494, "1": 0.6133544965691401, "2": 0.5877142752579151}, "psi": {"0": 1.010020093289513, "1": 1.4778557464964186, "2": 1.4732006506729856}, "sigma": {"0": 0.700187147665805, "1": 0.9444431457003863, "2": 0.0}, "chi_high": null, "beta_low": null}