{"R": 40.0, "wi": 2, "di": 2, "delta": 1.0, "gamma": {"0": 1.418774386157394, "1": 1.0984238846934278, "2": 0.5246259743594177}, "mu": {"0": 1.0606449580141764, "1": 1.0388419807648157, "2": 1.1163818941566648}, "phi": {"0": 0.9450196931064079, "1": 0.10863035604175753, "2": 0.19868396576112446}, "psi": {"0": 1.3439230858247875, "1": 0.5946423856105464, "2": 0.8439613649751367}, "sigma": {"0": 0.6020103257905578, "1": 0.9281450160846462, "2": 0.0}, "chi_high": null, "beta_low": null}