{"R": 40.0, "wi": 1, "di": 0, "delta": 1.0, "gamma": {"0": 0.5636213204007612, "1": 1.395498877818699, "2": 0.6292220334598984}, "mu": {"0": 1.1322042633668359, "1": 1.0387439050247158, "2": 1.0060004473505524}, "phi": {"0": 0.39243769886520785, "1": 0.00984114146902526, "2": 0.2022473281238497}, "psi": {"0": 0.5972983787523645, "1": 0.8841767206820991, "2": 0.7925815610630406}, "sigma": {"0": 0.5576402245262665, "1": 0.0, "2": 0.0}, "chi_high": null, "beta_low": 0.25644266953612765}