{"R": 40.0, "wi": 1, "di": 2, "delta": 1.0, "gamma": {"0": 0.6439372885468956, "1": 1.4396646510018147, "2": 0.8528226429905996}, "mu": {"0": 1.1188035156890468, "1": 1.0341089209165828, "2": 1.0720163231694904}, "phi": {"0": 0.1379628268249422, "1": 0.2904866010414485, "2": 0.4134286994283992}, "psi": {"0": 1.3054779197431605, "1": 0.9625131118763149, "2": 1.007042610890576}, "sigma": {"0": 0.6766884511723051, "1": 0.0, "2": 0.0}, "chi_high": null, "beta_low": 0.6200950151343861}