{"R": 40.0, "wi": 3, "di": 0, "delta": 1.0, "gamma": {"0": 0.5591430314216738, "1": 0.6581683789987794, "2": 1.4379485242438155}, "mu": {"0": 1.023321337850203, "1": 1.1076650651292603, "2": 1.0640039974695739}, "phi": {"0": 0.5467937544363489, "1": 0.5393183554271288, "2": 0.2148464016097571}, "psi": {"0": 1.0845858406133035, "1": 0.960667780538804, "2": 1.2059558147600375}, "sigma": {"0": 0.6328362475540011, "1": 0.8684310668393338, "2": 0.0}, "chi_high": 0.20467060382085725, "beta_low": null}