{"R": 40.0, "wi": 3, "di": 0, "delta": 1.0, "gamma": {"0": 1.0719507959148586, "1": 0.9295963088313378, "2": 1.0927936007123162}, "mu": {"0": 1.0439522058942354, "1": 1.0632523156183016, "2": 1.104191662421731}, "phi": {"0": 0.43165684942321125, "1": 0.3630154804361515, "2": 0.19947540976974265}, "psi": {"0": 0.748702312426954, "1": 1.0290023351913429, "2": 0.6852448738897817}, "sigma": {"0": 0.5939579711373684, "1": 0.5161023544486723, "2": 0.0}, "chi_high": 0.6341882849394374, "beta_low": null}