{"R": 40.0, "wi": 2, "di": 2, "delta": 1.0, "gamma": {"0": 0.5053690880192729, "1": 1.0576112671019429, "2": 1.2886119589292417}, "mu": {"0": 1.1343942268930187, "1": 1.1024018686352917, "2": 1.0735839375814462}, "phi": {"0": 0.8029684963890732, "1": 0.36726842601218257, "2": 0.5481007384898977}, "psi": {"0": 0.9370724492845517, "1": 1.0947764486394538, "2": 0.9188908542691812}, "sigma": {"0": 0.9370153445074147, "1": 0.7605689607714143, "2": 0.0}, "chi_high": null, "beta_low": null}