{"R": 40.0, "wi": 0, "di": 1, "delta": 1.0, "gamma": {"0": 0.8480982818885127, "1": 1.4732230767677719, "2": 0.5588247059305785}, "mu": {"0": 1.0186675084473438, "1": 1.0430413292594514, "2": 1.0582921008394885}, "phi": {"0": 0.8412457502778217, "1": 0.7996215856344616, "2": 0.24193638521262872}, "psi": {"0": 0.9988066533800788, "1": 0.7683128383239601, "2": 0.6458758261845202}, "sigma": {"0": 0.8215889190340284, "1": 0.8659717102909266, "2": 0.0}, "chi_high": 0.3715688318906292, "beta_low": 0.02619515483409761}