{"R": 40.0, "wi": 0, "di": 2, "delta": 1.0, "gamma": {"0": 1.4886161617986156, "1": 0.8864065088108374, "2": 0.6619598505330837}, "mu": {"0": 1.0444502794730353, "1": 1.097855709965823, "2": 1.0123514862429657}, "phi": {"0": 0.3666694096247839, "1": 0.6921136381622852, "2": 0.6826853082377985}, "psi": {"0": 0.7896330251273643, "1": 0.7385478871166633, "2": 1.0189955290543313}, "sigma": {"0": 0.6723032037379617, "1": 0.5744823247993228, "2": 0.0}, "chi_high": 0.38084391555482694, "beta_low": 0.753934587630682}