{"R": 40.0, "wi": 0, "di": 2, "delta": 1.0, "gamma": {"0": 1.4688295947645071, "1": 1.2560973140399345, "2": 0.69274686621204}, "mu": {"0": 1.134549999651161, "1": 1.1403233175808427, "2": 1.0297172171441729}, "phi": {"0": 0.009789138319996171, "1": 0.7718098641426321, "2": 0.38554279760754306}, "psi": {"0": 1.1767085031464914, "1": 0.6559502684261442, "2": 1.1395743473273128}, "sigma": {"0": 0.8936700573075322, "1": 0.9022825909869658, "2": 0.0}, "chi_high": 0.38798699069938236, "beta_low": 0.4009627183552661}