{"R": 40.0, "wi": 2, "di": 0, "delta": 1.0, "gamma": {"0": 1.0112075977244472, "1": 0.6665947026508869, "2": 1.433475609489911}, "mu": {"0": 1.071902238475903, "1": 1.0282662696412093, "2": 1.0645595801676853}, "phi": {"0": 0.06359952663120405, "1": 0.22767004188668638, "2": 0.7111436489445229}, "psi": {"0": 1.3765886949464727, "1": 1.3428218846926376, "2": 1.1577282645521318}, "sigma": {"0": 0.7176018885873723, "1": 0.887048461962694, "2": 0.0}, "chi_high": null, "beta_low": null}