{"R": 40.0, "wi": 1, "di": 1, "delta": 1.0, "gamma": {"0": 0.9690830906950438, "1": 0.8298635501607249, "2": 1.1716790355545554}, "mu": {"0": 1.1102315710374893, "1": 1.0162959545506214, "2": 1.0837539546115476}, "phi": {"0": 0.033743138155383545, "1": 0.6472422843540696, "2": 0.5044773803432326}, "psi": {"0": 1.4494595189461794, "1": 1.426121706564891, "2": 0.7445092289653483}, "sigma": {"0": 0.6580879704731035, "1": 0.0, "2": 0.0}, "chi_high": null, "beta_low": 0.025201046224046543}