{"R": 40.0, "wi": 1, "di": 0, "delta": 1.0, "gamma": {"0": 0.6148093354127143, "1": 0.9893561028307201, "2": 0.9571900207896628}, "mu": {"0": 1.003175526588139, "1": 1.0579911518329779, "2": 1.1169635230860886}, "phi": {"0": 0.04076246190514132, "1": 0.09676504144509757, "2": 0.8022198678189373}, "psi": {"0": 1.2767924000686608, "1": 0.922641783033548, "2": 0.5813165827381088}, "sigma": {"0": 0.7160002803632102, "1": 0.0, "2": 0.0}, "chi_high": null, "beta_low": 0.677890047579317}