{"R": 40.0, "wi": 3, "di": 2, "delta": 1.0, "gamma": {"0": 0.5777582981169249, "1": 1.2053045066692811, "2": 0.8314066507990295}, "mu": {"0": 1.091036326177652, "1": 1.0606236177187343, "2": 1.036166501064273}, "phi": {"0": 0.011369345647229911, "1": 0.3238599368460009, "2": 0.8084093402635034}, "psi": {"0": 0.6570459248477064, "1": 0.7609759594968204, "2": 0.8573683884456659}, "sigma": {"0": 0.5721904384530906, "1": 0.5233385231255895, "2": 0.0}, "chi_high": 0.8721446174718451, "beta_low": null}