{"R": 40.0, "wi": 1, "di": 2, "delta": 1.0, "gamma": {"0": 0.7144896603248272, "1": 0.5269799091833093, "2": 0.6153576848670416}, "mu": {"0": 1.0818496672407854, "1": 1.033193848694922, "2": 1.0596302330402985}, "phi": {"0": 0.6094540439586894, "1": 0.5525450101296597, "2": 0.7597916083174527}, "psi": {"0": 0.8238325265723974, "1": 0.6838934527320261, "2": 1.3653400783096932}, "sigma": {"0": 0.704868992988262, "1": 0.0, "2": 0.0}, "chi_high": null, "beta_low": 0.5831737704330757}