{"R": 40.0, "wi": 0, "di": 0, "delta": 1.0, "gamma": {"0": 0.7543111801911799, "1": 0.840037692260084, "2": 0.5013056089313036}, "mu": {"0": 1.0452287875538704, "1": 1.0677794095809283, "2": 1.0879150823279522}, "phi": {"0": 0.4560225378564342, "1": 0.5911494803967565, "2": 0.9588277329866475}, "psi": {"0": 0.7789059061866496, "1": 1.2266515205847779, "2": 1.113334779895791}, "sigma": {"0": 0.5249947007001639, "1": 0.9344072969401063, "2": 0.0}, "chi_high": 0.694783494589022, "beta_low": 0.5866986350253418}