{"R": 40.0, "wi": 2, "di": 2, "delta": 1.0, "gamma": {"0": 1.0462844058333087, "1": 1.223907619915343, "2": 1.4672311224737506}, "mu": {"0": 1.0068848597949573, "1": 1.0801467648266387, "2": 1.105213805864123}, "phi": {"0": 0.20547273676924127, "1": 0.5448398904606605, "2": 0.5908009833407438}, "psi": {"0": 0.8536171362998959, "1": 0.780953320220709, "2": 1.2316837775837937}, "sigma": {"0": 0.6732505870702312, "1": 0.6447032423310222, "2": 0.0}, "chi_high": null, "beta_low": null}