{"R": 40.0, "wi": 0, "di": 1, "delta": 1.0, "gamma": {"0": 1.0773135184614115, "1": 0.9147617546465893, "2": 0.9387136978105245}, "mu": {"0": 1.057719625943067, "1": 1.0184847233002914, "2": 1.0105528334690745}, "phi": {"0": 0.35954019411670735, "1": 0.9021516147195906, "2": 0.9338435324736477}, "psi": {"0": 0.8081503920544039, "1": 1.369253362074809, "2": 1.0300540031775691}, "sigma": {"0": 0.673629323819379, "1": 0.8084208060586942, "2": 0.0}, "chi_high": 0.8990554462892187, "beta_low": 0.9089672222469013}