{"R": 40.0, "wi": 3, "di": 1, "delta": 1.0, "gamma": {"0": 0.5183078399164638, "1": 0.6667004429310361, "2": 0.9492908871532714}, "mu": {"0": 1.1314215291209102, "1": 1.021264814500608, "2": 1.0004928652558231}, "phi": {"0": 0.5092576865325934, "1": 0.6871935890796462, "2": 0.4448034130916404}, "psi": {"0": 0.917032086981653, "1": 0.8933089775305809, "2": 0.5442835582823755}, "sigma": {"0": 0.8495382210535426, "1": 0.5932292900931451, "2": 0.0}, "chi_high": 0.0888338708024085, "beta_low": null}