{"R": 40.0, "wi": 3, "di": 1, "delta": 1.0, "gamma": {"0": 1.4278647250053829, "1": 0.5836253000890727, "2": 0.9259334465818468}, "mu": {"0": 1.0764203030865445, "1": 1.0075066295101756, "2": 1.1352531840821913}, "phi": {"0": 0.10138608496511581, "1": 0.3848821752759315, "2": 0.7647000013137474}, "psi": {"0": 0.5030229741342055, "1": 1.106959767634879, "2": 1.1058264605874477}, "sigma": {"0": 0.7740387359533747, "1": 0.5044496043614936, "2": 0.0}, "chi_high": 0.898246120420319, "beta_low": null}