{"R": 40.0, "wi": 2, "di": 1, "delta": 1.0, "gamma": {"0": 1.1373715557390687, "1": 0.8504814186855217, "2": 0.6295695751921279}, "mu": {"0": 1.1496584593849157, "1": 1.1230520464367828, "2": 1.1255955327376745}, "phi": {"0": 0.4814519902797496, "1": 0.9379212890186455, "2": 0.11653003810694229}, "psi": {"0": 0.9516423345590055, "1": 1.144037998746346, "2": 0.8794296659468753}, "sigma": {"0": 0.7192958807052141, "1": 0.795138179880009, "2": 0.0}, "chi_high": null, "beta_low": null}