{"R": 40.0, "wi": 0, "di": 0, "delta": 1.0, "gamma": {"0": 1.2496520344680286, "1": 0.8793765907420975, "2": 1.2798472502129794}, "mu": {"0": 1.0188233197277987, "1": 1.0467062497860287, "2": 1.0115948615927892}, "phi": {"0": 0.34685472118187366, "1": 0.4287141896834076, "2": 0.3038431288773038}, "psi": {"0": 1.0776816205132507, "1": 0.9376915051587658, "2": 0.5466265395915678}, "sigma": {"0": 0.9013682231206839, "1": 0.7146454197260241, "2": 0.0}, "chi_high": 0.07139905511157607, "beta_low": 0.5950993947615788}