{"R": 40.0, "wi": 0, "di": 0, "delta": 1.0, "gamma": {"0": 0.699010878092564, "1": 1.4837136356949199, "2": 0.6809707333143885}, "mu": {"0": 1.079482600151269, "1": 1.1378799594616338, "2": 1.1116915514407073}, "phi": {"0": 0.5005400388731855, "1": 0.1054373865649203, "2": 0.6479330474554953}, "psi": {"0": 1.07649874838657, "1": 0.9328601990347847, "2": 0.9324905650026531}, "sigma": {"0": 0.7444146601978532, "1": 0.5459851253046027, "2": 0.0}, "chi_high": 0.017997332748209794, "beta_low": 0.9377180308820058}