{"R": 40.0, "wi": 2, "di": 0, "delta": 1.0, "gamma": {"0": 0.5824888974929253, "1": 1.045556092686712, "2": 0.9180502437506959}, "mu": {"0": 1.074366269214076, "1": 1.0860093499810233, "2": 1.0131382172298153}, "phi": {"0": 0.33673896472332165, "1": 0.26196792810805813, "2": 0.3514021081275306}, "psi": {"0": 0.7876529988866209, "1": 1.0283909758324814, "2": 1.1897753073767252}, "sigma": {"0": 0.8747064183488565, "1": 0.9872283621624507, "2": 0.0}, "chi_high": null, "beta_low": null}