{"R": 40.0, "wi": 0, "di": 2, "delta": 1.0, "gamma": {"0": 0.6706252681759899, "1": 1.2725676917446078, "2": 0.6145695028577276}, "mu": {"0": 1.10780533944849, "1": 1.1139654040023967, "2": 1.1279100578147079}, "phi": {"0": 0.559441491359853, "1": 0.7482808977362525, "2": 0.8497686474539276}, "psi": {"0": 0.5373091585653195, "1": 1.1582110192300528, "2": 1.2515952407284328}, "sigma": {"0": 0.6758959719875116, "1": 0.8730220752968261, "2": 0.0}, "chi_high": 0.5041208885954611, "beta_low": 0.7815358499973017}