{"R": 40.0, "wi": 0, "di": 0, "delta": 1.0, "gamma": {"0": 1.3005983455649488, "1": 1.2462121858064146, "2": 1.1782860500623273}, "mu": {"0": 1.0248889569569541, "1": 1.023850089887315, "2": 1.1134580407283512}, "phi": {"0": 0.8722872239563149, "1": 0.2655886827617573, "2": 0.19407054277420388}, "psi": {"0": 1.4261321382305667, "1": 0.8090658361108515, "2": 0.7183411514881449}, "sigma": {"0": 0.6204332311414525, "1": 0.7915628704861877, "2": 0.0}, "chi_high": 0.5405391247760533, "beta_low": 0.11717377161193734}