{"R": 40.0, "wi": 1, "di": 2, "delta": 1.0, "gamma": {"0": 0.8826319392719089, "1": 1.396677256347707, "2": 1.399445123131922}, "mu": {"0": 1.0597322690901343, "1": 1.1496239692665042, "2": 1.0095765736613165}, "phi": {"0": 0.9549981702251645, "1": 0.1320075020763143, "2": 0.5692765626924808}, "psi": {"0": 1.2675117449754434, "1": 0.8636428657245828, "2": 0.5455377875977648}, "sigma": {"0": 0.7441592252798948, "1": 0.0, "2": 0.0}, "chi_high": null, "beta_low": 0.12243846876612738}