{"R": 40.0, "wi": 1, "di": 1, "delta": 1.0, "gamma": {"0": 1.1586069328101907, "1": 1.233375038057623, "2": 1.4855526357489066}, "mu": {"0": 1.018405373408705, "1": 1.0608028399407028, "2": 1.1147651431451073}, "phi": {"0": 0.9215530992125475, "1": 0.9104692760960655, "2": 0.002681498148559558}, "psi": {"0": 1.0193690345688027, "1": 0.9863462926048644, "2": 0.7524706560949208}, "sigma": {"0": 0.5944357251773424, "1": 0.0, "2": 0.0}, "chi_high": null, "beta_low": 0.1527665403136409}