{"R": 40.0, "wi": 2, "di": 1, "delta": 1.0, "gamma": {"0": 1.2188510663117142, "1": 1.126605234366921, "2": 0.8555217799584925}, "mu": {"0": 1.0716570324143646, "1": 1.0031622260964472, "2": 1.019773952292253}, "phi": {"0": 0.6958191527449814, "1": 0.7893921431679443, "2": 0.34817592128851815}, "psi": {"0": 0.6481225044966425, "1": 1.4394917123423647, "2": 0.834436800740656}, "sigma": {"0": 0.5313539944170206, "1": 0.6844130627038972, "2": 0.0}, "chi_high": null, "beta_low": null}