{"R": 40.0, "wi": 2, "di": 2, "delta": 1.0, "gamma": {"0": 0.7310974756651476, "1": 1.400237068325577, "2": 0.8024905567797879}, "mu": {"0": 1.0181269435815554, "1": 1.0017824701759963, "2": 1.0938109911148672}, "phi": {"0": 0.8289408006946039, "1": 0.9925368276180493, "2": 0.6514467551125567}, "psi": {"0": 0.6042135016019773, "1": 0.5398722960434246, "2": 1.3399406261628335}, "sigma": {"0": 0.5732053314134061, "1": 0.6833177086499755, "2": 0.0}, "chi_high": null, "beta_low": null}