{"R": 40.0, "wi": 0, "di": 2, "delta": 1.0, "gamma": {"0": 0.8889380395429478, "1": 0.5297433822540067, "2": 1.4295023049989513}, "mu": {"0": 1.100047868752506, "1": 1.0928349934047672, "2": 1.091846441726571}, "phi": {"0": 0.41106142486829234, "1": 0.6146476003746645, "2": 0.507911036122454}, "psi": {"0": 0.6576146865864417, "1": 1.2482925721049338, "2": 1.066832700829237}, "sigma": {"0": 0.6223785820613269, "1": 0.552260649689676, "2": 0.0}, "chi_high": 0.29207223470461346, "beta_low": 0.5388925936202243}