{"R": 40.0, "wi": 3, "di": 0, "delta": 1.0, "gamma": {"0": 0.7635667740705023, "1": 1.2272699535854685, "2": 1.2289551087215704}, "mu": {"0": 1.0911800168425256, "1": 1.0681483965695402, "2": 1.0470504278827355}, "phi": {"0": 0.5361592888738177, "1": 0.0496576475258792, "2": 0.8220817194009515}, "psi": {"0": 1.20883559169516, "1": 1.3259840242155994, "2": 0.765783509910873}, "sigma": {"0": 0.5879914893905402, "1": 0.8284058394478462, "2": 0.0}, "chi_high": 0.7879095922347009, "beta_low": null}