{"R": 40.0, "wi": 3, "di": 0, "delta": 1.0, "gamma": {"0": 0.7475134543069362, "1": 1.2878926247068658, "2": 0.7283140533011638}, "mu": {"0": 1.087098915215831, "1": 1.0495898355473687, "2": 1.0886248019643925}, "phi": {"0": 0.5059924422504, "1": 0.08578898080967545, "2": 0.7830017425626822}, "psi": {"0": 1.0853973781520354, "1": 0.8732743118700828, "2": 1.4894372895365589}, "sigma": {"0": 0.6194360206597066, "1": 0.5059572642017517, "2": 0.0}, "chi_high": 0.3247153214897647, "beta_low": null}