{"R": 40.0, "wi": 3, "di": 0, "delta": 1.0, "gamma": {"0": 0.9161064479093411, "1": 1.3434797700938805, "2": 1.4099038436231162}, "mu": {"0": 1.1011457725178193, "1": 1.112359600619701, "2": 1.101623351733136}, "phi": {"0": 0.46073030103295665, "1": 0.22163290602358632, "2": 0.27053262622754937}, "psi": {"0": 0.7692698243218821, "1": 0.8274337163854051, "2": 1.2913935338874687}, "sigma": {"0": 0.7052177222196097, "1": 0.9618205707066653, "2": 0.0}, "chi_high": 0.4004214773064693, "beta_low": null}