{"R": 40.0, "wi": 0, "di": 2, "delta": 1.0, "gamma": {"0": 1.2941422832907434, "1": 1.2244820171665636, "2": 1.2693909583963774}, "mu": {"0": 1.0947031042084863, "1": 1.1052663599213768, "2": 1.1399780122857899}, "phi": {"0": 0.6133229976427573, "1": 0.04554293118683883, "2": 0.6289076929786214}, "psi": {"0": 0.7040408071300926, "1": 1.2699400212663983, "2": 0.7532024934743522}, "sigma": {"0": 0.6217646105637562, "1": 0.7757458911572199, "2": 0.0}, "chi_high": 0.176537921179545, "beta_low": 0.4555146333396639}