{"R": 40.0, "wi": 1, "di": 0, "delta": 1.0, "gamma": {"0": 1.232354838241658, "1": 1.2834205889154942, "2": 0.814802712071312}, "mu": {"0": 1.1352140521583929, "1": 1.0049727899315415, "2": 1.1493820746639352}, "phi": {"0": 0.6900465175965627, "1": 0.4244422765844533, "2": 0.6233382393547411}, "psi": {"0": 0.9599479230009904, "1": 1.4485513784117676, "2": 1.1667823727999713}, "sigma": {"0": 0.5640631108967046, "1": 0.0, "2": 0.0}, "chi_high": null, "beta_low": 0.43624261174425477}