{"R": 40.0, "wi": 2, "di": 2, "delta": 1.0, "gamma": {"0": 0.5364026931261302, "1": 0.9348193909932083, "2": 0.8944176297330143}, "mu": {"0": 1.112020615972388, "1": 1.0683473687274883, "2": 1.1476155394197138}, "phi": {"0": 0.5948362538177919, "1": 0.8741803367668702, "2": 0.26977561039191056}, "psi": {"0": 0.5289561005162332, "1": 0.8047867588217118, "2": 1.1037713180631838}, "sigma": {"0": 0.5300400199349448, "1": 0.9257805639329837, "2": 0.0}, "chi_high": null, "beta_low": null}