{"R": 40.0, "wi": 2, "di": 1, "delta": 1.0, "gamma": {"0": 1.0758683310969626, "1": 0.6357928017264913, "2": 0.5051114756354426}, "mu": {"0": 1.1376530513301082, "1": 1.0016479557744837, "2": 1.0732657179939646}, "phi": {"0": 0.7093842727706969, "1": 0.6646290122664081, "2": 0.07191636248694266}, "psi": {"0": 1.4253300207415132, "1": 1.3334319960031955, "2": 1.4595176389027866}, "sigma": {"0": 0.5652926904900014, "1": 0.7197862398327302, "2": 0.0}, "chi_high": null, "beta_low": null}