{"R": 40.0, "wi": 1, "di": 2, "delta": 1.0, "gamma": {"0": 0.5628912007511725, "1": 0.5962630364071106, "2": 0.9828507185634862}, "mu": {"0": 1.0480689255783358, "1": 1.1240159651470671, "2": 1.1049497459724127}, "phi": {"0": 0.7364371940596987, "1": 0.9125654871770065, "2": 0.9218153224805536}, "psi": {"0": 0.535721323053617, "1": 0.8606664987055397, "2": 0.9945245882760834}, "sigma": {"0": 0.5620426939327237, "1": 0.0, "2": 0.0}, "chi_high": null, "beta_low": 0.7198270809813746}