{"R": 40.0, "wi": 2, "di": 1, "delta": 1.0, "gamma": {"0": 0.7603681022071919, "1": 1.0951765000419975, "2": 1.3616994984826725}, "mu": {"0": 1.0563065045338005, "1": 1.0561963241676111, "2": 1.0241001480747158}, "phi": {"0": 0.49164447946018175, "1": 0.7118282227808984, "2": 0.1532319508344}, "psi": {"0": 1.057437046279417, "1": 1.0366552889760419, "2": 0.8760878971761304}, "sigma": {"0": 0.7927544215135607, "1": 0.6457859327101442, "2": 0.0}, "chi_high": null, "beta_low": null}