{"R": 40.0, "wi": 2, "di": 0, "delta": 1.0, "gamma": {"0": 1.3820620397375305, "1": 1.4518521578422954, "2": 1.0427139830084196}, "mu": {"0": 1.1189647522876012, "1": 1.013952524341544, "2": 1.0967359477031284}, "phi": {"0": 0.26005131192011977, "1": 0.8810881902336394, "2": 0.7816847001003447}, "psi": {"0": 0.7261734838746102, "1": 0.8548182813496237, "2": 1.4997545011031455}, "sigma": {"0": 0.6841565324962992, "1": 0.963735347826269, "2": 0.0}, "chi_high": null, "beta_low": null}