{"R": 40.0, "wi": 0, "di": 0, "delta": 1.0, "gamma": {"0": 1.0468346236189272, "1": 0.9052842675830481, "2": 0.7912996386350821}, "mu": {"0": 1.1337812346266445, "1": 1.1364211070892978, "2": 1.060026698517956}, "phi": {"0": 0.7200421923480789, "1": 0.03519410204377138, "2": 0.1449571059856084}, "psi": {"0": 0.6318006160404341, "1": 1.0690727722799638, "2": 1.449815033901042}, "sigma": {"0": 0.8898754730800451, "1": 0.825692924593799, "2": 0.0}, "chi_high": 0.021097024853584757, "beta_low": 0.6585138075742698}