{"R": 40.0, "wi": 1, "di": 0, "delta": 1.0, "gamma": {"0": 0.765166949326513, "1": 1.2972010951220478, "2": 1.1369458222102908}, "mu": {"0": 1.0372799525985066, "1": 1.1131427959145321, "2": 1.1441546036475314}, "phi": {"0": 0.06880491256109178, "1": 0.9129697250083264, "2": 0.14486783890235855}, "psi": {"0": 1.388064555973891, "1": 1.2484937271057417, "2": 0.6690325150250209}, "sigma": {"0": 0.7756945362937421, "1": 0.0, "2": 0.0}, "chi_high": null, "beta_low": 0.17026545326939121}