{"R": 40.0, "wi": 1, "di": 1, "delta": 1.0, "gamma": {"0": 0.9005236950059375, "1": 0.7152016745896437, "2": 0.5606869835614049}, "mu": {"0": 1.047934228840527, "1": 1.1295392454815691, "2": 1.008395600539428}, "phi": {"0": 0.2400998977122636, "1": 0.01948314815060892, "2": 0.41812296178344877}, "psi": {"0": 0.8992472495532058, "1": 1.321259143311722, "2": 1.141200980229478}, "sigma": {"0": 0.8090552061029024, "1": 0.0, "2": 0.0}, "chi_high": null, "beta_low": 0.8784969552729918}