{"R": 40.0, "wi": 3, "di": 0, "delta": 1.0, "gamma": {"0": 1.2000217283354115, "1": 0.9670218031521685, "2": 1.499775445275617}, "mu": {"0": 1.0109287857032156, "1": 1.014407156783391, "2": 1.0866055053252723}, "phi": {"0": 0.2087269540422544, "1": 0.3239870931274904, "2": 0.04247489105426072}, "psi": {"0": 0.6076988803944081, "1": 0.9649310033757068, "2": 1.1601755042741324}, "sigma": {"0": 0.9678124892931761, "1": 0.9455794733859021, "2": 0.0}, "chi_high": 0.8309347517113855, "beta_low": null}