{"R": 40.0, "wi": 3, "di": 2, "delta": 1.0, "gamma": {"0": 0.5105501875044159, "1": 0.8057982188684544, "2": 1.0141133925886647}, "mu": {"0": 1.0648349785362217, "1": 1.10640859572932, "2": 1.0021323311380832}, "phi": {"0": 0.9054133624069078, "1": 0.5760247246159773, "2": 0.5190676256703969}, "psi": {"0": 0.6797403547923029, "1": 1.4949246735668789, "2": 0.7132044321476896}, "sigma": {"0": 0.6247983576485077, "1": 0.6547149501905738, "2": 0.0}, "chi_high": 0.5004386950494137, "beta_low": null}