{"R": 40.0, "wi": 3, "di": 2, "delta": 1.0, "gamma": {"0": 0.7763652566276785, "1": 0.7119999673902869, "2": 1.191649388924161}, "mu": {"0": 1.1043857685787324, "1": 1.0009712917343168, "2": 1.1213994704421153}, "phi": {"0": 0.34598438379198626, "1": 0.7444978519151365, "2": 0.4965452731367206}, "psi": {"0": 0.5301641642201269, "1": 1.3043844606585155, "2": 0.5707833937918265}, "sigma": {"0": 0.5031323563669756, "1": 0.5506567167044719, "2": 0.0}, "chi_high": 0.7381350893942076, "beta_low": null}