{"R": 40.0, "wi": 3, "di": 2, "delta": 1.0, "gamma": {"0": 1.3355338745300238, "1": 1.1158787315011005, "2": 1.4384622077680573}, "mu": {"0": 1.0234389278331992, "1": 1.0147816878969365, "2": 1.0415804770718173}, "phi": {"0": 0.4236903904764431, "1": 0.5520702018354561, "2": 0.10140627762732546}, "psi": {"0": 0.8396852924449094, "1": 1.010648417903933, "2": 1.2853023044687761}, "sigma": {"0": 0.8539909967704197, "1": 0.5627483108357065, "2": 0.0}, "chi_high": 0.5252854850143497, "beta_low": null}