{"R": 40.0, "wi": 2, "di": 2, "delta": 1.0, "gamma": {"0": 1.077910594987522, "1": 1.3605599090840395, "2": 0.9835278212678397}, "mu": {"0": 1.0065046209704749, "1": 1.0887493418849876, "2": 1.1428819365138305}, "phi": {"0": 0.1343918013629567, "1": 0.5889836011323263, "2": 0.353893128986976}, "psi": {"0": 0.8060200006600464, "1": 0.5921252249045835, "2": 0.6303324557283607}, "sigma": {"0": 0.5602222182318419, "1": 0.960773090441134, "2": 0.0}, "chi_high": null, "beta_low": null}