{"R": 40.0, "wi": 0, "di": 0, "delta": 1.0, "gamma": {"0": 0.6071456523449651, "1": 1.2945901749349036, "2": 0.5893345461670569}, "mu": {"0": 1.1422036759127154, "1": 1.0966768108711615, "2": 1.083637409946334}, "phi": {"0": 0.6106826083560457, "1": 0.7550474473364434, "2": 0.2968107183436369}, "psi": {"0": 0.9917042259678022, "1": 0.7286627366736458, "2": 1.4408146439792973}, "sigma": {"0": 0.8460493949630956, "1": 0.5534708671350087, "2": 0.0}, "chi_high": 0.17137979309166979, "beta_low": 0.8277777978512368}