{"R": 40.0, "wi": 1, "di": 2, "delta": 1.0, "gamma": {"0": 1.3948160079241467, "1": 1.4384571358889446, "2": 0.7805399039355073}, "mu": {"0": 1.0328515156779923, "1": 1.1352259547302959, "2": 1.0021257453978565}, "phi": {"0": 0.31630217710086495, "1": 0.9008910053657826, "2": 0.34373205729234446}, "psi": {"0": 0.7898373659912045, "1": 1.3049334955243257, "2": 0.6357742029981047}, "sigma": {"0": 0.5254146698179669, "1": 0.0, "2": 0.0}, "chi_high": null, "beta_low": 0.19197975711254425}