{"R": 40.0, "wi": 0, "di": 2, "delta": 1.0, "gamma": {"0": 1.3901540359182891, "1": 1.023500881024841, "2": 0.9294028490614276}, "mu": {"0": 1.1487205851169755, "1": 1.0021064352407922, "2": 1.0303744428304122}, "phi": {"0": 0.5648314807653563, "1": 0.2221007360520043, "2": 0.9879908333456552}, "psi": {"0": 0.625307454767113, "1": 1.2066241586486046, "2": 0.5534672044555721}, "sigma": {"0": 0.5606435868568489, "1": 0.6117138914681387, "2": 0.0}, "chi_high": 0.8983147612643555, "beta_low": 0.6756144625505891}