{"R": 40.0, "wi": 3, "di": 2, "delta": 1.0, "gamma": {"0": 1.2833101493624843, "1": 0.7235367354517956, "2": 0.9425304194144297}, "mu": {"0": 1.0186852587454271, "1": 1.050894540735191, "2": 1.0605151749492}, "phi": {"0": 0.45560076581001896, "1": 0.9550024399494135, "2": 0.4185636010643682}, "psi": {"0": 0.6429958326193463, "1": 1.0061275620710928, "2": 0.8794774892148417}, "sigma": {"0": 0.9696428331845866, "1": 0.7605743524046327, "2": 0.0}, "chi_high": 0.7726567069602893, "beta_low": null}