{"R": 40.0, "wi": 2, "di": 1, "delta": 1.0, "gamma": {"0": 1.3666915547097311, "1": 0.5657051373511042, "2": 1.1358731322905857}, "mu": {"0": 1.1427069314709342, "1": 1.0882061672985095, "2": 1.0813077528965127}, "phi": {"0": 0.29302739856082927, "1": 0.457512439938789, "2": 0.236796687679101}, "psi": {"0": 0.757994126154627, "1": 0.591309964528592, "2": 0.7685523376784272}, "sigma": {"0": 0.7033588113706903, "1": 0.7269129441120048, "2": 0.0}, "chi_high": null, "beta_low": null}