{"R": 40.0, "wi": 3, "di": 0, "delta": 1.0, "gamma": {"0": 1.0460931229287436, "1": 1.042789332300853, "2": 0.7990155375966825}, "mu": {"0": 1.1121792511593296, "1": 1.074271079743412, "2": 1.0006130430569995}, "phi": {"0": 0.7587089957072305, "1": 0.46644542318379356, "2": 0.9740951714824939}, "psi": {"0": 1.1578371293759369, "1": 0.7635681371066093, "2": 0.7737560437697611}, "sigma": {"0": 0.5842316422449634, "1": 0.6823595384408532, "2": 0.0}, "chi_high": 0.4923299691091432, "beta_low": null}