{"R": 40.0, "wi": 1, "di": 2, "delta": 1.0, "gamma": {"0": 0.5024838495723388, "1": 0.622755592103111, "2": 0.656960613023944}, "mu": {"0": 1.0663382521627986, "1": 1.1286390313484194, "2": 1.1062251641115408}, "phi": {"0": 0.24073165869936286, "1": 0.45768206559298996, "2": 0.45088197013456854}, "psi": {"0": 1.2707594221104284, "1": 1.4416473302616561, "2": 1.355876251264466}, "sigma": {"0": 0.628172950104817, "1": 0.0, "2": 0.0}, "chi_high": null, "beta_low": 0.12486321558104692}