{"R": 40.0, "wi": 0, "di": 0, "delta": 1.0, "gamma": {"0": 1.155638140813256, "1": 0.9207178840608508, "2": 0.6379545782107194}, "mu": {"0": 1.0512316020513177, "1": 1.1204830660275416, "2": 1.128153556107549}, "phi": {"0": 0.6769761463057397, "1": 0.282931867665303, "2": 0.8024048745810555}, "psi": {"0": 1.434198363707992, "1": 0.8328864219808583, "2": 1.2022097054149077}, "sigma": {"0": 0.8440114211322726, "1": 0.9717898025707674, "2": 0.0}, "chi_high": 0.8272263644503575, "beta_low": 0.16574551119046835}