{"R": 40.0, "wi": 1, "di": 1, "delta": 1.0, "gamma": {"0": 0.5155578579596458, "1": 0.7120084368259635, "2": 1.308007003672265}, "mu": {"0": 1.0188380263979162, "1": 1.1205861730643691, "2": 1.059973433731848}, "phi": {"0": 0.6966495597321763, "1": 0.19853252533232857, "2": 0.6067436231823718}, "psi": {"0": 0.9677445657388092, "1": 0.6959905275401452, "2": 1.4772286452636736}, "sigma": {"0": 0.8802578962220652, "1": 0.0, "2": 0.0}, "chi_high": null, "beta_low": 0.3118910681624366}