{"R": 40.0, "wi": 1, "di": 0, "delta": 1.0, "gamma": {"0": 1.3931030993635622, "1": 0.9462043218576868, "2": 0.7139271590970737}, "mu": {"0": 1.0016509173839228, "1": 1.0407130430602862, "2": 1.1040715363826548}, "phi": {"0": 0.9673315510176096, "1": 0.5394015081719598, "2": 0.20208310915212035}, "psi": {"0": 1.2223191248084806, "1": 1.001978019821535, "2": 1.4402252447248036}, "sigma": {"0": 0.6369451444550054, "1": 0.0, "2": 0.0}, "chi_high": null, "beta_low": 0.04794408712145287}