{"R": 40.0, "wi": 0, "di": 0, "delta": 1.0, "gamma": {"0": 0.6806883947466932, "1": 0.6019642830905979, "2": 0.9551227706809023}, "mu": {"0": 1.1319359180524766, "1": 1.0735751784560268, "2": 1.02442948200872}, "phi": {"0": 0.29733242146595895, "1": 0.09174391653673786, "2": 0.3439312161315008}, "psi": {"0": 1.169505946092504, "1": 1.1862446933164146, "2": 1.4119388332908627}, "sigma": {"0": 0.6607606014518765, "1": 0.9432730267060037, "2": 0.0}, "chi_high": 0.10654476283488419, "beta_low": 0.631111709613012}