{"R": 40.0, "wi": 2, "di": 2, "delta": 1.0, "gamma": {"0": 1.4098477260110884, "1": 0.5845389507214942, "2": 0.8911925243674589}, "mu": {"0": 1.0371917644001083, "1": 1.0018175922874888, "2": 1.0275601380494974}, "phi": {"0": 0.5353284246606196, "1": 0.7860704412337407, "2": 0.7751682861147785}, "psi": {"0": 1.3442093182530126, "1": 1.1837033716608563, "2": 0.9840473675464592}, "sigma": {"0": 0.7309138853648697, "1": 0.9872956956488941, "2": 0.0}, "chi_high": null, "beta_low": null}