{"R": 40.0, "wi": 3, "di": 2, "delta": 1.0, "gamma": {"0": 1.34882406567291, "1": 1.0368376092698959, "2": 1.128966521447772}, "mu": {"0": 1.1283561186850453, "1": 1.0328117229076115, "2": 1.0772618736190689}, "phi": {"0": 0.8836237223507217, "1": 0.9668119451693861, "2": 0.6203542285566841}, "psi": {"0": 1.4276478328240132, "1": 1.4769241339673496, "2": 0.8607379766260237}, "sigma": {"0": 0.873585541173399, "1": 0.988530553787647, "2": 0.0}, "chi_high": 0.8073769702275712, "beta_low": null}