{"R": 40.0, "wi": 2, "di": 0, "delta": 1.0, "gamma": {"0": 1.0355361957899112, "1": 0.7860876354707563, "2": 0.7691573866771849}, "mu": {"0": 1.0893659541519536, "1": 1.0057960613270807, "2": 1.0557832842332282}, "phi": {"0": 0.1646919711321787, "1": 0.5126544666350492, "2": 0.6820551692268227}, "psi": {"0": 1.4673571153652432, "1": 1.3288332399878375, "2": 0.510978760883549}, "sigma": {"0": 0.5149742380153359, "1": 0.6548738204548152, "2": 0.0}, "chi_high": null, "beta_low": null}