{"R": 40.0, "wi": 0, "di": 1, "delta": 1.0, "gamma": {"0": 1.0420642449076372, "1": 0.8389903051887222, "2": 0.5822776615267486}, "mu": {"0": 1.0845197008976686, "1": 1.1124162250393934, "2": 1.0546073633006212}, "phi": {"0": 0.23971585097847026, "1": 0.026615073309901982, "2": 0.6323460058084572}, "psi": {"0": 1.381153667777518, "1": 1.3997959428691389, "2": 1.2916745888574686}, "sigma": {"0": 0.5387397495663075, "1": 0.9340817272083852, "2": 0.0}, "chi_high": 0.868180624471768, "beta_low": 0.333961794343769}