{"R": 40.0, "wi": 3, "di": 1, "delta": 1.0, "gamma": {"0": 1.0077573057843958, "1": 1.4663006515324186, "2": 1.4575477200404152}, "mu": {"0": 1.1180872329937057, "1": 1.0318337663669883, "2": 1.0193843698219731}, "phi": {"0": 0.5344677446599724, "1": 0.0938442149781098, "2": 0.5121404837455324}, "psi": {"0": 0.5325701855626574, "1": 0.9405410261386129, "2": 0.7231605676332666}, "sigma": {"0": 0.6670340419118308, "1": 0.7114661712105739, "2": 0.0}, "chi_high": 0.47876449437450597, "beta_low": null}