{"R": 40.0, "wi": 2, "di": 0, "delta": 1.0, "gamma": {"0": 0.6778021019642013, "1": 0.849412674542237, "2": 1.4003358628800895}, "mu": {"0": 1.0186840392072836, "1": 1.110645452046724, "2": 1.0863634080066111}, "phi": {"0": 0.2416147962492613, "1": 0.30487180437816896, "2": 0.813749623996503}, "psi": {"0": 1.1711611236639676, "1": 1.3415929035673142, "2": 0.5144158577027473}, "sigma": {"0": 0.5159578598502078, "1": 0.8382272668911058, "2": 0.0}, "chi_high": null, "beta_low": null}