{"R": 40.0, "wi": 1, "di": 2, "delta": 1.0, "gamma": {"0": 1.421124572282432, "1": 0.6756009691860632, "2": 0.583140600531475}, "mu": {"0": 1.0274743671187934, "1": 1.0410376710175164, "2": 1.096875952616409}, "phi": {"0": 0.10519536875099411, "1": 0.2913460906473051, "2": 0.48517557582827175}, "psi": {"0": 1.2168372487848442, "1": 0.7255370927927391, "2": 0.965482854153245}, "sigma": {"0": 0.7368559258254985, "1": 0.0, "2": 0.0}, "chi_high": null, "beta_low": 0.34270673301870097}