{"R": 40.0, "wi": 1, "di": 0, "delta": 1.0, "gamma": {"0": 1.4338518393147046, "1": 0.6299857461333146, "2": 1.441365369709919}, "mu": {"0": 1.1167995180440002, "1": 1.0337472371398078, "2": 1.0679123784440268}, "phi": {"0": 0.6557157600982896, "1": 0.4746997667415904, "2": 0.4325267809725659}, "psi": {"0": 1.359913765979011, "1": 1.1551168046589126, "2": 0.8946349644089816}, "sigma": {"0": 0.5129621243620044, "1": 0.0, "2": 0.0}, "chi_high": null, "beta_low": 0.22292903138037976}