{"R": 40.0, "wi": 2, "di": 1, "delta": 1.0, "gamma": {"0": 0.5777979377717887, "1": 1.4969531070080957, "2": 1.029190321857487}, "mu": {"0": 1.051400979207173, "1": 1.0860955247744122, "2": 1.0271517762266804}, "phi": {"0": 0.5889464790486538, "1": 0.663246643174026, "2": 0.10417243291921618}, "psi": {"0": 0.8367519474423487, "1": 1.3639629270091012, "2": 0.6575369904569555}, "sigma": {"0": 0.9984204753477579, "1": 0.8838120998013884, "2": 0.0}, "chi_high": null, "beta_low": null}