{"R": 40.0, "wi": 3, "di": 0, "delta": 1.0, "gamma": {"0": 0.7192329079929723, "1": 0.6434279272407035, "2": 0.7878283105027106}, "mu": {"0": 1.0718613978248726, "1": 1.07340544424993, "2": 1.0146754046525748}, "phi": {"0": 0.4442120603162004, "1": 0.2939671870375734, "2": 0.44996572177422434}, "psi": {"0": 0.6068834373270594, "1": 0.5555292350892039, "2": 0.664046591972743}, "sigma": {"0": 0.7898803927171134, "1": 0.7339167088070422, "2": 0.0}, "chi_high": 0.12826181756143384, "beta_low": null}