{"R": 40.0, "wi": 1, "di": 2, "delta": 1.0, "gamma": {"0": 0.5118821864092934, "1": 0.7702401388755887, "2": 0.7626437493254937}, "mu": {"0": 1.0268068237861385, "1": 1.0763492037487303, "2": 1.1110929648298098}, "phi": {"0": 0.3850848597031542, "1": 0.980734372818133, "2": 0.814548616220531}, "psi": {"0": 1.2614817724175786, "1": 0.5716527752829635, "2": 0.5094282347114291}, "sigma": {"0": 0.7751927723713599, "1": 0.0, "2": 0.0}, "chi_high": null, "beta_low": 0.9666245449495071}