{"R": 40.0, "wi": 3, "di": 2, "delta": 1.0, "gamma": {"0": 0.8696680045317796, "1": 1.3751452248739953, "2": 0.7975561918723528}, "mu": {"0": 1.1166682239201091, "1": 1.0264051488627663, "2": 1.0523238886174389}, "phi": {"0": 0.3682881304571545, "1": 0.740490598883227, "2": 0.11725087844012283}, "psi": {"0": 0.5672666962436127, "1": 0.9321687674735669, "2": 0.7670930988950354}, "sigma": {"0": 0.5279505262165402, "1": 0.5189144690178547, "2": 0.0}, "chi_high": 0.5655435932848043, "beta_low": null}