{"R": 40.0, "wi": 3, "di": 0, "delta": 1.0, "gamma": {"0": 1.2807334646568376, "1": 1.3162664464781701, "2": 0.916277492482546}, "mu": {"0": 1.136562569611599, "1": 1.02217436327337, "2": 1.0811847471771767}, "phi": {"0": 0.6640368251694702, "1": 0.49680380944651736, "2": 0.2629417101713747}, "psi": {"0": 0.5560654391546181, "1": 0.9700879407897616, "2": 1.3616509022587167}, "sigma": {"0": 0.5640703960663411, "1": 0.6842726099742218, "2": 0.0}, "chi_high": 0.3827254446736768, "beta_low": null}