{"R": 40.0, "wi": 0, "di": 0, "delta": 1.0, "gamma": {"0": 1.1798279080763248, "1": 0.9939494065576784, "2": 0.7563375227302782}, "mu": {"0": 1.0471749899806218, "1": 1.0522648095240952, "2": 1.001355995222767}, "phi": {"0": 0.6419351700183792, "1": 0.9208097322338002, "2": 0.596586969658582}, "psi": {"0": 0.6580045936178975, "1": 1.1683737509177474, "2": 1.2475260841304885}, "sigma": {"0": 0.9055070496919979, "1": 0.8472487825305893, "2": 0.0}, "chi_high": 0.7392902978470522, "beta_low": 0.49819049295797846}