{"R": 40.0, "wi": 3, "di": 0, "delta": 1.0, "gamma": {"0": 0.7642264622971829, "1": 1.0730836460495587, "2": 1.275890184010678}, "mu": {"0": 1.1089638689985308, "1": 1.132736273193735, "2": 1.1211303904426329}, "phi": {"0": 0.5932114945649656, "1": 0.8836220966970773, "2": 0.8672949854345527}, "psi": {"0": 1.208539260930768, "1": 0.9737477814926225, "2": 1.3055137964524763}, "sigma": {"0": 0.8435721875329238, "1": 0.6552216139546476, "2": 0.0}, "chi_high": 0.7798438469873152, "beta_low": null}