{"R": 40.0, "wi": 1, "di": 2, "delta": 1.0, "gamma": {"0": 1.015691387966946, "1": 0.5693508393370393, "2": 0.7285810733727326}, "mu": {"0": 1.0966970999288133, "1": 1.0802063907089623, "2": 1.088404966812758}, "phi": {"0": 0.1772766889062226, "1": 0.6579852863114078, "2": 0.9627248897307016}, "psi": {"0": 1.0303320587699454, "1": 1.0170250318890355, "2": 0.6875529741530131}, "sigma": {"0": 0.8978176650828357, "1": 0.0, "2": 0.0}, "chi_high": null, "beta_low": 0.5107744475044939}