{"R": 40.0, "wi": 2, "di": 1, "delta": 1.0, "gamma": {"0": 0.5657262092328715, "1": 0.9877753331791398, "2": 1.1213424566971941}, "mu": {"0": 1.1305132155044766, "1": 1.0162860729159988, "2": 1.0225594193673213}, "phi": {"0": 0.1628789827271745, "1": 0.679338908127248, "2": 0.3083815852046973}, "psi": {"0": 1.2561748035603164, "1": 1.2479997077451501, "2": 0.939144683111138}, "sigma": {"0": 0.5519016002902701, "1": 0.6414667777418293, "2": 0.0}, "chi_high": null, "beta_low": null}