{"R": 40.0, "wi": 1, "di": 1, "delta": 1.0, "gamma": {"0": 1.1843099831199355, "1": 1.41219334262526, "2": 1.314035169977943}, "mu": {"0": 1.0281100239295022, "1": 1.0952122691615136, "2": 1.1284387733311814}, "phi": {"0": 0.89442189382599, "1": 0.612685363189075, "2": 0.29762967305245747}, "psi": {"0": 1.3530154637344696, "1": 0.7135578797796484, "2": 0.9261944753497151}, "sigma": {"0": 0.5573567217802627, "1": 0.0, "2": 0.0}, "chi_high": null, "beta_low": 0.49410641618247575}