{"R": 40.0, "wi": 3, "di": 0, "delta": 1.0, "gamma": {"0": 1.4809086831162763, "1": 1.1310947734539716, "2": 0.7620442925364231}, "mu": {"0": 1.0653460717853078, "1": 1.0261367466392217, "2": 1.0462117595469196}, "phi": {"0": 0.2885801605606598, "1": 0.9036669843562539, "2": 0.781414997429528}, "psi": {"0": 0.5989547229303965, "1": 0.6590065650438989, "2": 1.1008783105113886}, "sigma": {"0": 0.7717894788259375, "1": 0.5942563281305546, "2": 0.0}, "chi_high": 0.49570220893205924, "beta_low": null}