{"R": 40.0, "wi": 3, "di": 1, "delta": 1.0, "gamma": {"0": 0.7602936325073124, "1": 0.5960633169831248, "2": 0.8281775894274288}, "mu": {"0": 1.130875601039614, "1": 1.1284814177434106, "2": 1.0058437129301114}, "phi": {"0": 0.5060219365887535, "1": 0.7015272523170871, "2": 0.7818005309403678}, "psi": {"0": 1.2681935805541598, "1": 0.8394107891222748, "2": 0.9438145929406948}, "sigma": {"0": 0.7063083376148512, "1": 0.9770755618384062, "2": 0.0}, "chi_high": 0.2928810498242844, "beta_low": null}