{"R": 40.0, "wi": 3, "di": 2, "delta": 1.0, "gamma": {"0": 1.3632948313878686, "1": 1.4488324339535397, "2": 0.9895437640698506}, "mu": {"0": 1.085405782273094, "1": 1.008200361013695, "2": 1.1375911125031442}, "phi": {"0": 0.6388781698080538, "1": 0.42190490594896335, "2": 0.4991841322437929}, "psi": {"0": 0.8164187811352213, "1": 0.7833233325751082, "2": 1.4684935905584473}, "sigma": {"0": 0.8312343722970748, "1": 0.6346849917614574, "2": 0.0}, "chi_high": 0.7773602295621097, "beta_low": null}