{"R": 40.0, "wi": 1, "di": 1, "delta": 1.0, "gamma": {"0": 0.8207044499732628, "1": 1.1673879553603403, "2": 1.3066570562490791}, "mu": {"0": 1.0685107275571037, "1": 1.0922873557708155, "2": 1.0326549935055809}, "phi": {"0": 0.948041895227823, "1": 0.4648278847866847, "2": 0.42430905787649087}, "psi": {"0": 1.0986888214771087, "1": 1.3957174798098784, "2": 1.1089366597114425}, "sigma": {"0": 0.9677402752490109, "1": 0.0, "2": 0.0}, "chi_high": null, "beta_low": 0.4604522404508729}