{"R": 40.0, "wi": 0, "di": 1, "delta": 1.0, "gamma": {"0": 0.9781477050333925, "1": 0.5764353601987227, "2": 1.4578227849268486}, "mu": {"0": 1.0178144641708975, "1": 1.0922535954247108, "2": 1.1224519866233995}, "phi": {"0": 0.2725730274195888, "1": 0.16121377826958028, "2": 0.4884963262888492}, "psi": {"0": 1.3797246573751858, "1": 1.4245926516877363, "2": 1.2579358325169754}, "sigma": {"0": 0.8605757345584996, "1": 0.7328517186670149, "2": 0.0}, "chi_high": 0.587593305811582, "beta_low": 0.052429334816280725}