{"R": 40.0, "wi": 3, "di": 0, "delta": 1.0, "gamma": {"0": 0.8419625134521356, "1": 0.756562972172871, "2": 1.0803709362443747}, "mu": {"0": 1.046318038833911, "1": 1.0378373915784223, "2": 1.0550177681303836}, "phi": {"0": 0.6472803690584796, "1": 0.5425373601385768, "2": 0.7309704477519788}, "psi": {"0": 1.2751636321891913, "1": 1.1008454181371108, "2": 0.6281056271326406}, "sigma": {"0": 0.5704705534997234, "1": 0.5607151302154442, "2": 0.0}, "chi_high": 0.7270466857231941, "beta_low": null}