{"R": 40.0, "wi": 2, "di": 0, "delta": 1.0, "gamma": {"0": 0.8478783260298247, "1": 0.5410013749228506, "2": 1.2685560487313032}, "mu": {"0": 1.113588796239787, "1": 1.0834497477257656, "2": 1.0149326956712255}, "phi": {"0": 0.330984062006644, "1": 0.8356541314797885, "2": 0.8374628360397778}, "psi": {"0": 1.2107796698223519, "1": 0.8665166151466187, "2": 0.6070021216742462}, "sigma": {"0": 0.7102036933032114, "1": 0.8815754530673037, "2": 0.0}, "chi_high": null, "beta_low": null}