{"R": 40.0, "wi": 2, "di": 0, "delta": 1.0, "gamma": {"0": 0.9516141840079408, "1": 0.9353080753052748, "2": 0.7605050718661539}, "mu": {"0": 1.022876255694086, "1": 1.013927642101604, "2": 1.026643838954284}, "phi": {"0": 0.011841334806442672, "1": 0.2380021662420837, "2": 0.5178739868850103}, "psi": {"0": 1.351393526447517, "1": 0.7069065192347441, "2": 1.3233190943720343}, "sigma": {"0": 0.7481275119836043, "1": 0.5183778565715971, "2": 0.0}, "chi_high": null, "beta_low": null}