{"R": 40.0, "wi": 1, "di": 1, "delta": 1.0, "gamma": {"0": 1.4704218691665192, "1": 1.3824930460742153, "2": 1.376816877583191}, "mu": {"0": 1.1252701396948366, "1": 1.08335293489368, "2": 1.0835837613559929}, "phi": {"0": 0.23403730170917514, "1": 0.3519133893157611, "2": 0.12695324505416117}, "psi": {"0": 0.8384039855549943, "1": 1.2972582012399823, "2": 0.5037402836853445}, "sigma": {"0": 0.553871123231955, "1": 0.0, "2": 0.0}, "chi_high": null, "beta_low": 0.36557403204816813}