{"R": 40.0, "wi": 0, "di": 2, "delta": 1.0, "gamma": {"0": 0.9673493311477419, "1": 1.2785931673825348, "2": 1.3760267958426606}, "mu": {"0": 1.0476538740183072, "1": 1.0334094771921103, "2": 1.0664027221763874}, "phi": {"0": 0.6538748908714803, "1": 0.24090329200535576, "2": 0.45372598280420695}, "psi": {"0": 1.2461324048474922, "1": 1.1814503080557113, "2": 0.8311557840431871}, "sigma": {"0": 0.9265145414957496, "1": 0.8384902694226294, "2": 0.0}, "chi_high": 0.7182851754096674, "beta_low": 0.493240811473199}