{"R": 40.0, "wi": 3, "di": 0, "delta": 1.0, "gamma": {"0": 1.2534001605914589, "1": 0.5718039046857274, "2": 1.0124102849504184}, "mu": {"0": 1.078185166942489, "1": 1.0038755493255103, "2": 1.0610499925996286}, "phi": {"0": 0.08027012760565289, "1": 0.42252708695050745, "2": 0.701880086740832}, "psi": {"0": 1.0365589661757872, "1": 1.029846116250856, "2": 0.8356794445580734}, "sigma": {"0": 0.8480747258190601, "1": 0.634725544460389, "2": 0.0}, "chi_high": 0.053204513628245714, "beta_low": null}