{"R": 40.0, "wi": 0, "di": 2, "delta": 1.0, "gamma": {"0": 0.6210070413950706, "1": 0.5188204613106021, "2": 1.0018776753302614}, "mu": {"0": 1.088621549671535, "1": 1.009053649578144, "2": 1.1403760553138}, "phi": {"0": 0.7123684198684249, "1": 0.6526658301631976, "2": 0.4013843815838244}, "psi": {"0": 0.9730907454821438, "1": 1.3906894214071461, "2": 0.9019694860871804}, "sigma": {"0": 0.8445666486788996, "1": 0.7741981598648303, "2": 0.0}, "chi_high": 0.026209146240464613, "beta_low": 0.24266661408978657}