{"R": 40.0, "wi": 0, "di": 1, "delta": 1.0, "gamma": {"0": 1.0918622940642981, "1": 0.6090105963517581, "2": 0.9603357559370069}, "mu": {"0": 1.0724308609829727, "1": 1.0671818249468181, "2": 1.1390899385312696}, "phi": {"0": 0.062157618217054456, "1": 0.9886132587738903, "2": 0.4054036252461398}, "psi": {"0": 0.7902333090432595, "1": 1.494361854660474, "2": 0.8079258892962796}, "sigma": {"0": 0.5767805066799585, "1": 0.9491219947147642, "2": 0.0}, "chi_high": 0.8295423131698588, "beta_low": 0.4197216803911408}