{"R": 40.0, "wi": 2, "di": 0, "delta": 1.0, "gamma": {"0": 1.0558924903537985, "1": 1.1177518949585874, "2": 1.448992992381751}, "mu": {"0": 1.0096897133810567, "1": 1.1450033248324136, "2": 1.0258378083957043}, "phi": {"0": 0.9704185363219012, "1": 0.14735892973876308, "2": 0.27652682248817306}, "psi": {"0": 0.6796011056176016, "1": 0.872541725093161, "2": 1.1649659860423869}, "sigma": {"0": 0.926447931250066, "1": 0.9921624187864546, "2": 0.0}, "chi_high": null, "beta_low": null}