{"R": 40.0, "wi": 0, "di": 2, "delta": 1.0, "gamma": {"0": 1.220172669365347, "1": 0.6910039491784015, "2": 1.2379407429467966}, "mu": {"0": 1.1172756138299276, "1": 1.0846048436824345, "2": 1.0609156300720168}, "phi": {"0": 0.6857323323406141, "1": 0.8313361089500533, "2": 0.39290803006976516}, "psi": {"0": 1.4692189459627973, "1": 0.5021118558758455, "2": 0.7041362741865376}, "sigma": {"0": 0.7906179221074331, "1": 0.8866805142242955, "2": 0.0}, "chi_high": 0.5153582443337572, "beta_low": 0.32951197968335705}