{"R": 40.0, "wi": 2, "di": 2, "delta": 1.0, "gamma": {"0": 0.7180329760119508, "1": 0.6177916565377054, "2": 0.9089749371566929}, "mu": {"0": 1.0086703311815737, "1": 1.0236782927148338, "2": 1.1300655363140897}, "phi": {"0": 0.5864628455660396, "1": 0.3190201059977408, "2": 0.3686835028041181}, "psi": {"0": 1.30300037472266, "1": 1.4116402169581326, "2": 0.7865817251705416}, "sigma": {"0": 0.678956395743453, "1": 0.988888401528792, "2": 0.0}, "chi_high": null, "beta_low": null}