{"R": 40.0, "wi": 3, "di": 2, "delta": 1.0, "gamma": {"0": 1.136447457123258, "1": 1.3675613072403472, "2": 0.533386065105454}, "mu": {"0": 1.0867098121714454, "1": 1.1325493743575372, "2": 1.063770442344164}, "phi": {"0": 0.7076061431787174, "1": 0.6990390818856899, "2": 0.6343730414063415}, "psi": {"0": 1.0343033996887172, "1": 1.4344346007750515, "2": 1.0007653461377437}, "sigma": {"0": 0.8424741485830054, "1": 0.979111401059859, "2": 0.0}, "chi_high": 0.18538247211957445, "beta_low": null}