{"R": 40.0, "wi": 3, "di": 1, "delta": 1.0, "gamma": {"0": 0.628700752931512, "1": 0.5956114191623453, "2": 0.7880394788001901}, "mu": {"0": 1.123331827545863, "1": 1.0231323243545603, "2": 1.021639436329419}, "phi": {"0": 0.21385398328019278, "1": 0.4678523940370869, "2": 0.1264587134692583}, "psi": {"0": 0.8848339567806001, "1": 0.6747212962891608, "2": 1.344226947715579}, "sigma": {"0": 0.7924030847957195, "1": 0.7942453786568192, "2": 0.0}, "chi_high": 0.026705008802088884, "beta_low": null}