{"R": 40.0, "wi": 0, "di": 1, "delta": 1.0, "gamma": {"0": 0.6648011573532125, "1": 1.3441517116458046, "2": 1.399948397947486}, "mu": {"0": 1.0408034979325562, "1": 1.023913033969278, "2": 1.0828438312769921}, "phi": {"0": 0.8830173915532608, "1": 0.6325269283128173, "2": 0.8348339386250335}, "psi": {"0": 0.742138109146052, "1": 1.1400230453335336, "2": 0.8588539890150294}, "sigma": {"0": 0.8785460580900122, "1": 0.866173318506837, "2": 0.0}, "chi_high": 0.7083257640236313, "beta_low": 0.7658740067022546}