{"R": 40.0, "wi": 3, "di": 2, "delta": 1.0, "gamma": {"0": 1.178411646585424, "1": 0.6799606438165602, "2": 1.0095260892793632}, "mu": {"0": 1.0989003669534823, "1": 1.0560693325165273, "2": 1.0276254836587289}, "phi": {"0": 0.29713081610762737, "1": 0.05765885962774686, "2": 0.7362853545736389}, "psi": {"0": 1.130508764616543, "1": 0.7837999004380404, "2": 1.480158389219751}, "sigma": {"0": 0.8332315569432984, "1": 0.8611629188986928, "2": 0.0}, "chi_high": 0.07012034941194713, "beta_low": null}