{"R": 40.0, "wi": 3, "di": 0, "delta": 1.0, "gamma": {"0": 0.5080914022836881, "1": 1.3704481219732823, "2": 0.9893358307809792}, "mu": {"0": 1.1377769580397123, "1": 1.1416061700069826, "2": 1.036110871146327}, "phi": {"0": 0.23684083969432657, "1": 0.10191092191032036, "2": 0.0028301242003924143}, "psi": {"0": 1.221063818444113, "1": 0.9791454599953373, "2": 0.6911413246944691}, "sigma": {"0": 0.7678865100201919, "1": 0.566203706264127, "2": 0.0}, "chi_high": 0.8537844709452224, "beta_low": null}