{"R": 40.0, "wi": 0, "di": 1, "delta": 1.0, "gamma": {"0": 1.0973668399001446, "1": 1.150710520595785, "2": 0.7541259137509834}, "mu": {"0": 1.1074203112861158, "1": 1.0385499230171746, "2": 1.089228872092317}, "phi": {"0": 0.6578239558946719, "1": 0.41688606896204483, "2": 0.6866059035923561}, "psi": {"0": 0.6904467810263428, "1": 0.9930572076331899, "2": 1.4654106543052188}, "sigma": {"0": 0.9995642117854211, "1": 0.8713846613229046, "2": 0.0}, "chi_high": 0.07470525512357062, "beta_low": 0.9848355188278082}