{"R": 40.0, "wi": 2, "di": 1, "delta": 1.0, "gamma": {"0": 0.5151361758622207, "1": 0.6315640494986685, "2": 1.4139664252963964}, "mu": {"0": 1.021593380301149, "1": 1.1023144242763556, "2": 1.0465834693103877}, "phi": {"0": 0.5163662156719401, "1": 0.45914096372667, "2": 0.7830689688589744}, "psi": {"0": 1.136787100577655, "1": 0.7361546838858689, "2": 1.3940866547010171}, "sigma": {"0": 0.7251653604781618, "1": 0.676378018044944, "2": 0.0}, "chi_high": null, "beta_low": null}