{"R": 40.0, "wi": 1, "di": 0, "delta": 1.0, "gamma": {"0": 1.4744816167246606, "1": 0.6666737330214897, "2": 1.2401102984474601}, "mu": {"0": 1.0124349131317325, "1": 1.0910920677660303, "2": 1.0460461468328366}, "phi": {"0": 0.01964785238088007, "1": 0.0069026536359940716, "2": 0.11859371508950523}, "psi": {"0": 0.932049730317971, "1": 0.8893124268318938, "2": 1.2549140575870714}, "sigma": {"0": 0.9234868826517079, "1": 0.0, "2": 0.0}, "chi_high": null, "beta_low": 0.4485395615564914}