{"R": 40.0, "wi": 0, "di": 2, "delta": 1.0, "gamma": {"0": 0.9171028941509374, "1": 0.9595937497773719, "2": 1.1441927894749342}, "mu": {"0": 1.1393459278195979, "1": 1.0800756867306978, "2": 1.0230741415070492}, "phi": {"0": 0.6439270989840101, "1": 0.14078327827032389, "2": 0.4301518099230486}, "psi": {"0": 1.226533174407221, "1": 0.8479830267113331, "2": 1.1871728611989358}, "sigma": {"0": 0.5513262226360397, "1": 0.5564548359761683, "2": 0.0}, "chi_high": 0.10849931269286589, "beta_low": 0.3005219216397819}