{"R": 40.0, "wi": 1, "di": 1, "delta": 1.0, "gamma": {"0": 1.4879683059618922, "1": 1.056555661851874, "2": 1.4969753892093547}, "mu": {"0": 1.023198717938489, "1": 1.1445806527788276, "2": 1.1414295686127904}, "phi": {"0": 0.3799331648342481, "1": 0.5188125732280088, "2": 0.42492412269606505}, "psi": {"0": 0.8124023287415867, "1": 1.4185231359368613, "2": 0.9408373857380773}, "sigma": {"0": 0.9548807280153924, "1": 0.0, "2": 0.0}, "chi_high": null, "beta_low": 0.3757524949333239}