{"R": 40.0, "wi": 3, "di": 1, "delta": 1.0, "gamma": {"0": 0.9852370797435367, "1": 0.8263572381707298, "2": 1.2589355409102478}, "mu": {"0": 1.0985509728553102, "1": 1.1208858727748172, "2": 1.001369978284319}, "phi": {"0": 0.5395728324943729, "1": 0.9033073593939965, "2": 0.9483127634107125}, "psi": {"0": 0.9844325596034025, "1": 0.6334154471544657, "2": 0.9584485152669363}, "sigma": {"0": 0.8312737303028248, "1": 0.868353317618965, "2": 0.0}, "chi_high": 0.5916161660694829, "beta_low": null}