{"R": 40.0, "wi": 3, "di": 1, "delta": 1.0, "gamma": {"0": 1.0100556097711413, "1": 1.4370277784248144, "2": 1.4368705370781503}, "mu": {"0": 1.0318199644206079, "1": 1.0550552793538661, "2": 1.1120062376495259}, "phi": {"0": 0.5189349527009934, "1": 0.6783989929949523, "2": 0.922053497268106}, "psi": {"0": 1.1263285407169685, "1": 1.4921050715877664, "2": 1.4090622161378876}, "sigma": {"0": 0.512219358111871, "1": 0.9675583664334124, "2": 0.0}, "chi_high": 0.28422678569785237, "beta_low": null}