{"R": 40.0, "wi": 2, "di": 2, "delta": 1.0, "gamma": {"0": 1.3839786624118986, "1": 0.718982329494064, "2": 0.629913267700033}, "mu": {"0": 1.135721784176732, "1": 1.019262349718978, "2": 1.0283226091670417}, "phi": {"0": 0.8097751997552408, "1": 0.12569476136143687, "2": 0.30737447352704017}, "psi": {"0": 0.94204814485012, "1": 1.4293534443651992, "2": 0.8379305531802954}, "sigma": {"0": 0.717207684252249, "1": 0.5042647496471724, "2": 0.0}, "chi_high": null, "beta_low": null}