{"R": 40.0, "wi": 3, "di": 0, "delta": 1.0, "gamma": {"0": 0.9299579341884979, "1": 0.7296316188706221, "2": 0.9824944216777433}, "mu": {"0": 1.070331549630176, "1": 1.0085535824949072, "2": 1.0674481975368308}, "phi": {"0": 0.3216798545845949, "1": 0.3663365867696945, "2": 0.5328303648024906}, "psi": {"0": 0.7632069221784925, "1": 1.1991814819683435, "2": 0.9718175723845521}, "sigma": {"0": 0.7055174480040971, "1": 0.8422606547722485, "2": 0.0}, "chi_high": 0.5349425705788192, "beta_low": null}