{"R": 40.0, "wi": 1, "di": 1, "delta": 1.0, "gamma": {"0": 1.0711104585807179, "1": 0.550416826545686, "2": 0.9229906123679873}, "mu": {"0": 1.0435777072824157, "1": 1.016365408864779, "2": 1.0238341512773725}, "phi": {"0": 0.9140338712127364, "1": 0.6113711559951646, "2": 0.6270937180010996}, "psi": {"0": 0.8696231404462802, "1": 1.041707027596872, "2": 0.805168022859208}, "sigma": {"0": 0.9390280980597514, "1": 0.0, "2": 0.0}, "chi_high": null, "beta_low": 0.7103021045845676}