{"R": 40.0, "wi": 2, "di": 0, "delta": 1.0, "gamma": {"0": 0.7403666145383254, "1": 0.7080144353306584, "2": 0.6761296074254913}, "mu": {"0": 1.1191246726043445, "1": 1.1158053529224756, "2": 1.0453977204372964}, "phi": {"0": 0.7953117897580777, "1": 0.8851393839677458, "2": 0.08201650443065922}, "psi": {"0": 0.7984282452793926, "1": 1.405201234803883, "2": 0.647618358036783}, "sigma": {"0": 0.5489592164760806, "1": 0.7459260451189973, "2": 0.0}, "chi_high": null, "beta_low": null}