{"R": 40.0, "wi": 1, "di": 2, "delta": 1.0, "gamma": {"0": 0.9144962960054348, "1": 1.005615345391475, "2": 1.1099725693046978}, "mu": {"0": 1.1023051173535148, "1": 1.128956782847242, "2": 1.0997456846395803}, "phi": {"0": 0.49328973909064033, "1": 0.49177383595646296, "2": 0.2893700413705401}, "psi": {"0": 1.3326176646016648, "1": 1.4193600561578013, "2": 1.1102955449099845}, "sigma": {"0": 0.9655763023161299, "1": 0.0, "2": 0.0}, "chi_high": null, "beta_low": 0.6067436278546652}