{"R": 40.0, "wi": 1, "di": 0, "delta": 1.0, "gamma": {"0": 0.9851068495957566, "1": 0.6010355630586385, "2": 0.8534029909086789}, "mu": {"0": 1.1208571737202877, "1": 1.0125352209924032, "2": 1.0983793411843865}, "phi": {"0": 0.9062157329498987, "1": 0.17854466969809923, "2": 0.045036969316384456}, "psi": {"0": 1.1711035896933533, "1": 0.9127012879494111, "2": 0.8724824190441187}, "sigma": {"0": 0.7414970585517551, "1": 0.0, "2": 0.0}, "chi_high": null, "beta_low": 0.8385582306584061}