{"R": 40.0, "wi": 3, "di": 2, "delta": 1.0, "gamma": {"0": 0.6952259571091423, "1": 0.7661484369013042, "2": 1.4725259483073196}, "mu": {"0": 1.056013306220299, "1": 1.0874386097427766, "2": 1.1470221554357265}, "phi": {"0": 0.23926873459409848, "1": 0.29851075912923486, "2": 0.028951145770495512}, "psi": {"0": 0.6332130235196842, "1": 1.2591836830855774, "2": 0.5422084217619556}, "sigma": {"0": 0.857831935520681, "1": 0.9901196208784864, "2": 0.0}, "chi_high": 0.7920426940385759, "beta_low": null}