{"R": 40.0, "wi": 2, "di": 2, "delta": 1.0, "gamma": {"0": 1.0796064223220723, "1": 1.10839084973722, "2": 1.3176754192555786}, "mu": {"0": 1.1127730445126933, "1": 1.0993963140127916, "2": 1.0837677012671574}, "phi": {"0": 0.9389577896698383, "1": 0.9362675898076189, "2": 0.1225157103103166}, "psi": {"0": 0.9884661082676508, "1": 1.0134487763301878, "2": 1.1157349226575297}, "sigma": {"0": 0.877513789858589, "1": 0.6082515732225311, "2": 0.0}, "chi_high": null, "beta_low": null}