{"R": 40.0, "wi": 0, "di": 0, "delta": 1.0, "gamma": {"0": 0.7557712280953002, "1": 0.9288805136160972, "2": 1.2816582692374778}, "mu": {"0": 1.0609715636993955, "1": 1.0583145634771607, "2": 1.0824020362937543}, "phi": {"0": 0.37724895417666104, "1": 0.7903383425736915, "2": 0.1244595508581956}, "psi": {"0": 1.3505463400796398, "1": 1.3058188019236021, "2": 1.0856371070966264}, "sigma": {"0": 0.7965554851257844, "1": 0.6643619951554092, "2": 0.0}, "chi_high": 0.01186925048248524, "beta_low": 0.7901263402383207}