{"R": 40.0, "wi": 1, "di": 1, "delta": 1.0, "gamma": {"0": 1.0117342315744309, "1": 1.4845598448301045, "2": 1.4104224044767848}, "mu": {"0": 1.0208529468170913, "1": 1.099084189132247, "2": 1.0368164485183857}, "phi": {"0": 0.5715278582748939, "1": 0.48552642747551666, "2": 0.6200378119951605}, "psi": {"0": 1.379318372405311, "1": 0.8653239926151074, "2": 0.8197408697017405}, "sigma": {"0": 0.7467579852308897, "1": 0.0, "2": 0.0}, "chi_high": null, "beta_low": 0.941374063324401}