{"R": 40.0, "wi": 3, "di": 2, "delta": 1.0, "gamma": {"0": 0.9905246817490351, "1": 1.2959566819674082, "2": 0.8824509340649065}, "mu": {"0": 1.0914298474243316, "1": 1.0572120955031803, "2": 1.0017754574401156}, "phi": {"0": 0.952469249613729, "1": 0.14586739798034398, "2": 0.45626219047588545}, "psi": {"0": 0.6658245441460412, "1": 1.3286019790388746, "2": 0.5786706865586972}, "sigma": {"0": 0.7131072092051527, "1": 0.8894743794967297, "2": 0.0}, "chi_high": 0.569804630805606, "beta_low": null}