{"R": 40.0, "wi": 0, "di": 1, "delta": 1.0, "gamma": {"0": 0.5091504052993071, "1": 1.2893457002811664, "2": 1.297970947686387}, "mu": {"0": 1.1409420048848653, "1": 1.01213979440324, "2": 1.0437350958848008}, "phi": {"0": 0.7324409181414812, "1": 0.9827389179462424, "2": 0.6597060979262864}, "psi": {"0": 0.5378312159872269, "1": 1.2442637981908864, "2": 0.7197646692016043}, "sigma": {"0": 0.9426745358991655, "1": 0.9128679338990091, "2": 0.0}, "chi_high": 0.7796453812134849, "beta_low": 0.29967634482121946}