{"R": 40.0, "wi": 2, "di": 0, "delta": 1.0, "gamma": {"0": 0.8330025777784013, "1": 1.206147579597642, "2": 1.1218495594929971}, "mu": {"0": 1.0686819867087263, "1": 1.05497612763874, "2": 1.0304524707508909}, "phi": {"0": 0.7977071721899561, "1": 0.010664954285392048, "2": 0.6908445580431006}, "psi": {"0": 1.088083597601275, "1": 1.102489212609289, "2": 1.2035572392494478}, "sigma": {"0": 0.9441274335465876, "1": 0.5299966194973385, "2": 0.0}, "chi_high": null, "beta_low": null}