{"R": 40.0, "wi": 3, "di": 0, "delta": 1.0, "gamma": {"0": 1.2745943841610226, "1": 0.6785508526567328, "2": 1.1916142748455083}, "mu": {"0": 1.0320430969628045, "1": 1.1005243719277318, "2": 1.1457877181851155}, "phi": {"0": 0.4370674654432346, "1": 0.019741398022722234, "2": 0.00875123853350701}, "psi": {"0": 0.6162114622632416, "1": 0.7325503820201779, "2": 1.4174375594357191}, "sigma": {"0": 0.6778852085486043, "1": 0.5026758124172276, "2": 0.0}, "chi_high": 0.43463005655814707, "beta_low": null}