{"R": 40.0, "wi": 2, "di": 2, "delta": 1.0, "gamma": {"0": 1.0728707308863838, "1": 1.15249859832046, "2": 1.1363777196848734}, "mu": {"0": 1.0670069195855683, "1": 1.0351623312499785, "2": 1.1175087408121325}, "phi": {"0": 0.8009302980596917, "1": 0.7392774291565403, "2": 0.799987616724693}, "psi": {"0": 1.3770761602208608, "1": 0.6918424308947793, "2": 0.912678240363096}, "sigma": {"0": 0.8572282360563239, "1": 0.7320953777587837, "2": 0.0}, "chi_high": null, "beta_low": null}