{"R": 40.0, "wi": 2, "di": 0, "delta": 1.0, "gamma": {"0": 0.9282809187183578, "1": 1.4184362479187342, "2": 0.686969303503512}, "mu": {"0": 1.0455238418610546, "1": 1.0487064143484774, "2": 1.058052067532593}, "phi": {"0": 0.24147433014254016, "1": 0.727378774781368, "2": 0.64925793535149}, "psi": {"0": 0.9280565689632997, "1": 1.3568756258585517, "2": 0.955332585851239}, "sigma": {"0": 0.90400888637523, "1": 0.9254129613430127, "2": 0.0}, "chi_high": null, "beta_low": null}