{"R": 40.0, "wi": 3, "di": 2, "delta": 1.0, "gamma": {"0": 1.2419091964405946, "1": 1.222362901684201, "2": 1.339696148646016}, "mu": {"0": 1.0122000512517322, "1": 1.129752452252974, "2": 1.057549459615772}, "phi": {"0": 0.7449605256909068, "1": 0.3785735620800216, "2": 0.4886859956994498}, "psi": {"0": 1.1457374649186893, "1": 1.2135721339964975, "2": 1.0155084560863032}, "sigma": {"0": 0.8563956690297349, "1": 0.5703507852598041, "2": 0.0}, "chi_high": 0.6940520333765333, "beta_low": null}