{"R": 40.0, "wi": 0, "di": 0, "delta": 1.0, "gamma": {"0": 0.5246719678634143, "1": 1.1717926056655452, "2": 1.4417854524431946}, "mu": {"0": 1.1190787889590639, "1": 1.1334185622002366, "2": 1.136590041177587}, "phi": {"0": 0.8940181904787227, "1": 0.585643969075864, "2": 0.5586866986907078}, "psi": {"0": 1.0077043776665706, "1": 1.092065561127185, "2": 1.3580642772772502}, "sigma": {"0": 0.6174870606545253, "1": 0.8300576880289874, "2": 0.0}, "chi_high": 0.3409872997708203, "beta_low": 0.31004382690933197}