{"R": 40.0, "wi": 1, "di": 1, "delta": 1.0, "gamma": {"0": 0.9740333183613252, "1": 1.4130373196284873, "2": 0.5422688013133105}, "mu": {"0": 1.036522559480805, "1": 1.0698903897448258, "2": 1.084051277234521}, "phi": {"0": 0.2617024828414932, "1": 0.6522171285118167, "2": 0.99962344854441}, "psi": {"0": 0.980971391984559, "1": 1.1493721446954939, "2": 0.8231169201861753}, "sigma": {"0": 0.6048035259842399, "1": 0.0, "2": 0.0}, "chi_high": null, "beta_low": 0.8675494787418535}