{"R": 40.0, "wi": 1, "di": 0, "delta": 1.0, "gamma": {"0": 0.8988954044655668, "1": 0.8597035916343406, "2": 0.7579125993497609}, "mu": {"0": 1.057418519195195, "1": 1.0305188983599503, "2": 1.072077086008002}, "phi": {"0": 0.7633530202094593, "1": 0.5180862701511709, "2": 0.5930616780298054}, "psi": {"0": 1.3500488130157287, "1": 0.569474011537343, "2": 0.6990970534181569}, "sigma": {"0": 0.5327483423518504, "1": 0.0, "2": 0.0}, "chi_high": null, "beta_low": 0.2802758707628761}