{"R": 40.0, "wi": 0, "di": 2, "delta": 1.0, "gamma": {"0": 0.8694348089734646, "1": 0.9067825475628603, "2": 1.4394073587357639}, "mu": {"0": 1.0253061284287919, "1": 1.0235448213830254, "2": 1.1211864263144735}, "phi": {"0": 0.38305820078984454, "1": 0.04360608156601631, "2": 0.5784890516811619}, "psi": {"0": 0.6944533154751267, "1": 1.1468927998684593, "2": 0.5565599930646973}, "sigma": {"0": 0.9919144047205841, "1": 0.9434589638942561, "2": 0.0}, "chi_high": 0.2997889299249579, "beta_low": 0.18305845139193275}