{"R": 40.0, "wi": 1, "di": 1, "delta": 1.0, "gamma": {"0": 1.4260007652624676, "1": 1.3564921301920272, "2": 1.264766644371003}, "mu": {"0": 1.035270668416947, "1": 1.0908766772360308, "2": 1.1328608345081586}, "phi": {"0": 0.6190441569997803, "1": 0.5487326456462444, "2": 0.9993466620897041}, "psi": {"0": 1.0213071207241757, "1": 0.679868095142888, "2": 1.3159848711345785}, "sigma": {"0": 0.7449308314371614, "1": 0.0, "2": 0.0}, "chi_high": null, "beta_low": 0.8398918053389576}