{"R": 40.0, "wi": 3, "di": 0, "delta": 1.0, "gamma": {"0": 1.1957154205015454, "1": 0.7126581390989225, "2": 0.6427991325834328}, "mu": {"0": 1.1112780336655443, "1": 1.1201782723614344, "2": 1.0986237301771973}, "phi": {"0": 0.013268331039285708, "1": 0.9284679479256576, "2": 0.10342338785616545}, "psi": {"0": 0.9309504224683398, "1": 1.1995096754034689, "2": 0.9204845274673954}, "sigma": {"0": 0.9572791426194822, "1": 0.6307636572496997, "2": 0.0}, "chi_high": 0.4807755335483432, "beta_low": null}