{"R": 40.0, "wi": 2, "di": 0, "delta": 1.0, "gamma": {"0": 1.2890787377806399, "1": 0.8487908113520769, "2": 0.6609838911113141}, "mu": {"0": 1.0932813058931654, "1": 1.0633809111221608, "2": 1.0058583306241513}, "phi": {"0": 0.10246866556018208, "1": 0.17796565937579611, "2": 0.5095766206635696}, "psi": {"0": 0.6434985074445059, "1": 0.7464540847696746, "2": 1.296672602538489}, "sigma": {"0": 0.7786844800524118, "1": 0.8110431889505947, "2": 0.0}, "chi_high": null, "beta_low": null}