{"R": 40.0, "wi": 2, "di": 1, "delta": 1.0, "gamma": {"0": 0.6877478483685088, "1": 1.07332818074764, "2": 0.7550597705665647}, "mu": {"0": 1.036832557809652, "1": 1.0593114424761292, "2": 1.0805545217219608}, "phi": {"0": 0.46132316931534123, "1": 0.47011660238655406, "2": 0.4582041640820793}, "psi": {"0": 1.1121639071461313, "1": 1.4839718631949572, "2": 0.9692443855110962}, "sigma": {"0": 0.7071905692999578, "1": 0.9860685168265884, "2": 0.0}, "chi_high": null, "beta_low": null}