{"R": 40.0, "wi": 3, "di": 0, "delta": 1.0, "gamma": {"0": 0.9355142183891881, "1": 0.9819421234407172, "2": 0.5308158162897199}, "mu": {"0": 1.0104227862131432, "1": 1.1412122797173623, "2": 1.0053328827700223}, "phi": {"0": 0.2390041097420329, "1": 0.19303541125535495, "2": 0.05207716195839707}, "psi": {"0": 1.1931534612247736, "1": 0.7320116574026424, "2": 1.166779362382609}, "sigma": {"0": 0.9468769392839383, "1": 0.5070202174690068, "2": 0.0}, "chi_high": 0.5098750027254618, "beta_low": null}