{"R": 40.0, "wi": 2, "di": 2, "delta": 1.0, "gamma": {"0": 0.8096336800943656, "1": 1.4150807886933041, "2": 1.3893142217217416}, "mu": {"0": 1.0074140003825802, "1": 1.149391370279608, "2": 1.1086211330905025}, "phi": {"0": 0.35710554998999555, "1": 0.8577068383234048, "2": 0.018105507981853175}, "psi": {"0": 1.014083525092751, "1": 0.6787728965475948, "2": 1.4175914872550743}, "sigma": {"0": 0.797631138996502, "1": 0.5156169202988989, "2": 0.0}, "chi_high": null, "beta_low": null}