{"R": 40.0, "wi": 1, "di": 0, "delta": 1.0, "gamma": {"0": 0.9608203228477243, "1": 1.031177232330613, "2": 0.6208295328223471}, "mu": {"0": 1.1458045796101952, "1": 1.0552353376038082, "2": 1.0419328776013779}, "phi": {"0": 0.02048964176040835, "1": 0.11780384906334662, "2": 0.8909641519541396}, "psi": {"0": 0.5403852978748236, "1": 0.717287561239124, "2": 1.2244679535434924}, "sigma": {"0": 0.6551938254297571, "1": 0.0, "2": 0.0}, "chi_high": null, "beta_low": 0.26404008895611725}