{"R": 40.0, "wi": 3, "di": 1, "delta": 1.0, "gamma": {"0": 1.470811809791551, "1": 0.6418899290476795, "2": 1.3553162591667136}, "mu": {"0": 1.0236165997483149, "1": 1.0771670413112575, "2": 1.0142953800326884}, "phi": {"0": 0.016734937833727814, "1": 0.7542318511328343, "2": 0.19245818145203009}, "psi": {"0": 0.567848251833741, "1": 1.1371912505062924, "2": 0.7710226526057264}, "sigma": {"0": 0.9270056780897031, "1": 0.6533410412926017, "2": 0.0}, "chi_high": 0.658156619939394, "beta_low": null}