{"R": 40.0, "wi": 1, "di": 1, "delta": 1.0, "gamma": {"0": 1.055604736640381, "1": 1.1596545272378869, "2": 0.58117524976757}, "mu": {"0": 1.0707778247448656, "1": 1.1459922354405465, "2": 1.075325072886862}, "phi": {"0": 0.8111804413857376, "1": 0.3621014507328223, "2": 0.7678668379775676}, "psi": {"0": 0.6301981622926353, "1": 1.0273436970981322, "2": 1.0615725754144267}, "sigma": {"0": 0.8941393189061869, "1": 0.0, "2": 0.0}, "chi_high": null, "beta_low": 0.14913102080594098}