{"R": 40.0, "wi": 3, "di": 1, "delta": 1.0, "gamma": {"0": 1.3043333604217417, "1": 0.616312240189503, "2": 1.336551139580742}, "mu": {"0": 1.0527494524022603, "1": 1.083358527213433, "2": 1.0072514311890546}, "phi": {"0": 0.5455423078764431, "1": 0.24850589658959998, "2": 0.8884230370748724}, "psi": {"0": 0.537036090911741, "1": 0.8557134752983361, "2": 1.1473323771261819}, "sigma": {"0": 0.925348670372725, "1": 0.5446485138958806, "2": 0.0}, "chi_high": 0.6996831626111099, "beta_low": null}