{"R": 40.0, "wi": 2, "di": 2, "delta": 1.0, "gamma": {"0": 0.6871509928983924, "1": 0.9040991019994025, "2": 0.8192699270892457}, "mu": {"0": 1.0033256152810561, "1": 1.0976513969613833, "2": 1.0058619089158733}, "phi": {"0": 0.07654894288277903, "1": 0.4330626602785024, "2": 0.7232171098784996}, "psi": {"0": 0.8773337944949523, "1": 0.5456262309826126, "2": 0.9826185128153082}, "sigma": {"0": 0.9046529138820351, "1": 0.6720597521115486, "2": 0.0}, "chi_high": null, "beta_low": null}