{"R": 40.0, "wi": 3, "di": 1, "delta": 1.0, "gamma": {"0": 0.6551119772890409, "1": 1.0566847880051577, "2": 1.0587151594245685}, "mu": {"0": 1.1052710003417392, "1": 1.0958328764802636, "2": 1.041299001800165}, "phi": {"0": 0.9058052697884864, "1": 0.31649148477721467, "2": 0.515543289568721}, "psi": {"0": 1.4413819348982781, "1": 1.2527814168087026, "2": 1.1382549273919174}, "sigma": {"0": 0.5848922146180758, "1": 0.9337685126070522, "2": 0.0}, "chi_high": 0.7588103969937022, "beta_low": null}