{"R": 40.0, "wi": 3, "di": 0, "delta": 1.0, "gamma": {"0": 1.2698798554590143, "1": 0.8983111833218679, "2": 1.2477262343419895}, "mu": {"0": 1.1470817894442937, "1": 1.021122481853042, "2": 1.0636059780823397}, "phi": {"0": 0.24244632141913003, "1": 0.6528601559948012, "2": 0.38785468889676156}, "psi": {"0": 0.9063900214686886, "1": 1.0422455484170239, "2": 1.3174352160422416}, "sigma": {"0": 0.8330392178790652, "1": 0.6792097808701976, "2": 0.0}, "chi_high": 0.09007252326232922, "beta_low": null}