{"R": 40.0, "wi": 2, "di": 2, "delta": 1.0, "gamma": {"0": 1.2253595955592902, "1": 0.5461771307516585, "2": 0.5890973284551467}, "mu": {"0": 1.059037376078498, "1": 1.016528251668664, "2": 1.0046220637247771}, "phi": {"0": 0.7831896226401, "1": 0.36521915065448973, "2": 0.8110235388284728}, "psi": {"0": 1.3316012615185397, "1": 0.54652289738041, "2": 0.9569349415711592}, "sigma": {"0": 0.9170117223759251, "1": 0.707320527761317, "2": 0.0}, "chi_high": null, "beta_low": null}