{"R": 40.0, "wi": 0, "di": 2, "delta": 1.0, "gamma": {"0": 1.49433516535409, "1": 0.7639373055889441, "2": 0.8196803289723354}, "mu": {"0": 1.1416366941158862, "1": 1.0198875727850738, "2": 1.1090415766122104}, "phi": {"0": 0.4556300221288728, "1": 0.7577108905844278, "2": 0.9975804279864416}, "psi": {"0": 0.7994441667200096, "1": 1.184408510388483, "2": 1.1753226363775102}, "sigma": {"0": 0.9079658842508942, "1": 0.843187700137762, "2": 0.0}, "chi_high": 0.8431514939018709, "beta_low": 0.46731489487444033}