{"R": 40.0, "wi": 1, "di": 1, "delta": 1.0, "gamma": {"0": 0.9093614321444068, "1": 0.5115480401188063, "2": 1.1716498882184352}, "mu": {"0": 1.0371905519432771, "1": 1.1303684401953111, "2": 1.1253900301734732}, "phi": {"0": 0.23917454516357828, "1": 0.45760214646455855, "2": 0.6549553789003338}, "psi": {"0": 1.1878583278429424, "1": 0.8796709999133122, "2": 0.755298847365053}, "sigma": {"0": 0.8112401619821668, "1": 0.0, "2": 0.0}, "chi_high": null, "beta_low": 0.5729124657666537}