{"R": 40.0, "wi": 2, "di": 2, "delta": 1.0, "gamma": {"0": 1.1321501367250522, "1": 1.385905234707603, "2": 1.006050274744056}, "mu": {"0": 1.138724989159847, "1": 1.0276782348481046, "2": 1.106196159529047}, "phi": {"0": 0.25076568764145724, "1": 0.12573673112988337, "2": 0.6550096038647951}, "psi": {"0": 0.872336718422858, "1": 0.7615389763183185, "2": 1.4040394992454865}, "sigma": {"0": 0.570214170605974, "1": 0.5655362989897985, "2": 0.0}, "chi_high": null, "beta_low": null}