{"R": 40.0, "wi": 1, "di": 2, "delta": 1.0, "gamma": {"0": 0.9178507142822706, "1": 1.1133038831153588, "2": 0.7463400226798689}, "mu": {"0": 1.057627813800245, "1": 1.1249938907785477, "2": 1.0264040753017267}, "phi": {"0": 0.5136836988266661, "1": 0.24501035922670344, "2": 0.7870790787273966}, "psi": {"0": 1.3852309224028971, "1": 1.4224367907067288, "2": 0.6254836370692495}, "sigma": {"0": 0.6212892715804748, "1": 0.0, "2": 0.0}, "chi_high": null, "beta_low": 0.5402811627283988}