{"R": 40.0, "wi": 0, "di": 0, "delta": 1.0, "gamma": {"0": 0.7794275030079612, "1": 0.9949720622507142, "2": 1.272201166801712}, "mu": {"0": 1.1445734373700136, "1": 1.079793177176529, "2": 1.1055114854620867}, "phi": {"0": 0.9755196417328182, "1": 0.14318513987769288, "2": 0.359247702422657}, "psi": {"0": 0.6895010215935263, "1": 0.542171019068524, "2": 0.975600303469721}, "sigma": {"0": 0.6751004958116688, "1": 0.7744648902476086, "2": 0.0}, "chi_high": 0.5268388752782768, "beta_low": 0.5585129314709316}