{"R": 40.0, "wi": 2, "di": 0, "delta": 1.0, "gamma": {"0": 0.7917491624212848, "1": 0.9209852711377009, "2": 0.8264971536208601}, "mu": {"0": 1.0214181656370918, "1": 1.1066560148626206, "2": 1.0103749354933176}, "phi": {"0": 0.05763099992009835, "1": 0.6053834003971517, "2": 0.1305151568187083}, "psi": {"0": 1.4123140859153251, "1": 1.3576488177047645, "2": 1.4776674947031694}, "sigma": {"0": 0.9904974751383646, "1": 0.5251524539596277, "2": 0.0}, "chi_high": null, "beta_low": null}