{"R": 40.0, "wi": 0, "di": 1, "delta": 1.0, "gamma": {"0": 0.6173225284899377, "1": 0.5615257983490908, "2": 0.613633695853863}, "mu": {"0": 1.0350605696387756, "1": 1.0520180974240299, "2": 1.0386912268566}, "phi": {"0": 0.7134182892753114, "1": 0.21450808953198908, "2": 0.9588125068246535}, "psi": {"0": 1.3362252940158637, "1": 1.2397545455476413, "2": 1.1455930252273974}, "sigma": {"0": 0.7504058840660925, "1": 0.840089170116249, "2": 0.0}, "chi_high": 0.9799828025717148, "beta_low": 0.5763551962193715}