{"R": 40.0, "wi": 0, "di": 0, "delta": 1.0, "gamma": {"0": 1.0706839593332727, "1": 0.897990524884712, "2": 0.7464094153164159}, "mu": {"0": 1.1019384451051917, "1": 1.0495657531518017, "2": 1.0553016120336216}, "phi": {"0": 0.8666606838923924, "1": 0.9290338095161075, "2": 0.1396221481632003}, "psi": {"0": 1.364507611741123, "1": 1.1679392457246696, "2": 0.9989255989928648}, "sigma": {"0": 0.7950394653192303, "1": 0.6244839742099646, "2": 0.0}, "chi_high": 0.2348753442106422, "beta_low": 0.8372595340189061}