{"R": 40.0, "wi": 3, "di": 2, "delta": 1.0, "gamma": {"0": 0.5031496563543019, "1": 1.0543152448279174, "2": 0.8115008973241241}, "mu": {"0": 1.1371810964641902, "1": 1.0321414630456822, "2": 1.0686869069695342}, "phi": {"0": 0.7559861199813284, "1": 0.040187484264003426, "2": 0.6581421078767454}, "psi": {"0": 1.1079117558228937, "1": 0.6355171782482933, "2": 1.3046242023365253}, "sigma": {"0": 0.7611187651933631, "1": 0.5040000274367964, "2": 0.0}, "chi_high": 0.7023659420096702, "beta_low": null}