{"R": 40.0, "wi": 0, "di": 2, "delta": 1.0, "gamma": {"0": 1.45277908671068, "1": 0.8740557138380391, "2": 1.45006275070112}, "mu": {"0": 1.1160918968227043, "1": 1.1346399976319748, "2": 1.054646802225245}, "phi": {"0": 0.7790788309535039, "1": 0.31581088349317377, "2": 0.22053346026797105}, "psi": {"0": 0.9830262175340766, "1": 1.3185824482467203, "2": 1.1355742926172945}, "sigma": {"0": 0.5685474253214041, "1": 0.9338480043020425, "2": 0.0}, "chi_high": 0.018538845330290637, "beta_low": 0.7145849495975028}