{"R": 40.0, "wi": 1, "di": 2, "delta": 1.0, "gamma": {"0": 1.1812357762767949, "1": 0.8091993398216768, "2": 1.0255735261259513}, "mu": {"0": 1.051830977005221, "1": 1.0190886281589422, "2": 1.036619895164768}, "phi": {"0": 0.24236591574258903, "1": 0.7778533698375547, "2": 0.2810153758495211}, "psi": {"0": 1.1554801448512133, "1": 0.8763557083602065, "2": 1.173277702068839}, "sigma": {"0": 0.9634472700035264, "1": 0.0, "2": 0.0}, "chi_high": null, "beta_low": 0.44387562315818463}