{"R": 40.0, "wi": 0, "di": 0, "delta": 1.0, "gamma": {"0": 1.1368812807426725, "1": 0.9989013725972851, "2": 0.7841693768837372}, "mu": {"0": 1.1090009189370849, "1": 1.0062398971877837, "2": 1.039928177019811}, "phi": {"0": 0.347372840054863, "1": 0.1303617317061342, "2": 0.8759243730678482}, "psi": {"0": 0.7298125013704757, "1": 1.1079737212942629, "2": 0.9496068545199317}, "sigma": {"0": 0.9976861019181844, "1": 0.5051708330689308, "2": 0.0}, "chi_high": 0.8401224103663182, "beta_low": 0.804271844257035}