{"R": 40.0, "wi": 1, "di": 1, "delta": 1.0, "gamma": {"0": 1.2403512793791962, "1": 1.4093251390961865, "2": 1.2447486080731291}, "mu": {"0": 1.1246931148554788, "1": 1.0803278912888206, "2": 1.1221318456653153}, "phi": {"0": 0.17141991450175398, "1": 0.35994202029194955, "2": 0.9539920678028525}, "psi": {"0": 1.352014140103056, "1": 1.1877366850931144, "2": 1.3283079516591767}, "sigma": {"0": 0.7173570845783566, "1": 0.0, "2": 0.0}, "chi_high": null, "beta_low": 0.5155609814031287}