{"R": 40.0, "wi": 2, "di": 2, "delta": 1.0, "gamma": {"0": 0.6590222159255762, "1": 1.0208159567738448, "2": 0.7002836189076664}, "mu": {"0": 1.1485430249397424, "1": 1.035354812347305, "2": 1.1156487363259993}, "phi": {"0": 0.01972316427871812, "1": 0.8789806009522019, "2": 0.841566005334093}, "psi": {"0": 1.0122473256714717, "1": 0.9955446100028974, "2": 1.3614420190526242}, "sigma": {"0": 0.8777427088055347, "1": 0.6132019030548477, "2": 0.0}, "chi_high": null, "beta_low": null}