{"R": 40.0, "wi": 2, "di": 2, "delta": 1.0, "gamma": {"0": 0.6254550584358506, "1": 0.757930615797027, "2": 1.0559592872208452}, "mu": {"0": 1.0836102860129708, "1": 1.0850467623632003, "2": 1.0933460368397403}, "phi": {"0": 0.9717655902719329, "1": 0.8914714268197027, "2": 0.5016793465032477}, "psi": {"0": 1.3296818706634967, "1": 0.9254183133302515, "2": 1.2514822929180593}, "sigma": {"0": 0.7893001087086082, "1": 0.649148438670167, "2": 0.0}, "chi_high": null, "beta_low": null}