{"R": 40.0, "wi": 3, "di": 1, "delta": 1.0, "gamma": {"0": 1.2159865585382699, "1": 0.7172234632057146, "2": 1.2900792470383822}, "mu": {"0": 1.0078027747743084, "1": 1.119664562769625, "2": 1.0242004009545194}, "phi": {"0": 0.3716377757083671, "1": 0.06794373662210573, "2": 0.13017558366183546}, "psi": {"0": 1.0218120032059106, "1": 0.9631901782827763, "2": 0.5768408508168374}, "sigma": {"0": 0.7637067783749576, "1": 0.9751787547001977, "2": 0.0}, "chi_high": 0.6728960916627776, "beta_low": null}