{"R": 40.0, "wi": 1, "di": 1, "delta": 1.0, "gamma": {"0": 1.3970395571194971, "1": 1.2801911247429059, "2": 0.578864308031192}, "mu": {"0": 1.113322924530752, "1": 1.0005445697269835, "2": 1.0262637830544947}, "phi": {"0": 0.7808638804773712, "1": 0.7780021941213016, "2": 0.04847575204068888}, "psi": {"0": 1.2923953203830938, "1": 1.1667800704776574, "2": 0.9480614217337194}, "sigma": {"0": 0.9840707835756974, "1": 0.0, "2": 0.0}, "chi_high": null, "beta_low": 0.10267635056767431}