{"R": 40.0, "wi": 0, "di": 2, "delta": 1.0, "gamma": {"0": 0.6240903989591331, "1": 1.20002620958519, "2": 1.0436696072090215}, "mu": {"0": 1.0075684735523136, "1": 1.044764984196237, "2": 1.1186415027668717}, "phi": {"0": 0.02295081965258472, "1": 0.44389260118328644, "2": 0.7091309286356579}, "psi": {"0": 1.3399210782177968, "1": 0.7007208082139688, "2": 0.8638591961841888}, "sigma": {"0": 0.5228153988572998, "1": 0.5089623630404669, "2": 0.0}, "chi_high": 0.025543626144277885, "beta_low": 0.2242437520998335}