{"R": 40.0, "wi": 1, "di": 0, "delta": 1.0, "gamma": {"0": 0.7112006484885142, "1": 1.14262218111071, "2": 0.6467807735916894}, "mu": {"0": 1.0348048155187937, "1": 1.0459304864587247, "2": 1.0303376289709836}, "phi": {"0": 0.2860150575779101, "1": 0.6407115607309019, "2": 0.1348712417885083}, "psi": {"0": 1.0246501363681906, "1": 0.9598411578053829, "2": 0.9895071211405169}, "sigma": {"0": 0.8217844796774467, "1": 0.0, "2": 0.0}, "chi_high": null, "beta_low": 0.18873579535356588}