{"R": 40.0, "wi": 0, "di": 0, "delta": 1.0, "gamma": {"0": 0.9560145420052962, "1": 1.412698909583411, "2": 1.1069892281870226}, "mu": {"0": 1.052163333651894, "1": 1.0197977716010815, "2": 1.0925811666487033}, "phi": {"0": 0.1172522226427054, "1": 0.24375264230271598, "2": 0.19630343280099938}, "psi": {"0": 1.4730484893336708, "1": 0.7678723573200592, "2": 0.9681466478037178}, "sigma": {"0": 0.5987956490937361, "1": 0.9460401815607287, "2": 0.0}, "chi_high": 0.14442886277361972, "beta_low": 0.619502128264717}