{"R": 40.0, "wi": 0, "di": 0, "delta": 1.0, "gamma": {"0": 0.7513046857150987, "1": 0.6177189475532301, "2": 1.0634114244729624}, "mu": {"0": 1.0598881531814988, "1": 1.064282051316901, "2": 1.0941334303297978}, "phi": {"0": 0.17069144102032463, "1": 0.4405112590779757, "2": 0.19337336451852194}, "psi": {"0": 1.3346785281427378, "1": 0.9981090754308882, "2": 1.1546083717115798}, "sigma": {"0": 0.966849196266661, "1": 0.7329729291966616, "2": 0.0}, "chi_high": 0.09850220594438674, "beta_low": 0.010790743237913951}