{"R": 40.0, "wi": 3, "di": 2, "delta": 1.0, "gamma": {"0": 0.9996900568302672, "1": 1.1210960732241562, "2": 0.9801563858558918}, "mu": {"0": 1.058612377189513, "1": 1.105601896404873, "2": 1.0842552777383494}, "phi": {"0": 0.24754218175334575, "1": 0.5805122539735067, "2": 0.8047282222874164}, "psi": {"0": 1.4362311082375376, "1": 1.346672218700745, "2": 0.8652258536828316}, "sigma": {"0": 0.5919176423507222, "1": 0.8706664201236043, "2": 0.0}, "chi_high": 0.8304309921026991, "beta_low": null}