{"R": 40.0, "wi": 2, "di": 1, "delta": 1.0, "gamma": {"0": 1.4357908737642138, "1": 1.4876470560571609, "2": 1.3003659023445042}, "mu": {"0": 1.1366533297522674, "1": 1.0822460369134308, "2": 1.1359584093294448}, "phi": {"0": 0.6389038246301865, "1": 0.5594712937716624, "2": 0.5450565979381794}, "psi": {"0": 0.7513208498157695, "1": 0.6506317860731125, "2": 0.5237387282568217}, "sigma": {"0": 0.9435992230899999, "1": 0.518141552348615, "2": 0.0}, "chi_high": null, "beta_low": null}