{"R": 40.0, "wi": 1, "di": 0, "delta": 1.0, "gamma": {"0": 1.3942910867685314, "1": 1.2862716635291025, "2": 1.1949119535660873}, "mu": {"0": 1.0717053078868115, "1": 1.1376097679954034, "2": 1.1248624933716411}, "phi": {"0": 0.03475887557246693, "1": 0.5520758756906743, "2": 0.6290618475788479}, "psi": {"0": 0.9902368270008436, "1": 1.0960345243731768, "2": 0.7835881752402112}, "sigma": {"0": 0.7111498016992139, "1": 0.0, "2": 0.0}, "chi_high": null, "beta_low": 0.4865839253047596}