{"R": 40.0, "wi": 2, "di": 0, "delta": 1.0, "gamma": {"0": 0.7296393305042709, "1": 1.3173181385417179, "2": 0.738710413026552}, "mu": {"0": 1.0306327786963263, "1": 1.1380133513827644, "2": 1.0737162116508248}, "phi": {"0": 0.011588533658674738, "1": 0.2558102842739528, "2": 0.04323381121873149}, "psi": {"0": 0.8396604673853235, "1": 1.3031164882174189, "2": 0.8457445918709586}, "sigma": {"0": 0.7252662950172866, "1": 0.8389852738254149, "2": 0.0}, "chi_high": null, "beta_low": null}