{"R": 40.0, "wi": 3, "di": 0, "delta": 1.0, "gamma": {"0": 1.4097749359186031, "1": 0.7391517235035393, "2": 1.0627720406047394}, "mu": {"0": 1.0778690825134474, "1": 1.0180939429966083, "2": 1.0301932466640904}, "phi": {"0": 0.5843254867735668, "1": 0.3980145458630203, "2": 0.7542689634996134}, "psi": {"0": 1.1836251121881398, "1": 0.5024649673288318, "2": 0.9670165167094759}, "sigma": {"0": 0.5327935313434176, "1": 0.7791895974566376, "2": 0.0}, "chi_high": 0.33296475299459133, "beta_low": null}