{"R": 40.0, "wi": 3, "di": 2, "delta": 1.0, "gamma": {"0": 1.0476418248683825, "1": 0.9002501924260601, "2": 1.3505011913161118}, "mu": {"0": 1.085116445861723, "1": 1.142958367408633, "2": 1.0654787775952328}, "phi": {"0": 0.5498755599572891, "1": 0.15459974932643783, "2": 0.7593038757793028}, "psi": {"0": 0.5318838482586412, "1": 0.6901424507808009, "2": 1.2960553387051288}, "sigma": {"0": 0.5014409239990542, "1": 0.7545186717566845, "2": 0.0}, "chi_high": 0.31212694325756696, "beta_low": null}