{"R": 40.0, "wi": 0, "di": 2, "delta": 1.0, "gamma": {"0": 1.1442528206991005, "1": 1.13764183243231, "2": 0.6674217368115392}, "mu": {"0": 1.0193453107498316, "1": 1.1170426796974213, "2": 1.1194820282120672}, "phi": {"0": 0.49089417972613214, "1": 0.12225078986926352, "2": 0.6876803238549333}, "psi": {"0": 1.044738790350316, "1": 0.9870138069859846, "2": 1.4722360267734174}, "sigma": {"0": 0.626878947868286, "1": 0.800052600461073, "2": 0.0}, "chi_high": 0.5329926958784343, "beta_low": 0.5477535235146674}