{"R": 40.0, "wi": 2, "di": 0, "delta": 1.0, "gamma": {"0": 0.7583263245713966, "1": 0.568338922312501, "2": 0.5249032574922996}, "mu": {"0": 1.1257669705030164, "1": 1.0061703746743988, "2": 1.1463200687765838}, "phi": {"0": 0.3942872090923799, "1": 0.07794108224212148, "2": 0.7671905842473259}, "psi": {"0": 1.2106515318605875, "1": 0.9454340893415076, "2": 1.1263325525036525}, "sigma": {"0": 0.7527893570727342, "1": 0.9308532148960122, "2": 0.0}, "chi_high": null, "beta_low": null}