{"R": 40.0, "wi": 2, "di": 2, "delta": 1.0, "gamma": {"0": 1.3225802710242986, "1": 0.9820736519397533, "2": 1.1583692547343414}, "mu": {"0": 1.0360969917877714, "1": 1.1272822975822114, "2": 1.069938291374916}, "phi": {"0": 0.3577358070861574, "1": 0.00459408976843112, "2": 0.8217542737267263}, "psi": {"0": 1.4432186402482583, "1": 1.2841330241484403, "2": 0.6891524322434289}, "sigma": {"0": 0.8640157959401021, "1": 0.9463135244183681, "2": 0.0}, "chi_high": null, "beta_low": null}