{"R": 40.0, "wi": 1, "di": 1, "delta": 1.0, "gamma": {"0": 0.891865266689411, "1": 0.6577427146911279, "2": 1.214431287620175}, "mu": {"0": 1.1235834157114375, "1": 1.0845269611145796, "2": 1.0861446171397189}, "phi": {"0": 0.010334351560004507, "1": 0.625781232089926, "2": 0.9323746812615973}, "psi": {"0": 1.480573831796125, "1": 1.2449580357569947, "2": 1.0611000962974866}, "sigma": {"0": 0.6442162861792979, "1": 0.0, "2": 0.0}, "chi_high": null, "beta_low": 0.10813603396571558}