{"R": 40.0, "wi": 3, "di": 2, "delta": 1.0, "gamma": {"0": 0.5010755124869422, "1": 0.5109992861191476, "2": 0.619077783072411}, "mu": {"0": 1.1283820575279615, "1": 1.1363505440175594, "2": 1.0392356043404163}, "phi": {"0": 0.4374347808100464, "1": 0.5220627899513302, "2": 0.5838234786965211}, "psi": {"0": 1.2902985620515734, "1": 0.8237246704715907, "2": 0.6330501905240501}, "sigma": {"0": 0.6201137395374778, "1": 0.6416325175851749, "2": 0.0}, "chi_high": 0.559928510401412, "beta_low": null}