{"R": 40.0, "wi": 3, "di": 1, "delta": 1.0, "gamma": {"0": 0.9607447920928883, "1": 0.7055071856497178, "2": 0.6549594079503629}, "mu": {"0": 1.1159372324242596, "1": 1.0663155870382253, "2": 1.131675591058604}, "phi": {"0": 0.9570121390584593, "1": 0.5842331087403058, "2": 0.7465604028367369}, "psi": {"0": 1.2084559693335333, "1": 0.7740862445800842, "2": 1.4600551597408955}, "sigma": {"0": 0.5932509082398181, "1": 0.5922454956808465, "2": 0.0}, "chi_high": 0.429893853227862, "beta_low": null}