{"R": 40.0, "wi": 3, "di": 2, "delta": 1.0, "gamma": {"0": 1.462239237373883, "1": 0.7989688255400839, "2": 0.6112686928130581}, "mu": {"0": 1.033801193108377, "1": 1.0198035536688326, "2": 1.1261974087015452}, "phi": {"0": 0.5707067459399905, "1": 0.9396281171619778, "2": 0.9403590601790195}, "psi": {"0": 1.0709003233160646, "1": 1.0500522131776693, "2": 1.226039212856647}, "sigma": {"0": 0.8347539958488888, "1": 0.9743451399695542, "2": 0.0}, "chi_high": 0.22494061174283647, "beta_low": null}