{"R": 40.0, "wi": 2, "di": 2, "delta": 1.0, "gamma": {"0": 1.3546114853766538, "1": 1.4090654563044978, "2": 0.5986967866848966}, "mu": {"0": 1.089150193586538, "1": 1.125434736171323, "2": 1.0586413436767201}, "phi": {"0": 0.15141011716264519, "1": 0.7456341459758284, "2": 0.9174243827414597}, "psi": {"0": 0.5135664724524766, "1": 1.4022553543856555, "2": 0.7389680931668842}, "sigma": {"0": 0.8390450063589658, "1": 0.6330402909450425, "2": 0.0}, "chi_high": null, "beta_low": null}