{"R": 40.0, "wi": 0, "di": 1, "delta": 1.0, "gamma": {"0": 1.457327281076699, "1": 1.3433408283878872, "2": 1.4026961630354315}, "mu": {"0": 1.1485378050402213, "1": 1.0922154193726217, "2": 1.053332292941627}, "phi": {"0": 0.8273568790433025, "1": 0.004477940590430052, "2": 0.7163071884319994}, "psi": {"0": 1.2237979215981725, "1": 0.566548918531301, "2": 0.6628520698231924}, "sigma": {"0": 0.9838599670410477, "1": 0.9754490074634312, "2": 0.0}, "chi_high": 0.5508329339198965, "beta_low": 0.12447398120542971}