{"R": 40.0, "wi": 1, "di": 2, "delta": 1.0, "gamma": {"0": 1.2953796082267957, "1": 1.3841119067086511, "2": 1.1460888936154672}, "mu": {"0": 1.0064983742325884, "1": 1.1040756294807375, "2": 1.0334373655109652}, "phi": {"0": 0.3414039057560082, "1": 0.08034916395544145, "2": 0.8955066476859057}, "psi": {"0": 0.6754348911604712, "1": 1.112748409136657, "2": 0.755688723821273}, "sigma": {"0": 0.9801370597536381, "1": 0.0, "2": 0.0}, "chi_high": null, "beta_low": 0.5559945064414364}