{"R": 40.0, "wi": 3, "di": 1, "delta": 1.0, "gamma": {"0": 0.8146754606891664, "1": 1.2684376163145032, "2": 0.7503186598266834}, "mu": {"0": 1.0644018066309127, "1": 1.0095722531256093, "2": 1.027594640695355}, "phi": {"0": 0.6488460454627017, "1": 0.6407273463020384, "2": 0.37650378832260967}, "psi": {"0": 1.248118827795444, "1": 0.84407220808171, "2": 0.7804384174098253}, "sigma": {"0": 0.6505537306161966, "1": 0.8110511643828451, "2": 0.0}, "chi_high": 0.1502167630866903, "beta_low": null}