{"R": 40.0, "wi": 2, "di": 0, "delta": 1.0, "gamma": {"0": 1.206805904296358, "1": 1.0679143812807474, "2": 1.283460286694524}, "mu": {"0": 1.016542207592642, "1": 1.1242197991776863, "2": 1.0473471553061384}, "phi": {"0": 0.05757910457323667, "1": 0.5116090341691937, "2": 0.8737557698283493}, "psi": {"0": 0.8881849009767805, "1": 0.7282628804575199, "2": 0.8111881375421144}, "sigma": {"0": 0.9699930148668119, "1": 0.8914637779921686, "2": 0.0}, "chi_high": null, "beta_low": null}