{"R": 40.0, "wi": 2, "di": 1, "delta": 1.0, "gamma": {"0": 1.4666477336178363, "1": 0.7410686085041055, "2": 1.1388765814157273}, "mu": {"0": 1.06145097611254, "1": 1.00176490692536, "2": 1.0217937438255735}, "phi": {"0": 0.556119870455915, "1": 0.33160352477555854, "2": 0.864774308450255}, "psi": {"0": 1.49620742876624, "1": 1.0802081830576586, "2": 0.9330192832206361}, "sigma": {"0": 0.9658432744772733, "1": 0.8391108732270689, "2": 0.0}, "chi_high": null, "beta_low": null}