{"R": 40.0, "wi": 0, "di": 1, "delta": 1.0, "gamma": {"0": 0.6588980777289173, "1": 1.152164292802924, "2": 0.5641880035364861}, "mu": {"0": 1.0489969404313115, "1": 1.0959984655311041, "2": 1.0971299951450484}, "phi": {"0": 0.0122118803201261, "1": 0.6090962099550306, "2": 0.8287084154701018}, "psi": {"0": 1.1700980764129323, "1": 1.474293582432745, "2": 0.6419489929518066}, "sigma": {"0": 0.7891083212089236, "1": 0.8490947525675223, "2": 0.0}, "chi_high": 0.20460604499949614, "beta_low": 0.7516566668105866}