{"R": 40.0, "wi": 0, "di": 1, "delta": 1.0, "gamma": {"0": 1.303731218556938, "1": 0.8911069139348317, "2": 1.0384483467213592}, "mu": {"0": 1.1220363634201533, "1": 1.0129289071859702, "2": 1.0316540038344573}, "phi": {"0": 0.5445158388220166, "1": 0.6052998610309653, "2": 0.04769771176861781}, "psi": {"0": 0.6618850906980943, "1": 1.2060067006821074, "2": 1.1171298351750392}, "sigma": {"0": 0.7866360423150378, "1": 0.5037234756108897, "2": 0.0}, "chi_high": 0.7984942997917752, "beta_low": 0.5826699132380428}