{"R": 40.0, "wi": 1, "di": 1, "delta": 1.0, "gamma": {"0": 0.8336785908280191, "1": 0.9128642403435465, "2": 0.8941687592037444}, "mu": {"0": 1.077243111548376, "1": 1.142652989452108, "2": 1.0035378718857595}, "phi": {"0": 0.9137845357321331, "1": 0.3178677818365955, "2": 0.24194982608611004}, "psi": {"0": 0.5431255190711094, "1": 0.6453312557869475, "2": 1.1987999262650604}, "sigma": {"0": 0.7850458292857123, "1": 0.0, "2": 0.0}, "chi_high": null, "beta_low": 0.7056323496123866}