{"R": 40.0, "wi": 2, "di": 0, "delta": 1.0, "gamma": {"0": 0.5932454531779153, "1": 0.5202699430967366, "2": 1.0559040063403706}, "mu": {"0": 1.1243170013918649, "1": 1.0829634133835848, "2": 1.104450364923143}, "phi": {"0": 0.9176932137369558, "1": 0.0946965940207074, "2": 0.47995617326874684}, "psi": {"0": 1.1252467178113643, "1": 1.399096861736557, "2": 0.7066188794407847}, "sigma": {"0": 0.514910283424552, "1": 0.647862591275403, "2": 0.0}, "chi_high": null, "beta_low": null}