{"R": 40.0, "wi": 2, "di": 0, "delta": 1.0, "gamma": {"0": 1.3016518920633082, "1": 0.5594205611656458, "2": 0.9298805220288382}, "mu": {"0": 1.0779683667513889, "1": 1.0595652403105655, "2": 1.1108189525461318}, "phi": {"0": 0.7215015103691973, "1": 0.36140193990475245, "2": 0.2742996837679784}, "psi": {"0": 0.5158843241699588, "1": 1.0388692015252186, "2": 0.8260623842798184}, "sigma": {"0": 0.9642082684213304, "1": 0.5057076587013827, "2": 0.0}, "chi_high": null, "beta_low": null}