{"R": 40.0, "wi": 2, "di": 2, "delta": 1.0, "gamma": {"0": 0.9389693407524066, "1": 1.2803881871298173, "2": 1.284034145443635}, "mu": {"0": 1.0888255978252743, "1": 1.1297890306345502, "2": 1.049036732871763}, "phi": {"0": 0.005061103700999547, "1": 0.37186647482961455, "2": 0.10178469749836738}, "psi": {"0": 1.2631298737303198, "1": 0.8212760406298554, "2": 0.9828170276466862}, "sigma": {"0": 0.9000082812257253, "1": 0.6828635611903364, "2": 0.0}, "chi_high": null, "beta_low": null}