{"R": 40.0, "wi": 2, "di": 0, "delta": 1.0, "gamma": {"0": 1.111619614560059, "1": 0.8185644364145661, "2": 1.413598190740443}, "mu": {"0": 1.1237604842536413, "1": 1.135649035442291, "2": 1.1423882637975533}, "phi": {"0": 0.8912544585509609, "1": 0.07087336722630255, "2": 0.3968741041160738}, "psi": {"0": 0.8119165747251061, "1": 0.5679984035153981, "2": 1.0450266330732407}, "sigma": {"0": 0.6726023230519467, "1": 0.6592059553657736, "2": 0.0}, "chi_high": null, "beta_low": null}