{"R": 40.0, "wi": 1, "di": 1, "delta": 1.0, "gamma": {"0": 1.483906054932029, "1": 1.3543002476289754, "2": 1.4670281878614095}, "mu": {"0": 1.0372690106476845, "1": 1.0455212834670458, "2": 1.1474488204788194}, "phi": {"0": 0.3031098802239127, "1": 0.19323188548493342, "2": 0.9541200891095343}, "psi": {"0": 1.0485322566522521, "1": 0.8131971371429602, "2": 1.3375286196934901}, "sigma": {"0": 0.7699681167536321, "1": 0.0, "2": 0.0}, "chi_high": null, "beta_low": 0.23051793896620765}