{"R": 40.0, "wi": 0, "di": 1, "delta": 1.0, "gamma": {"0": 0.639740644158292, "1": 0.6923127232528172, "2": 1.37415653150269}, "mu": {"0": 1.0695333499998148, "1": 1.0359644485954849, "2": 1.0903534755122901}, "phi": {"0": 0.28910467311882315, "1": 0.9386693976465744, "2": 0.27757266374404344}, "psi": {"0": 1.488190808366031, "1": 1.4282228482881587, "2": 1.445369927656413}, "sigma": {"0": 0.6960393016342268, "1": 0.9799472019516648, "2": 0.0}, "chi_high": 0.0769844409836167, "beta_low": 0.9084647199253764}