{"R": 40.0, "wi": 0, "di": 2, "delta": 1.0, "gamma": {"0": 0.9708886607214069, "1": 0.5604401794024158, "2": 1.464865646515586}, "mu": {"0": 1.0513066003641989, "1": 1.1083606557708114, "2": 1.1149469060322155}, "phi": {"0": 0.046879540941120124, "1": 0.522490634727474, "2": 0.5136503905822488}, "psi": {"0": 0.9531372925609359, "1": 0.7534097513803157, "2": 1.3541747594978708}, "sigma": {"0": 0.7864047939794218, "1": 0.7414318358569194, "2": 0.0}, "chi_high": 0.7617101524736011, "beta_low": 0.04486921795162601}