{"R": 40.0, "wi": 1, "di": 2, "delta": 1.0, "gamma": {"0": 0.6662041597157373, "1": 0.9802083401339372, "2": 1.40651007813187}, "mu": {"0": 1.1293252350495828, "1": 1.113738256113166, "2": 1.0359786786961225}, "phi": {"0": 0.6048854985694598, "1": 0.8727070338733338, "2": 0.37764466693095}, "psi": {"0": 1.3945072112080104, "1": 0.5550785615057329, "2": 1.4765228901087524}, "sigma": {"0": 0.7740133555063577, "1": 0.0, "2": 0.0}, "chi_high": null, "beta_low": 0.31817978661397406}