{"R": 40.0, "wi": 3, "di": 0, "delta": 1.0, "gamma": {"0": 1.2345119634889596, "1": 0.7583028104060391, "2": 0.990495287575492}, "mu": {"0": 1.101496532013603, "1": 1.0942798446932338, "2": 1.1386582027634873}, "phi": {"0": 0.9991248166419078, "1": 0.2716751668174785, "2": 0.17500339525026132}, "psi": {"0": 1.293869150690456, "1": 1.0460555434760188, "2": 0.6476727560887378}, "sigma": {"0": 0.6677721290472114, "1": 0.557881960830338, "2": 0.0}, "chi_high": 0.7472355777641773, "beta_low": null}