{"R": 40.0, "wi": 2, "di": 1, "delta": 1.0, "gamma": {"0": 1.1804249065236303, "1": 1.2507057387534948, "2": 0.9820879561717961}, "mu": {"0": 1.1319658856278583, "1": 1.1026709531284067, "2": 1.141515584913519}, "phi": {"0": 0.8428966399082032, "1": 0.15780618643781918, "2": 0.8409823126573853}, "psi": {"0": 0.7015221199264083, "1": 1.4329177866615175, "2": 1.3615675966777925}, "sigma": {"0": 0.9410479473267316, "1": 0.5914240618258022, "2": 0.0}, "chi_high": null, "beta_low": null}