{"R": 40.0, "wi": 2, "di": 2, "delta": 1.0, "gamma": {"0": 0.6671071014164779, "1": 0.6252105712242335, "2": 1.1200061326533635}, "mu": {"0": 1.1379386813764991, "1": 1.0736410062112083, "2": 1.022823749297566}, "phi": {"0": 0.6016137578783765, "1": 0.708451090117755, "2": 0.001923125148267757}, "psi": {"0": 0.6781110723152411, "1": 1.1946423222774132, "2": 0.5612743776543923}, "sigma": {"0": 0.7332715651562014, "1": 0.7321910837725426, "2": 0.0}, "chi_high": null, "beta_low": null}