{"R": 40.0, "wi": 1, "di": 0, "delta": 1.0, "gamma": {"0": 0.9440607929609465, "1": 0.8534733512663781, "2": 0.9836363740398741}, "mu": {"0": 1.0527929003782157, "1": 1.1202417840747152, "2": 1.1031792811032062}, "phi": {"0": 0.39636113042357524, "1": 0.9565491834580954, "2": 0.9603974137479611}, "psi": {"0": 0.9396458770039663, "1": 0.9383972601767598, "2": 0.7353782815795192}, "sigma": {"0": 0.9999328882751743, "1": 0.0, "2": 0.0}, "chi_high": null, "beta_low": 0.48415147900273386}