{"R": 40.0, "wi": 0, "di": 2, "delta": 1.0, "gamma": {"0": 1.2474468503850955, "1": 1.280503497422612, "2": 0.6586619327549305}, "mu": {"0": 1.0108151708072861, "1": 1.01129451245691, "2": 1.1294147790541733}, "phi": {"0": 0.17861144328198153, "1": 0.10080516650064231, "2": 0.9433059087258726}, "psi": {"0": 1.3120943373657998, "1": 1.4958164946615058, "2": 0.8034846102303345}, "sigma": {"0": 0.9797673662562922, "1": 0.8597574638470447, "2": 0.0}, "chi_high": 0.05242523049685372, "beta_low": 0.984463805978882}