{"R": 40.0, "wi": 1, "di": 1, "delta": 1.0, "gamma": {"0": 0.9630534613827595, "1": 0.7197390026321846, "2": 0.7647371774979238}, "mu": {"0": 1.0699436841841263, "1": 1.0420178969738605, "2": 1.025962652793054}, "phi": {"0": 0.6907139396909104, "1": 0.15735570275229727, "2": 0.4622659694806406}, "psi": {"0": 0.5275734968300404, "1": 1.428211091782353, "2": 1.1415957172532427}, "sigma": {"0": 0.8820434803085526, "1": 0.0, "2": 0.0}, "chi_high": null, "beta_low": 0.16101879258022986}