{"R": 40.0, "wi": 1, "di": 0, "delta": 1.0, "gamma": {"0": 1.4080709846567991, "1": 1.0826179744632551, "2": 0.649888109838135}, "mu": {"0": 1.122339041254495, "1": 1.0874211925917758, "2": 1.040751880485595}, "phi": {"0": 0.9549782596039325, "1": 0.7614841084637485, "2": 0.05923701449442942}, "psi": {"0": 0.8160421312588361, "1": 0.5096109341816187, "2": 0.7035232236956928}, "sigma": {"0": 0.6432359084075554, "1": 0.0, "2": 0.0}, "chi_high": null, "beta_low": 0.03084459803410997}