{"R": 40.0, "wi": 3, "di": 0, "delta": 1.0, "gamma": {"0": 1.1243341416232087, "1": 1.076684634824892, "2": 1.4620592918555744}, "mu": {"0": 1.1379846950023613, "1": 1.082650524905536, "2": 1.1198725333484738}, "phi": {"0": 0.09143834682765384, "1": 0.14003998620609603, "2": 0.7776144947407005}, "psi": {"0": 1.0853639469763672, "1": 0.6045513985283936, "2": 0.9480551275983218}, "sigma": {"0": 0.915900748816181, "1": 0.8349318786689086, "2": 0.0}, "chi_high": 0.7025176410143585, "beta_low": null}