{"R": 40.0, "wi": 0, "di": 2, "delta": 1.0, "gamma": {"0": 0.8941810478850191, "1": 0.9613621992545746, "2": 1.03761169554976}, "mu": {"0": 1.0723278703910484, "1": 1.098234122217729, "2": 1.0734278249169296}, "phi": {"0": 0.615223944842838, "1": 0.09593084436760835, "2": 0.8767970138056325}, "psi": {"0": 1.1346453234520464, "1": 1.1199767880707188, "2": 0.9345436616280026}, "sigma": {"0": 0.7815666831970398, "1": 0.6606863117631301, "2": 0.0}, "chi_high": 0.13113848140877574, "beta_low": 0.7039284012498801}