{"R": 40.0, "wi": 2, "di": 0, "delta": 1.0, "gamma": {"0": 1.189322548402628, "1": 0.877787456950469, "2": 0.7048692382243956}, "mu": {"0": 1.0121841602869284, "1": 1.0196104175376228, "2": 1.1497689431340374}, "phi": {"0": 0.45439615945101686, "1": 0.7917646757044235, "2": 0.41632910528357825}, "psi": {"0": 0.6980952968282313, "1": 1.0270171079750903, "2": 0.8006718056517941}, "sigma": {"0": 0.5118606717981118, "1": 0.7743693944028143, "2": 0.0}, "chi_high": null, "beta_low": null}