{"R": 40.0, "wi": 3, "di": 1, "delta": 1.0, "gamma": {"0": 1.0726774333475562, "1": 0.7736267608637101, "2": 0.9893508252223575}, "mu": {"0": 1.0304111355608288, "1": 1.0923829331583095, "2": 1.0178356053357855}, "phi": {"0": 0.46426332070564447, "1": 0.9729872881126669, "2": 0.6723054548655897}, "psi": {"0": 0.8816374797984647, "1": 1.449966160084124, "2": 0.6813547285957807}, "sigma": {"0": 0.8502596412520652, "1": 0.7574996052080658, "2": 0.0}, "chi_high": 0.6513850753791997, "beta_low": null}