{"R": 40.0, "wi": 1, "di": 2, "delta": 1.0, "gamma": {"0": 1.4549643973856385, "1": 0.6664766532756238, "2": 1.1528806231258906}, "mu": {"0": 1.123079923691904, "1": 1.1362613099844483, "2": 1.0936545433854914}, "phi": {"0": 0.46715962166085656, "1": 0.18087365372416575, "2": 0.5379473438148832}, "psi": {"0": 0.7389368055030652, "1": 0.8503605919188744, "2": 1.2011529812784931}, "sigma": {"0": 0.9719667271744539, "1": 0.0, "2": 0.0}, "chi_high": null, "beta_low": 0.82102882468078}