{"R": 40.0, "wi": 1, "di": 1, "delta": 1.0, "gamma": {"0": 0.549367380484298, "1": 1.299768969474922, "2": 1.274447476384879}, "mu": {"0": 1.1171007395799606, "1": 1.0630515903247197, "2": 1.0238509830088938}, "phi": {"0": 0.35248715184140245, "1": 0.8083471745186913, "2": 0.7290152299439056}, "psi": {"0": 0.6642991625799475, "1": 1.4905263506054327, "2": 0.7993768925044071}, "sigma": {"0": 0.6958253264780562, "1": 0.0, "2": 0.0}, "chi_high": null, "beta_low": 0.3500230744504046}