{"R": 40.0, "wi": 3, "di": 0, "delta": 1.0, "gamma": {"0": 0.8941537844840943, "1": 0.9749802740124425, "2": 0.9245309436874982}, "mu": {"0": 1.1017907801158078, "1": 1.1004750881601015, "2": 1.0129985651292428}, "phi": {"0": 0.1513811994754476, "1": 0.972953556499181, "2": 0.29582528381027295}, "psi": {"0": 0.6462343627875222, "1": 1.1310562040287282, "2": 0.5579934595973082}, "sigma": {"0": 0.9784056648866414, "1": 0.9589193518881045, "2": 0.0}, "chi_high": 0.3438876604891295, "beta_low": null}