{"R": 40.0, "wi": 3, "di": 1, "delta": 1.0, "gamma": {"0": 0.8313312432727602, "1": 1.1710746169630317, "2": 0.9040503181814369}, "mu": {"0": 1.0098071502653183, "1": 1.0909705846559847, "2": 1.0016646524859376}, "phi": {"0": 0.5050656089944618, "1": 0.8315308279037454, "2": 0.8079218790978273}, "psi": {"0": 1.2221837309041685, "1": 0.6312872358244241, "2": 1.262577615892155}, "sigma": {"0": 0.8833951200316398, "1": 0.7655645097476599, "2": 0.0}, "chi_high": 0.12567309977340177, "beta_low": null}