{"R": 40.0, "wi": 1, "di": 0, "delta": 1.0, "gamma": {"0": 0.9014022948801366, "1": 1.4624625960259108, "2": 1.4905153560429025}, "mu": {"0": 1.0447089019382736, "1": 1.122233705809503, "2": 1.144159240853285}, "phi": {"0": 0.09112004037867638, "1": 0.3942600245121233, "2": 0.18347861317615943}, "psi": {"0": 1.254286020049799, "1": 1.2865706072369, "2": 0.8620436961569554}, "sigma": {"0": 0.6263457890526554, "1": 0.0, "2": 0.0}, "chi_high": null, "beta_low": 0.5652457603617304}