{"R": 40.0, "wi": 0, "di": 2, "delta": 1.0, "gamma": {"0": 0.7514697990087608, "1": 0.9511626293181173, "2": 1.2778726107661509}, "mu": {"0": 1.0619022284517272, "1": 1.0559729682069814, "2": 1.0685674368867282}, "phi": {"0": 0.850130957814643, "1": 0.8418146198930354, "2": 0.06296845034553467}, "psi": {"0": 1.4348154813990068, "1": 1.3282240281205504, "2": 0.9327592850544042}, "sigma": {"0": 0.7558885021419974, "1": 0.7271796773034824, "2": 0.0}, "chi_high": 0.43319046075318113, "beta_low": 0.6592827263037481}