{"R": 40.0, "wi": 0, "di": 2, "delta": 1.0, "gamma": {"0": 1.0838857236819743, "1": 0.7401900133799518, "2": 0.6362427050795674}, "mu": {"0": 1.1301677203262839, "1": 1.0393334175585331, "2": 1.143919146279706}, "phi": {"0": 0.48946294418594705, "1": 0.30051784359394373, "2": 0.9614361962641427}, "psi": {"0": 0.652425165327047, "1": 1.0041401066283193, "2": 0.552587064391225}, "sigma": {"0": 0.8647797091221527, "1": 0.714984699912199, "2": 0.0}, "chi_high": 0.24416295161805104, "beta_low": 0.8369815577646007}