{"R": 40.0, "wi": 3, "di": 1, "delta": 1.0, "gamma": {"0": 1.289811248183183, "1": 0.8251088789797293, "2": 1.337930077117526}, "mu": {"0": 1.0537593721189888, "1": 1.0242768768087673, "2": 1.149905871477371}, "phi": {"0": 0.19430048669122535, "1": 0.9276153266337284, "2": 0.3066703557239999}, "psi": {"0": 0.9476040996016047, "1": 1.3681683738732486, "2": 1.389856450153954}, "sigma": {"0": 0.9419965032369751, "1": 0.5827444313135615, "2": 0.0}, "chi_high": 0.35187265036293053, "beta_low": null}