{"R": 40.0, "wi": 0, "di": 0, "delta": 1.0, "gamma": {"0": 0.7098338622882129, "1": 1.1825121385891952, "2": 0.9195977865940239}, "mu": {"0": 1.0408635205573058, "1": 1.043664910747733, "2": 1.0581045795931576}, "phi": {"0": 0.09724804450447244, "1": 0.8140054871848226, "2": 0.1062544196612929}, "psi": {"0": 0.7796130255105947, "1": 0.9767565198996361, "2": 1.07499916678118}, "sigma": {"0": 0.8964336782846454, "1": 0.989098839894302, "2": 0.0}, "chi_high": 0.34585059438124066, "beta_low": 0.15745857572140348}