{"R": 40.0, "wi": 3, "di": 1, "delta": 1.0, "gamma": {"0": 0.6256090785771844, "1": 0.8877899423394395, "2": 0.7592575636215394}, "mu": {"0": 1.1268826891001475, "1": 1.076148994896487, "2": 1.1431847619064708}, "phi": {"0": 0.7352871907826656, "1": 0.19652511465495726, "2": 0.5500919233426489}, "psi": {"0": 1.4915046636948874, "1": 1.0001281492306688, "2": 1.104525701574009}, "sigma": {"0": 0.8772225517413532, "1": 0.8099325060105524, "2": 0.0}, "chi_high": 0.8985487347123616, "beta_low": null}