{"R": 40.0, "wi": 0, "di": 0, "delta": 1.0, "gamma": {"0": 0.5062344795006573, "1": 0.8278903188002217, "2": 0.5770321706638517}, "mu": {"0": 1.0179636692813734, "1": 1.1232688035446734, "2": 1.016469983396193}, "phi": {"0": 0.09234704916852343, "1": 0.2103112562124404, "2": 0.5454440379410077}, "psi": {"0": 1.2704843887832191, "1": 0.7070055030365923, "2": 1.2930789848332438}, "sigma": {"0": 0.5784514014081517, "1": 0.6572677094595822, "2": 0.0}, "chi_high": 0.13561136957811487, "beta_low": 0.8895482219741998}