{"R": 40.0, "wi": 1, "di": 1, "delta": 1.0, "gamma": {"0": 1.265011724140626, "1": 1.0643841404692798, "2": 0.9382800090482296}, "mu": {"0": 1.0183489732879987, "1": 1.012157829866302, "2": 1.0890989553810664}, "phi": {"0": 0.7800557743103247, "1": 0.9960007244901024, "2": 0.6976807475347846}, "psi": {"0": 1.06984496579024, "1": 0.6770690516374759, "2": 0.5839974441751367}, "sigma": {"0": 0.6938460085350903, "1": 0.0, "2": 0.0}, "chi_high": null, "beta_low": 0.4882795693435634}