{"R": 40.0, "wi": 3, "di": 0, "delta": 1.0, "gamma": {"0": 1.1550041059619436, "1": 1.4265762397962778, "2": 0.5227529111436033}, "mu": {"0": 1.1162359452859523, "1": 1.094502190894293, "2": 1.0818455719716067}, "phi": {"0": 0.0629141287495878, "1": 0.3656047495142447, "2": 0.5385912722143124}, "psi": {"0": 0.5565152012799803, "1": 1.0627324820925064, "2": 0.5995931870150817}, "sigma": {"0": 0.8887209003419372, "1": 0.7674271387275964, "2": 0.0}, "chi_high": 0.6026434275570751, "beta_low": null}