{"R": 40.0, "wi": 2, "di": 2, "delta": 1.0, "gamma": {"0": 1.0269742917128037, "1": 0.7569842154107714, "2": 0.55504480474431}, "mu": {"0": 1.1270278376807639, "1": 1.0661191063291005, "2": 1.1318352385787263}, "phi": {"0": 0.6952091609307546, "1": 0.6511494595575416, "2": 0.284716644708465}, "psi": {"0": 1.3323717024262796, "1": 0.7766171762015929, "2": 1.4816095926330757}, "sigma": {"0": 0.8885856281469905, "1": 0.5666796169060467, "2": 0.0}, "chi_high": null, "beta_low": null}