{"R": 40.0, "wi": 2, "di": 1, "delta": 1.0, "gamma": {"0": 1.4506210284348222, "1": 1.231516080382554, "2": 1.3916234653037232}, "mu": {"0": 1.0031946916407593, "1": 1.1195184497892041, "2": 1.1431409131365626}, "phi": {"0": 0.4198122715053145, "1": 0.326944711802409, "2": 0.8034464391902914}, "psi": {"0": 1.470887385221375, "1": 0.640945905625739, "2": 1.059351581197971}, "sigma": {"0": 0.7618579014234305, "1": 0.658730731042162, "2": 0.0}, "chi_high": null, "beta_low": null}