{"R": 40.0, "wi": 2, "di": 2, "delta": 1.0, "gamma": {"0": 1.3208931796004701, "1": 0.601863301242272, "2": 0.594512550974692}, "mu": {"0": 1.1217500832130871, "1": 1.1465625479693144, "2": 1.1108549487897266}, "phi": {"0": 0.17145935626822162, "1": 0.18458860675160726, "2": 0.8030156585215079}, "psi": {"0": 1.004203928178879, "1": 1.3103563498375057, "2": 1.13798092983323}, "sigma": {"0": 0.6958733759008531, "1": 0.7202235718601393, "2": 0.0}, "chi_high": null, "beta_low": null}