{"R": 40.0, "wi": 0, "di": 1, "delta": 1.0, "gamma": {"0": 1.0212815074604882, "1": 1.3315558962683938, "2": 0.9358509122258363}, "mu": {"0": 1.076543354647317, "1": 1.1326241175242322, "2": 1.0124395908436838}, "phi": {"0": 0.49852168491853577, "1": 0.5801837703943605, "2": 0.23871480124811073}, "psi": {"0": 1.4273965576066567, "1": 1.3717308390616383, "2": 1.267578188564845}, "sigma": {"0": 0.5741096254630589, "1": 0.9766333586391756, "2": 0.0}, "chi_high": 0.5560151632671957, "beta_low": 0.21581886957899957}