{"R": 40.0, "wi": 3, "di": 1, "delta": 1.0, "gamma": {"0": 1.0999223948287886, "1": 0.5708992505101297, "2": 0.9632368340707402}, "mu": {"0": 1.0481593723301255, "1": 1.0309904666988885, "2": 1.0716950708651491}, "phi": {"0": 0.8168790772757322, "1": 0.4019282247206345, "2": 0.6966033949579492}, "psi": {"0": 0.9395430361440347, "1": 0.9689380765108245, "2": 0.8707006937128695}, "sigma": {"0": 0.9233801003433234, "1": 0.818747929613537, "2": 0.0}, "chi_high": 0.4697567348958302, "beta_low": null}