{"R": 40.0, "wi": 1, "di": 2, "delta": 1.0, "gamma": {"0": 1.180957652428094, "1": 0.5542693232359741, "2": 0.5599049749711127}, "mu": {"0": 1.0505558872578467, "1": 1.0993843567659385, "2": 1.0497234893404617}, "phi": {"0": 0.664422853205906, "1": 0.7246649419930296, "2": 0.5137278098830701}, "psi": {"0": 0.8980230713535297, "1": 1.0898176769402328, "2": 1.007512544727207}, "sigma": {"0": 0.5688138396088243, "1": 0.0, "2": 0.0}, "chi_high": null, "beta_low": 0.808568064737058}