{"R": 40.0, "wi": 0, "di": 0, "delta": 1.0, "gamma": {"0": 1.0431041540771446, "1": 1.4805046037481082, "2": 0.7005640125433242}, "mu": {"0": 1.0283814230098771, "1": 1.1272995654810691, "2": 1.0500778333330576}, "phi": {"0": 0.053467125604570453, "1": 0.395918671281944, "2": 0.5144693780765465}, "psi": {"0": 0.5897829532105762, "1": 0.6039478194439318, "2": 1.386354318582994}, "sigma": {"0": 0.5585031401882181, "1": 0.8309915345897128, "2": 0.0}, "chi_high": 0.8219289170824489, "beta_low": 0.5533750095270544}