{"R": 40.0, "wi": 3, "di": 1, "delta": 1.0, "gamma": {"0": 0.8766900298902273, "1": 0.831525083576445, "2": 0.9141984107394074}, "mu": {"0": 1.0748769717385085, "1": 1.0064801914682264, "2": 1.1066992996694456}, "phi": {"0": 0.29334496810628674, "1": 0.7779342779907085, "2": 0.07050785984370367}, "psi": {"0": 1.4706765616082773, "1": 0.8941911794717086, "2": 0.5089481049495722}, "sigma": {"0": 0.6960961863214334, "1": 0.9712801911142177, "2": 0.0}, "chi_high": 0.42492506985253187, "beta_low": null}