{"R": 40.0, "wi": 3, "di": 0, "delta": 1.0, "gamma": {"0": 0.8800353965837614, "1": 0.6470140741686357, "2": 1.1506183958978797}, "mu": {"0": 1.1419856375467587, "1": 1.1415423539841603, "2": 1.0035638303394332}, "phi": {"0": 0.12479996128667414, "1": 0.49442285741657044, "2": 0.7021523147391208}, "psi": {"0": 1.3690267139940717, "1": 1.2013493278547305, "2": 0.5568001389582067}, "sigma": {"0": 0.8260920662884472, "1": 0.75502783701922, "2": 0.0}, "chi_high": 0.7378179438471741, "beta_low": null}