{"R": 40.0, "wi": 3, "di": 0, "delta": 1.0, "gamma": {"0": 1.1035650089604023, "1": 1.1290509318223847, "2": 0.9936210222216527}, "mu": {"0": 1.0922863730930867, "1": 1.0528971668289846, "2": 1.106596463706236}, "phi": {"0": 0.8414759960003098, "1": 0.39456544509361635, "2": 0.051472556366148225}, "psi": {"0": 1.3586907204803693, "1": 0.724928521014728, "2": 0.6516749448147323}, "sigma": {"0": 0.654778071262772, "1": 0.5954297761795055, "2": 0.0}, "chi_high": 0.9899756317674281, "beta_low": null}