{"R": 40.0, "wi": 3, "di": 1, "delta": 1.0, "gamma": {"0": 0.7270999093654285, "1": 0.9143016787057491, "2": 1.3346746569008232}, "mu": {"0": 1.1160524585123501, "1": 1.0261774162878412, "2": 1.1172500165790695}, "phi": {"0": 0.017323251082859814, "1": 0.8017813057833226, "2": 0.01802440827426055}, "psi": {"0": 0.7777765624063322, "1": 1.2616979424726011, "2": 0.5429515150012407}, "sigma": {"0": 0.8017839441868486, "1": 0.6389313893122981, "2": 0.0}, "chi_high": 0.19211177600468296, "beta_low": null}