{"R": 40.0, "wi": 3, "di": 0, "delta": 1.0, "gamma": {"0": 1.0170694111214615, "1": 1.125513308546756, "2": 0.7055058555006596}, "mu": {"0": 1.028137361445763, "1": 1.0091317356623306, "2": 1.0043446366335336}, "phi": {"0": 0.43061494724965166, "1": 0.4576495131898499, "2": 0.2513225662098276}, "psi": {"0": 1.498237256627454, "1": 0.781379945469633, "2": 0.6405179781469668}, "sigma": {"0": 0.832463760734453, "1": 0.9905113074857613, "2": 0.0}, "chi_high": 0.020121117426137078, "beta_low": null}