{"R": 40.0, "wi": 2, "di": 1, "delta": 1.0, "gamma": {"0": 0.8336970754665877, "1": 1.1084784828688483, "2": 0.6447283436210989}, "mu": {"0": 1.105231124849473, "1": 1.0934291003624572, "2": 1.0898468487141753}, "phi": {"0": 0.17567163255761176, "1": 0.7134183583480803, "2": 0.6441063821832586}, "psi": {"0": 1.4843897771527592, "1": 1.0734289739870337, "2": 0.6529142030509929}, "sigma": {"0": 0.7009498527916864, "1": 0.872374939179708, "2": 0.0}, "chi_high": null, "beta_low": null}