{"R": 40.0, "wi": 3, "di": 1, "delta": 1.0, "gamma": {"0": 0.9582095707193518, "1": 1.1296205985050127, "2": 0.6243366820170239}, "mu": {"0": 1.121316328807881, "1": 1.0077543782797438, "2": 1.1413553536390386}, "phi": {"0": 0.8762436579548569, "1": 0.9961210027611562, "2": 0.18237745792732118}, "psi": {"0": 0.6558511642996364, "1": 0.9028268398295498, "2": 0.8062245989139798}, "sigma": {"0": 0.7522876702630497, "1": 0.843792222448937, "2": 0.0}, "chi_high": 0.064619542139346, "beta_low": null}