{"R": 40.0, "wi": 2, "di": 2, "delta": 1.0, "gamma": {"0": 0.9222817179503483, "1": 1.1447766067730694, "2": 1.3147370450837987}, "mu": {"0": 1.0663639955799848, "1": 1.1071886465411422, "2": 1.059867117747082}, "phi": {"0": 0.9407980549595392, "1": 0.33387779597945344, "2": 0.061247563420524176}, "psi": {"0": 1.145278714916027, "1": 0.8478767090096478, "2": 1.0804987208967403}, "sigma": {"0": 0.5820508201057053, "1": 0.8497953826975251, "2": 0.0}, "chi_high": null, "beta_low": null}