{"R": 40.0, "wi": 2, "di": 1, "delta": 1.0, "gamma": {"0": 0.5582112631668497, "1": 1.2565634681167968, "2": 1.067713440962836}, "mu": {"0": 1.1108326979114742, "1": 1.0652407255086398, "2": 1.0202714483610926}, "phi": {"0": 0.17400156771740694, "1": 0.5467906246317044, "2": 0.4331381409323195}, "psi": {"0": 0.8831176799220709, "1": 1.340071881350093, "2": 1.3454231125422473}, "sigma": {"0": 0.9166249956585624, "1": 0.626041413778426, "2": 0.0}, "chi_high": null, "beta_low": null}