{"R": 40.0, "wi": 3, "di": 2, "delta": 1.0, "gamma": {"0": 0.8763432792211294, "1": 0.8753508061307641, "2": 0.6497122182238235}, "mu": {"0": 1.0777802490072987, "1": 1.0609502966423563, "2": 1.0838028633331225}, "phi": {"0": 0.0799139456812954, "1": 0.38309571525121255, "2": 0.763109409315919}, "psi": {"0": 1.3703418863081842, "1": 1.2718589473934787, "2": 1.0961380503527116}, "sigma": {"0": 0.8793108292693317, "1": 0.9117468127964454, "2": 0.0}, "chi_high": 0.10308427095276164, "beta_low": null}