{"R": 40.0, "wi": 0, "di": 0, "delta": 1.0, "gamma": {"0": 0.8403166528515421, "1": 1.130705715619896, "2": 1.101979130937823}, "mu": {"0": 1.003255457170179, "1": 1.0323970906896012, "2": 1.040416515826209}, "phi": {"0": 0.010758824015298929, "1": 0.00022455020088840705, "2": 0.3128438603850042}, "psi": {"0": 1.1966082673251033, "1": 1.4499692918787874, "2": 1.027343868871501}, "sigma": {"0": 0.8402502948243765, "1": 0.8973137607699033, "2": 0.0}, "chi_high": 0.5985419547037475, "beta_low": 0.22117899073907255}