{"R": 40.0, "wi": 0, "di": 2, "delta": 1.0, "gamma": {"0": 1.0654750500796166, "1": 1.3035812980265415, "2": 0.9889656475523946}, "mu": {"0": 1.0418921127289447, "1": 1.0961377452758991, "2": 1.0378689153786558}, "phi": {"0": 0.9949888299771705, "1": 0.7704364833067374, "2": 0.6550126219798563}, "psi": {"0": 0.5473903109357315, "1": 0.9998057083523966, "2": 0.5838456620189666}, "sigma": {"0": 0.6895445144348631, "1": 0.7405792784961207, "2": 0.0}, "chi_high": 0.025584343992330234, "beta_low": 0.2536490867522111}