{"R": 40.0, "wi": 0, "di": 0, "delta": 1.0, "gamma": {"0": 1.4069279054649186, "1": 0.8076217999151338, "2": 0.724976798172297}, "mu": {"0": 1.1297057020280978, "1": 1.0534155960553895, "2": 1.039672155450814}, "phi": {"0": 0.24558450912921626, "1": 0.885754478348338, "2": 0.312036386687804}, "psi": {"0": 1.2235343070445546, "1": 1.3918621426850804, "2": 1.0333164138469408}, "sigma": {"0": 0.9518210200609047, "1": 0.5616915921508698, "2": 0.0}, "chi_high": 0.252406185680394, "beta_low": 0.8753122318668607}