{"R": 40.0, "wi": 2, "di": 0, "delta": 1.0, "gamma": {"0": 1.1025242230598593, "1": 0.6404890387380894, "2": 0.9224501283041628}, "mu": {"0": 1.105728731096461, "1": 1.0923228369823852, "2": 1.1049214801539196}, "phi": {"0": 0.5754408233748767, "1": 0.9363109178815747, "2": 0.8301095704360805}, "psi": {"0": 1.208444070730523, "1": 0.707102493039885, "2": 1.2365548597192473}, "sigma": {"0": 0.8247865939107466, "1": 0.7844111519075166, "2": 0.0}, "chi_high": null, "beta_low": null}