{"R": 40.0, "wi": 2, "di": 1, "delta": 1.0, "gamma": {"0": 0.7893232842175274, "1": 1.2363111783528344, "2": 0.520003229225632}, "mu": {"0": 1.0511016792732955, "1": 1.03813667520075, "2": 1.0625849942111778}, "phi": {"0": 0.5994211212400391, "1": 0.8159188224720212, "2": 0.08397937347516504}, "psi": {"0": 0.5605920168341628, "1": 0.9853984060289845, "2": 1.0315041832191514}, "sigma": {"0": 0.5751274809782717, "1": 0.5526124522209093, "2": 0.0}, "chi_high": null, "beta_low": null}