{"R": 40.0, "wi": 0, "di": 2, "delta": 1.0, "gamma": {"0": 0.9191380359638414, "1": 0.9736925183897452, "2": 0.9494981326036696}, "mu": {"0": 1.034005543652354, "1": 1.0871600780600648, "2": 1.0503945241959145}, "phi": {"0": 0.8260366189164586, "1": 0.7605307461957316, "2": 0.634701537021358}, "psi": {"0": 0.7071191370110438, "1": 0.9765742894632536, "2": 0.684341862830316}, "sigma": {"0": 0.9331868632391875, "1": 0.8948395495236918, "2": 0.0}, "chi_high": 0.7612588466290676, "beta_low": 0.7941370983040916}