{"R": 40.0, "wi": 2, "di": 1, "delta": 1.0, "gamma": {"0": 1.4237068332246374, "1": 0.68847315155983, "2": 0.732872212144629}, "mu": {"0": 1.0693673766964915, "1": 1.138122648450324, "2": 1.1410212464089167}, "phi": {"0": 0.7514538370705081, "1": 0.1925556749076751, "2": 0.15201512246003657}, "psi": {"0": 0.5588611341501604, "1": 1.257532471419379, "2": 1.3799701731139982}, "sigma": {"0": 0.5688779897260597, "1": 0.9129845224067349, "2": 0.0}, "chi_high": null, "beta_low": null}