{"R": 40.0, "wi": 2, "di": 0, "delta": 1.0, "gamma": {"0": 1.1161033078621796, "1": 1.381149779810072, "2": 0.9662657649933712}, "mu": {"0": 1.0070625429943463, "1": 1.126971716922413, "2": 1.0116487080175718}, "phi": {"0": 0.6984837554076766, "1": 0.45020108976328843, "2": 0.8147349067267871}, "psi": {"0": 1.0011383097845834, "1": 1.4618042177722432, "2": 1.0036677248433428}, "sigma": {"0": 0.9062090998676536, "1": 0.9436210159397607, "2": 0.0}, "chi_high": null, "beta_low": null}