{"R": 40.0, "wi": 0, "di": 1, "delta": 1.0, "gamma": {"0": 0.5081753066257544, "1": 0.9271371138311485, "2": 0.587090880229913}, "mu": {"0": 1.0790319742228889, "1": 1.0094314897857226, "2": 1.0217744703267366}, "phi": {"0": 0.3360322608190158, "1": 0.7151436667472867, "2": 0.5590342200316344}, "psi": {"0": 1.466386554243287, "1": 1.3334305593873077, "2": 1.0736524736450397}, "sigma": {"0": 0.5284966831160898, "1": 0.9320888011394413, "2": 0.0}, "chi_high": 0.6002732394787932, "beta_low": 0.3603749612011677}