{"R": 40.0, "wi": 2, "di": 0, "delta": 1.0, "gamma": {"0": 0.9664644525419613, "1": 1.3443667518721187, "2": 0.7009794026297337}, "mu": {"0": 1.0450652048315923, "1": 1.0274154890152403, "2": 1.1302769667070696}, "phi": {"0": 0.14754910309981728, "1": 0.3427611412827728, "2": 0.28827259288927143}, "psi": {"0": 1.08706803348095, "1": 1.2407691714414304, "2": 0.696594035675925}, "sigma": {"0": 0.8695259095052815, "1": 0.605262982679637, "2": 0.0}, "chi_high": null, "beta_low": null}