{"R": 40.0, "wi": 1, "di": 0, "delta": 1.0, "gamma": {"0": 1.0222080767235218, "1": 0.9718652369547547, "2": 0.7400225213698933}, "mu": {"0": 1.1350242360482632, "1": 1.105958159286626, "2": 1.0934997519562848}, "phi": {"0": 0.9861829616633163, "1": 0.9236566458969, "2": 0.254761935836724}, "psi": {"0": 1.207616372171289, "1": 1.2665422878604409, "2": 0.7542895948671755}, "sigma": {"0": 0.7101008099028557, "1": 0.0, "2": 0.0}, "chi_high": null, "beta_low": 0.6752301190934525}