{"R": 40.0, "wi": 1, "di": 1, "delta": 1.0, "gamma": {"0": 0.8236821525441317, "1": 0.7107208500692768, "2": 0.51844282060025}, "mu": {"0": 1.0437197163898002, "1": 1.0310670388829173, "2": 1.0823738685433142}, "phi": {"0": 0.2817499908478024, "1": 0.9693077278829769, "2": 0.657481809130447}, "psi": {"0": 1.0157811547838154, "1": 0.6020611618009754, "2": 1.190928716490462}, "sigma": {"0": 0.503007261197109, "1": 0.0, "2": 0.0}, "chi_high": null, "beta_low": 0.9478064919113478}