{"R": 40.0, "wi": 3, "di": 0, "delta": 1.0, "gamma": {"0": 1.2245445301233064, "1": 0.6454301437811423, "2": 0.5300016099257047}, "mu": {"0": 1.0488241036833705, "1": 1.068287031911023, "2": 1.1088651951502464}, "phi": {"0": 0.2160086115270835, "1": 0.6550153674793181, "2": 0.19614981568777257}, "psi": {"0": 0.822706922055589, "1": 0.9251662810100726, "2": 1.223667061241641}, "sigma": {"0": 0.6067787097101507, "1": 0.8476882144635309, "2": 0.0}, "chi_high": 0.6211276434444051, "beta_low": null}