{"R": 40.0, "wi": 0, "di": 1, "delta": 1.0, "gamma": {"0": 1.45042875852572, "1": 0.8863559070477359, "2": 0.5330474060806346}, "mu": {"0": 1.0313842970839417, "1": 1.0094120455117295, "2": 1.1236161336169705}, "phi": {"0": 0.25891934022626306, "1": 0.18326608949423773, "2": 0.3405186740466153}, "psi": {"0": 1.223295560407791, "1": 1.422614755251069, "2": 1.40025077207296}, "sigma": {"0": 0.5989091394644879, "1": 0.7166194420188903, "2": 0.0}, "chi_high": 0.5828701211908311, "beta_low": 0.5642524712264748}