{"R": 40.0, "wi": 3, "di": 1, "delta": 1.0, "gamma": {"0": 0.7930993621975271, "1": 1.1172478332447757, "2": 0.6142193255114088}, "mu": {"0": 1.0557931183712226, "1": 1.139905375543056, "2": 1.0264122685586285}, "phi": {"0": 0.406574877050914, "1": 0.2815370602160362, "2": 0.974603128334336}, "psi": {"0": 0.6690876196554376, "1": 0.7213413006168246, "2": 1.244087290887114}, "sigma": {"0": 0.79863197366701, "1": 0.8082975173784137, "2": 0.0}, "chi_high": 0.3789467912502784, "beta_low": null}