{"R": 40.0, "wi": 2, "di": 1, "delta": 1.0, "gamma": {"0": 1.1092338960049848, "1": 0.9486777262809535, "2": 1.199318853424204}, "mu": {"0": 1.0343139315560186, "1": 1.1134789295266996, "2": 1.0981431109219388}, "phi": {"0": 0.5399745680279753, "1": 0.903974413283839, "2": 0.6414702885616685}, "psi": {"0": 0.9727464662381764, "1": 1.3744502030718397, "2": 1.4659619661456336}, "sigma": {"0": 0.9686979525104851, "1": 0.8765931631114677, "2": 0.0}, "chi_high": null, "beta_low": null}