{"R": 40.0, "wi": 1, "di": 1, "delta": 1.0, "gamma": {"0": 0.9012858100703498, "1": 1.375688374840305, "2": 1.2909047667483269}, "mu": {"0": 1.1178575101239243, "1": 1.1046588220020568, "2": 1.1372579865277614}, "phi": {"0": 0.4650940213572323, "1": 0.778433805501342, "2": 0.9510889890212036}, "psi": {"0": 1.2966458239813692, "1": 1.4469527354757963, "2": 0.8734393594112188}, "sigma": {"0": 0.5267179699130107, "1": 0.0, "2": 0.0}, "chi_high": null, "beta_low": 0.21683993360917825}