{"R": 40.0, "wi": 0, "di": 1, "delta": 1.0, "gamma": {"0": 1.3584280274199838, "1": 1.2787548576343635, "2": 1.1908365562912469}, "mu": {"0": 1.123184051144703, "1": 1.0437685451733665, "2": 1.1038520313725406}, "phi": {"0": 0.14887520215396666, "1": 0.0754008441983447, "2": 0.6809626240201304}, "psi": {"0": 1.2218806377231186, "1": 1.2322300211470287, "2": 1.2975270338435845}, "sigma": {"0": 0.5559001456662392, "1": 0.7966258483007248, "2": 0.0}, "chi_high": 0.07407358870242146, "beta_low": 0.3852062642267671}