{"R": 40.0, "wi": 2, "di": 1, "delta": 1.0, "gamma": {"0": 0.9464584093997336, "1": 1.2361245458107926, "2": 0.9868313530426386}, "mu": {"0": 1.112661537667842, "1": 1.0931907343526877, "2": 1.059931511702423}, "phi": {"0": 0.12775128377619016, "1": 0.8545896238536198, "2": 0.361215607540458}, "psi": {"0": 0.6750039978746809, "1": 0.5307580153084951, "2": 0.6764885534285587}, "sigma": {"0": 0.7184495704628233, "1": 0.8620385332039548, "2": 0.0}, "chi_high": null, "beta_low": null}