{"R": 40.0, "wi": 3, "di": 1, "delta": 1.0, "gamma": {"0": 1.246404050894946, "1": 0.7953216192654904, "2": 1.4444012307610987}, "mu": {"0": 1.1127279337375624, "1": 1.1014739027620195, "2": 1.1053997964567752}, "phi": {"0": 0.36104514284323797, "1": 0.6297541190667116, "2": 0.4888357702068523}, "psi": {"0": 1.2115178937200772, "1": 1.2459725067698502, "2": 0.6010814725839752}, "sigma": {"0": 0.8999860049204271, "1": 0.9280413530703703, "2": 0.0}, "chi_high": 0.6234003566579287, "beta_low": null}