{"R": 40.0, "wi": 2, "di": 0, "delta": 1.0, "gamma": {"0": 0.798815747143931, "1": 0.9553461730521292, "2": 0.9569032933563573}, "mu": {"0": 1.0532737902858846, "1": 1.0572632013542487, "2": 1.10632447697876}, "phi": {"0": 0.44787507173436725, "1": 0.2396750145613109, "2": 0.02387055447409525}, "psi": {"0": 0.8967444685493803, "1": 1.077199837627088, "2": 1.3324226023795473}, "sigma": {"0": 0.8757199624010131, "1": 0.6168006547679397, "2": 0.0}, "chi_high": null, "beta_low": null}