{"R": 40.0, "wi": 2, "di": 2, "delta": 1.0, "gamma": {"0": 0.7600136581788676, "1": 0.8950479994759063, "2": 1.0277317858197448}, "mu": {"0": 1.1041730312456892, "1": 1.0202561729402628, "2": 1.0956166952277862}, "phi": {"0": 0.3776317110618629, "1": 0.19549401000810407, "2": 0.4048838502377786}, "psi": {"0": 1.2907805649012793, "1": 1.4512618854217019, "2": 0.8864479434823644}, "sigma": {"0": 0.7044036835624552, "1": 0.6526341802043616, "2": 0.0}, "chi_high": null, "beta_low": null}