{"R": 40.0, "wi": 3, "di": 2, "delta": 1.0, "gamma": {"0": 1.0975437572764173, "1": 0.7909651467485366, "2": 1.2725229029512573}, "mu": {"0": 1.0190216984156775, "1": 1.0934728865282755, "2": 1.1261113753226015}, "phi": {"0": 0.526249089877207, "1": 0.4092962776255502, "2": 0.8185900385400554}, "psi": {"0": 0.5344181985268328, "1": 1.1426215017182328, "2": 1.367641909009579}, "sigma": {"0": 0.8402711429770102, "1": 0.6493389417943215, "2": 0.0}, "chi_high": 0.040652336957483715, "beta_low": null}