{"R": 40.0, "wi": 2, "di": 2, "delta": 1.0, "gamma": {"0": 1.163048547724637, "1": 1.325246309552196, "2": 0.9327465204737595}, "mu": {"0": 1.0661135251504987, "1": 1.013282210714494, "2": 1.0237087875025206}, "phi": {"0": 0.8956172210086881, "1": 0.22986588345175174, "2": 0.6013344271479021}, "psi": {"0": 0.8515904604853991, "1": 1.162806602980802, "2": 1.0795696341996748}, "sigma": {"0": 0.5570725579882885, "1": 0.986994915081452, "2": 0.0}, "chi_high": null, "beta_low": null}