{"R": 40.0, "wi": 0, "di": 2, "delta": 1.0, "gamma": {"0": 1.2913175046402725, "1": 0.9735936664551677, "2": 0.9526299131800123}, "mu": {"0": 1.1222055993500424, "1": 1.0981803577116918, "2": 1.0620574912271457}, "phi": {"0": 0.8570607735632753, "1": 0.10585501239329087, "2": 0.4024361750671773}, "psi": {"0": 0.6766401538931129, "1": 1.0030420497242525, "2": 1.3723957238267563}, "sigma": {"0": 0.9165796901991632, "1": 0.813646364038411, "2": 0.0}, "chi_high": 0.964185947095506, "beta_low": 0.292557741837778}