{"R": 40.0, "wi": 1, "di": 1, "delta": 1.0, "gamma": {"0": 0.8994328511392427, "1": 1.1190648921996176, "2": 0.5524513124017602}, "mu": {"0": 1.0316133743180897, "1": 1.1342725496281005, "2": 1.0152648024242896}, "phi": {"0": 0.569792349460085, "1": 0.30817721844255574, "2": 0.5336533102207552}, "psi": {"0": 1.0076296698706422, "1": 0.613428084390473, "2": 1.1894639520247223}, "sigma": {"0": 0.9306575376659534, "1": 0.0, "2": 0.0}, "chi_high": null, "beta_low": 0.9093317954729699}