{"R": 40.0, "wi": 0, "di": 2, "delta": 1.0, "gamma": {"0": 0.8638200871815793, "1": 1.3562710207087374, "2": 1.4152446733858395}, "mu": {"0": 1.0897638775606, "1": 1.0783964910055743, "2": 1.1361388740401812}, "phi": {"0": 0.1620075469901845, "1": 0.42224225152983275, "2": 0.14355351332787558}, "psi": {"0": 0.5752282191724125, "1": 0.516400287624365, "2": 1.382511114101653}, "sigma": {"0": 0.7852536678121476, "1": 0.9138354533617551, "2": 0.0}, "chi_high": 0.8122450296818522, "beta_low": 0.22158905239003848}