{"R": 40.0, "wi": 2, "di": 2, "delta": 1.0, "gamma": {"0": 1.48615704808312, "1": 1.026301404294089, "2": 1.1165076892729517}, "mu": {"0": 1.1023836196329324, "1": 1.1419450239204778, "2": 1.0412890235733028}, "phi": {"0": 0.7391029345619483, "1": 0.004281798872958653, "2": 0.5205188825616563}, "psi": {"0": 0.8549749158741755, "1": 1.4445707374464969, "2": 0.9507968859769791}, "sigma": {"0": 0.5240067216759323, "1": 0.5363708039017092, "2": 0.0}, "chi_high": null, "beta_low": null}