{"R": 40.0, "wi": 1, "di": 1, "delta": 1.0, "gamma": {"0": 0.6390053467155993, "1": 0.6604273476789007, "2": 0.5800448731619166}, "mu": {"0": 1.1386356821052683, "1": 1.052557908735047, "2": 1.0711980606628526}, "phi": {"0": 0.27134631181976576, "1": 0.8078313732016738, "2": 0.5168859159872977}, "psi": {"0": 0.8595698805482714, "1": 0.9997369175153362, "2": 1.2265454641895777}, "sigma": {"0": 0.5267320381974601, "1": 0.0, "2": 0.0}, "chi_high": null, "beta_low": 0.5101363912175607}