{"R": 40.0, "wi": 0, "di": 1, "delta": 1.0, "gamma": {"0": 0.5422743366267592, "1": 1.1022800955178658, "2": 0.8304244632222397}, "mu": {"0": 1.0839362915112092, "1": 1.141101342102378, "2": 1.104351108058988}, "phi": {"0": 0.5795047838685057, "1": 0.1470696271672176, "2": 0.9557591755701998}, "psi": {"0": 1.057497317675376, "1": 1.3461153178985585, "2": 1.4961783223212575}, "sigma": {"0": 0.7659469689226137, "1": 0.8572100908920792, "2": 0.0}, "chi_high": 0.6191568649634824, "beta_low": 0.22784683846494516}