{"R": 40.0, "wi": 0, "di": 0, "delta": 1.0, "gamma": {"0": 1.2970049535114687, "1": 0.9181674822068148, "2": 0.7557067948170713}, "mu": {"0": 1.0621024926841272, "1": 1.0565371070485956, "2": 1.1101878882783454}, "phi": {"0": 0.8181239885418433, "1": 0.6863010958971635, "2": 0.11028119901918365}, "psi": {"0": 0.5171183709617139, "1": 0.6169338838045083, "2": 0.9381585081509649}, "sigma": {"0": 0.5116276084124228, "1": 0.7593475375254757, "2": 0.0}, "chi_high": 0.7769820734527255, "beta_low": 0.4126662943723687}