{"R": 40.0, "wi": 2, "di": 1, "delta": 1.0, "gamma": {"0": 1.3525425196438121, "1": 1.1895809771341423, "2": 0.6757939631217351}, "mu": {"0": 1.100692068956979, "1": 1.0192960482383735, "2": 1.0697361358226307}, "phi": {"0": 0.5036285647761465, "1": 0.5731012013031134, "2": 0.07124654210282222}, "psi": {"0": 0.6855968706888708, "1": 0.8258475264185025, "2": 1.0033248315564745}, "sigma": {"0": 0.7530584704798184, "1": 0.9234840938193599, "2": 0.0}, "chi_high": null, "beta_low": null}