{"R": 40.0, "wi": 1, "di": 2, "delta": 1.0, "gamma": {"0": 1.4195263817509318, "1": 1.2814844442448372, "2": 1.1544329586151356}, "mu": {"0": 1.1344629756176705, "1": 1.1338730727519948, "2": 1.0976847528693106}, "phi": {"0": 0.8749783596639031, "1": 0.8848795544251298, "2": 0.3762400319716571}, "psi": {"0": 0.6641904124789182, "1": 0.817823399520447, "2": 1.2551808693290698}, "sigma": {"0": 0.9354620260441873, "1": 0.0, "2": 0.0}, "chi_high": null, "beta_low": 0.6262090299941703}