{"R": 40.0, "wi": 2, "di": 0, "delta": 1.0, "gamma": {"0": 1.2645846500064657, "1": 1.4588127191029465, "2": 0.9814262035704354}, "mu": {"0": 1.0421195156377228, "1": 1.0958901676949901, "2": 1.0003617799734885}, "phi": {"0": 0.09975796654332914, "1": 0.21056635715451977, "2": 0.3787551317135093}, "psi": {"0": 0.679922397654673, "1": 1.432513612969803, "2": 1.141342767233978}, "sigma": {"0": 0.8747557230916343, "1": 0.7275805306896023, "2": 0.0}, "chi_high": null, "beta_low": null}