{"R": 40.0, "wi": 1, "di": 0, "delta": 1.0, "gamma": {"0": 0.7099778018677453, "1": 1.3244848176454833, "2": 1.153573842668108}, "mu": {"0": 1.114043515111777, "1": 1.0441199377006056, "2": 1.148887429115832}, "phi": {"0": 0.007423583863719774, "1": 0.6593488212998929, "2": 0.6434964205856992}, "psi": {"0": 1.1123665718377713, "1": 0.6951379714268136, "2": 0.9269697800499931}, "sigma": {"0": 0.9405352538379048, "1": 0.0, "2": 0.0}, "chi_high": null, "beta_low": 0.5559636460973246}