{"R": 40.0, "wi": 0, "di": 0, "delta": 1.0, "gamma": {"0": 1.4101490471038187, "1": 1.2924930506368764, "2": 1.41469279852533}, "mu": {"0": 1.0076099715069708, "1": 1.0539722940396965, "2": 1.053257851247588}, "phi": {"0": 0.19418709805405598, "1": 0.6488027584188649, "2": 0.8374622727051824}, "psi": {"0": 1.1290164102269586, "1": 0.9045484702111712, "2": 0.5171903616888867}, "sigma": {"0": 0.7350150549603163, "1": 0.6399514954504979, "2": 0.0}, "chi_high": 0.29372079495588216, "beta_low": 0.6245853392277102}