{"R": 40.0, "wi": 1, "di": 2, "delta": 1.0, "gamma": {"0": 0.6024553518113422, "1": 0.5937121483021399, "2": 0.6180892580191242}, "mu": {"0": 1.1435735756451026, "1": 1.033359755346331, "2": 1.0309685647381714}, "phi": {"0": 0.8656817941014335, "1": 0.07031383608422803, "2": 0.2749198434265063}, "psi": {"0": 1.238870899051813, "1": 1.4207907656978884, "2": 0.814678302565136}, "sigma": {"0": 0.9842778534618355, "1": 0.0, "2": 0.0}, "chi_high": null, "beta_low": 0.6208927349943095}