{"R": 40.0, "wi": 1, "di": 0, "delta": 1.0, "gamma": {"0": 0.7892474951998145, "1": 0.8626313274144743, "2": 0.9260207769619059}, "mu": {"0": 1.0310673894463382, "1": 1.1464707090855324, "2": 1.081648549005918}, "phi": {"0": 0.06292409780108266, "1": 0.96230346607199, "2": 0.39775790997683047}, "psi": {"0": 0.834165581660534, "1": 1.06285330012329, "2": 0.7569375210501184}, "sigma": {"0": 0.6503451612516997, "1": 0.0, "2": 0.0}, "chi_high": null, "beta_low": 0.4015129317198834}