{"R": 40.0, "wi": 3, "di": 2, "delta": 1.0, "gamma": {"0": 1.3597108327994913, "1": 0.7322176787706883, "2": 0.9492554701864899}, "mu": {"0": 1.1187212080472222, "1": 1.0212672215813057, "2": 1.0322082476827144}, "phi": {"0": 0.7740915851520136, "1": 0.1897431576722115, "2": 0.5468693775331182}, "psi": {"0": 0.7103113670000151, "1": 1.008108305805007, "2": 1.0960714930573552}, "sigma": {"0": 0.74821623994934, "1": 0.5567267027820224, "2": 0.0}, "chi_high": 0.2960499386602941, "beta_low": null}