{"R": 40.0, "wi": 1, "di": 1, "delta": 1.0, "gamma": {"0": 0.5170078590072573, "1": 1.0013730748558232, "2": 0.9155960220904323}, "mu": {"0": 1.0429969150050407, "1": 1.1209441830171765, "2": 1.0360035207244813}, "phi": {"0": 0.9819186371430006, "1": 0.8560374098708878, "2": 0.06776374183289413}, "psi": {"0": 0.9860725046603191, "1": 0.67711173040939, "2": 0.64515178034517}, "sigma": {"0": 0.5221983457744975, "1": 0.0, "2": 0.0}, "chi_high": null, "beta_low": 0.949080452572517}