{"R": 40.0, "wi": 2, "di": 0, "delta": 1.0, "gamma": {"0": 0.9118155655226464, "1": 0.9210717237767074, "2": 1.1249910857529706}, "mu": {"0": 1.0700914391820215, "1": 1.0810931335703984, "2": 1.0269125219565007}, "phi": {"0": 0.5149364754595885, "1": 0.03491227557143717, "2": 0.05439741370107265}, "psi": {"0": 1.291059158602689, "1": 1.0649074735485886, "2": 1.4396234726647101}, "sigma": {"0": 0.5663268423384508, "1": 0.5522559758191299, "2": 0.0}, "chi_high": null, "beta_low": null}