{"R": 40.0, "wi": 1, "di": 1, "delta": 1.0, "gamma": {"0": 1.2204424589412701, "1": 1.2166707823902327, "2": 0.6571669842786412}, "mu": {"0": 1.0765855652724579, "1": 1.002532612511681, "2": 1.045307765565912}, "phi": {"0": 0.07579280684700573, "1": 0.08631516923998739, "2": 0.6923923121900821}, "psi": {"0": 0.6262260951073844, "1": 0.9905620265940264, "2": 0.5213057545222622}, "sigma": {"0": 0.6278357967227516, "1": 0.0, "2": 0.0}, "chi_high": null, "beta_low": 0.09646652356543747}