{"R": 40.0, "wi": 0, "di": 0, "delta": 1.0, "gamma": {"0": 1.4358518173691828, "1": 1.1783190592051698, "2": 1.1324238168420115}, "mu": {"0": 1.0978614774076625, "1": 1.1155583679157728, "2": 1.0517986726237696}, "phi": {"0": 0.3787562396589138, "1": 0.3091577322268382, "2": 0.01007531012803975}, "psi": {"0": 0.59581128786143, "1": 0.5678953983519992, "2": 0.8286691474992637}, "sigma": {"0": 0.9598320262249355, "1": 0.6105613243797552, "2": 0.0}, "chi_high": 0.7698984801862457, "beta_low": 0.28127369130546803}