{"R": 40.0, "wi": 2, "di": 0, "delta": 1.0, "gamma": {"0": 0.6184732291811044, "1": 0.7766173758385987, "2": 1.3691838577715294}, "mu": {"0": 1.0703591701203532, "1": 1.0521885059302418, "2": 1.136093359613921}, "phi": {"0": 0.14003900320893858, "1": 0.7104796210232973, "2": 0.46102865035204943}, "psi": {"0": 0.8366337449876485, "1": 1.2087967508031074, "2": 0.5093574413963412}, "sigma": {"0": 0.85654141063937, "1": 0.5047627952493101, "2": 0.0}, "chi_high": null, "beta_low": null}