{"R": 40.0, "wi": 0, "di": 0, "delta": 1.0, "gamma": {"0": 0.8556381898542077, "1": 0.688133977171727, "2": 0.791388702869149}, "mu": {"0": 1.0992259268102618, "1": 1.13999779621523, "2": 1.0791977597504854}, "phi": {"0": 0.08805817081864098, "1": 0.7868868946322747, "2": 0.4497731787850492}, "psi": {"0": 1.3532261727129211, "1": 0.8184235835240049, "2": 0.9717323482285258}, "sigma": {"0": 0.8321526669708021, "1": 0.9870507749883788, "2": 0.0}, "chi_high": 0.4536561348806407, "beta_low": 0.5659464668900804}