{"R": 40.0, "wi": 1, "di": 1, "delta": 1.0, "gamma": {"0": 0.581465551818149, "1": 0.8789166213391385, "2": 1.4192405681764093}, "mu": {"0": 1.1221163819668072, "1": 1.0361025054827697, "2": 1.0220130237888374}, "phi": {"0": 0.3737055782066745, "1": 0.8279993745281626, "2": 0.1895328955158715}, "psi": {"0": 1.2549814737109775, "1": 0.7229570002416836, "2": 0.5711656417709107}, "sigma": {"0": 0.9642445140064546, "1": 0.0, "2": 0.0}, "chi_high": null, "beta_low": 0.28034549194828084}