{"R": 40.0, "wi": 1, "di": 0, "delta": 1.0, "gamma": {"0": 0.8814344631419532, "1": 1.4763910515543102, "2": 0.7746391684827993}, "mu": {"0": 1.1363215674064722, "1": 1.002627786529591, "2": 1.1399092731562013}, "phi": {"0": 0.6612364708122136, "1": 0.11754983551571963, "2": 0.6070462871186907}, "psi": {"0": 1.4841653486548738, "1": 1.359861901012997, "2": 0.9753519419008521}, "sigma": {"0": 0.8536324929176562, "1": 0.0, "2": 0.0}, "chi_high": null, "beta_low": 0.09058828188767215}