{"R": 40.0, "wi": 0, "di": 0, "delta": 1.0, "gamma": {"0": 1.1165815961321712, "1": 0.8850446719364169, "2": 1.183369207420907}, "mu": {"0": 1.1198937618690357, "1": 1.055689230515577, "2": 1.0395843782987408}, "phi": {"0": 0.06148445301122518, "1": 0.43043037229168224, "2": 0.9685503305144386}, "psi": {"0": 1.4225069409956894, "1": 1.0951799271520113, "2": 0.5199807479538558}, "sigma": {"0": 0.912142555887161, "1": 0.9202472283824769, "2": 0.0}, "chi_high": 0.1824019159840045, "beta_low": 0.7871523977551718}