{"R": 40.0, "wi": 3, "di": 1, "delta": 1.0, "gamma": {"0": 0.9144991597715353, "1": 1.2864500240319938, "2": 0.5091454406002379}, "mu": {"0": 1.0637051803555715, "1": 1.0666052287018426, "2": 1.1446116928664765}, "phi": {"0": 0.22137103994941465, "1": 0.7002857047852636, "2": 0.15201662876937316}, "psi": {"0": 0.5337320639393667, "1": 0.8408892039477759, "2": 0.9969042368630538}, "sigma": {"0": 0.5439622008112452, "1": 0.6996573430783477, "2": 0.0}, "chi_high": 0.05155835823013115, "beta_low": null}