{"R": 40.0, "wi": 1, "di": 1, "delta": 1.0, "gamma": {"0": 1.3482870022890017, "1": 0.6603651684769694, "2": 0.7525986267936711}, "mu": {"0": 1.1110071259882148, "1": 1.1087816377888624, "2": 1.04926828876822}, "phi": {"0": 0.4759024271663329, "1": 0.2602840972595938, "2": 0.4897712021080698}, "psi": {"0": 0.9671001000711235, "1": 1.0333540780369175, "2": 0.6131303859664159}, "sigma": {"0": 0.5408079344681838, "1": 0.0, "2": 0.0}, "chi_high": null, "beta_low": 0.4909514760129611}