{"R": 40.0, "wi": 1, "di": 1, "delta": 1.0, "gamma": {"0": 0.597551729102116, "1": 1.230170410663043, "2": 1.4455653962722783}, "mu": {"0": 1.0241828047354582, "1": 1.0262815255764048, "2": 1.0178153229289573}, "phi": {"0": 0.96696922333332, "1": 0.3228021919994587, "2": 0.651868491408958}, "psi": {"0": 0.8568607058801938, "1": 1.0024391876911585, "2": 0.8331519051625059}, "sigma": {"0": 0.7708413491361819, "1": 0.0, "2": 0.0}, "chi_high": null, "beta_low": 0.7665657844449784}