{"R": 40.0, "wi": 0, "di": 0, "delta": 1.0, "gamma": {"0": 1.3299529741175107, "1": 1.4696609249079493, "2": 1.119452667945036}, "mu": {"0": 1.115962748599221, "1": 1.0583523034154543, "2": 1.0121383779741568}, "phi": {"0": 0.14268363721638, "1": 0.4239739439462259, "2": 0.46503686495406826}, "psi": {"0": 0.540334220169109, "1": 1.0609071373084151, "2": 0.9660586592039265}, "sigma": {"0": 0.9807270022993568, "1": 0.9430919021746652, "2": 0.0}, "chi_high": 0.7965492334251117, "beta_low": 0.777478431170151}