{"R": 40.0, "wi": 2, "di": 1, "delta": 1.0, "gamma": {"0": 0.7560554227152886, "1": 1.2499262199864816, "2": 0.565950122085015}, "mu": {"0": 1.130188891415059, "1": 1.1039943422613625, "2": 1.110199122310881}, "phi": {"0": 0.33962253450010516, "1": 0.03334252891836753, "2": 0.49646104886846154}, "psi": {"0": 1.4301004766053698, "1": 0.7942483984279667, "2": 0.8990008119642834}, "sigma": {"0": 0.9444254586488071, "1": 0.842979599798142, "2": 0.0}, "chi_high": null, "beta_low": null}