{"R": 40.0, "wi": 0, "di": 2, "delta": 1.0, "gamma": {"0": 0.5401988439702525, "1": 0.5501039643796671, "2": 1.4896629768260992}, "mu": {"0": 1.094521902391787, "1": 1.0318212931041333, "2": 1.0194564559803212}, "phi": {"0": 0.15280811534663596, "1": 0.6722224413315677, "2": 0.6408221443266156}, "psi": {"0": 1.1508613766837748, "1": 1.0830159114578704, "2": 0.6461632116098931}, "sigma": {"0": 0.6891924349373046, "1": 0.8695892800243787, "2": 0.0}, "chi_high": 0.8169047850440673, "beta_low": 0.9104691374546977}