{"R": 40.0, "wi": 1, "di": 2, "delta": 1.0, "gamma": {"0": 1.4455490690212247, "1": 0.8858904367728242, "2": 1.0271725056265824}, "mu": {"0": 1.0880858126180477, "1": 1.1485246942469578, "2": 1.0690757671885998}, "phi": {"0": 0.07682149987599518, "1": 0.6166163061610364, "2": 0.06780819489620604}, "psi": {"0": 1.424240376207721, "1": 0.7496490838625547, "2": 1.3358473942438058}, "sigma": {"0": 0.66397582643691, "1": 0.0, "2": 0.0}, "chi_high": null, "beta_low": 0.2523615515766849}