{"R": 40.0, "wi": 1, "di": 1, "delta": 1.0, "gamma": {"0": 0.9126996432788532, "1": 1.4688649135410157, "2": 0.6126557397468123}, "mu": {"0": 1.0964990396631413, "1": 1.1122115832631407, "2": 1.0112503617085074}, "phi": {"0": 0.39796077172193356, "1": 0.13244283551352176, "2": 0.17951538353717578}, "psi": {"0": 1.4273381568706809, "1": 0.6881710199689626, "2": 1.0991982115654206}, "sigma": {"0": 0.8739148087277443, "1": 0.0, "2": 0.0}, "chi_high": null, "beta_low": 0.27148692184768325}