{"R": 40.0, "wi": 3, "di": 1, "delta": 1.0, "gamma": {"0": 0.9789474059675356, "1": 1.3170036395653915, "2": 1.1179155596441461}, "mu": {"0": 1.1419113355528865, "1": 1.1098366161781474, "2": 1.0176945805919184}, "phi": {"0": 0.30382077509878824, "1": 0.27304066764313084, "2": 0.2660274047386556}, "psi": {"0": 0.7415493821221348, "1": 1.1004165089783093, "2": 1.4401515100136888}, "sigma": {"0": 0.5542756382231111, "1": 0.6601018975285182, "2": 0.0}, "chi_high": 0.6493446157519345, "beta_low": null}