{"R": 40.0, "wi": 1, "di": 0, "delta": 1.0, "gamma": {"0": 0.5139920667455672, "1": 1.255656483885017, "2": 0.9987266667728782}, "mu": {"0": 1.1391098423070964, "1": 1.044549364640239, "2": 1.1353255591854945}, "phi": {"0": 0.6752728487654599, "1": 0.8882714419081171, "2": 0.7889263634950803}, "psi": {"0": 0.8497178680597006, "1": 1.3300835696010038, "2": 1.4210513207033766}, "sigma": {"0": 0.513063663441496, "1": 0.0, "2": 0.0}, "chi_high": null, "beta_low": 0.13286694209158695}