{"R": 40.0, "wi": 3, "di": 0, "delta": 1.0, "gamma": {"0": 1.4478077297139476, "1": 0.6444537965653462, "2": 0.938085488099526}, "mu": {"0": 1.0332177509605025, "1": 1.0747226102695582, "2": 1.0534477847239336}, "phi": {"0": 0.6365656581085768, "1": 0.21353096481330047, "2": 0.5771068267967122}, "psi": {"0": 1.0159687333927696, "1": 1.2633248946269222, "2": 1.4792524570945855}, "sigma": {"0": 0.901317568952515, "1": 0.85711620652064, "2": 0.0}, "chi_high": 0.311809789909461, "beta_low": null}