{"R": 40.0, "wi": 0, "di": 0, "delta": 1.0, "gamma": {"0": 1.1293975235437061, "1": 0.990520588879908, "2": 1.45839248262459}, "mu": {"0": 1.1431278697960057, "1": 1.0685503183048075, "2": 1.1422984100594968}, "phi": {"0": 0.26646094141298426, "1": 0.8529170328180696, "2": 0.6575142151457574}, "psi": {"0": 1.361392568550896, "1": 1.4296871442844359, "2": 0.7053403440877704}, "sigma": {"0": 0.8061798532268016, "1": 0.6978820084650272, "2": 0.0}, "chi_high": 0.7868657790127659, "beta_low": 0.30199474576868707}