{"R": 40.0, "wi": 2, "di": 1, "delta": 1.0, "gamma": {"0": 1.4390989618311192, "1": 0.7993957839397444, "2": 1.212933936349157}, "mu": {"0": 1.1280815983937296, "1": 1.1264833259600908, "2": 1.1105354784369152}, "phi": {"0": 0.9124234701068232, "1": 0.6778261259757371, "2": 0.8030224122822051}, "psi": {"0": 1.1548717185643473, "1": 0.8490556512332197, "2": 0.7685708857160114}, "sigma": {"0": 0.5813287718286215, "1": 0.688963399948622, "2": 0.0}, "chi_high": null, "beta_low": null}