{"R": 40.0, "wi": 1, "di": 0, "delta": 1.0, "gamma": {"0": 0.5511591656318714, "1": 1.4885096151044928, "2": 0.8407083156853626}, "mu": {"0": 1.0838584174144892, "1": 1.0513326194963777, "2": 1.043342901501707}, "phi": {"0": 0.3779948745520223, "1": 0.08916539822376335, "2": 0.6348554421341039}, "psi": {"0": 1.149760960289066, "1": 0.6295520622386345, "2": 0.5647135965333592}, "sigma": {"0": 0.9856547621053975, "1": 0.0, "2": 0.0}, "chi_high": null, "beta_low": 0.5198030920850907}