{"R": 40.0, "wi": 3, "di": 1, "delta": 1.0, "gamma": {"0": 0.5458345948865178, "1": 0.8699166997548363, "2": 0.5788030512365314}, "mu": {"0": 1.0677188920798208, "1": 1.0905281771357216, "2": 1.0507629335809126}, "phi": {"0": 0.5749631129886361, "1": 0.9351640788073008, "2": 0.37804259834136367}, "psi": {"0": 0.6831110927604715, "1": 1.3109643757276812, "2": 0.7680789988722783}, "sigma": {"0": 0.5334780469225522, "1": 0.9075616509102273, "2": 0.0}, "chi_high": 0.20699633474393325, "beta_low": null}