{"R": 40.0, "wi": 3, "di": 0, "delta": 1.0, "gamma": {"0": 0.7329565622827969, "1": 1.045376765838068, "2": 1.449155568565058}, "mu": {"0": 1.1020819528569445, "1": 1.0604372879818, "2": 1.1369594580525435}, "phi": {"0": 0.716456572740037, "1": 0.25985178954775034, "2": 0.22485943784722295}, "psi": {"0": 0.6874132120935742, "1": 1.196741911861968, "2": 0.6052156276616182}, "sigma": {"0": 0.7402341759830638, "1": 0.9424840695570981, "2": 0.0}, "chi_high": 0.054162454234203856, "beta_low": null}