{"R": 40.0, "wi": 2, "di": 0, "delta": 1.0, "gamma": {"0": 0.7411221420846851, "1": 0.7110901527708698, "2": 1.2936996101495088}, "mu": {"0": 1.1293769787049748, "1": 1.0922265137412142, "2": 1.071654709326676}, "phi": {"0": 0.7288744376640297, "1": 0.6206075853331349, "2": 0.10991598208895126}, "psi": {"0": 1.0403921957694258, "1": 0.5695911830357643, "2": 0.8661371620384376}, "sigma": {"0": 0.9256798264226096, "1": 0.5692914815217559, "2": 0.0}, "chi_high": null, "beta_low": null}