{"R": 40.0, "wi": 2, "di": 2, "delta": 1.0, "gamma": {"0": 1.1118949559620581, "1": 0.5047092328781458, "2": 1.4446323994157715}, "mu": {"0": 1.0907155442154635, "1": 1.134014852304484, "2": 1.0104052113218538}, "phi": {"0": 0.43344476326784664, "1": 0.7805566110780535, "2": 0.31216606606352626}, "psi": {"0": 1.2073562529082356, "1": 1.3896169613545544, "2": 0.7268706665993501}, "sigma": {"0": 0.6490176581903928, "1": 0.9919570547467665, "2": 0.0}, "chi_high": null, "beta_low": null}