{"R": 40.0, "wi": 2, "di": 0, "delta": 1.0, "gamma": {"0": 0.9497294289883329, "1": 0.9090952788232424, "2": 1.1516535042658052}, "mu": {"0": 1.0745072816452834, "1": 1.0851341646532697, "2": 1.0873421974208182}, "phi": {"0": 0.8434930610531741, "1": 0.6198086929073974, "2": 0.21065733425914657}, "psi": {"0": 1.0409206382194762, "1": 1.3126247592318798, "2": 1.4092253006306668}, "sigma": {"0": 0.7621277020322937, "1": 0.7617677189215508, "2": 0.0}, "chi_high": null, "beta_low": null}