{"R": 40.0, "wi": 0, "di": 2, "delta": 1.0, "gamma": {"0": 1.2416832761865684, "1": 0.5168652059503644, "2": 0.8700330715495533}, "mu": {"0": 1.060156970861754, "1": 1.1236283786789054, "2": 1.0237453269576817}, "phi": {"0": 0.6961897748629065, "1": 0.8911874272548962, "2": 0.0155578551290938}, "psi": {"0": 1.1817671110036105, "1": 1.2090514980699605, "2": 0.872294576468574}, "sigma": {"0": 0.8864313847679091, "1": 0.9574706167452677, "2": 0.0}, "chi_high": 0.9562809392179007, "beta_low": 0.7682245436011004}