{"R": 40.0, "wi": 1, "di": 0, "delta": 1.0, "gamma": {"0": 0.8305033990539834, "1": 1.0050356335177155, "2": 1.353127191282578}, "mu": {"0": 1.0496017738561694, "1": 1.1196156644847053, "2": 1.0320006305000335}, "phi": {"0": 0.09670998877100978, "1": 0.255536897400642, "2": 0.9695870947866032}, "psi": {"0": 1.486818439070428, "1": 0.7767465965493083, "2": 0.5902261642076547}, "sigma": {"0": 0.7726890026339743, "1": 0.0, "2": 0.0}, "chi_high": null, "beta_low": 0.45405870544625887}