{"R": 40.0, "wi": 2, "di": 0, "delta": 1.0, "gamma": {"0": 1.4520172128132027, "1": 1.3393167939899362, "2": 0.6775851895064902}, "mu": {"0": 1.008388200058855, "1": 1.0348428566488586, "2": 1.0305695910705532}, "phi": {"0": 0.3287650502939442, "1": 0.4875832799909843, "2": 0.41182712517030096}, "psi": {"0": 0.9978839939341896, "1": 1.2210285397377878, "2": 1.1189147209689017}, "sigma": {"0": 0.5118107376458051, "1": 0.9440599940873097, "2": 0.0}, "chi_high": null, "beta_low": null}