{"R": 40.0, "wi": 3, "di": 0, "delta": 1.0, "gamma": {"0": 0.779419754144925, "1": 0.7064915483945629, "2": 1.3746748603027354}, "mu": {"0": 1.091618522551004, "1": 1.0823277084512395, "2": 1.1445786998246634}, "phi": {"0": 0.020510770191485617, "1": 0.5038398587761097, "2": 0.367649175949741}, "psi": {"0": 1.2445637011019248, "1": 0.848980554250667, "2": 0.8810482317643503}, "sigma": {"0": 0.7872430395542585, "1": 0.7406172406650593, "2": 0.0}, "chi_high": 0.931647426748035, "beta_low": null}