{"R": 40.0, "wi": 1, "di": 0, "delta": 1.0, "gamma": {"0": 1.3869665321402018, "1": 1.369779640074885, "2": 0.6573451625294261}, "mu": {"0": 1.016952964848318, "1": 1.06527502676972, "2": 1.0418209701118213}, "phi": {"0": 0.4412936336297565, "1": 0.014614096656335951, "2": 0.9115305301156024}, "psi": {"0": 1.3101350495739257, "1": 1.1751445484357537, "2": 0.914850406562577}, "sigma": {"0": 0.5836427736463241, "1": 0.0, "2": 0.0}, "chi_high": null, "beta_low": 0.6537268928406405}