{"R": 40.0, "wi": 0, "di": 0, "delta": 1.0, "gamma": {"0": 0.8306160181516242, "1": 0.7078673198532719, "2": 1.1672315956462467}, "mu": {"0": 1.0591867825074295, "1": 1.0400276285367298, "2": 1.121434654741071}, "phi": {"0": 0.9241233226991339, "1": 0.8440006375336342, "2": 0.9720355655067993}, "psi": {"0": 1.0752063050747238, "1": 0.6688556762343922, "2": 1.4016703041738956}, "sigma": {"0": 0.7305757110675726, "1": 0.9718867881725363, "2": 0.0}, "chi_high": 0.4002953263629883, "beta_low": 0.03130692882695184}