{"R": 40.0, "wi": 1, "di": 0, "delta": 1.0, "gamma": {"0": 1.27979993560569, "1": 1.2004702983689883, "2": 0.6094392981526476}, "mu": {"0": 1.0681385544360416, "1": 1.017455946900811, "2": 1.01397925540681}, "phi": {"0": 0.7355830171851796, "1": 0.041511674167456714, "2": 0.411344772418908}, "psi": {"0": 0.906830015057943, "1": 0.8915341211589691, "2": 0.6230826180017236}, "sigma": {"0": 0.6062716298365449, "1": 0.0, "2": 0.0}, "chi_high": null, "beta_low": 0.13586603457544258}