{"R": 40.0, "wi": 2, "di": 0, "delta": 1.0, "gamma": {"0": 0.6429516666523182, "1": 1.407260054027422, "2": 0.855164937167984}, "mu": {"0": 1.0516558981405593, "1": 1.1215465214724718, "2": 1.1108807436758552}, "phi": {"0": 0.8716470627959166, "1": 0.15044560095285964, "2": 0.9116669525554225}, "psi": {"0": 1.0623251562926224, "1": 0.8623454764136459, "2": 1.2330759420329236}, "sigma": {"0": 0.676141905051326, "1": 0.7630071772270026, "2": 0.0}, "chi_high": null, "beta_low": null}