{"R": 40.0, "wi": 1, "di": 1, "delta": 1.0, "gamma": {"0": 1.4385604830893535, "1": 1.3666167899191892, "2": 0.584644458496902}, "mu": {"0": 1.1171540388600143, "1": 1.0989659265237695, "2": 1.007582671447881}, "phi": {"0": 0.3271436018956172, "1": 0.7281325187787271, "2": 0.568024393878888}, "psi": {"0": 1.4729605178873018, "1": 0.935501104007868, "2": 1.159045153784795}, "sigma": {"0": 0.7157125015900659, "1": 0.0, "2": 0.0}, "chi_high": null, "beta_low": 0.8174606211519408}