{"R": 40.0, "wi": 0, "di": 2, "delta": 1.0, "gamma": {"0": 0.6831193257806137, "1": 0.6747292412619214, "2": 0.6775675542043198}, "mu": {"0": 1.0242422454373699, "1": 1.1491785336560907, "2": 1.062960218495547}, "phi": {"0": 0.5777608694254124, "1": 0.5185194868645271, "2": 0.7272463953043052}, "psi": {"0": 0.8474908757179413, "1": 1.1737439235203326, "2": 1.2770401553907842}, "sigma": {"0": 0.5944416555562009, "1": 0.9449741024350824, "2": 0.0}, "chi_high": 0.3836682675116971, "beta_low": 0.39810125951646735}