{"R": 40.0, "wi": 2, "di": 0, "delta": 1.0, "gamma": {"0": 1.3870894927543271, "1": 1.102986202354155, "2": 0.9988520580409039}, "mu": {"0": 1.0018884784010416, "1": 1.1143490300128016, "2": 1.1440338996478043}, "phi": {"0": 0.21604929061841904, "1": 0.5705520209626586, "2": 0.15298397575906708}, "psi": {"0": 0.6453846404313127, "1": 0.7378343213665868, "2": 0.9438051010959316}, "sigma": {"0": 0.6781194407459024, "1": 0.8229924479581147, "2": 0.0}, "chi_high": null, "beta_low": null}