{"R": 40.0, "wi": 3, "di": 0, "delta": 1.0, "gamma": {"0": 0.8261662147128517, "1": 1.0000677444317632, "2": 0.5666495400040882}, "mu": {"0": 1.05993297900938, "1": 1.0770470056378085, "2": 1.0036646855622058}, "phi": {"0": 0.6550160039266535, "1": 0.4851795189104141, "2": 0.008646017995207811}, "psi": {"0": 0.9695331705752879, "1": 1.3737844509743118, "2": 1.3709125922520147}, "sigma": {"0": 0.7062294506810674, "1": 0.8367198094718855, "2": 0.0}, "chi_high": 0.016604849486863832, "beta_low": null}