{"R": 40.0, "wi": 1, "di": 0, "delta": 1.0, "gamma": {"0": 0.9493119663741857, "1": 0.9289449176516039, "2": 0.8918250137860878}, "mu": {"0": 1.123930123814158, "1": 1.0681287032033953, "2": 1.0182010063787075}, "phi": {"0": 0.7849694294904268, "1": 0.0029975202859461314, "2": 0.8913353063122066}, "psi": {"0": 0.5754227349591192, "1": 1.1510810461103724, "2": 0.6303076385756458}, "sigma": {"0": 0.746053197901745, "1": 0.0, "2": 0.0}, "chi_high": null, "beta_low": 0.5777121650662088}