{"R": 40.0, "wi": 3, "di": 0, "delta": 1.0, "gamma": {"0": 0.5554656157850916, "1": 0.9023600885561613, "2": 0.8522821423411798}, "mu": {"0": 1.0640144026669032, "1": 1.1222727311746203, "2": 1.0440915093434262}, "phi": {"0": 0.2508401180682287, "1": 0.8197734534003015, "2": 0.4475457727051271}, "psi": {"0": 0.9604377675256716, "1": 0.9286326874551981, "2": 1.1827833743454748}, "sigma": {"0": 0.9068434429268795, "1": 0.9351979759117665, "2": 0.0}, "chi_high": 0.7242820033463981, "beta_low": null}