{"R": 40.0, "wi": 3, "di": 1, "delta": 1.0, "gamma": {"0": 0.6278239196827501, "1": 0.5907077416696237, "2": 0.6587303392575371}, "mu": {"0": 1.035845818355094, "1": 1.1139105786269667, "2": 1.0419977271031664}, "phi": {"0": 0.3699675891393456, "1": 0.70491051895945, "2": 0.37921938259864185}, "psi": {"0": 0.6589993207716449, "1": 1.2062933483468172, "2": 1.1229169158772452}, "sigma": {"0": 0.9735309630828051, "1": 0.6869541864508764, "2": 0.0}, "chi_high": 0.03409627126522557, "beta_low": null}