{"R": 40.0, "wi": 2, "di": 1, "delta": 1.0, "gamma": {"0": 0.9232740238745952, "1": 0.9216161847984782, "2": 0.9893812299353987}, "mu": {"0": 1.0614560730191713, "1": 1.114300466231239, "2": 1.0229601266700767}, "phi": {"0": 0.9003378487884189, "1": 0.1295094521776211, "2": 0.8004924955416698}, "psi": {"0": 0.7931851849221648, "1": 0.6992857826624989, "2": 1.0823378227321911}, "sigma": {"0": 0.5471730839190869, "1": 0.6541327215527477, "2": 0.0}, "chi_high": null, "beta_low": null}