{"R": 40.0, "wi": 0, "di": 0, "delta": 1.0, "gamma": {"0": 0.9647011064493364, "1": 1.206802730243783, "2": 0.9706912340873498}, "mu": {"0": 1.0088425387598117, "1": 1.004677689722525, "2": 1.1107180435500785}, "phi": {"0": 0.15073628342995982, "1": 0.9193410944837285, "2": 0.7567402473412032}, "psi": {"0": 1.1248980768607617, "1": 1.3809813114491005, "2": 1.1966303970338508}, "sigma": {"0": 0.5229972033595497, "1": 0.9400512509977323, "2": 0.0}, "chi_high": 0.7977171278470664, "beta_low": 0.702562709286325}