{"R": 40.0, "wi": 0, "di": 0, "delta": 1.0, "gamma": {"0": 0.5731897086015274, "1": 1.4171788202693965, "2": 1.2565194949170797}, "mu": {"0": 1.127921836843849, "1": 1.0159446590738903, "2": 1.0770881764252762}, "phi": {"0": 0.7017709290234159, "1": 0.25194933408291276, "2": 0.812268775769671}, "psi": {"0": 1.4274384435614786, "1": 0.9006050873410916, "2": 0.9016320670577319}, "sigma": {"0": 0.7295123925140036, "1": 0.8758262852607104, "2": 0.0}, "chi_high": 0.5208813529292002, "beta_low": 0.5325956300042858}