{"R": 40.0, "wi": 1, "di": 0, "delta": 1.0, "gamma": {"0": 1.1222719483869192, "1": 1.2600957543665305, "2": 1.0414769314803418}, "mu": {"0": 1.0790450677166983, "1": 1.0195098069875599, "2": 1.1002488945323863}, "phi": {"0": 0.3402158319596097, "1": 0.8687280152081049, "2": 0.5418457988282429}, "psi": {"0": 1.082280571608545, "1": 1.182962062548772, "2": 1.096847350857895}, "sigma": {"0": 0.8062204353455121, "1": 0.0, "2": 0.0}, "chi_high": null, "beta_low": 0.19989273224525178}