{"R": 40.0, "wi": 0, "di": 1, "delta": 1.0, "gamma": {"0": 0.6137721886610611, "1": 0.9409186997411195, "2": 1.4104008143977596}, "mu": {"0": 1.1492073576834059, "1": 1.0583971470502544, "2": 1.086130825564362}, "phi": {"0": 0.7575875236439593, "1": 0.9954584456354582, "2": 0.9113133831393733}, "psi": {"0": 0.8436796621260365, "1": 1.3528295644513608, "2": 0.6246953243764688}, "sigma": {"0": 0.6331729830436821, "1": 0.5534678149746811, "2": 0.0}, "chi_high": 0.8272190331479538, "beta_low": 0.01661912621480358}