{"R": 40.0, "wi": 3, "di": 0, "delta": 1.0, "gamma": {"0": 0.7652944308838479, "1": 1.1776148936025437, "2": 0.7192287793406239}, "mu": {"0": 1.0329364497509024, "1": 1.0790830426345688, "2": 1.0451579917207448}, "phi": {"0": 0.11007721092306277, "1": 0.4457420110680965, "2": 0.8236204500408358}, "psi": {"0": 0.8281732101485346, "1": 1.280543164483562, "2": 1.230975327924822}, "sigma": {"0": 0.9219532252283607, "1": 0.6216938296404677, "2": 0.0}, "chi_high": 0.7355634493602726, "beta_low": null}