{"R": 40.0, "wi": 2, "di": 1, "delta": 1.0, "gamma": {"0": 0.5224533668813436, "1": 0.7530400125664587, "2": 0.8477308797799472}, "mu": {"0": 1.0471879223004927, "1": 1.0796941462156922, "2": 1.0182894280452832}, "phi": {"0": 0.6772565633256568, "1": 0.8300962982349679, "2": 0.48031699025853025}, "psi": {"0": 0.8463136083014203, "1": 1.2879735223929738, "2": 1.4544790332274067}, "sigma": {"0": 0.7128821911288177, "1": 0.9780354387631681, "2": 0.0}, "chi_high": null, "beta_low": null}