{"R": 40.0, "wi": 1, "di": 0, "delta": 1.0, "gamma": {"0": 1.3561041850542666, "1": 1.203163273288696, "2": 0.5840448572382685}, "mu": {"0": 1.1209557677381774, "1": 1.1205906262725611, "2": 1.022195650549536}, "phi": {"0": 0.8326040507254583, "1": 0.27567250981095726, "2": 0.952815090209154}, "psi": {"0": 0.9918810106303126, "1": 0.5482386891457462, "2": 0.7713854971915516}, "sigma": {"0": 0.9421641146699822, "1": 0.0, "2": 0.0}, "chi_high": null, "beta_low": 0.4523195455326013}