{"R": 40.0, "wi": 1, "di": 1, "delta": 1.0, "gamma": {"0": 0.5462383532292518, "1": 0.784495297658379, "2": 0.7805368714623632}, "mu": {"0": 1.0607781955871316, "1": 1.0603069305610824, "2": 1.1462196140515866}, "phi": {"0": 0.3563628987575084, "1": 0.4362092326025746, "2": 0.9810913322887682}, "psi": {"0": 1.2068158969230232, "1": 0.9640481733237897, "2": 0.7103597518135889}, "sigma": {"0": 0.6523934737756836, "1": 0.0, "2": 0.0}, "chi_high": null, "beta_low": 0.9802418498195984}