{"R": 40.0, "wi": 2, "di": 2, "delta": 1.0, "gamma": {"0": 0.7295651071738919, "1": 0.9758665403031476, "2": 0.7439428961186123}, "mu": {"0": 1.1072085581038034, "1": 1.0286285782273104, "2": 1.0690622235341252}, "phi": {"0": 0.23617488555226307, "1": 0.038753056454793544, "2": 0.8205157850184177}, "psi": {"0": 0.948375221911727, "1": 0.5489573321161652, "2": 0.504249558671939}, "sigma": {"0": 0.5396765772517574, "1": 0.8971272847493368, "2": 0.0}, "chi_high": null, "beta_low": null}