{"R": 40.0, "wi": 2, "di": 0, "delta": 1.0, "gamma": {"0": 0.5940478036045909, "1": 1.4401106873863432, "2": 0.6946484404303721}, "mu": {"0": 1.11812069165155, "1": 1.0690144642616815, "2": 1.029500943338637}, "phi": {"0": 0.21832957951608967, "1": 0.017625378583456364, "2": 0.6394325369792024}, "psi": {"0": 0.7811578323206285, "1": 1.179366095966207, "2": 0.799725212406716}, "sigma": {"0": 0.9658393532877749, "1": 0.989186143470636, "2": 0.0}, "chi_high": null, "beta_low": null}