{"R": 40.0, "wi": 1, "di": 1, "delta": 1.0, "gamma": {"0": 0.7709761243906673, "1": 1.3076715527306884, "2": 1.4983203120415887}, "mu": {"0": 1.0433843285048328, "1": 1.104465380269383, "2": 1.1476884974372152}, "phi": {"0": 0.2582086017622661, "1": 0.22823434932332154, "2": 0.4947235151150453}, "psi": {"0": 0.9931987580060896, "1": 1.0670587927934414, "2": 0.6854110127113098}, "sigma": {"0": 0.5065467818716498, "1": 0.0, "2": 0.0}, "chi_high": null, "beta_low": 0.03184043549715092}