{"R": 40.0, "wi": 3, "di": 0, "delta": 1.0, "gamma": {"0": 1.071917510577879, "1": 0.5547214615619224, "2": 0.8452609639619851}, "mu": {"0": 1.0387282539462956, "1": 1.0988535301701832, "2": 1.0836817867418216}, "phi": {"0": 0.5751678657158452, "1": 0.013751905054563585, "2": 0.21333650181996233}, "psi": {"0": 0.7856644078045987, "1": 1.3480179744993794, "2": 1.0254229003890125}, "sigma": {"0": 0.6616474581805234, "1": 0.650567137770141, "2": 0.0}, "chi_high": 0.8105231482114782, "beta_low": null}