{"R": 40.0, "wi": 3, "di": 2, "delta": 1.0, "gamma": {"0": 0.894728255558807, "1": 1.1801777630990222, "2": 1.076361727853059}, "mu": {"0": 1.085004449417298, "1": 1.095475190966567, "2": 1.101948443982544}, "phi": {"0": 0.6010027186497944, "1": 0.1462450901380301, "2": 0.08878695359776612}, "psi": {"0": 0.5271178752707956, "1": 0.5960570787542384, "2": 1.1405202212195196}, "sigma": {"0": 0.7512710260308761, "1": 0.9746801375639058, "2": 0.0}, "chi_high": 0.043709329463199297, "beta_low": null}