{"R": 40.0, "wi": 2, "di": 0, "delta": 1.0, "gamma": {"0": 1.1285269937164542, "1": 0.8373602686102155, "2": 1.2795479127782947}, "mu": {"0": 1.134222750526262, "1": 1.0405468226323662, "2": 1.118542183572122}, "phi": {"0": 0.4392892750478039, "1": 0.4015713429453175, "2": 0.6725475307592009}, "psi": {"0": 0.9850256638830398, "1": 0.7069487113419592, "2": 1.439282989050597}, "sigma": {"0": 0.6306464658301507, "1": 0.8000305386602511, "2": 0.0}, "chi_high": null, "beta_low": null}