{"R": 40.0, "wi": 2, "di": 1, "delta": 1.0, "gamma": {"0": 0.5859318276766027, "1": 0.6678653950838915, "2": 1.429795258908726}, "mu": {"0": 1.1020679054098261, "1": 1.0875889917354045, "2": 1.048849945473197}, "phi": {"0": 0.6350016847924336, "1": 0.6447491590401392, "2": 0.23996794767383411}, "psi": {"0": 0.7394980688271813, "1": 0.9791029967472348, "2": 0.5240202778793038}, "sigma": {"0": 0.6403767747871161, "1": 0.5403856372655347, "2": 0.0}, "chi_high": null, "beta_low": null}