{"R": 40.0, "wi": 1, "di": 2, "delta": 1.0, "gamma": {"0": 0.9372806681421229, "1": 1.1334673661273673, "2": 1.2062615893112856}, "mu": {"0": 1.005903115642361, "1": 1.0057666879463794, "2": 1.124021263222941}, "phi": {"0": 0.8142430886729877, "1": 0.6632173543285728, "2": 0.34942011538093554}, "psi": {"0": 0.6006367041493539, "1": 0.6379784886065426, "2": 0.5644674003744233}, "sigma": {"0": 0.7309825276854218, "1": 0.0, "2": 0.0}, "chi_high": null, "beta_low": 0.4186437205693056}