{"R": 40.0, "wi": 1, "di": 0, "delta": 1.0, "gamma": {"0": 1.0435651537253472, "1": 1.133386986479126, "2": 1.0952718614407444}, "mu": {"0": 1.0801123758760356, "1": 1.0991818913522453, "2": 1.0900579240793888}, "phi": {"0": 0.917443828601264, "1": 0.3161345148568364, "2": 0.37978593550868445}, "psi": {"0": 1.4134641353814783, "1": 0.5441756689816643, "2": 1.0036876000652857}, "sigma": {"0": 0.8000360328810412, "1": 0.0, "2": 0.0}, "chi_high": null, "beta_low": 0.051708291533969816}