{"R": 40.0, "wi": 1, "di": 0, "delta": 1.0, "gamma": {"0": 0.5669423845292396, "1": 1.2333067595590985, "2": 1.2047957381122583}, "mu": {"0": 1.1406826917043253, "1": 1.0910479883667987, "2": 1.111190588767704}, "phi": {"0": 0.6386262093273517, "1": 0.31142391089233956, "2": 0.8609419182308975}, "psi": {"0": 0.6159147552437939, "1": 0.6186041028090311, "2": 0.5497133408030587}, "sigma": {"0": 0.6173202183822104, "1": 0.0, "2": 0.0}, "chi_high": null, "beta_low": 0.7341099567181413}