{"R": 40.0, "wi": 2, "di": 1, "delta": 1.0, "gamma": {"0": 0.990771561963553, "1": 1.2603758118979858, "2": 0.57053660253279}, "mu": {"0": 1.1291951880976356, "1": 1.139089448499579, "2": 1.02923562799399}, "phi": {"0": 0.05599350440179074, "1": 0.5549117289144457, "2": 0.7008532604172908}, "psi": {"0": 1.1486031359705269, "1": 1.1840859048892336, "2": 0.923481580636004}, "sigma": {"0": 0.5682539353225422, "1": 0.6406246002947512, "2": 0.0}, "chi_high": null, "beta_low": null}