{"R": 40.0, "wi": 2, "di": 1, "delta": 1.0, "gamma": {"0": 0.8876527326686386, "1": 1.4370082533061925, "2": 0.8239073266247741}, "mu": {"0": 1.0705550306547238, "1": 1.059019271785583, "2": 1.037439991831242}, "phi": {"0": 0.20727079183105657, "1": 0.5276835390572424, "2": 0.7714261371489562}, "psi": {"0": 0.5795988120295825, "1": 1.3142604238676867, "2": 0.7798048818446368}, "sigma": {"0": 0.7319811662076219, "1": 0.7224544073608421, "2": 0.0}, "chi_high": null, "beta_low": null}