{"R": 40.0, "wi": 3, "di": 0, "delta": 1.0, "gamma": {"0": 1.0166908654110167, "1": 0.760507371637966, "2": 0.8288208746151995}, "mu": {"0": 1.0419961447091743, "1": 1.05704220210985, "2": 1.002348978471512}, "phi": {"0": 0.024306537768630898, "1": 0.32658826087086157, "2": 0.8216957913963581}, "psi": {"0": 0.9241993282626049, "1": 0.9929200858382577, "2": 0.8449936381867592}, "sigma": {"0": 0.8044611612001131, "1": 0.8511441587795421, "2": 0.0}, "chi_high": 0.11958581954982518, "beta_low": null}