{"R": 40.0, "wi": 1, "di": 1, "delta": 1.0, "gamma": {"0": 0.6630813103841233, "1": 1.1277589666770753, "2": 0.8526360803818571}, "mu": {"0": 1.07421285262085, "1": 1.1307386719348282, "2": 1.1284193355374166}, "phi": {"0": 0.1806405611765075, "1": 0.08909355229456706, "2": 0.7665405749448744}, "psi": {"0": 1.4866421517533248, "1": 1.227052963556725, "2": 1.330282460418571}, "sigma": {"0": 0.7555553771771732, "1": 0.0, "2": 0.0}, "chi_high": null, "beta_low": 0.7263323679051531}