{"R": 40.0, "wi": 2, "di": 2, "delta": 1.0, "gamma": {"0": 1.3249133923372507, "1": 1.1189529097795985, "2": 0.8201431504104901}, "mu": {"0": 1.1399821897399554, "1": 1.0266985508530984, "2": 1.0405009550100117}, "phi": {"0": 0.4623053676734259, "1": 0.1655845560949747, "2": 0.2244274302374284}, "psi": {"0": 0.9299387572520365, "1": 0.821914966872035, "2": 1.311280989673055}, "sigma": {"0": 0.9483611873320617, "1": 0.5975703751151625, "2": 0.0}, "chi_high": null, "beta_low": null}