{"R": 40.0, "wi": 2, "di": 1, "delta": 1.0, "gamma": {"0": 1.3663675492390022, "1": 0.9397309925807782, "2": 1.424928706498139}, "mu": {"0": 1.1493317710735629, "1": 1.0379600530284385, "2": 1.1437486349908004}, "phi": {"0": 0.4585010460417386, "1": 0.8944463759042579, "2": 0.989585627536007}, "psi": {"0": 0.7672584553527151, "1": 0.6643245247916354, "2": 0.7856815769113084}, "sigma": {"0": 0.8602755602875276, "1": 0.7669897682067237, "2": 0.0}, "chi_high": null, "beta_low": null}