{"R": 40.0, "wi": 0, "di": 1, "delta": 1.0, "gamma": {"0": 1.396042259357234, "1": 0.5541622147645655, "2": 1.4591989321875283}, "mu": {"0": 1.0825494864542131, "1": 1.0033297531098748, "2": 1.1207280038750227}, "phi": {"0": 0.46913099361037813, "1": 0.3463787863772987, "2": 0.8388296820790929}, "psi": {"0": 1.3841274169541482, "1": 0.6249380427415139, "2": 0.9910813189033548}, "sigma": {"0": 0.7107245298066434, "1": 0.7237917000244194, "2": 0.0}, "chi_high": 0.43188682245747767, "beta_low": 0.2335329538766373}