{"R": 40.0, "wi": 2, "di": 2, "delta": 1.0, "gamma": {"0": 1.1230847878497152, "1": 1.1905061531159624, "2": 0.8296369853597625}, "mu": {"0": 1.0463905143665049, "1": 1.1279726269728427, "2": 1.128913319639513}, "phi": {"0": 0.9069403895079708, "1": 0.7229042314503582, "2": 0.9427005558221553}, "psi": {"0": 1.4819324554632511, "1": 1.3565195097586644, "2": 0.5080401415073263}, "sigma": {"0": 0.5601446598542591, "1": 0.5656813086392408, "2": 0.0}, "chi_high": null, "beta_low": null}