{"R": 40.0, "wi": 0, "di": 2, "delta": 1.0, "gamma": {"0": 0.5598160442051213, "1": 0.8961257859086024, "2": 0.5752229503656908}, "mu": {"0": 1.1133037026400885, "1": 1.1315140842432503, "2": 1.1287407231514646}, "phi": {"0": 0.12430158937509961, "1": 0.013460771588585274, "2": 0.6863967296011819}, "psi": {"0": 1.355496837980275, "1": 1.1666271979357945, "2": 1.303919157334617}, "sigma": {"0": 0.7382093719771745, "1": 0.7279870858494868, "2": 0.0}, "chi_high": 0.2476284967572194, "beta_low": 0.1759893032711356}