{"R": 40.0, "wi": 0, "di": 0, "delta": 1.0, "gamma": {"0": 0.6867339964280464, "1": 1.1320754455800268, "2": 0.9108971855524026}, "mu": {"0": 1.0301888082223798, "1": 1.076031755001597, "2": 1.073733888772378}, "phi": {"0": 0.34264182932005405, "1": 0.6993889473537883, "2": 0.6408506748683829}, "psi": {"0": 1.197066287845902, "1": 1.0575314098169555, "2": 1.0285208491737685}, "sigma": {"0": 0.6171590855576548, "1": 0.8957325449225599, "2": 0.0}, "chi_high": 0.6083121363173114, "beta_low": 0.35054543638659946}