{"R": 40.0, "wi": 3, "di": 0, "delta": 1.0, "gamma": {"0": 1.0536126464944622, "1": 1.0484881445496534, "2": 0.7260831465013351}, "mu": {"0": 1.0403717415227822, "1": 1.1088434795976478, "2": 1.08339399771934}, "phi": {"0": 0.22770966577261764, "1": 0.9425329942573434, "2": 0.3018234608660586}, "psi": {"0": 1.0745826727747723, "1": 0.7157547465580475, "2": 1.191145842450517}, "sigma": {"0": 0.8606003121255096, "1": 0.9170788062840325, "2": 0.0}, "chi_high": 0.18294090697466192, "beta_low": null}