{"R": 40.0, "wi": 0, "di": 1, "delta": 1.0, "gamma": {"0": 0.8330712645099821, "1": 1.0224538249537796, "2": 0.7653659286263729}, "mu": {"0": 1.0591228807556157, "1": 1.1456191174950467, "2": 1.1150044591842587}, "phi": {"0": 0.5046263126771551, "1": 0.22571305912918016, "2": 0.5646894614573975}, "psi": {"0": 0.5612761265503219, "1": 1.3179012434329445, "2": 0.6450291326599792}, "sigma": {"0": 0.6268802520471408, "1": 0.9543628850562262, "2": 0.0}, "chi_high": 0.5930730761087956, "beta_low": 0.5242586107245258}