{"R": 40.0, "wi": 2, "di": 2, "delta": 1.0, "gamma": {"0": 1.2846132053919508, "1": 1.4541397095485538, "2": 0.5217947783862957}, "mu": {"0": 1.1072595385459154, "1": 1.0663167925945025, "2": 1.0653141703678508}, "phi": {"0": 0.799033972289347, "1": 0.6241714886981719, "2": 0.3719921182250876}, "psi": {"0": 1.3025403026873323, "1": 1.4842378833511969, "2": 1.41771292491631}, "sigma": {"0": 0.6672037038422418, "1": 0.9526358549895615, "2": 0.0}, "chi_high": null, "beta_low": null}