{"R": 40.0, "wi": 2, "di": 1, "delta": 1.0, "gamma": {"0": 0.5276534457814384, "1": 0.6785743915548765, "2": 0.5930155941586046}, "mu": {"0": 1.0655271594238769, "1": 1.126150614740204, "2": 1.035357508702979}, "phi": {"0": 0.9526965958654416, "1": 0.8258152456224646, "2": 0.6807114576552582}, "psi": {"0": 0.8251635492488205, "1": 0.9010155204441495, "2": 0.8481144265085605}, "sigma": {"0": 0.8186722490304915, "1": 0.9791774650681295, "2": 0.0}, "chi_high": null, "beta_low": null}