{"R": 40.0, "wi": 1, "di": 1, "delta": 1.0, "gamma": {"0": 0.7732882262944238, "1": 1.0754073793437549, "2": 1.0358920874804363}, "mu": {"0": 1.0665605409375658, "1": 1.0626052807550128, "2": 1.1423471135761811}, "phi": {"0": 0.47291491232575245, "1": 0.6160923825623181, "2": 0.1784507388322626}, "psi": {"0": 1.2338172123660878, "1": 0.5368069874396877, "2": 1.2556710510645632}, "sigma": {"0": 0.9618061629574532, "1": 0.0, "2": 0.0}, "chi_high": null, "beta_low": 0.6193021589184722}