{"R": 40.0, "wi": 2, "di": 0, "delta": 1.0, "gamma": {"0": 1.0305985712065262, "1": 0.511522645696855, "2": 0.9151441031900002}, "mu": {"0": 1.0412111331113714, "1": 1.0114396035446704, "2": 1.0936315687915672}, "phi": {"0": 0.5625096385899054, "1": 0.8681487165901208, "2": 0.09523167395852095}, "psi": {"0": 0.935857568739869, "1": 0.7483862215283329, "2": 0.9228774470499628}, "sigma": {"0": 0.9874631185860706, "1": 0.6410313519900039, "2": 0.0}, "chi_high": null, "beta_low": null}