{"R": 40.0, "wi": 3, "di": 0, "delta": 1.0, "gamma": {"0": 0.9861720738190316, "1": 1.206858643329575, "2": 1.314209689600112}, "mu": {"0": 1.0808846713266724, "1": 1.0546378019227198, "2": 1.1296566207200467}, "phi": {"0": 0.08253033319541059, "1": 0.8943714728757883, "2": 0.29910226246174176}, "psi": {"0": 0.6966440896665281, "1": 1.3071157690921575, "2": 1.1529430495239676}, "sigma": {"0": 0.5379797134835262, "1": 0.6153624847327053, "2": 0.0}, "chi_high": 0.5366399375010179, "beta_low": null}