{"R": 40.0, "wi": 1, "di": 0, "delta": 1.0, "gamma": {"0": 0.9669061745901513, "1": 1.4859831935595265, "2": 0.6278001820369783}, "mu": {"0": 1.0950924653863543, "1": 1.0602128485461455, "2": 1.0506355819047122}, "phi": {"0": 0.7817581500224682, "1": 0.11950101322471507, "2": 0.03686758603077034}, "psi": {"0": 0.6195074317173853, "1": 0.8622703547624365, "2": 1.1886508594646228}, "sigma": {"0": 0.7091775597925027, "1": 0.0, "2": 0.0}, "chi_high": null, "beta_low": 0.8201926503638253}