{"R": 40.0, "wi": 3, "di": 1, "delta": 1.0, "gamma": {"0": 1.3605017096657634, "1": 0.9779143354003469, "2": 1.4427467552896376}, "mu": {"0": 1.077360929350378, "1": 1.040134880969512, "2": 1.0252966147724234}, "phi": {"0": 0.19979999267144122, "1": 0.9514931210045647, "2": 0.9653037616925227}, "psi": {"0": 0.8027720416706785, "1": 1.2328213114743252, "2": 1.0150806937553085}, "sigma": {"0": 0.637532042073859, "1": 0.6799779018072996, "2": 0.0}, "chi_high": 0.7271682452989054, "beta_low": null}