{"R": 40.0, "wi": 0, "di": 1, "delta": 1.0, "gamma": {"0": 0.6349491867707542, "1": 1.2854679538020393, "2": 1.4770952164497129}, "mu": {"0": 1.0116273293350553, "1": 1.0446974622929774, "2": 1.0520540078852125}, "phi": {"0": 0.34262957613181266, "1": 0.650404455897338, "2": 0.9459982132607241}, "psi": {"0": 0.6829183563647147, "1": 0.8541433946696717, "2": 0.580926509848428}, "sigma": {"0": 0.7321117251501491, "1": 0.9297969167494392, "2": 0.0}, "chi_high": 0.041991208207409966, "beta_low": 0.4644614731840923}