{"R": 40.0, "wi": 1, "di": 2, "delta": 1.0, "gamma": {"0": 0.7227126462561746, "1": 1.0005437728798152, "2": 1.0143539369432562}, "mu": {"0": 1.1073148363316991, "1": 1.028107502086302, "2": 1.0408514919079523}, "phi": {"0": 0.6454177023563266, "1": 0.0004565986170657066, "2": 0.42900928710635045}, "psi": {"0": 0.8648781284345409, "1": 0.7364516522173224, "2": 1.4613306853034809}, "sigma": {"0": 0.5331276920318416, "1": 0.0, "2": 0.0}, "chi_high": null, "beta_low": 0.328919503682613}