{"R": 40.0, "wi": 0, "di": 0, "delta": 1.0, "gamma": {"0": 1.4828076191497037, "1": 0.8730999521768333, "2": 0.9946751852408029}, "mu": {"0": 1.0798805041848092, "1": 1.0733054641837294, "2": 1.069918742657779}, "phi": {"0": 0.36391194996953236, "1": 0.5194924658785033, "2": 0.28241965758746357}, "psi": {"0": 1.1381339348303081, "1": 1.3422632504334246, "2": 0.8542207392642952}, "sigma": {"0": 0.7515905189060001, "1": 0.8930233576487836, "2": 0.0}, "chi_high": 0.3949548690903131, "beta_low": 0.6897261547696001}