{"R": 40.0, "wi": 2, "di": 0, "delta": 1.0, "gamma": {"0": 0.5031489992857293, "1": 0.728576118345267, "2": 1.1243796666114223}, "mu": {"0": 1.0661722250846648, "1": 1.0331826396694734, "2": 1.1482370140119353}, "phi": {"0": 0.6426191411537354, "1": 0.518093873822066, "2": 0.9728082737826126}, "psi": {"0": 1.1298514916717735, "1": 0.7094298905620247, "2": 0.874544539364855}, "sigma": {"0": 0.6340375787722556, "1": 0.8060369266622248, "2": 0.0}, "chi_high": null, "beta_low": null}