{"R": 40.0, "wi": 2, "di": 2, "delta": 1.0, "gamma": {"0": 0.6038879403779994, "1": 1.0504224374301843, "2": 1.0949829010019978}, "mu": {"0": 1.1046392672761263, "1": 1.0044358652382162, "2": 1.1279886186655768}, "phi": {"0": 0.5270937392865414, "1": 0.7597325542596165, "2": 0.10666935130640365}, "psi": {"0": 1.0199392656895196, "1": 0.957096369689187, "2": 0.9247166401898516}, "sigma": {"0": 0.8417166995578608, "1": 0.6983243986136937, "2": 0.0}, "chi_high": null, "beta_low": null}