{"R": 40.0, "wi": 3, "di": 2, "delta": 1.0, "gamma": {"0": 0.7248250977457202, "1": 0.6574307085942972, "2": 0.6494959840403278}, "mu": {"0": 1.103992187461093, "1": 1.0342607627899898, "2": 1.1109151501429657}, "phi": {"0": 0.8531013310671641, "1": 0.5031095469601713, "2": 0.7122932982511696}, "psi": {"0": 0.6008091505288363, "1": 0.7116947417011401, "2": 1.2082707131764316}, "sigma": {"0": 0.6735605282453478, "1": 0.5355392389248785, "2": 0.0}, "chi_high": 0.35159936217945165, "beta_low": null}