{"R": 40.0, "wi": 1, "di": 2, "delta": 1.0, "gamma": {"0": 0.622574533818646, "1": 0.7825625658519494, "2": 1.225393847620607}, "mu": {"0": 1.1355860381945904, "1": 1.1316916872179237, "2": 1.112749328969033}, "phi": {"0": 0.7774794501749536, "1": 0.4050933281863971, "2": 0.7585272261465548}, "psi": {"0": 0.8152176206385239, "1": 0.7455081185578967, "2": 1.4700341067625136}, "sigma": {"0": 0.5242623886260422, "1": 0.0, "2": 0.0}, "chi_high": null, "beta_low": 0.1578482324482484}