{"R": 40.0, "wi": 3, "di": 1, "delta": 1.0, "gamma": {"0": 0.5824983551179755, "1": 1.4675221956057896, "2": 0.9320531173689915}, "mu": {"0": 1.0109907584201472, "1": 1.0446228353810931, "2": 1.1107433344897075}, "phi": {"0": 0.5283437065150942, "1": 0.46526949920228766, "2": 0.6898608336606984}, "psi": {"0": 0.5171785623202013, "1": 0.830905837049159, "2": 1.2394510995172634}, "sigma": {"0": 0.7880770436687211, "1": 0.9136778812050134, "2": 0.0}, "chi_high": 0.9400233178689754, "beta_low": null}