{"R": 40.0, "wi": 3, "di": 2, "delta": 1.0, "gamma": {"0": 0.842311816526638, "1": 1.2571417765068662, "2": 1.2891379337161275}, "mu": {"0": 1.0671698348174956, "1": 1.0355094401960065, "2": 1.0131496555732689}, "phi": {"0": 0.10205141936072937, "1": 0.26133904183052936, "2": 0.029018010119796434}, "psi": {"0": 1.004684802863965, "1": 0.9663880738638176, "2": 0.8390329495929473}, "sigma": {"0": 0.5664288615855624, "1": 0.861895923783918, "2": 0.0}, "chi_high": 0.5256640083464142, "beta_low": null}