{"R": 40.0, "wi": 1, "di": 0, "delta": 1.0, "gamma": {"0": 1.305844496827186, "1": 0.8909089926027836, "2": 1.2027922489041816}, "mu": {"0": 1.084575625985911, "1": 1.0600404425970489, "2": 1.0829290435637453}, "phi": {"0": 0.48027639306181524, "1": 0.39126875724049426, "2": 0.04168677574861224}, "psi": {"0": 1.2181538323807906, "1": 1.3652841912990386, "2": 1.306120540968373}, "sigma": {"0": 0.8137060961360617, "1": 0.0, "2": 0.0}, "chi_high": null, "beta_low": 0.9275545068828968}