{"R": 40.0, "wi": 3, "di": 1, "delta": 1.0, "gamma": {"0": 1.2365126838195155, "1": 1.0707634712948662, "2": 1.4883206090177028}, "mu": {"0": 1.0567419959452786, "1": 1.1000739185417037, "2": 1.1230456080172664}, "phi": {"0": 0.7711265164441254, "1": 0.010641484268697377, "2": 0.2371174414583288}, "psi": {"0": 0.8043043652815036, "1": 1.4910303486804584, "2": 1.461855978432646}, "sigma": {"0": 0.6921925888301856, "1": 0.7597271013606275, "2": 0.0}, "chi_high": 0.5499550589743025, "beta_low": null}