{"R": 40.0, "wi": 2, "di": 2, "delta": 1.0, "gamma": {"0": 0.8847263850030618, "1": 1.2101086189892472, "2": 1.242875635397951}, "mu": {"0": 1.0331668173383728, "1": 1.1362893055116807, "2": 1.0370521212874055}, "phi": {"0": 0.8714867048737341, "1": 0.865185026663983, "2": 0.26515680905724515}, "psi": {"0": 1.2830559109153301, "1": 0.8407932105718331, "2": 1.31910039225877}, "sigma": {"0": 0.9256865462758133, "1": 0.7559733164056777, "2": 0.0}, "chi_high": null, "beta_low": null}