{"R": 40.0, "wi": 0, "di": 1, "delta": 1.0, "gamma": {"0": 0.7372389369655764, "1": 0.5712257220239277, "2": 0.6097226506063915}, "mu": {"0": 1.1152383255343699, "1": 1.033572813766339, "2": 1.031839023938895}, "phi": {"0": 0.15886932918680885, "1": 0.24402507879405932, "2": 0.18626106847841528}, "psi": {"0": 1.125948251520855, "1": 1.2560826712077637, "2": 1.3361096695959755}, "sigma": {"0": 0.6085656768795545, "1": 0.9512210000898967, "2": 0.0}, "chi_high": 0.9485173323728542, "beta_low": 0.47763057759584127}