{"R": 40.0, "wi": 2, "di": 2, "delta": 1.0, "gamma": {"0": 1.2749701428260902, "1": 1.3072898603016117, "2": 1.4534933339556542}, "mu": {"0": 1.1121118679720208, "1": 1.1030610969720862, "2": 1.106849231346908}, "phi": {"0": 0.21874708731946413, "1": 0.8820140743363336, "2": 0.3377741132911638}, "psi": {"0": 0.7995527706084465, "1": 1.1259999128105904, "2": 1.0843251342082096}, "sigma": {"0": 0.6957994095626547, "1": 0.8836674161343527, "2": 0.0}, "chi_high": null, "beta_low": null}