{"R": 40.0, "wi": 1, "di": 2, "delta": 1.0, "gamma": {"0": 0.969263711177282, "1": 0.5342029357453926, "2": 0.5243973617734227}, "mu": {"0": 1.022453832190879, "1": 1.0789434608319424, "2": 1.0466438902481539}, "phi": {"0": 0.7767774585745999, "1": 0.15932787353983746, "2": 0.3196808438337102}, "psi": {"0": 1.1728260980000038, "1": 0.9379941625225703, "2": 0.8885585536146399}, "sigma": {"0": 0.7474787341881342, "1": 0.0, "2": 0.0}, "chi_high": null, "beta_low": 0.9466122315203952}