{"R": 40.0, "wi": 2, "di": 0, "delta": 1.0, "gamma": {"0": 0.8502967613048379, "1": 0.8666123478713078, "2": 0.738607622492189}, "mu": {"0": 1.112163278771862, "1": 1.114802936010667, "2": 1.0838090320327967}, "phi": {"0": 0.4355383954390605, "1": 0.35473204611786946, "2": 0.5988693540446822}, "psi": {"0": 0.6777477503013062, "1": 0.7431401992676245, "2": 1.2148867762055198}, "sigma": {"0": 0.9585564640201591, "1": 0.8929782113759388, "2": 0.0}, "chi_high": null, "beta_low": null}