{"R": 40.0, "wi": 0, "di": 2, "delta": 1.0, "gamma": {"0": 1.0041455511706348, "1": 1.0570249393291935, "2": 0.8181005274934725}, "mu": {"0": 1.1384736889198146, "1": 1.058221497524158, "2": 1.054560004802048}, "phi": {"0": 0.4540187140834797, "1": 0.8349535176337644, "2": 0.09705987197014243}, "psi": {"0": 1.1665139998656533, "1": 1.0090088843636082, "2": 0.7470853590624082}, "sigma": {"0": 0.5105939049445725, "1": 0.6795459053472415, "2": 0.0}, "chi_high": 0.3690984045140557, "beta_low": 0.6275602016767459}