{"R": 40.0, "wi": 2, "di": 1, "delta": 1.0, "gamma": {"0": 1.401033688308992, "1": 1.0581702940794047, "2": 1.0725815366615303}, "mu": {"0": 1.0681070432307496, "1": 1.0760264252728937, "2": 1.0901557096051824}, "phi": {"0": 0.9636806827118101, "1": 0.4746180346373259, "2": 0.26991509806787617}, "psi": {"0": 0.8959543226435862, "1": 1.4034625145441622, "2": 1.1802644767522494}, "sigma": {"0": 0.7790178631784717, "1": 0.6008691540080571, "2": 0.0}, "chi_high": null, "beta_low": null}