{"R": 40.0, "wi": 2, "di": 0, "delta": 1.0, "gamma": {"0": 1.2913196675443612, "1": 1.2445794869648061, "2": 1.4627327806805392}, "mu": {"0": 1.1374472192354257, "1": 1.146349399187681, "2": 1.1290066084993975}, "phi": {"0": 0.09258978863341605, "1": 0.44108595425478536, "2": 0.018994422491824925}, "psi": {"0": 0.5967709030673145, "1": 1.1466643847557436, "2": 1.1274834420172275}, "sigma": {"0": 0.6158362685468033, "1": 0.7820265447319874, "2": 0.0}, "chi_high": null, "beta_low": null}