{"R": 40.0, "wi": 0, "di": 1, "delta": 1.0, "gamma": {"0": 0.6217117760279904, "1": 0.5486347495806837, "2": 0.5882351738218957}, "mu": {"0": 1.1214863720112347, "1": 1.0238290142742277, "2": 1.1136878942149457}, "phi": {"0": 0.3945845945764168, "1": 0.4428295292625176, "2": 0.3134675654189617}, "psi": {"0": 0.6526380708981746, "1": 1.3507784223696293, "2": 0.6501015643020479}, "sigma": {"0": 0.7536514715807716, "1": 0.8772789757647428, "2": 0.0}, "chi_high": 0.5862546013811205, "beta_low": 0.6907815152761746}