{"R": 40.0, "wi": 0, "di": 2, "delta": 1.0, "gamma": {"0": 0.559656718196835, "1": 0.5360644395637739, "2": 0.773332852900978}, "mu": {"0": 1.0743615309250913, "1": 1.0833454164334788, "2": 1.038461183500331}, "phi": {"0": 0.9598343811701875, "1": 0.8731371938361583, "2": 0.7739180378307808}, "psi": {"0": 0.6553602548495516, "1": 0.8013533433379327, "2": 0.9348042937533404}, "sigma": {"0": 0.834435457860164, "1": 0.9682020764815304, "2": 0.0}, "chi_high": 0.6357798433513048, "beta_low": 0.5465412232779485}