{"R": 40.0, "wi": 0, "di": 1, "delta": 1.0, "gamma": {"0": 0.560754171307592, "1": 1.099481372784819, "2": 0.8207716917314194}, "mu": {"0": 1.0415153062683182, "1": 1.0756123235530815, "2": 1.1020923829490492}, "phi": {"0": 0.47035168138729677, "1": 0.7071086414335925, "2": 0.0632817319752248}, "psi": {"0": 1.320021884530184, "1": 0.6198528773660829, "2": 0.7041628781870269}, "sigma": {"0": 0.9076638542938942, "1": 0.6794173327222157, "2": 0.0}, "chi_high": 0.507566483803639, "beta_low": 0.4122857250289752}