{"R": 40.0, "wi": 0, "di": 0, "delta": 1.0, "gamma": {"0": 1.1027509582133537, "1": 0.8236721044894484, "2": 1.352145149617968}, "mu": {"0": 1.0416259518100979, "1": 1.0113977173753952, "2": 1.0830242157779877}, "phi": {"0": 0.895374103259754, "1": 0.7377725728835764, "2": 0.03697876240599007}, "psi": {"0": 1.2568123729634526, "1": 1.4859018979590914, "2": 1.2694268256973957}, "sigma": {"0": 0.5231850142848625, "1": 0.9496182911174538, "2": 0.0}, "chi_high": 0.17263638262185674, "beta_low": 0.0975748656625693}