{"R": 40.0, "wi": 2, "di": 0, "delta": 1.0, "gamma": {"0": 1.4259769399323483, "1": 0.905252456302639, "2": 1.400758469269666}, "mu": {"0": 1.1396149177104928, "1": 1.1270593987530633, "2": 1.0331897287617038}, "phi": {"0": 0.576740939455919, "1": 0.35824522310211226, "2": 0.8165640684952394}, "psi": {"0": 0.5157784762201882, "1": 0.6384421020623391, "2": 0.7456321018607294}, "sigma": {"0": 0.8444898879056515, "1": 0.8148205840830683, "2": 0.0}, "chi_high": null, "beta_low": null}