{"R": 40.0, "wi": 3, "di": 2, "delta": 1.0, "gamma": {"0": 1.1643981816475213, "1": 1.355117410737613, "2": 1.1788216246753094}, "mu": {"0": 1.089293569562403, "1": 1.0593025607381386, "2": 1.08091726190883}, "phi": {"0": 0.22718378839006415, "1": 0.11394373557086301, "2": 0.34449571638876775}, "psi": {"0": 1.0973757103913118, "1": 0.993254368950161, "2": 0.5701225673015123}, "sigma": {"0": 0.5670131531018514, "1": 0.5559095614926317, "2": 0.0}, "chi_high": 0.30384470280364384, "beta_low": null}