{"R": 40.0, "wi": 3, "di": 1, "delta": 1.0, "gamma": {"0": 0.6486310200950114, "1": 1.406125238166124, "2": 1.2671274620393942}, "mu": {"0": 1.0778993496840417, "1": 1.0481569904718713, "2": 1.0028996719972254}, "phi": {"0": 0.9264129117070655, "1": 0.7484375657083522, "2": 0.40037769278664803}, "psi": {"0": 1.0695560993402204, "1": 0.6421262548610575, "2": 0.7540049443463583}, "sigma": {"0": 0.5172641358906068, "1": 0.7372286159343509, "2": 0.0}, "chi_high": 0.07148604914060304, "beta_low": null}