{"R": 40.0, "wi": 3, "di": 2, "delta": 1.0, "gamma": {"0": 1.0378540190620034, "1": 1.0787029109630755, "2": 0.6624336166403981}, "mu": {"0": 1.1316556038652976, "1": 1.0258515816145237, "2": 1.0660096989406902}, "phi": {"0": 0.896895134095882, "1": 0.9765400189877393, "2": 0.4084414434730843}, "psi": {"0": 0.6470383079172428, "1": 1.108910086735087, "2": 1.3555949306491701}, "sigma": {"0": 0.7009383359719356, "1": 0.602653809452406, "2": 0.0}, "chi_high": 0.38448611153177664, "beta_low": null}