{"R": 40.0, "wi": 0, "di": 1, "delta": 1.0, "gamma": {"0": 0.751205503578218, "1": 1.0920812280067087, "2": 1.240757940417236}, "mu": {"0": 1.1225595457730506, "1": 1.0113360640720108, "2": 1.0494078935104998}, "phi": {"0": 0.2666348050102023, "1": 0.03298759681573371, "2": 0.6195157904812576}, "psi": {"0": 1.2078206060512484, "1": 1.1840359686517787, "2": 0.847809301341518}, "sigma": {"0": 0.9902770949848034, "1": 0.7270603735619545, "2": 0.0}, "chi_high": 0.8679095519645721, "beta_low": 0.8281346507414798}