{"R": 40.0, "wi": 2, "di": 1, "delta": 1.0, "gamma": {"0": 0.8468278422598836, "1": 0.5479537823201556, "2": 1.303326257924613}, "mu": {"0": 1.109466589733144, "1": 1.0739323374862142, "2": 1.093246448668044}, "phi": {"0": 0.5158479155526906, "1": 0.9380265623516046, "2": 0.43050771733852056}, "psi": {"0": 1.1042244987016967, "1": 0.7604162336964322, "2": 0.5612826428310155}, "sigma": {"0": 0.6770122235201745, "1": 0.5836879973508409, "2": 0.0}, "chi_high": null, "beta_low": null}