{"R": 40.0, "wi": 1, "di": 1, "delta": 1.0, "gamma": {"0": 0.9375095545843279, "1": 1.4388711745290603, "2": 1.1350904717217931}, "mu": {"0": 1.083535921939401, "1": 1.0494094688038706, "2": 1.0389257096741589}, "phi": {"0": 0.9222509194391069, "1": 0.5317152605286504, "2": 0.43381177607722954}, "psi": {"0": 0.9837548617818229, "1": 1.4571203191863114, "2": 1.144781745581133}, "sigma": {"0": 0.7225729680508131, "1": 0.0, "2": 0.0}, "chi_high": null, "beta_low": 0.1027782876482672}