{"R": 40.0, "wi": 2, "di": 1, "delta": 1.0, "gamma": {"0": 1.2337850229300056, "1": 0.7665798220333232, "2": 0.7353607157078638}, "mu": {"0": 1.0389124803193939, "1": 1.1296609916332192, "2": 1.0294422753739094}, "phi": {"0": 0.8237826022061979, "1": 0.006688727836486996, "2": 0.03976130037582415}, "psi": {"0": 0.8239916306421912, "1": 0.83219831830579, "2": 1.0600333431041618}, "sigma": {"0": 0.9919628677444463, "1": 0.9331242269550837, "2": 0.0}, "chi_high": null, "beta_low": null}