{"R": 40.0, "wi": 3, "di": 2, "delta": 1.0, "gamma": {"0": 0.5661067070909086, "1": 0.5240946308540024, "2": 0.9071272531240384}, "mu": {"0": 1.1274300508104815, "1": 1.0332910469466157, "2": 1.1271305839236088}, "phi": {"0": 0.5693832370168623, "1": 0.8670927939191743, "2": 0.7871985291501441}, "psi": {"0": 1.0412026624574238, "1": 1.2432171898494742, "2": 0.7428255110296708}, "sigma": {"0": 0.8315296862314139, "1": 0.8181981710195263, "2": 0.0}, "chi_high": 0.04053012001024579, "beta_low": null}