{"R": 40.0, "wi": 3, "di": 2, "delta": 1.0, "gamma": {"0": 0.8785618465439629, "1": 1.1435064172019274, "2": 1.0475646698107208}, "mu": {"0": 1.0210297609060908, "1": 1.0375278195797093, "2": 1.0965450614444145}, "phi": {"0": 0.513910663809738, "1": 0.26975741185190005, "2": 0.3746564120548158}, "psi": {"0": 1.4064715156402252, "1": 1.4191509252639702, "2": 0.9878289193512712}, "sigma": {"0": 0.8878058767298292, "1": 0.8222834796206477, "2": 0.0}, "chi_high": 0.851429859340862, "beta_low": null}