{"R": 40.0, "wi": 0, "di": 0, "delta": 1.0, "gamma": {"0": 0.5773750983633139, "1": 1.1344961241747318, "2": 1.0974038545569786}, "mu": {"0": 1.0258410561405313, "1": 1.1156076989972519, "2": 1.1414689363135588}, "phi": {"0": 0.6316602326863844, "1": 0.2545972605775113, "2": 0.46289951139630736}, "psi": {"0": 0.7166083858530647, "1": 0.9061065534827515, "2": 0.8533958912829833}, "sigma": {"0": 0.7131258588357734, "1": 0.5567287372004808, "2": 0.0}, "chi_high": 0.8830426579880273, "beta_low": 0.24642514151389308}