{"R": 40.0, "wi": 0, "di": 0, "delta": 1.0, "gamma": {"0": 1.3074969047189837, "1": 0.9580418463758034, "2": 0.6944243413954123}, "mu": {"0": 1.0569554727957244, "1": 1.017802999926867, "2": 1.1303405284034693}, "phi": {"0": 0.8945514018712555, "1": 0.8577922763406084, "2": 0.5319417165031547}, "psi": {"0": 1.177033318956272, "1": 1.3510512836485344, "2": 0.9632482999855746}, "sigma": {"0": 0.6427090382865759, "1": 0.8904545459856015, "2": 0.0}, "chi_high": 0.6732854654670244, "beta_low": 0.24983323161363788}