{"R": 40.0, "wi": 0, "di": 2, "delta": 1.0, "gamma": {"0": 0.8380439946991792, "1": 1.0930271720688791, "2": 1.381150208838756}, "mu": {"0": 1.1274756526798122, "1": 1.055248704484091, "2": 1.0450811571801162}, "phi": {"0": 0.8820435020856744, "1": 0.37040215251066233, "2": 0.912308593100187}, "psi": {"0": 0.6540229034915525, "1": 0.943632041305548, "2": 1.1072593819455019}, "sigma": {"0": 0.84819553768536, "1": 0.5935118178504084, "2": 0.0}, "chi_high": 0.9759963300462313, "beta_low": 0.7296313334573362}