{"R": 40.0, "wi": 1, "di": 0, "delta": 1.0, "gamma": {"0": 0.9997907830167149, "1": 0.6420209698396916, "2": 0.5018720425004131}, "mu": {"0": 1.0409330847458649, "1": 1.0755828764462954, "2": 1.009589412821538}, "phi": {"0": 0.12419577640117518, "1": 0.9657618686453631, "2": 0.3759367365693974}, "psi": {"0": 1.2086328237118251, "1": 1.1350341537775201, "2": 0.7604221381204537}, "sigma": {"0": 0.5680695283412167, "1": 0.0, "2": 0.0}, "chi_high": null, "beta_low": 0.20774628388864178}