{"R": 40.0, "wi": 2, "di": 2, "delta": 1.0, "gamma": {"0": 1.225084686963638, "1": 1.1813170303335283, "2": 0.6999343660715861}, "mu": {"0": 1.083727026353619, "1": 1.0407324380208767, "2": 1.1044603008628153}, "phi": {"0": 0.758823688403074, "1": 0.12933994407723926, "2": 0.31365768442883224}, "psi": {"0": 0.7518488690476844, "1": 0.9239408392680346, "2": 1.3180821425440539}, "sigma": {"0": 0.6860431931709058, "1": 0.7182035608107086, "2": 0.0}, "chi_high": null, "beta_low": null}