{"R": 40.0, "wi": 3, "di": 1, "delta": 1.0, "gamma": {"0": 0.8152622546806308, "1": 0.8354274204525077, "2": 0.8245594168650278}, "mu": {"0": 1.0165160765251833, "1": 1.0495949425552071, "2": 1.1273473754351793}, "phi": {"0": 0.3977457348341634, "1": 0.25846308128484274, "2": 0.9288874700706953}, "psi": {"0": 1.1070956806044951, "1": 0.8171399583562833, "2": 1.2529295149958815}, "sigma": {"0": 0.6729451409124347, "1": 0.854867766523886, "2": 0.0}, "chi_high": 0.7880870524406061, "beta_low": null}