{"R": 40.0, "wi": 0, "di": 2, "delta": 1.0, "gamma": {"0": 1.2056134118788373, "1": 0.9673354175228683, "2": 0.5575903750249213}, "mu": {"0": 1.1323442016343752, "1": 1.0404961268394264, "2": 1.0598632920445195}, "phi": {"0": 0.20297551708744066, "1": 0.948918648821358, "2": 0.340626515735192}, "psi": {"0": 0.7946334602897307, "1": 0.7301012050144668, "2": 0.7957123848626966}, "sigma": {"0": 0.9421813089764774, "1": 0.7879657145130581, "2": 0.0}, "chi_high": 0.4958901238020609, "beta_low": 0.08729113130618152}