{"R": 40.0, "wi": 0, "di": 1, "delta": 1.0, "gamma": {"0": 0.967872616943729, "1": 0.8640530223322463, "2": 0.753514668808164}, "mu": {"0": 1.0161276906933947, "1": 1.058840906277864, "2": 1.1267330658311019}, "phi": {"0": 0.4640315267924, "1": 0.7872022920410775, "2": 0.4465479892399967}, "psi": {"0": 0.9675199264746362, "1": 0.852858530665677, "2": 0.7965529669986892}, "sigma": {"0": 0.8593924035383822, "1": 0.9883359286209789, "2": 0.0}, "chi_high": 0.2977256928609636, "beta_low": 0.3936334419757387}