{"R": 40.0, "wi": 2, "di": 1, "delta": 1.0, "gamma": {"0": 1.4389633027802815, "1": 1.4492247511604561, "2": 0.9982834209865653}, "mu": {"0": 1.0954350927850505, "1": 1.0334146316387876, "2": 1.1123888112839198}, "phi": {"0": 0.6963016936483135, "1": 0.03612026928734635, "2": 0.056793916067795824}, "psi": {"0": 1.2806196974631594, "1": 0.9151414845137188, "2": 1.2390679831005829}, "sigma": {"0": 0.7192058524023393, "1": 0.5640464779385107, "2": 0.0}, "chi_high": null, "beta_low": null}