{"R": 40.0, "wi": 2, "di": 2, "delta": 1.0, "gamma": {"0": 0.6819565137351812, "1": 1.4077163818463694, "2": 1.2603838525082334}, "mu": {"0": 1.033215780237668, "1": 1.0374404290392096, "2": 1.1234767311763336}, "phi": {"0": 0.5019121397783357, "1": 0.1880115885879894, "2": 0.30028781534948534}, "psi": {"0": 1.3670147796321346, "1": 1.1800307819137432, "2": 0.9827586211297998}, "sigma": {"0": 0.5297949181854369, "1": 0.8801042738735926, "2": 0.0}, "chi_high": null, "beta_low": null}