{"R": 40.0, "wi": 3, "di": 2, "delta": 1.0, "gamma": {"0": 1.1742383477021376, "1": 0.7939168229033635, "2": 1.0427787953910514}, "mu": {"0": 1.0467570500622745, "1": 1.0314487055210022, "2": 1.0926877119354352}, "phi": {"0": 0.495056926957518, "1": 0.2044906595055529, "2": 0.5587657919943001}, "psi": {"0": 0.6086833969136947, "1": 0.8694393326631511, "2": 1.4344842713759622}, "sigma": {"0": 0.7324447065421793, "1": 0.7975928072392042, "2": 0.0}, "chi_high": 0.39300705607843633, "beta_low": null}