{"R": 40.0, "wi": 2, "di": 0, "delta": 1.0, "gamma": {"0": 1.4743177713008737, "1": 0.7589955202484682, "2": 0.6769410582292839}, "mu": {"0": 1.1166133598452836, "1": 1.085910221723267, "2": 1.146959025158575}, "phi": {"0": 0.9902130256725983, "1": 0.9069203077104563, "2": 0.09623041817383937}, "psi": {"0": 1.2322285390897285, "1": 1.3019482088896626, "2": 0.6432239786323009}, "sigma": {"0": 0.9861263797996527, "1": 0.5217894802842684, "2": 0.0}, "chi_high": null, "beta_low": null}