{"R": 40.0, "wi": 0, "di": 1, "delta": 1.0, "gamma": {"0": 0.9951532974629174, "1": 1.2394620187997072, "2": 0.7472734907478021}, "mu": {"0": 1.0360773640159406, "1": 1.0655896436254797, "2": 1.017123066067507}, "phi": {"0": 0.521329499849816, "1": 0.24065776512826176, "2": 0.5147147473211238}, "psi": {"0": 1.3226377857263814, "1": 1.107417443409732, "2": 0.5247275228566832}, "sigma": {"0": 0.7920568987481176, "1": 0.6262266976708722, "2": 0.0}, "chi_high": 0.5433402335093991, "beta_low": 0.9615687813039939}