{"R": 40.0, "wi": 0, "di": 0, "delta": 1.0, "gamma": {"0": 0.8302323475305453, "1": 0.7063023930258671, "2": 0.5336124623625922}, "mu": {"0": 1.0632564731746148, "1": 1.0039885412623653, "2": 1.0511745263785148}, "phi": {"0": 0.42255956878024503, "1": 0.20672340466509642, "2": 0.6402062003989146}, "psi": {"0": 1.1340902175216097, "1": 0.8571696123183079, "2": 0.6191337385737088}, "sigma": {"0": 0.7241103889969396, "1": 0.584056214835523, "2": 0.0}, "chi_high": 0.6269598501045276, "beta_low": 0.6865137450595418}