{"R": 40.0, "wi": 3, "di": 1, "delta": 1.0, "gamma": {"0": 0.8691150242925504, "1": 0.832508189213392, "2": 0.6390522871437411}, "mu": {"0": 1.0701093547011178, "1": 1.1252342850982016, "2": 1.1257359119109323}, "phi": {"0": 0.41625741859356613, "1": 0.6385018853083504, "2": 0.04446412544175127}, "psi": {"0": 0.9306786475213905, "1": 0.6558025816672443, "2": 1.2482774279365783}, "sigma": {"0": 0.5476987555217379, "1": 0.5181096555878852, "2": 0.0}, "chi_high": 0.7289475010608382, "beta_low": null}