{"R": 40.0, "wi": 3, "di": 1, "delta": 1.0, "gamma": {"0": 1.4710969996165406, "1": 1.3877562132508972, "2": 1.0531495453556905}, "mu": {"0": 1.0881351886646717, "1": 1.0271923069319924, "2": 1.069914586539739}, "phi": {"0": 0.8168174184837391, "1": 0.3917019597921714, "2": 0.6528812711358475}, "psi": {"0": 1.2074215938838455, "1": 0.9241003952080806, "2": 0.5209891466516393}, "sigma": {"0": 0.9960285680179575, "1": 0.6633484999577983, "2": 0.0}, "chi_high": 0.06830866874467262, "beta_low": null}