{"R": 40.0, "wi": 1, "di": 2, "delta": 1.0, "gamma": {"0": 1.049248127593074, "1": 1.0630327472317402, "2": 1.0733231259104263}, "mu": {"0": 1.1325576154861379, "1": 1.144448242061272, "2": 1.142543634496154}, "phi": {"0": 0.29076752657021343, "1": 0.6234609985362084, "2": 0.7249944507616585}, "psi": {"0": 1.189036205279891, "1": 0.5275319846704408, "2": 0.6441412017528431}, "sigma": {"0": 0.8512605936587931, "1": 0.0, "2": 0.0}, "chi_high": null, "beta_low": 0.954054659488005}