{"R": 40.0, "wi": 2, "di": 2, "delta": 1.0, "gamma": {"0": 0.5982429578675285, "1": 0.7842152037768751, "2": 0.8998656257169386}, "mu": {"0": 1.0566919504456957, "1": 1.0327857700490115, "2": 1.1485445402547088}, "phi": {"0": 0.857922898574732, "1": 0.480694230951873, "2": 0.27382332069610793}, "psi": {"0": 1.064413668534459, "1": 0.529084585724671, "2": 1.359535278616733}, "sigma": {"0": 0.6297090833770722, "1": 0.9672267915224957, "2": 0.0}, "chi_high": null, "beta_low": null}