{"R": 40.0, "wi": 2, "di": 1, "delta": 1.0, "gamma": {"0": 0.6531258497554057, "1": 0.737694975714378, "2": 0.5984382726420252}, "mu": {"0": 1.1335177811141544, "1": 1.0202552004097307, "2": 1.0376486921969896}, "phi": {"0": 0.14999337632004162, "1": 0.4338269606363514, "2": 0.5837922568804689}, "psi": {"0": 1.0232695940094345, "1": 1.1011359551324096, "2": 0.5706485498046395}, "sigma": {"0": 0.8433773831320855, "1": 0.9638585709449587, "2": 0.0}, "chi_high": null, "beta_low": null}