{"R": 40.0, "wi": 1, "di": 1, "delta": 1.0, "gamma": {"0": 1.3545000403700787, "1": 0.6190219005714013, "2": 0.967898121981299}, "mu": {"0": 1.0517682195765738, "1": 1.0517498162137757, "2": 1.0648814312151111}, "phi": {"0": 0.5758404342289147, "1": 0.6830269876522869, "2": 0.6798754136275733}, "psi": {"0": 0.575409198075349, "1": 0.9081903233925103, "2": 0.7508927234597399}, "sigma": {"0": 0.6772972546929117, "1": 0.0, "2": 0.0}, "chi_high": null, "beta_low": 0.36900018244618965}