{"R": 40.0, "wi": 1, "di": 1, "delta": 1.0, "gamma": {"0": 1.3708510583004703, "1": 0.8196798876571828, "2": 1.0024760419890562}, "mu": {"0": 1.041918778431315, "1": 1.0383584730815063, "2": 1.004158275294756}, "phi": {"0": 0.6644486550568738, "1": 0.03570974536145999, "2": 0.3575598402440281}, "psi": {"0": 0.9714074242959617, "1": 0.8361930831588323, "2": 0.5819987198707715}, "sigma": {"0": 0.8532414665862842, "1": 0.0, "2": 0.0}, "chi_high": null, "beta_low": 0.7162326000386356}