{"R": 40.0, "wi": 2, "di": 1, "delta": 1.0, "gamma": {"0": 0.8988343986311749, "1": 1.1044017092556213, "2": 1.1156083327449633}, "mu": {"0": 1.0031549326778948, "1": 1.0637875384755957, "2": 1.1219079409177986}, "phi": {"0": 0.5522922439331664, "1": 0.10182446901607978, "2": 0.7325173012141412}, "psi": {"0": 1.0088571497576952, "1": 1.2893306897563583, "2": 0.6612906867814523}, "sigma": {"0": 0.6097949842462278, "1": 0.7536266037609622, "2": 0.0}, "chi_high": null, "beta_low": null}