{"R": 40.0, "wi": 3, "di": 2, "delta": 1.0, "gamma": {"0": 1.0941553596500642, "1": 0.9946874290665711, "2": 0.6123093747559957}, "mu": {"0": 1.0830061325261406, "1": 1.1320746161726265, "2": 1.0888179185227855}, "phi": {"0": 0.750652192880202, "1": 0.4619235102627852, "2": 0.4016509165464397}, "psi": {"0": 0.7468883178287309, "1": 0.8540668131854815, "2": 0.87196346804887}, "sigma": {"0": 0.7032120947657727, "1": 0.7755388821076905, "2": 0.0}, "chi_high": 0.3661030771973327, "beta_low": null}