{"R": 40.0, "wi": 0, "di": 2, "delta": 1.0, "gamma": {"0": 1.244916725067534, "1": 0.9473117769750946, "2": 1.3917229188098585}, "mu": {"0": 1.1046240171365571, "1": 1.0964162000603748, "2": 1.1211884697538559}, "phi": {"0": 0.6950838529718323, "1": 0.08877546789046953, "2": 0.9162221725974408}, "psi": {"0": 1.0607102240045676, "1": 1.3744667370374761, "2": 1.398020699123807}, "sigma": {"0": 0.9176124763871182, "1": 0.8505137543340331, "2": 0.0}, "chi_high": 0.769819753272361, "beta_low": 0.895693302182087}