{"R": 40.0, "wi": 0, "di": 1, "delta": 1.0, "gamma": {"0": 1.3782668702769048, "1": 1.2139074355771984, "2": 1.0946556118799262}, "mu": {"0": 1.0864780245747796, "1": 1.139845743405938, "2": 1.110189110498226}, "phi": {"0": 0.44735704698330647, "1": 0.5472175987681159, "2": 0.6931167999446236}, "psi": {"0": 1.4146158346823317, "1": 1.0827349184133193, "2": 0.6583115931745528}, "sigma": {"0": 0.6726924415204416, "1": 0.9422510150941906, "2": 0.0}, "chi_high": 0.922710888132769, "beta_low": 0.39718285207716614}