{"R": 40.0, "wi": 0, "di": 0, "delta": 1.0, "gamma": {"0": 1.1126716666443355, "1": 0.5624626582363437, "2": 0.7582164399822353}, "mu": {"0": 1.0329204890599064, "1": 1.0366211843688224, "2": 1.0897435656962915}, "phi": {"0": 0.9821532984452518, "1": 0.47619652344171304, "2": 0.3128124573714298}, "psi": {"0": 1.3173004445270684, "1": 1.270121590268925, "2": 0.8409127344648425}, "sigma": {"0": 0.9193370045994688, "1": 0.8739327344141445, "2": 0.0}, "chi_high": 0.2722009267016571, "beta_low": 0.4877715258314595}