{"R": 40.0, "wi": 3, "di": 0, "delta": 1.0, "gamma": {"0": 1.3830915645901496, "1": 0.8300589441858952, "2": 0.6315732032077789}, "mu": {"0": 1.0604634435529932, "1": 1.1024913366080553, "2": 1.0012899837188851}, "phi": {"0": 0.4089650250038299, "1": 0.5733837999361256, "2": 0.4312594500929232}, "psi": {"0": 0.9483834145792238, "1": 0.7354690466804427, "2": 0.7555375497697555}, "sigma": {"0": 0.852225403726709, "1": 0.9496393863681762, "2": 0.0}, "chi_high": 0.06017213474635225, "beta_low": null}