{"R": 40.0, "wi": 3, "di": 0, "delta": 1.0, "gamma": {"0": 1.0795842829058246, "1": 1.069344928902814, "2": 0.9388754341237389}, "mu": {"0": 1.1150023888929024, "1": 1.1294872068626753, "2": 1.0253226018124473}, "phi": {"0": 0.27225157585462023, "1": 0.3942280502253528, "2": 0.37640623133144846}, "psi": {"0": 1.3348912309429304, "1": 0.9722085921903698, "2": 0.84615716671971}, "sigma": {"0": 0.7564682518833575, "1": 0.843744471117183, "2": 0.0}, "chi_high": 0.5965154143240174, "beta_low": null}