{"R": 40.0, "wi": 3, "di": 0, "delta": 1.0, "gamma": {"0": 0.5585509559645174, "1": 0.5780473730883433, "2": 0.9157908257519086}, "mu": {"0": 1.0795360104315326, "1": 1.0935760141143727, "2": 1.0413921387509615}, "phi": {"0": 0.8485499257535326, "1": 0.21920163564243578, "2": 0.3693770096753758}, "psi": {"0": 0.6556269717628264, "1": 1.0729176593216176, "2": 0.5508625486906282}, "sigma": {"0": 0.9904284789396262, "1": 0.9363289371824183, "2": 0.0}, "chi_high": 0.5177367420639578, "beta_low": null}