{"R": 40.0, "wi": 1, "di": 1, "delta": 1.0, "gamma": {"0": 0.6787376859114903, "1": 0.6727844485007053, "2": 1.1258962851962597}, "mu": {"0": 1.1146415642835776, "1": 1.1080744367653814, "2": 1.1297576502206128}, "phi": {"0": 0.01864909715060281, "1": 0.5464316628315701, "2": 0.09056213586309747}, "psi": {"0": 0.6999385043371219, "1": 0.7172233878039759, "2": 1.3986818287935139}, "sigma": {"0": 0.587535113572516, "1": 0.0, "2": 0.0}, "chi_high": null, "beta_low": 0.5227847142503043}