{"R": 40.0, "wi": 3, "di": 0, "delta": 1.0, "gamma": {"0": 1.3629747728637753, "1": 0.6187873671970863, "2": 0.5674922999647872}, "mu": {"0": 1.1305696508626422, "1": 1.0806574251997798, "2": 1.0438142159268695}, "phi": {"0": 0.7210039156250178, "1": 0.6768483372092822, "2": 0.07860992157098146}, "psi": {"0": 0.9881840140601611, "1": 1.3677251953633909, "2": 1.278648527765844}, "sigma": {"0": 0.5842426359078687, "1": 0.6934476061314541, "2": 0.0}, "chi_high": 0.22875014913610975, "beta_low": null}