{"R": 40.0, "wi": 3, "di": 2, "delta": 1.0, "gamma": {"0": 0.9468933689363407, "1": 0.6698980612330891, "2": 0.6417748601592536}, "mu": {"0": 1.01870795651871, "1": 1.0927882631821815, "2": 1.0646717487368642}, "phi": {"0": 0.991792770688082, "1": 0.7080020131919706, "2": 0.42724756715704926}, "psi": {"0": 1.2432784329544841, "1": 0.549667990809548, "2": 1.3298526020490669}, "sigma": {"0": 0.7674116813775114, "1": 0.8200444308284603, "2": 0.0}, "chi_high": 0.7907683838697998, "beta_low": null}