{"R": 40.0, "wi": 2, "di": 2, "delta": 1.0, "gamma": {"0": 0.6562688012144411, "1": 1.2599457155385894, "2": 1.094019397909805}, "mu": {"0": 1.1294203298768224, "1": 1.1387742267423073, "2": 1.022297607695665}, "phi": {"0": 0.5503600549463693, "1": 0.07083734103154837, "2": 0.38722217140117865}, "psi": {"0": 1.004946068363063, "1": 1.1928256897618776, "2": 0.9489674286323674}, "sigma": {"0": 0.5364875522742079, "1": 0.7757322202856366, "2": 0.0}, "chi_high": null, "beta_low": null}