{"R": 40.0, "wi": 3, "di": 0, "delta": 1.0, "gamma": {"0": 0.8583913867903886, "1": 1.4618511968794046, "2": 1.27320774098124}, "mu": {"0": 1.050990843800549, "1": 1.0910298378380838, "2": 1.1081771607413333}, "phi": {"0": 0.6955836757303517, "1": 0.8151514292302048, "2": 0.47593520726358973}, "psi": {"0": 0.758711505290386, "1": 1.357341764461378, "2": 0.8392537943991855}, "sigma": {"0": 0.7060122595615372, "1": 0.6066547944256664, "2": 0.0}, "chi_high": 0.4941678135710074, "beta_low": null}