{"R": 40.0, "wi": 1, "di": 0, "delta": 1.0, "gamma": {"0": 1.432127770819276, "1": 1.4682633127024936, "2": 1.2749668560348395}, "mu": {"0": 1.0087956912509168, "1": 1.0918285338764044, "2": 1.0054440820226171}, "phi": {"0": 0.08922254409240626, "1": 0.9559142906208331, "2": 0.040268040297068985}, "psi": {"0": 1.223417754013692, "1": 0.8317712728740378, "2": 1.2410435887670317}, "sigma": {"0": 0.8701971483741466, "1": 0.0, "2": 0.0}, "chi_high": null, "beta_low": 0.9149956293084996}