{"R": 40.0, "wi": 3, "di": 0, "delta": 1.0, "gamma": {"0": 0.5881222196267945, "1": 0.8802927630228352, "2": 1.3577322161660255}, "mu": {"0": 1.063301913027692, "1": 1.1461832971698722, "2": 1.0508466065105002}, "phi": {"0": 0.14541837914620892, "1": 0.2766730855444779, "2": 0.0902944602187844}, "psi": {"0": 0.8802314580512663, "1": 1.4499174312062584, "2": 0.8896550350177937}, "sigma": {"0": 0.6683928572811504, "1": 0.6824257338630964, "2": 0.0}, "chi_high": 0.7516366317042171, "beta_low": null}