{"R": 40.0, "wi": 1, "di": 0, "delta": 1.0, "gamma": {"0": 0.5167003470347009, "1": 1.2310053059654746, "2": 1.2081700397748745}, "mu": {"0": 1.0761717047835244, "1": 1.0626957700271902, "2": 1.0081752363046799}, "phi": {"0": 0.9211287116436023, "1": 0.15585014335183767, "2": 0.15755931975016313}, "psi": {"0": 0.98715666191086, "1": 0.6477601098692114, "2": 0.6805641684297533}, "sigma": {"0": 0.9897304000457227, "1": 0.0, "2": 0.0}, "chi_high": null, "beta_low": 0.08766431746749272}