{"R": 40.0, "wi": 2, "di": 0, "delta": 1.0, "gamma": {"0": 1.2555881475572286, "1": 0.6065715633836836, "2": 1.3524114701034613}, "mu": {"0": 1.062902816650097, "1": 1.016578615667759, "2": 1.021930452021969}, "phi": {"0": 0.45955192329466155, "1": 0.12508960084309495, "2": 0.07928471930034597}, "psi": {"0": 1.3353650790808906, "1": 0.811923539787487, "2": 0.7549886425038113}, "sigma": {"0": 0.9781478913649136, "1": 0.9382960591725671, "2": 0.0}, "chi_high": null, "beta_low": null}