{"R": 40.0, "wi": 2, "di": 0, "delta": 1.0, "gamma": {"0": 1.1575873026153727, "1": 0.5738345688783824, "2": 0.709433080959051}, "mu": {"0": 1.0493166923365547, "1": 1.1476021859999095, "2": 1.1326402378489293}, "phi": {"0": 0.2691879397408943, "1": 0.34469614377058466, "2": 0.9536122738306347}, "psi": {"0": 1.4565035553548973, "1": 1.0880809367313296, "2": 0.793881982667899}, "sigma": {"0": 0.7913593393159015, "1": 0.945854840320298, "2": 0.0}, "chi_high": null, "beta_low": null}