{"R": 40.0, "wi": 0, "di": 2, "delta": 1.0, "gamma": {"0": 0.8007391609568414, "1": 0.694051681704842, "2": 1.2846205279331477}, "mu": {"0": 1.0079200307046572, "1": 1.0806021608717575, "2": 1.0679667880764259}, "phi": {"0": 0.6141125958481908, "1": 0.28290870928505263, "2": 0.9842918855542604}, "psi": {"0": 0.6601770890238331, "1": 1.440266759137936, "2": 0.9027450355606619}, "sigma": {"0": 0.5442034129149403, "1": 0.5401606954663548, "2": 0.0}, "chi_high": 0.5529305853599338, "beta_low": 0.9481127525311067}