{"R": 40.0, "wi": 3, "di": 2, "delta": 1.0, "gamma": {"0": 0.897435983903492, "1": 1.1167295801364958, "2": 1.1685966261349563}, "mu": {"0": 1.0609956227799415, "1": 1.0912765852360147, "2": 1.0188791340902743}, "phi": {"0": 0.8286977535006298, "1": 0.5726002153545636, "2": 0.8792737626106203}, "psi": {"0": 0.546951739227241, "1": 0.9433699112607896, "2": 0.8782970485039079}, "sigma": {"0": 0.8391988012665823, "1": 0.9590121986803808, "2": 0.0}, "chi_high": 0.7783679326456008, "beta_low": null}