{"R": 40.0, "wi": 0, "di": 2, "delta": 1.0, "gamma": {"0": 1.0806131094721625, "1": 1.2407329291151852, "2": 1.2461083091062641}, "mu": {"0": 1.0203714829974884, "1": 1.0583101238067667, "2": 1.0590363280424928}, "phi": {"0": 0.47971730217948205, "1": 0.46428266393927387, "2": 0.05799135484566165}, "psi": {"0": 1.181007362343668, "1": 1.1110362112706236, "2": 1.1678340464846086}, "sigma": {"0": 0.5257160421272662, "1": 0.6273134071106579, "2": 0.0}, "chi_high": 0.1933058544007514, "beta_low": 0.783849942761114}