{"R": 40.0, "wi": 3, "di": 1, "delta": 1.0, "gamma": {"0": 0.798916739821251, "1": 1.4673252127355458, "2": 0.5804402713944407}, "mu": {"0": 1.0205782170027757, "1": 1.1493720440891757, "2": 1.0180951927211004}, "phi": {"0": 0.47643107782537786, "1": 0.07986188797121396, "2": 0.48283423455433017}, "psi": {"0": 0.8876135978706536, "1": 1.0739147211045943, "2": 1.171736268620554}, "sigma": {"0": 0.8157314464337893, "1": 0.5584489992273998, "2": 0.0}, "chi_high": 0.020592040207961237, "beta_low": null}