{"R": 40.0, "wi": 3, "di": 2, "delta": 1.0, "gamma": {"0": 1.284139125182082, "1": 0.8004010700190857, "2": 1.405597782218487}, "mu": {"0": 1.0371928494344, "1": 1.0540967260381624, "2": 1.1074330836185065}, "phi": {"0": 0.537586106629072, "1": 0.5663585303107603, "2": 0.20584606910581016}, "psi": {"0": 0.8699284702735123, "1": 0.6487366334858752, "2": 0.7944282966065873}, "sigma": {"0": 0.8930580977486313, "1": 0.796656528706789, "2": 0.0}, "chi_high": 0.8270267080622147, "beta_low": null}