{"R": 40.0, "wi": 2, "di": 2, "delta": 1.0, "gamma": {"0": 1.353527367685113, "1": 0.7111052121761017, "2": 0.8942274199223182}, "mu": {"0": 1.040816945241501, "1": 1.0178527307616358, "2": 1.0758633844581296}, "phi": {"0": 0.41569973643564495, "1": 0.702642610068682, "2": 0.593551586977647}, "psi": {"0": 0.5980241873339515, "1": 1.0233948640027306, "2": 1.2546171107909299}, "sigma": {"0": 0.7960881438508101, "1": 0.5099381043872757, "2": 0.0}, "chi_high": null, "beta_low": null}