{"R": 40.0, "wi": 2, "di": 2, "delta": 1.0, "gamma": {"0": 1.3490693539793364, "1": 1.1816163764245418, "2": 0.7702527212354088}, "mu": {"0": 1.001964439260856, "1": 1.1246047181703722, "2": 1.0959486354211185}, "phi": {"0": 0.7126003176785494, "1": 0.5350509933664899, "2": 0.5809308443676587}, "psi": {"0": 1.158876974263597, "1": 1.1092395994321498, "2": 1.3483626990749369}, "sigma": {"0": 0.895573217332636, "1": 0.5879366488194242, "2": 0.0}, "chi_high": null, "beta_low": null}