{"R": 40.0, "wi": 3, "di": 1, "delta": 1.0, "gamma": {"0": 1.2843738999821521, "1": 1.3258019885662176, "2": 0.8293484214184582}, "mu": {"0": 1.0035879106495147, "1": 1.0528403860402764, "2": 1.0858037717013362}, "phi": {"0": 0.08458814547899451, "1": 0.7647991779674165, "2": 0.6467727976173586}, "psi": {"0": 0.8074647350578794, "1": 1.0038229880056713, "2": 0.8789972933887201}, "sigma": {"0": 0.5348316881618975, "1": 0.728511992324776, "2": 0.0}, "chi_high": 0.8717904675427518, "beta_low": null}