{"R": 40.0, "wi": 3, "di": 1, "delta": 1.0, "gamma": {"0": 0.8347479029281454, "1": 0.9280829006570072, "2": 1.4696354261192437}, "mu": {"0": 1.0492308263645684, "1": 1.0692895784654946, "2": 1.1269832346134427}, "phi": {"0": 0.5796532268053509, "1": 0.4892412487678762, "2": 0.3378550454977193}, "psi": {"0": 0.7845965981405639, "1": 1.1585687879679871, "2": 0.5972570013288314}, "sigma": {"0": 0.6190411753603406, "1": 0.5502762321553334, "2": 0.0}, "chi_high": 0.5649435915212787, "beta_low": null}