{"R": 40.0, "wi": 2, "di": 0, "delta": 1.0, "gamma": {"0": 0.733708131916809, "1": 1.0116657145272245, "2": 0.6494319979528373}, "mu": {"0": 1.0998472890921298, "1": 1.134684676788777, "2": 1.1468868127342764}, "phi": {"0": 0.30489423251097036, "1": 0.37414050847410596, "2": 0.24117452161419162}, "psi": {"0": 0.840144491201324, "1": 0.8764603729762059, "2": 0.5059508013844782}, "sigma": {"0": 0.768198193697436, "1": 0.9311861377498586, "2": 0.0}, "chi_high": null, "beta_low": null}