{"R": 40.0, "wi": 2, "di": 1, "delta": 1.0, "gamma": {"0": 0.8290585672625206, "1": 0.9200093721747545, "2": 0.6770504724456136}, "mu": {"0": 1.0246710646272463, "1": 1.0609972757750752, "2": 1.1498166722570633}, "phi": {"0": 0.16269676281839385, "1": 0.020797137481139427, "2": 0.6489968062425321}, "psi": {"0": 0.5576382845864977, "1": 1.1714408522681614, "2": 1.0036033329139196}, "sigma": {"0": 0.7885622406008501, "1": 0.659627774102375, "2": 0.0}, "chi_high": null, "beta_low": null}