{"R": 40.0, "wi": 2, "di": 1, "delta": 1.0, "gamma": {"0": 1.3838845620796079, "1": 0.8371503584887188, "2": 0.6801737701476614}, "mu": {"0": 1.088124272623604, "1": 1.1466527558140525, "2": 1.0311145608253898}, "phi": {"0": 0.8777840684551851, "1": 0.9016421194753903, "2": 0.5973117082028743}, "psi": {"0": 0.9972708636995664, "1": 0.7881552261660751, "2": 0.8303619399720559}, "sigma": {"0": 0.5978123437739682, "1": 0.7096581489208755, "2": 0.0}, "chi_high": null, "beta_low": null}