{"R": 40.0, "wi": 3, "di": 0, "delta": 1.0, "gamma": {"0": 0.8736426379624546, "1": 1.3569244581274535, "2": 1.283739027041764}, "mu": {"0": 1.1231938947952802, "1": 1.1353819879717888, "2": 1.1478063759349766}, "phi": {"0": 0.5622718507208919, "1": 0.554443950150775, "2": 0.8218479472491791}, "psi": {"0": 1.187791070011293, "1": 0.8983570932402959, "2": 0.617582500677777}, "sigma": {"0": 0.5893792283321231, "1": 0.9798918596435338, "2": 0.0}, "chi_high": 0.6918295118275578, "beta_low": null}