{"R": 40.0, "wi": 1, "di": 1, "delta": 1.0, "gamma": {"0": 0.7014697484745489, "1": 0.609706646475591, "2": 1.355328072663983}, "mu": {"0": 1.066700487248049, "1": 1.0560331994476997, "2": 1.0489793021702654}, "phi": {"0": 0.5522649145651676, "1": 0.4047002966021287, "2": 0.8030240518273997}, "psi": {"0": 1.0163671704445174, "1": 1.4529722276220225, "2": 0.7147040013154831}, "sigma": {"0": 0.5742580427823658, "1": 0.0, "2": 0.0}, "chi_high": null, "beta_low": 0.5702676851865521}