{"R": 40.0, "wi": 2, "di": 0, "delta": 1.0, "gamma": {"0": 1.3603692869085253, "1": 0.9826540977396766, "2": 1.151360027056623}, "mu": {"0": 1.1262180092077179, "1": 1.1290026086269587, "2": 1.1391204237346082}, "phi": {"0": 0.46851089783610855, "1": 0.43238487211573384, "2": 0.3760487363232371}, "psi": {"0": 1.271627654909631, "1": 1.3656207113802137, "2": 0.8974120496919117}, "sigma": {"0": 0.9483418711187519, "1": 0.9828671069382091, "2": 0.0}, "chi_high": null, "beta_low": null}