{"R": 40.0, "wi": 1, "di": 1, "delta": 1.0, "gamma": {"0": 1.136688433864255, "1": 1.125663537870229, "2": 0.7549431227036137}, "mu": {"0": 1.104943818364826, "1": 1.026492382976246, "2": 1.0440598193703658}, "phi": {"0": 0.629121077306185, "1": 0.7374615763714176, "2": 0.9895504912637535}, "psi": {"0": 1.230785598604708, "1": 1.3572088858289972, "2": 1.273501642873151}, "sigma": {"0": 0.9441909098571235, "1": 0.0, "2": 0.0}, "chi_high": null, "beta_low": 0.7081317104900052}