{"R": 40.0, "wi": 1, "di": 1, "delta": 1.0, "gamma": {"0": 0.6173583121624102, "1": 1.1408093063508233, "2": 0.9268006160551393}, "mu": {"0": 1.107700741055614, "1": 1.067485107344428, "2": 1.058576321023255}, "phi": {"0": 0.10420997608937399, "1": 0.9860972186718482, "2": 0.05521701417997904}, "psi": {"0": 0.8061974882900377, "1": 1.3288741080802784, "2": 0.8394411005326434}, "sigma": {"0": 0.6295393293058398, "1": 0.0, "2": 0.0}, "chi_high": null, "beta_low": 0.9693312522249715}