{"R": 40.0, "wi": 0, "di": 0, "delta": 1.0, "gamma": {"0": 1.362453524585451, "1": 1.2032887127240128, "2": 0.93871945672199}, "mu": {"0": 1.1424134505538932, "1": 1.1381161354802296, "2": 1.0537535769476432}, "phi": {"0": 0.328190826860583, "1": 0.9201415530824104, "2": 0.8980597266696875}, "psi": {"0": 1.316312951081047, "1": 0.8041442668432667, "2": 1.478811070916635}, "sigma": {"0": 0.9149669670656632, "1": 0.8936143746738419, "2": 0.0}, "chi_high": 0.3240180321778298, "beta_low": 0.3279249685938795}