{"R": 40.0, "wi": 3, "di": 2, "delta": 1.0, "gamma": {"0": 0.8904070200427636, "1": 0.7930295098842054, "2": 1.0015754019029774}, "mu": {"0": 1.094746141741632, "1": 1.1481453052000792, "2": 1.0933832885122134}, "phi": {"0": 0.8663721344575686, "1": 0.13696428178915288, "2": 0.9553562778762501}, "psi": {"0": 1.4296093287327276, "1": 0.5131703205156369, "2": 0.9588434952663178}, "sigma": {"0": 0.8813213903235393, "1": 0.6282808101168216, "2": 0.0}, "chi_high": 0.49372181307193114, "beta_low": null}