{"R": 40.0, "wi": 3, "di": 1, "delta": 1.0, "gamma": {"0": 1.3936395640264356, "1": 0.5900476701031862, "2": 0.8525490433056842}, "mu": {"0": 1.1245385381033843, "1": 1.144188317585671, "2": 1.0183962271057687}, "phi": {"0": 0.6546627178078793, "1": 0.9536188375290414, "2": 0.855187176567792}, "psi": {"0": 0.949342660948518, "1": 0.555224513947163, "2": 0.9215941566691194}, "sigma": {"0": 0.6747003597162489, "1": 0.7091166045263118, "2": 0.0}, "chi_high": 0.06329958104129899, "beta_low": null}