{"R": 40.0, "wi": 2, "di": 0, "delta": 1.0, "gamma": {"0": 1.0600422312039057, "1": 1.2512082007037706, "2": 0.5438576785321598}, "mu": {"0": 1.0809708122038664, "1": 1.0789689869265762, "2": 1.0900329944923934}, "phi": {"0": 0.6058691751508576, "1": 0.2852347383174365, "2": 0.015632400162184923}, "psi": {"0": 0.7968012271480227, "1": 0.9539975445299717, "2": 0.7800240327630048}, "sigma": {"0": 0.5949226258173079, "1": 0.9261989359547271, "2": 0.0}, "chi_high": null, "beta_low": null}