{"R": 40.0, "wi": 3, "di": 1, "delta": 1.0, "gamma": {"0": 1.371485876499197, "1": 0.8153091253219377, "2": 0.7774737214887527}, "mu": {"0": 1.0965820203544097, "1": 1.1452100397609957, "2": 1.1459901804128525}, "phi": {"0": 0.5270894312541179, "1": 0.09465332701579365, "2": 0.38331429698261554}, "psi": {"0": 1.235732758368691, "1": 0.748870276397825, "2": 1.029983163443415}, "sigma": {"0": 0.8979027562103677, "1": 0.8703988438984325, "2": 0.0}, "chi_high": 0.9773564342228962, "beta_low": null}