{"R": 40.0, "wi": 1, "di": 2, "delta": 1.0, "gamma": {"0": 1.4694154063104479, "1": 0.9191409923981475, "2": 0.5754019523922563}, "mu": {"0": 1.058095810225156, "1": 1.1232324546960335, "2": 1.0226337936762486}, "phi": {"0": 0.2604415630005108, "1": 0.12090141351474493, "2": 0.17853817659794946}, "psi": {"0": 0.8884272269716013, "1": 0.6213666085570073, "2": 0.7701082425972258}, "sigma": {"0": 0.9737436792837871, "1": 0.0, "2": 0.0}, "chi_high": null, "beta_low": 0.3303661027639137}