{"R": 40.0, "wi": 2, "di": 2, "delta": 1.0, "gamma": {"0": 1.2349127186216022, "1": 1.049495658096714, "2": 1.2998074096878636}, "mu": {"0": 1.0920450062912732, "1": 1.0699885609849065, "2": 1.033565227196159}, "phi": {"0": 0.8710917169655672, "1": 0.3140812410592255, "2": 0.4780689422131025}, "psi": {"0": 0.9808566522811428, "1": 1.100838145110469, "2": 1.001579306320458}, "sigma": {"0": 0.6319850215654121, "1": 0.6625008985374468, "2": 0.0}, "chi_high": null, "beta_low": null}