{"R": 40.0, "wi": 3, "di": 2, "delta": 1.0, "gamma": {"0": 1.1363504089314183, "1": 1.1857420499234177, "2": 0.9355667677807135}, "mu": {"0": 1.1057638930575704, "1": 1.0279060800633555, "2": 1.1343714008195027}, "phi": {"0": 0.6772789666839277, "1": 0.5580847711983107, "2": 0.13166785588292274}, "psi": {"0": 0.6461198421994725, "1": 1.0695282598395055, "2": 1.4464699646464079}, "sigma": {"0": 0.869313275025641, "1": 0.9939259977028642, "2": 0.0}, "chi_high": 0.1482518447366568, "beta_low": null}