{"R": 40.0, "wi": 3, "di": 1, "delta": 1.0, "gamma": {"0": 0.9943535968488004, "1": 1.3041612205149642, "2": 0.5047998882855553}, "mu": {"0": 1.117116798645106, "1": 1.0509012064635925, "2": 1.1052808334994026}, "phi": {"0": 0.758733224537305, "1": 0.9694429574763165, "2": 0.16157403636002388}, "psi": {"0": 0.738765302110844, "1": 1.3617384124632261, "2": 1.1088031551279505}, "sigma": {"0": 0.6697666474999915, "1": 0.6885087427743066, "2": 0.0}, "chi_high": 0.7721821196225577, "beta_low": null}