{"R": 40.0, "wi": 0, "di": 2, "delta": 1.0, "gamma": {"0": 1.0861329730768243, "1": 0.7079056932547819, "2": 0.8739626405758029}, "mu": {"0": 1.027510303077861, "1": 1.135723694426709, "2": 1.1278410996379933}, "phi": {"0": 0.3515670749212223, "1": 0.933745309375268, "2": 0.6049871592600837}, "psi": {"0": 1.355522548464522, "1": 1.1559437451414194, "2": 1.4330807269698447}, "sigma": {"0": 0.9555703753775497, "1": 0.9215615646239561, "2": 0.0}, "chi_high": 0.182847573940679, "beta_low": 0.2650299557552948}