{"R": 40.0, "wi": 1, "di": 2, "delta": 1.0, "gamma": {"0": 1.2248734607601885, "1": 1.4890047709079912, "2": 1.4183498101238055}, "mu": {"0": 1.0161411044276927, "1": 1.0425233192777785, "2": 1.018493269431494}, "phi": {"0": 0.08586010032902858, "1": 0.5825351816938144, "2": 0.3410400599434429}, "psi": {"0": 0.6906772719944192, "1": 1.0622834160430528, "2": 0.9593044054266313}, "sigma": {"0": 0.8213841517740141, "1": 0.0, "2": 0.0}, "chi_high": null, "beta_low": 0.5363146799351483}