{"R": 40.0, "wi": 1, "di": 1, "delta": 1.0, "gamma": {"0": 1.2159042227706482, "1": 1.2341221147137822, "2": 0.6785428262765909}, "mu": {"0": 1.055023187430187, "1": 1.1330043810417576, "2": 1.046759766212348}, "phi": {"0": 0.5996348677252783, "1": 0.3673440913382936, "2": 0.8012320045671165}, "psi": {"0": 0.6182599425064786, "1": 0.8505354786890389, "2": 0.7756979696656652}, "sigma": {"0": 0.6832504504551479, "1": 0.0, "2": 0.0}, "chi_high": null, "beta_low": 0.7996231424848732}