{"R": 40.0, "wi": 1, "di": 1, "delta": 1.0, "gamma": {"0": 1.4509758521179195, "1": 0.6617235384076746, "2": 1.210522971125802}, "mu": {"0": 1.0191434206041337, "1": 1.1469593984949105, "2": 1.0652611202479054}, "phi": {"0": 0.7861502202014187, "1": 0.2350693959532636, "2": 0.9002590560506334}, "psi": {"0": 0.7830518795925657, "1": 1.4214650665587198, "2": 1.0030793214984697}, "sigma": {"0": 0.6749850790227094, "1": 0.0, "2": 0.0}, "chi_high": null, "beta_low": 0.5977870149713114}