{"R": 40.0, "wi": 3, "di": 2, "delta": 1.0, "gamma": {"0": 1.360163732345538, "1": 0.8743500658323521, "2": 1.35064585192044}, "mu": {"0": 1.1132757699361617, "1": 1.087254333039218, "2": 1.1234853588229547}, "phi": {"0": 0.6579668712675808, "1": 0.014526869491983119, "2": 0.25260483635444053}, "psi": {"0": 0.5207736006301139, "1": 1.4382066642461442, "2": 0.6236876750500177}, "sigma": {"0": 0.8945827045557148, "1": 0.536697832819282, "2": 0.0}, "chi_high": 0.35633574428620346, "beta_low": null}