{"R": 40.0, "wi": 1, "di": 2, "delta": 1.0, "gamma": {"0": 1.3579224927106361, "1": 0.6541079121877785, "2": 1.4444181351465608}, "mu": {"0": 1.04958964139587, "1": 1.114344789831421, "2": 1.1145971956111205}, "phi": {"0": 0.9521982875673639, "1": 0.4921870791062113, "2": 0.9205777402247289}, "psi": {"0": 1.121808968253205, "1": 1.3678840092947184, "2": 1.3212020633604142}, "sigma": {"0": 0.5145860565895906, "1": 0.0, "2": 0.0}, "chi_high": null, "beta_low": 0.502223393510006}