{"R": 40.0, "wi": 2, "di": 2, "delta": 1.0, "gamma": {"0": 1.0932882248470492, "1": 1.1371608427186137, "2": 1.3240314501756039}, "mu": {"0": 1.1332726566141502, "1": 1.0181834978369984, "2": 1.0975802936967616}, "phi": {"0": 0.6114173820470209, "1": 0.8279708346807038, "2": 0.18416764803783847}, "psi": {"0": 0.5236758212239935, "1": 1.4340717426222371, "2": 0.9992500186052459}, "sigma": {"0": 0.7912335810337301, "1": 0.6904933237582911, "2": 0.0}, "chi_high": null, "beta_low": null}