{"R": 40.0, "wi": 1, "di": 2, "delta": 1.0, "gamma": {"0": 0.7318351339214366, "1": 0.6495892038540584, "2": 0.688567605693594}, "mu": {"0": 1.124745914471972, "1": 1.0435763888298295, "2": 1.143678310522643}, "phi": {"0": 0.26286865158325656, "1": 0.5462194959737383, "2": 0.5883637128892268}, "psi": {"0": 1.4750942717382824, "1": 0.5360361878848917, "2": 0.7333067379804667}, "sigma": {"0": 0.9026339555093343, "1": 0.0, "2": 0.0}, "chi_high": null, "beta_low": 0.9340296594884534}