{"R": 40.0, "wi": 0, "di": 0, "delta": 1.0, "gamma": {"0": 1.110603032608052, "1": 0.505547800306973, "2": 0.6592545391317027}, "mu": {"0": 1.1273295740478346, "1": 1.0154428592214992, "2": 1.0907985737718673}, "phi": {"0": 0.7135414301238059, "1": 0.7486866433579763, "2": 0.91866620086935}, "psi": {"0": 1.4366518487733746, "1": 1.0687159110472324, "2": 1.0291957775592881}, "sigma": {"0": 0.553032511467924, "1": 0.9177248299978173, "2": 0.0}, "chi_high": 0.7988151510463698, "beta_low": 0.5979881582673822}