{"R": 40.0, "wi": 2, "di": 2, "delta": 1.0, "gamma": {"0": 0.6185650514252412, "1": 0.5838029002250529, "2": 1.2916133268169978}, "mu": {"0": 1.0566847076722892, "1": 1.0775683314043827, "2": 1.0235122630136244}, "phi": {"0": 0.6224691086335279, "1": 0.29625957237429756, "2": 0.7857882702954168}, "psi": {"0": 0.5183960363810047, "1": 0.588684113069781, "2": 1.313986109290135}, "sigma": {"0": 0.5456911911305625, "1": 0.8977742948571104, "2": 0.0}, "chi_high": null, "beta_low": null}