{"R": 40.0, "wi": 2, "di": 2, "delta": 1.0, "gamma": {"0": 0.7777985773980504, "1": 0.9197350141864746, "2": 0.7697652220977901}, "mu": {"0": 1.0462735886285508, "1": 1.0427327138485007, "2": 1.0475848538200283}, "phi": {"0": 0.44097197048867587, "1": 0.47759477460904565, "2": 0.07089960728458922}, "psi": {"0": 1.3064121092819796, "1": 1.0090738928519158, "2": 1.2907929316049762}, "sigma": {"0": 0.5226496255571524, "1": 0.8394588750489227, "2": 0.0}, "chi_high": null, "beta_low": null}