{"R": 40.0, "wi": 0, "di": 0, "delta": 1.0, "gamma": {"0": 0.7544152070954525, "1": 1.265675789854637, "2": 1.3059597421600477}, "mu": {"0": 1.0751859447429406, "1": 1.006639741573299, "2": 1.079994984936476}, "phi": {"0": 0.40604916735532814, "1": 0.01579668080476815, "2": 0.22651578426216068}, "psi": {"0": 0.6664399641781275, "1": 0.626629202375736, "2": 1.3404846803929087}, "sigma": {"0": 0.6476237939838675, "1": 0.542933751729967, "2": 0.0}, "chi_high": 0.3611688544258413, "beta_low": 0.844023544854222}