{"R": 40.0, "wi": 0, "di": 1, "delta": 1.0, "gamma": {"0": 0.5037238947375754, "1": 0.6155728584821765, "2": 1.072497080326984}, "mu": {"0": 1.1178809162308825, "1": 1.024951791362325, "2": 1.0411278346614181}, "phi": {"0": 0.6751178535190908, "1": 0.7698966195970541, "2": 0.6283430360395762}, "psi": {"0": 0.5360020136447159, "1": 0.5745205099869589, "2": 1.4959115810161496}, "sigma": {"0": 0.5821475881956808, "1": 0.8840881757053435, "2": 0.0}, "chi_high": 0.5921496419252985, "beta_low": 0.4692476846185337}