{"R": 40.0, "wi": 2, "di": 0, "delta": 1.0, "gamma": {"0": 1.1751564469804632, "1": 0.6816199437943313, "2": 0.9257479530452437}, "mu": {"0": 1.02395385430206, "1": 1.0221226843847482, "2": 1.0244699038405445}, "phi": {"0": 0.1316987089959678, "1": 0.20347070832695868, "2": 0.007872586714140373}, "psi": {"0": 0.6292500471494028, "1": 1.0887446723178784, "2": 1.1033519031600447}, "sigma": {"0": 0.5863879405731274, "1": 0.7634364492409365, "2": 0.0}, "chi_high": null, "beta_low": null}