{"R": 40.0, "wi": 0, "di": 2, "delta": 1.0, "gamma": {"0": 0.950811555834611, "1": 0.6727518349423067, "2": 0.9626105614584078}, "mu": {"0": 1.029973948404717, "1": 1.1241541584308024, "2": 1.0609801911831616}, "phi": {"0": 0.07933215686004713, "1": 0.7146301955948281, "2": 0.1363107948870924}, "psi": {"0": 1.295686368486109, "1": 1.2294751046034453, "2": 0.7332027443696101}, "sigma": {"0": 0.5340164442905495, "1": 0.6195793116976893, "2": 0.0}, "chi_high": 0.8091211369717334, "beta_low": 0.6566266934519253}