{"R": 40.0, "wi": 2, "di": 1, "delta": 1.0, "gamma": {"0": 0.8486486318525753, "1": 1.173608840711056, "2": 1.1456080025372264}, "mu": {"0": 1.0815514313370989, "1": 1.0339145273595562, "2": 1.0461253228266685}, "phi": {"0": 0.0594047254944684, "1": 0.3771599871585489, "2": 0.7457889140011337}, "psi": {"0": 0.9395445405923902, "1": 0.5740924798165502, "2": 1.2731610176795893}, "sigma": {"0": 0.5739441700566804, "1": 0.856273989872388, "2": 0.0}, "chi_high": null, "beta_low": null}