{"R": 40.0, "wi": 3, "di": 1, "delta": 1.0, "gamma": {"0": 0.598761882297713, "1": 1.0268302776441858, "2": 1.3260248776954449}, "mu": {"0": 1.094474942812572, "1": 1.133838399666463, "2": 1.0033129467360182}, "phi": {"0": 0.09595844315620783, "1": 0.46245948304741125, "2": 0.585471221968242}, "psi": {"0": 0.5188938815968314, "1": 1.259057169400182, "2": 0.8613631479301825}, "sigma": {"0": 0.8986012903896299, "1": 0.8655717103700034, "2": 0.0}, "chi_high": 0.6481712675908788, "beta_low": null}