{"R": 40.0, "wi": 1, "di": 0, "delta": 1.0, "gamma": {"0": 1.0209019857244521, "1": 1.4948197599546509, "2": 1.4626011884045274}, "mu": {"0": 1.1214614652686072, "1": 1.0855260346087292, "2": 1.0659842595387354}, "phi": {"0": 0.045968103314101616, "1": 0.5607810001408302, "2": 0.7211085101578169}, "psi": {"0": 0.9407899144487205, "1": 1.1466723980407667, "2": 1.276407071871171}, "sigma": {"0": 0.6071774424542735, "1": 0.0, "2": 0.0}, "chi_high": null, "beta_low": 0.29854449716548964}