{"R": 40.0, "wi": 2, "di": 0, "delta": 1.0, "gamma": {"0": 0.9545536608985173, "1": 1.4029373877185853, "2": 1.368963368781098}, "mu": {"0": 1.0266944000863454, "1": 1.1463365706931563, "2": 1.057183964359558}, "phi": {"0": 0.8650757291939819, "1": 0.17522246742344327, "2": 0.8533764453393977}, "psi": {"0": 0.5745690587390408, "1": 1.2498875771746012, "2": 1.0371788091777945}, "sigma": {"0": 0.8679221389649066, "1": 0.6725092096174099, "2": 0.0}, "chi_high": null, "beta_low": null}