{"R": 40.0, "wi": 3, "di": 1, "delta": 1.0, "gamma": {"0": 0.6150280342206266, "1": 1.1168560560051035, "2": 1.3245712700387737}, "mu": {"0": 1.1396436703490878, "1": 1.1252172511050118, "2": 1.1471048926445473}, "phi": {"0": 0.21554008608923703, "1": 0.8306674495361797, "2": 0.8988787760576932}, "psi": {"0": 0.9351811284410916, "1": 1.408625204462684, "2": 0.7104923515067372}, "sigma": {"0": 0.7256693048083479, "1": 0.6071454447484819, "2": 0.0}, "chi_high": 0.799196055820003, "beta_low": null}