{"R": 40.0, "wi": 3, "di": 1, "delta": 1.0, "gamma": {"0": 0.6679780371474332, "1": 1.2955729839700467, "2": 1.3770422747999282}, "mu": {"0": 1.0570843690873426, "1": 1.1122703910374572, "2": 1.1126081914656851}, "phi": {"0": 0.10649909109515299, "1": 0.2024043656286234, "2": 0.36338333179095705}, "psi": {"0": 0.8609434694929984, "1": 0.9976548091036066, "2": 0.5293821280766028}, "sigma": {"0": 0.8033297134332025, "1": 0.5101682646830241, "2": 0.0}, "chi_high": 0.24340619773755373, "beta_low": null}