{"R": 40.0, "wi": 3, "di": 1, "delta": 1.0, "gamma": {"0": 1.2740651094422986, "1": 1.1623651429163258, "2": 1.4317492910667822}, "mu": {"0": 1.0763860750077592, "1": 1.0766385698040635, "2": 1.1348944557918261}, "phi": {"0": 0.6530446367106726, "1": 0.965129818307586, "2": 0.583125934471675}, "psi": {"0": 0.5898719797282181, "1": 1.3252846022041425, "2": 1.4892016068358283}, "sigma": {"0": 0.7923164326712477, "1": 0.5976354691516075, "2": 0.0}, "chi_high": 0.5735667732608396, "beta_low": null}