{"R": 40.0, "wi": 2, "di": 2, "delta": 1.0, "gamma": {"0": 0.6273996171552662, "1": 0.93175063025865, "2": 1.1552663636351523}, "mu": {"0": 1.0231580777030973, "1": 1.0209668876979316, "2": 1.0505309961761566}, "phi": {"0": 0.20296961597113083, "1": 0.11129101237468664, "2": 0.400206893852061}, "psi": {"0": 1.286438627973531, "1": 1.3230065720740145, "2": 0.5973453062332362}, "sigma": {"0": 0.8683339604768641, "1": 0.5531643268985561, "2": 0.0}, "chi_high": null, "beta_low": null}