{"R": 40.0, "wi": 2, "di": 1, "delta": 1.0, "gamma": {"0": 1.11004579511355, "1": 1.4952627982366407, "2": 1.4165397352748013}, "mu": {"0": 1.0632289597560636, "1": 1.0014324259982343, "2": 1.1266195581325262}, "phi": {"0": 0.1927648817276446, "1": 0.007178206924168484, "2": 0.11869799918649782}, "psi": {"0": 0.792169052854283, "1": 1.3458500729872136, "2": 0.5983361300955733}, "sigma": {"0": 0.5125244608596711, "1": 0.6176919592400141, "2": 0.0}, "chi_high": null, "beta_low": null}