{"R": 40.0, "wi": 2, "di": 1, "delta": 1.0, "gamma": {"0": 1.4375011608596564, "1": 1.0961343060372704, "2": 1.2707302174910975}, "mu": {"0": 1.0580799861546752, "1": 1.1298652207078212, "2": 1.0570513522116538}, "phi": {"0": 0.8707134055389715, "1": 0.20321633745242373, "2": 0.8962995144641799}, "psi": {"0": 0.8226436642115891, "1": 1.3811730826426278, "2": 0.8045105708746929}, "sigma": {"0": 0.6678662831337736, "1": 0.8906548619399535, "2": 0.0}, "chi_high": null, "beta_low": null}