{"R": 40.0, "wi": 1, "di": 0, "delta": 1.0, "gamma": {"0": 0.6833845887759937, "1": 1.436778404280632, "2": 1.0668261857492491}, "mu": {"0": 1.0819425740839366, "1": 1.035989798492824, "2": 1.002314062053642}, "phi": {"0": 0.9664992344990637, "1": 0.5838955004932601, "2": 0.3095120586209442}, "psi": {"0": 1.0400852607919366, "1": 1.1324177398083322, "2": 1.1415331656492345}, "sigma": {"0": 0.5092648085684643, "1": 0.0, "2": 0.0}, "chi_high": null, "beta_low": 0.47980249084481985}