{"R": 40.0, "wi": 0, "di": 2, "delta": 1.0, "gamma": {"0": 0.9409635536603439, "1": 1.0321221344780884, "2": 0.6403554392518267}, "mu": {"0": 1.0288566583719927, "1": 1.0912993594554772, "2": 1.0043438891796044}, "phi": {"0": 0.3401746628545508, "1": 0.8257004680269142, "2": 0.8628774763120881}, "psi": {"0": 0.9390139899261674, "1": 1.0263038970554907, "2": 0.9893124022424407}, "sigma": {"0": 0.7296242663802356, "1": 0.8113905546171747, "2": 0.0}, "chi_high": 0.35926634327116014, "beta_low": 0.781208377479738}