{"R": 40.0, "wi": 1, "di": 1, "delta": 1.0, "gamma": {"0": 0.5883779949486883, "1": 0.695792781122425, "2": 1.0889485146366802}, "mu": {"0": 1.0147853440019343, "1": 1.0191992443213085, "2": 1.1297039530342476}, "phi": {"0": 0.5640177385114883, "1": 0.10713535120959417, "2": 0.3224579757647561}, "psi": {"0": 1.0228507124618966, "1": 0.8425829846761047, "2": 0.655058671525508}, "sigma": {"0": 0.8646191370408141, "1": 0.0, "2": 0.0}, "chi_high": null, "beta_low": 0.265878931346205}