{"R": 40.0, "wi": 0, "di": 1, "delta": 1.0, "gamma": {"0": 1.402270650363656, "1": 0.5601775799405725, "2": 0.8165305066168675}, "mu": {"0": 1.0699407211726055, "1": 1.139127668325122, "2": 1.128541652970806}, "phi": {"0": 0.11514889839906917, "1": 0.32756564976907254, "2": 0.9749782343916134}, "psi": {"0": 1.2738564720190646, "1": 1.382701871271255, "2": 1.419857065528514}, "sigma": {"0": 0.5532573070695852, "1": 0.779237873469963, "2": 0.0}, "chi_high": 0.6996613819961596, "beta_low": 0.8799870690480897}