{"R": 40.0, "wi": 0, "di": 2, "delta": 1.0, "gamma": {"0": 1.2345922427350162, "1": 0.8477994122530761, "2": 0.8111811655784804}, "mu": {"0": 1.133430280154939, "1": 1.0338303705016243, "2": 1.0851762208072082}, "phi": {"0": 0.17338681407027046, "1": 0.7561002372870256, "2": 0.04664145979773948}, "psi": {"0": 0.9313024377214907, "1": 0.5195496662362356, "2": 1.067877900505244}, "sigma": {"0": 0.6983676186077437, "1": 0.9551075833059048, "2": 0.0}, "chi_high": 0.23658644187311859, "beta_low": 0.04387036600680034}