{"R": 40.0, "wi": 3, "di": 1, "delta": 1.0, "gamma": {"0": 0.8687935697890273, "1": 1.396081717734158, "2": 0.5095944219009401}, "mu": {"0": 1.0643373752392493, "1": 1.0034391372796458, "2": 1.0095199464318432}, "phi": {"0": 0.7603563095182478, "1": 0.01822604704364461, "2": 0.16041465377708464}, "psi": {"0": 0.8619985069808372, "1": 1.2600955316524067, "2": 1.350869618147065}, "sigma": {"0": 0.8469453791126209, "1": 0.9426223959134501, "2": 0.0}, "chi_high": 0.36255479517276, "beta_low": null}