{"R": 40.0, "wi": 0, "di": 1, "delta": 1.0, "gamma": {"0": 1.316837020116163, "1": 0.6112118685351939, "2": 1.362371967760491}, "mu": {"0": 1.1171412946144714, "1": 1.0359071503219734, "2": 1.148844434895952}, "phi": {"0": 0.058598083797028466, "1": 0.18642968480883626, "2": 0.5342976825131293}, "psi": {"0": 1.414911256312929, "1": 0.8282550838616525, "2": 0.863153172539366}, "sigma": {"0": 0.8606253753157667, "1": 0.5881050080215746, "2": 0.0}, "chi_high": 0.2266800427006673, "beta_low": 0.8879857745669549}