{"R": 40.0, "wi": 2, "di": 0, "delta": 1.0, "gamma": {"0": 1.439023652677541, "1": 0.8157539690755454, "2": 1.1788044192873082}, "mu": {"0": 1.0649712440670331, "1": 1.0501314121270233, "2": 1.1083521141862944}, "phi": {"0": 0.6742023992954695, "1": 0.6621527335349334, "2": 0.2986998330632171}, "psi": {"0": 0.9965035042481365, "1": 0.5313914847913783, "2": 0.9322009803830547}, "sigma": {"0": 0.8373343173004054, "1": 0.6048157348129821, "2": 0.0}, "chi_high": null, "beta_low": null}