{"R": 40.0, "wi": 1, "di": 2, "delta": 1.0, "gamma": {"0": 1.3597983938466167, "1": 1.2929351090098744, "2": 1.0151568189621565}, "mu": {"0": 1.1490939053186293, "1": 1.075161620986346, "2": 1.0693949515473764}, "phi": {"0": 0.37780644725202095, "1": 0.03060837432704444, "2": 0.5581579785430304}, "psi": {"0": 0.6768373034366465, "1": 0.9584528046182773, "2": 0.6636825370109319}, "sigma": {"0": 0.9212857073305906, "1": 0.0, "2": 0.0}, "chi_high": null, "beta_low": 0.5787542545190139}