{"R": 40.0, "wi": 2, "di": 0, "delta": 1.0, "gamma": {"0": 1.4841681151926198, "1": 1.4163363274595087, "2": 1.0837285675607953}, "mu": {"0": 1.1174331225984293, "1": 1.1387790255781054, "2": 1.080692226747324}, "phi": {"0": 0.05464280299052526, "1": 0.19065388119166038, "2": 0.7941814378863022}, "psi": {"0": 0.8796985409363154, "1": 0.8444353150906694, "2": 0.7783990173536439}, "sigma": {"0": 0.8185994993733289, "1": 0.7264544683205478, "2": 0.0}, "chi_high": null, "beta_low": null}