{"R": 40.0, "wi": 0, "di": 1, "delta": 1.0, "gamma": {"0": 1.4852767653042682, "1": 0.7137429420833519, "2": 0.6582787592285375}, "mu": {"0": 1.0713125660975418, "1": 1.0835175284485477, "2": 1.0331196932291975}, "phi": {"0": 0.5889115607001961, "1": 0.46879661550074414, "2": 0.6271043893923641}, "psi": {"0": 1.0208543358412148, "1": 0.5211609884305898, "2": 1.3022639718409321}, "sigma": {"0": 0.8318053877048086, "1": 0.7652434104860871, "2": 0.0}, "chi_high": 0.7626206649395577, "beta_low": 0.6417569800784074}