{"R": 40.0, "wi": 1, "di": 0, "delta": 1.0, "gamma": {"0": 0.5842653132433171, "1": 0.8645770520338492, "2": 0.7352300651476195}, "mu": {"0": 1.0790251127819306, "1": 1.0413457162999329, "2": 1.1299919840782022}, "phi": {"0": 0.518664689651137, "1": 0.1708950767049986, "2": 0.8789386885872665}, "psi": {"0": 0.6395326056906967, "1": 1.2928779020909802, "2": 0.5689222887651184}, "sigma": {"0": 0.5250469376690252, "1": 0.0, "2": 0.0}, "chi_high": null, "beta_low": 0.1242391765580289}