{"R": 40.0, "wi": 2, "di": 0, "delta": 1.0, "gamma": {"0": 1.2305589939663077, "1": 0.6769678455485333, "2": 0.9068223858475192}, "mu": {"0": 1.0866390864574378, "1": 1.0907764842885332, "2": 1.0018519309537095}, "phi": {"0": 0.46627166250553087, "1": 0.4875975640658593, "2": 0.9071946681071681}, "psi": {"0": 1.081963573277156, "1": 1.2055733325329125, "2": 0.5432371211688046}, "sigma": {"0": 0.7299092663684208, "1": 0.643906552697215, "2": 0.0}, "chi_high": null, "beta_low": null}