{"R": 40.0, "wi": 0, "di": 2, "delta": 1.0, "gamma": {"0": 1.3784865405478253, "1": 1.3743870673379883, "2": 0.6182585614498864}, "mu": {"0": 1.0947696888751042, "1": 1.1167797732211848, "2": 1.0027521974439917}, "phi": {"0": 0.0010961775186999478, "1": 0.31743459530121976, "2": 0.4716999333241719}, "psi": {"0": 0.6060596063239666, "1": 0.9909040635618394, "2": 1.3955009685645514}, "sigma": {"0": 0.7962509523626652, "1": 0.7940324835984031, "2": 0.0}, "chi_high": 0.8967140020741537, "beta_low": 0.8609727546168112}