{"R": 40.0, "wi": 3, "di": 2, "delta": 1.0, "gamma": {"0": 1.0604505825442168, "1": 1.3328341623984774, "2": 1.3262782246041716}, "mu": {"0": 1.0242697352704213, "1": 1.0444144941441245, "2": 1.049136949802153}, "phi": {"0": 0.30910444951374727, "1": 0.7449010639663848, "2": 0.25544946732807183}, "psi": {"0": 1.3953239923141716, "1": 1.1093796332771155, "2": 0.6282826360689137}, "sigma": {"0": 0.8668395501150948, "1": 0.5010510566796826, "2": 0.0}, "chi_high": 0.2777492749361862, "beta_low": null}