{"R": 40.0, "wi": 0, "di": 0, "delta": 1.0, "gamma": {"0": 0.9610054604946495, "1": 1.1051703823006696, "2": 0.8839897317610798}, "mu": {"0": 1.1406017698106288, "1": 1.0611363633475357, "2": 1.1264489545124894}, "phi": {"0": 0.22754354749511163, "1": 0.7495248022178479, "2": 0.9924954235568636}, "psi": {"0": 1.3001699843709376, "1": 0.7140897126055447, "2": 0.9752765567424324}, "sigma": {"0": 0.766551527713601, "1": 0.7500673509128096, "2": 0.0}, "chi_high": 0.7367839172426132, "beta_low": 0.09292980851229617}