{"R": 40.0, "wi": 0, "di": 0, "delta": 1.0, "gamma": {"0": 1.1927322871830868, "1": 1.0134722795552378, "2": 1.4648104345131723}, "mu": {"0": 1.0735872418973795, "1": 1.016247021741894, "2": 1.1075305881649746}, "phi": {"0": 0.3869493310209281, "1": 0.8831327360167546, "2": 0.681228338916406}, "psi": {"0": 0.9565903360575835, "1": 0.9166112061662438, "2": 0.6790722270088018}, "sigma": {"0": 0.5992978323823543, "1": 0.8105803985785436, "2": 0.0}, "chi_high": 0.15405023863143744, "beta_low": 0.6496170504915413}