{"R": 40.0, "wi": 2, "di": 1, "delta": 1.0, "gamma": {"0": 0.9858906286668064, "1": 1.2407420518331107, "2": 0.8821683019081225}, "mu": {"0": 1.073865011366503, "1": 1.109651751324591, "2": 1.1476351771171125}, "phi": {"0": 0.27850380798680663, "1": 0.051312411796628044, "2": 0.3746645075896551}, "psi": {"0": 1.0535685456198536, "1": 0.8534046934363111, "2": 1.4650573301912422}, "sigma": {"0": 0.513349008718828, "1": 0.8170255379454069, "2": 0.0}, "chi_high": null, "beta_low": null}