{"R": 40.0, "wi": 1, "di": 2, "delta": 1.0, "gamma": {"0": 0.7656597341522667, "1": 0.8497956412958553, "2": 1.391116868901467}, "mu": {"0": 1.054308253183788, "1": 1.0834322572471136, "2": 1.02516649896729}, "phi": {"0": 0.3390921258618076, "1": 0.8162640837498625, "2": 0.7495087173314574}, "psi": {"0": 1.1383856362725404, "1": 0.5949855371339429, "2": 0.9435315616681617}, "sigma": {"0": 0.9706224490476085, "1": 0.0, "2": 0.0}, "chi_high": null, "beta_low": 0.7842309395029663}