{"R": 40.0, "wi": 1, "di": 2, "delta": 1.0, "gamma": {"0": 1.3593249047119906, "1": 1.2234626205748693, "2": 1.2620883909017309}, "mu": {"0": 1.0381166094234913, "1": 1.0072112669121056, "2": 1.0012981248713269}, "phi": {"0": 0.43192798087644657, "1": 0.9270786028201569, "2": 0.42634280193902685}, "psi": {"0": 0.5796196748247847, "1": 0.6815855377681347, "2": 1.3618498997050672}, "sigma": {"0": 0.7349034424254313, "1": 0.0, "2": 0.0}, "chi_high": null, "beta_low": 0.20928958782034804}