{"R": 40.0, "wi": 3, "di": 2, "delta": 1.0, "gamma": {"0": 0.6277726542107164, "1": 1.0222494721974296, "2": 1.390783918654309}, "mu": {"0": 1.0757454968316984, "1": 1.0311337456521277, "2": 1.1118527558594302}, "phi": {"0": 0.6410173312647296, "1": 0.25397313170029767, "2": 0.4672747624895105}, "psi": {"0": 1.282279250750101, "1": 1.4224092582459735, "2": 1.2454749988667704}, "sigma": {"0": 0.8726003164604987, "1": 0.7876603621315342, "2": 0.0}, "chi_high": 0.3885150481750446, "beta_low": null}