{"R": 40.0, "wi": 1, "di": 1, "delta": 1.0, "gamma": {"0": 0.5339145982293715, "1": 0.682207166819712, "2": 1.196622670019421}, "mu": {"0": 1.1341623111988985, "1": 1.113488722443121, "2": 1.0307775843188411}, "phi": {"0": 0.920033644376202, "1": 0.8644239483844843, "2": 0.9633624662565289}, "psi": {"0": 0.905392303559602, "1": 1.2521458782561814, "2": 1.158519344063068}, "sigma": {"0": 0.5554566921353367, "1": 0.0, "2": 0.0}, "chi_high": null, "beta_low": 0.8919163130296844}