{"R": 40.0, "wi": 1, "di": 1, "delta": 1.0, "gamma": {"0": 0.8482625459678267, "1": 0.7589255685522351, "2": 1.3416822379432158}, "mu": {"0": 1.128449465965888, "1": 1.038494446875288, "2": 1.0493451024472544}, "phi": {"0": 0.9680502413670733, "1": 0.5976595987897901, "2": 0.09705717471836273}, "psi": {"0": 0.7579131753444678, "1": 1.2690160008181102, "2": 1.3700174578357793}, "sigma": {"0": 0.6759909508974956, "1": 0.0, "2": 0.0}, "chi_high": null, "beta_low": 0.6982084044189371}