{"R": 40.0, "wi": 1, "di": 2, "delta": 1.0, "gamma": {"0": 1.0685188288679692, "1": 0.9297653935241491, "2": 1.2238798074181791}, "mu": {"0": 1.0028492839782894, "1": 1.0901695912117657, "2": 1.0307552318438782}, "phi": {"0": 0.7223928336089087, "1": 0.9130749542368225, "2": 0.09831845311941056}, "psi": {"0": 1.306365022126506, "1": 1.0032958454622094, "2": 0.54505637850185}, "sigma": {"0": 0.9756985026991978, "1": 0.0, "2": 0.0}, "chi_high": null, "beta_low": 0.33867751120298006}