{"R": 40.0, "wi": 2, "di": 2, "delta": 1.0, "gamma": {"0": 0.640549828106605, "1": 1.2910349346113301, "2": 0.5935643607649069}, "mu": {"0": 1.0183591822219131, "1": 1.0956708853788546, "2": 1.0783545268029104}, "phi": {"0": 0.3291010135164111, "1": 0.9564731897086824, "2": 0.6496564643467283}, "psi": {"0": 0.7116237323664142, "1": 1.4850067277548669, "2": 1.470226868977956}, "sigma": {"0": 0.6288093668573218, "1": 0.8030924785443563, "2": 0.0}, "chi_high": null, "beta_low": null}