{"R": 40.0, "wi": 3, "di": 2, "delta": 1.0, "gamma": {"0": 1.3860168020851544, "1": 0.840864335513713, "2": 0.99194399673894}, "mu": {"0": 1.0665174247603209, "1": 1.0442119397122651, "2": 1.0515694006632237}, "phi": {"0": 0.4399708772952021, "1": 0.5573238028538927, "2": 0.2949759715565602}, "psi": {"0": 1.4246386363933015, "1": 1.1437642921729219, "2": 1.3466633552559086}, "sigma": {"0": 0.6622869313926246, "1": 0.6197677907224914, "2": 0.0}, "chi_high": 0.057226288725320894, "beta_low": null}