{"R": 40.0, "wi": 2, "di": 2, "delta": 1.0, "gamma": {"0": 0.5760235721922986, "1": 0.5522793969789977, "2": 0.5608925407708137}, "mu": {"0": 1.0776965123066782, "1": 1.0643298816535798, "2": 1.1275912003384452}, "phi": {"0": 0.6692733832198208, "1": 0.12851140657937665, "2": 0.5490415979098365}, "psi": {"0": 0.9985895028263402, "1": 0.8541760152879967, "2": 1.431856015513742}, "sigma": {"0": 0.7216509534804458, "1": 0.9430146906440264, "2": 0.0}, "chi_high": null, "beta_low": null}