{"R": 40.0, "wi": 1, "di": 2, "delta": 1.0, "gamma": {"0": 0.976310255829604, "1": 1.3590677998708216, "2": 0.9182055943537863}, "mu": {"0": 1.0787884093273468, "1": 1.0182193831032837, "2": 1.1156057681451876}, "phi": {"0": 0.09460474353793169, "1": 0.611420319679455, "2": 0.7566914759500731}, "psi": {"0": 0.7159292608203671, "1": 1.4520681201916823, "2": 1.0892876714729989}, "sigma": {"0": 0.6908330552096659, "1": 0.0, "2": 0.0}, "chi_high": null, "beta_low": 0.13717703026062097}