{"R": 40.0, "wi": 2, "di": 0, "delta": 1.0, "gamma": {"0": 0.7062457478386386, "1": 0.6368738829938775, "2": 1.1766503521147331}, "mu": {"0": 1.0553923162838639, "1": 1.1420331057774062, "2": 1.1407913509838465}, "phi": {"0": 0.1592516624957755, "1": 0.6326646853506092, "2": 0.33035238714446025}, "psi": {"0": 0.6145729586737526, "1": 1.4233202717436293, "2": 0.6369003071838112}, "sigma": {"0": 0.6749703258728164, "1": 0.5460578976645656, "2": 0.0}, "chi_high": null, "beta_low": null}