{"R": 40.0, "wi": 1, "di": 1, "delta": 1.0, "gamma": {"0": 1.4082146411253453, "1": 0.606647372422716, "2": 0.7638090462795314}, "mu": {"0": 1.1324537623909063, "1": 1.0631772792985803, "2": 1.0365695648408972}, "phi": {"0": 0.20418244639514327, "1": 0.9131651743396586, "2": 0.4171668941345248}, "psi": {"0": 0.5944908666622241, "1": 0.9336519514776132, "2": 0.8097350042535415}, "sigma": {"0": 0.5238093733411486, "1": 0.0, "2": 0.0}, "chi_high": null, "beta_low": 0.743252451724346}