{"R": 40.0, "wi": 0, "di": 0, "delta": 1.0, "gamma": {"0": 0.5590688360816599, "1": 0.6836576922598845, "2": 0.5212859428104011}, "mu": {"0": 1.1223975091881933, "1": 1.0897755793764352, "2": 1.0865342005971004}, "phi": {"0": 0.8731011614055996, "1": 0.5534121134855419, "2": 0.7487692656190861}, "psi": {"0": 1.0631380790880165, "1": 0.6617660248245965, "2": 0.6930341159484369}, "sigma": {"0": 0.7339144781591398, "1": 0.7676064678607654, "2": 0.0}, "chi_high": 0.926376034970135, "beta_low": 0.9699496388854463}