{"R": 40.0, "wi": 1, "di": 2, "delta": 1.0, "gamma": {"0": 0.7897944164703335, "1": 1.17925680674329, "2": 1.0584827164522361}, "mu": {"0": 1.0868915843975864, "1": 1.038153077482735, "2": 1.1244589195849772}, "phi": {"0": 0.08825268768501437, "1": 0.5044582577890203, "2": 0.4308428444876595}, "psi": {"0": 1.1720004796089856, "1": 1.4110463961329915, "2": 0.5100083387539988}, "sigma": {"0": 0.5564518232099056, "1": 0.0, "2": 0.0}, "chi_high": null, "beta_low": 0.025932292516467604}