{"R": 40.0, "wi": 0, "di": 1, "delta": 1.0, "gamma": {"0": 0.791948487632837, "1": 0.7405326047024321, "2": 0.6257091586602931}, "mu": {"0": 1.0782523929225625, "1": 1.0007521348036574, "2": 1.0282908686075989}, "phi": {"0": 0.5895825905553843, "1": 0.5758812274967917, "2": 0.1145171160097902}, "psi": {"0": 1.071323962899518, "1": 0.7342139769217606, "2": 0.6335789605891149}, "sigma": {"0": 0.9136934451091154, "1": 0.6699982516089983, "2": 0.0}, "chi_high": 0.4977990739872908, "beta_low": 0.012740683041103887}