{"R": 40.0, "wi": 0, "di": 1, "delta": 1.0, "gamma": {"0": 1.3705698744292083, "1": 0.7023625008848464, "2": 1.1663230395735287}, "mu": {"0": 1.0468510956660328, "1": 1.034692202623151, "2": 1.0796689060271962}, "phi": {"0": 0.43108851554082905, "1": 0.18828604083503075, "2": 0.6300558680766851}, "psi": {"0": 1.1380241338377997, "1": 0.6301865722333713, "2": 0.7457423525659089}, "sigma": {"0": 0.8948584677861308, "1": 0.9586506313699876, "2": 0.0}, "chi_high": 0.5503468333310875, "beta_low": 0.5731543499685541}