{"R": 40.0, "wi": 0, "di": 2, "delta": 1.0, "gamma": {"0": 1.423472354880627, "1": 0.5027438424733468, "2": 0.6564867783938301}, "mu": {"0": 1.1412759262942669, "1": 1.05132720070941, "2": 1.0772730072452767}, "phi": {"0": 0.6375865304658906, "1": 0.6649136550900396, "2": 0.432114800725086}, "psi": {"0": 0.8047426876459599, "1": 1.372814135658607, "2": 0.5978706434603125}, "sigma": {"0": 0.9365521712596925, "1": 0.9104681826162413, "2": 0.0}, "chi_high": 0.9735685861895168, "beta_low": 0.7493855686942841}