{"R": 40.0, "wi": 1, "di": 2, "delta": 1.0, "gamma": {"0": 1.4005184450417516, "1": 0.8471872754638321, "2": 1.1656792903213895}, "mu": {"0": 1.088595243240372, "1": 1.1130912234633203, "2": 1.138051569231085}, "phi": {"0": 0.20192943687038012, "1": 0.5804554648590778, "2": 0.5781629532944416}, "psi": {"0": 1.232626736461988, "1": 1.4423276676229366, "2": 1.4638108688193066}, "sigma": {"0": 0.5648583204183185, "1": 0.0, "2": 0.0}, "chi_high": null, "beta_low": 0.09890694571239528}