{"R": 40.0, "wi": 1, "di": 0, "delta": 1.0, "gamma": {"0": 1.2994673295077572, "1": 1.4138480174725898, "2": 1.1793655534387208}, "mu": {"0": 1.0113798494596518, "1": 1.0774278130670285, "2": 1.1069406286412153}, "phi": {"0": 0.9761695735633312, "1": 0.8470744585970028, "2": 0.5231807009629375}, "psi": {"0": 1.1728485265598714, "1": 1.1796089970144474, "2": 0.6196094505323055}, "sigma": {"0": 0.9303928791062949, "1": 0.0, "2": 0.0}, "chi_high": null, "beta_low": 0.9112256633675351}