{"R": 40.0, "wi": 2, "di": 1, "delta": 1.0, "gamma": {"0": 0.899395521738627, "1": 0.7955502174992013, "2": 1.3772164092147008}, "mu": {"0": 1.0355247783880286, "1": 1.080793568896413, "2": 1.0831900357789952}, "phi": {"0": 0.0747822405776869, "1": 0.11785976501141393, "2": 0.6079756515037692}, "psi": {"0": 1.1342200822960096, "1": 0.8635331542037032, "2": 0.6123449267011372}, "sigma": {"0": 0.6246869044761185, "1": 0.578733416605699, "2": 0.0}, "chi_high": null, "beta_low": null}