{"R": 40.0, "wi": 0, "di": 2, "delta": 1.0, "gamma": {"0": 1.4636740369533665, "1": 1.3752696798345285, "2": 0.5131512325724447}, "mu": {"0": 1.0204516548251699, "1": 1.0479009139573758, "2": 1.1256503972300493}, "phi": {"0": 0.1693235379404502, "1": 0.8244592059416593, "2": 0.34384748456221004}, "psi": {"0": 1.2195110053354554, "1": 1.22827486502926, "2": 1.2022422416776897}, "sigma": {"0": 0.6385209048021212, "1": 0.827814152447734, "2": 0.0}, "chi_high": 0.5642342803908637, "beta_low": 0.688025521609512}