{"R": 40.0, "wi": 0, "di": 1, "delta": 1.0, "gamma": {"0": 1.0242507601422899, "1": 1.0645521253474604, "2": 1.0992692218442794}, "mu": {"0": 1.0003588917040103, "1": 1.1335838751731215, "2": 1.0120195920447572}, "phi": {"0": 0.3055308727887359, "1": 0.5005510138959296, "2": 0.597011419934795}, "psi": {"0": 0.6869930346348004, "1": 0.7635434899634103, "2": 1.0875554957074702}, "sigma": {"0": 0.9019026692032706, "1": 0.6885582562760748, "2": 0.0}, "chi_high": 0.7780484695925165, "beta_low": 0.06465579681609838}