{"R": 40.0, "wi": 2, "di": 1, "delta": 1.0, "gamma": {"0": 1.05367781350555, "1": 0.7820364364385466, "2": 1.3216177373832725}, "mu": {"0": 1.0810686976924604, "1": 1.001480306699318, "2": 1.0713000289616548}, "phi": {"0": 0.6601775211915207, "1": 0.11061857758263383, "2": 0.9761725967722614}, "psi": {"0": 1.3501070134310111, "1": 0.9628648883438198, "2": 0.8525520394609205}, "sigma": {"0": 0.6205275178768759, "1": 0.649652236696562, "2": 0.0}, "chi_high": null, "beta_low": null}