{"R": 40.0, "wi": 2, "di": 1, "delta": 1.0, "gamma": {"0": 0.6556740114776435, "1": 1.190815329655349, "2": 0.8734332454548731}, "mu": {"0": 1.0798908133607708, "1": 1.0604384746069384, "2": 1.0880251813540989}, "phi": {"0": 0.08404847776272106, "1": 0.5162993762280003, "2": 0.9237964525427776}, "psi": {"0": 1.4096771869086546, "1": 1.214561197636177, "2": 1.2569179846096201}, "sigma": {"0": 0.7812463372118659, "1": 0.505383985944903, "2": 0.0}, "chi_high": null, "beta_low": null}