{"R": 40.0, "wi": 1, "di": 0, "delta": 1.0, "gamma": {"0": 0.6854641539837766, "1": 0.7352924427035227, "2": 1.203997588074296}, "mu": {"0": 1.031771126806807, "1": 1.040766093958206, "2": 1.0237302756304125}, "phi": {"0": 0.7200299927521271, "1": 0.8720508337502876, "2": 0.18401755310927903}, "psi": {"0": 1.405176572977545, "1": 1.089173383819952, "2": 0.9562942643960405}, "sigma": {"0": 0.651765864750133, "1": 0.0, "2": 0.0}, "chi_high": null, "beta_low": 0.9473196670323263}