{"R": 40.0, "wi": 2, "di": 2, "delta": 1.0, "gamma": {"0": 1.4358044893785888, "1": 0.6650393023422667, "2": 1.1279616355064213}, "mu": {"0": 1.0905465065538773, "1": 1.0707987632162463, "2": 1.0464356361170026}, "phi": {"0": 0.10541517933362077, "1": 0.08484828650231813, "2": 0.06869144996857524}, "psi": {"0": 0.8315504790165572, "1": 0.7646286133609407, "2": 0.8101244801857581}, "sigma": {"0": 0.7804944891085386, "1": 0.9001325739890655, "2": 0.0}, "chi_high": null, "beta_low": null}