{"R": 40.0, "wi": 0, "di": 2, "delta": 1.0, "gamma": {"0": 1.1730877726507787, "1": 1.0929499272577647, "2": 1.3874471875429828}, "mu": {"0": 1.0477125296846121, "1": 1.0570003411179598, "2": 1.107524710937166}, "phi": {"0": 0.6282483684026331, "1": 0.06409097774178918, "2": 0.8489270357142301}, "psi": {"0": 1.3505062699940538, "1": 0.5133021141693096, "2": 0.8282137534539297}, "sigma": {"0": 0.8054084660513756, "1": 0.7835266648748047, "2": 0.0}, "chi_high": 0.6657825571856489, "beta_low": 0.48253810061897423}