{"R": 40.0, "wi": 2, "di": 2, "delta": 1.0, "gamma": {"0": 0.8318814477939461, "1": 0.5770394200258727, "2": 0.5390885082573585}, "mu": {"0": 1.0609315309837997, "1": 1.0844582861443346, "2": 1.1198120565287977}, "phi": {"0": 0.15404957491416915, "1": 0.30436799124841596, "2": 0.8926894628135783}, "psi": {"0": 1.2643421741487275, "1": 1.4077249177700628, "2": 1.2977511561968615}, "sigma": {"0": 0.6694176805347858, "1": 0.6285642513202225, "2": 0.0}, "chi_high": null, "beta_low": null}