{"R": 40.0, "wi": 2, "di": 1, "delta": 1.0, "gamma": {"0": 1.10178540214884, "1": 1.4666728250050096, "2": 0.5560142751418947}, "mu": {"0": 1.0230509747199483, "1": 1.0305807405357557, "2": 1.1421772476497647}, "phi": {"0": 0.788772126271171, "1": 0.29392163629224, "2": 0.4718452646490947}, "psi": {"0": 0.6881703255853182, "1": 1.2128172557912493, "2": 0.90352436931985}, "sigma": {"0": 0.8365599015794916, "1": 0.8419151345423435, "2": 0.0}, "chi_high": null, "beta_low": null}