{"R": 40.0, "wi": 1, "di": 1, "delta": 1.0, "gamma": {"0": 1.0783096598294633, "1": 0.9407789768581565, "2": 0.9870200528675076}, "mu": {"0": 1.072411747676779, "1": 1.0693258358301538, "2": 1.0539188591332092}, "phi": {"0": 0.37718484910211125, "1": 0.1848652896477473, "2": 0.5457078999245967}, "psi": {"0": 1.2428185054371839, "1": 0.6982908597903982, "2": 1.3514244713593588}, "sigma": {"0": 0.5151418955677605, "1": 0.0, "2": 0.0}, "chi_high": null, "beta_low": 0.6176448595211355}