{"R": 40.0, "wi": 1, "di": 1, "delta": 1.0, "gamma": {"0": 1.3959714864016628, "1": 1.4117700402317501, "2": 1.4917873113710363}, "mu": {"0": 1.0540182113129528, "1": 1.0488435503233124, "2": 1.0729270774752728}, "phi": {"0": 0.31121621481854356, "1": 0.3323451576805999, "2": 0.5607624679183877}, "psi": {"0": 1.1044388165566765, "1": 1.4173474245881688, "2": 1.2542766041705797}, "sigma": {"0": 0.8606260173564733, "1": 0.0, "2": 0.0}, "chi_high": null, "beta_low": 0.21431376866116597}