{"R": 40.0, "wi": 0, "di": 1, "delta": 1.0, "gamma": {"0": 1.2307212449298577, "1": 0.6494915592156936, "2": 0.6558570703266293}, "mu": {"0": 1.0158033801120545, "1": 1.0917773895371707, "2": 1.1168915426792525}, "phi": {"0": 0.3085310393906524, "1": 0.7774251455744083, "2": 0.6276484504179584}, "psi": {"0": 1.2454001629235667, "1": 0.7459481135674, "2": 1.4148131516538984}, "sigma": {"0": 0.9542754380623184, "1": 0.938272199752437, "2": 0.0}, "chi_high": 0.8041053290510165, "beta_low": 0.37850399221001363}