{"R": 40.0, "wi": 3, "di": 1, "delta": 1.0, "gamma": {"0": 1.3643543489238503, "1": 1.2482303705799056, "2": 0.6186283689092422}, "mu": {"0": 1.1363596043455728, "1": 1.0963103579494116, "2": 1.0149040431471552}, "phi": {"0": 0.2961634398439177, "1": 0.5603507676757072, "2": 0.2870190260992823}, "psi": {"0": 0.7846542419730401, "1": 1.2810621674106746, "2": 1.2036117069755032}, "sigma": {"0": 0.7257594978359565, "1": 0.8453616746031152, "2": 0.0}, "chi_high": 0.5378163328928898, "beta_low": null}