{"R": 40.0, "wi": 1, "di": 0, "delta": 1.0, "gamma": {"0": 1.1615509618083055, "1": 0.7829049700878721, "2": 0.6569510899546366}, "mu": {"0": 1.0277362732728788, "1": 1.147011955010894, "2": 1.1032810816170666}, "phi": {"0": 0.20974236177580619, "1": 0.881787821021026, "2": 0.8754548670752289}, "psi": {"0": 1.1764899658469803, "1": 1.3698186056082011, "2": 0.5110764812722014}, "sigma": {"0": 0.6532829392924615, "1": 0.0, "2": 0.0}, "chi_high": null, "beta_low": 0.7101405260273389}