{"R": 40.0, "wi": 3, "di": 2, "delta": 1.0, "gamma": {"0": 1.1943929411097778, "1": 1.0320274291980114, "2": 1.029124552297034}, "mu": {"0": 1.067975900778362, "1": 1.053000556874387, "2": 1.1243992661427364}, "phi": {"0": 0.15778657256635997, "1": 0.8063315999817354, "2": 0.008897110207265135}, "psi": {"0": 1.0380468294802103, "1": 1.4555653016638486, "2": 1.0095830370769623}, "sigma": {"0": 0.8693465812486918, "1": 0.620859513154693, "2": 0.0}, "chi_high": 0.029981025303664373, "beta_low": null}