{"R": 40.0, "wi": 0, "di": 2, "delta": 1.0, "gamma": {"0": 0.5493694573120946, "1": 1.4591633443047973, "2": 1.4167605772140677}, "mu": {"0": 1.0429905386432379, "1": 1.0971967054335932, "2": 1.1405575438321374}, "phi": {"0": 0.13063933632937652, "1": 0.3619737217786564, "2": 0.5271531772026955}, "psi": {"0": 0.8134699567527084, "1": 1.004755100951523, "2": 1.3744964161771622}, "sigma": {"0": 0.5384937127230938, "1": 0.6981705703218274, "2": 0.0}, "chi_high": 0.19223332446688282, "beta_low": 0.2677703650272013}