{"R": 40.0, "wi": 1, "di": 0, "delta": 1.0, "gamma": {"0": 0.844420813129813, "1": 1.4870928220832593, "2": 1.4053596406479905}, "mu": {"0": 1.0890893769901915, "1": 1.146836735568072, "2": 1.006929261434277}, "phi": {"0": 0.368042316767086, "1": 0.8425228181964391, "2": 0.761365170194559}, "psi": {"0": 0.9458485942655803, "1": 0.7674368833673514, "2": 1.393420228476348}, "sigma": {"0": 0.519696686939374, "1": 0.0, "2": 0.0}, "chi_high": null, "beta_low": 0.19746063804804098}