{"R": 40.0, "wi": 2, "di": 0, "delta": 1.0, "gamma": {"0": 0.7617707103466979, "1": 1.1105970435361343, "2": 1.2673001656048282}, "mu": {"0": 1.0861569899947419, "1": 1.0983915358289982, "2": 1.0292413627630004}, "phi": {"0": 0.0717477161543778, "1": 0.6963003736748342, "2": 0.5347613268837055}, "psi": {"0": 1.3742303779551197, "1": 0.9523568715504358, "2": 1.3614223525091314}, "sigma": {"0": 0.8548076417329383, "1": 0.9715676072892105, "2": 0.0}, "chi_high": null, "beta_low": null}