{"R": 40.0, "wi": 1, "di": 1, "delta": 1.0, "gamma": {"0": 0.7073278262071914, "1": 1.1008066489178576, "2": 1.231716082587039}, "mu": {"0": 1.0793856387441878, "1": 1.02031024428331, "2": 1.0815838214658093}, "phi": {"0": 0.4382321837556391, "1": 0.47479720110379176, "2": 0.4203185058696528}, "psi": {"0": 0.6315115516373134, "1": 0.6107637932227004, "2": 0.7526081137977555}, "sigma": {"0": 0.803109748407492, "1": 0.0, "2": 0.0}, "chi_high": null, "beta_low": 0.41725112520650237}