{"R": 40.0, "wi": 1, "di": 0, "delta": 1.0, "gamma": {"0": 0.6286878981226189, "1": 0.6803367728717001, "2": 1.185790325622172}, "mu": {"0": 1.0601535689723194, "1": 1.078161212447405, "2": 1.0581438411428457}, "phi": {"0": 0.9787975619861008, "1": 0.8528683982189259, "2": 0.6537678645190923}, "psi": {"0": 1.2880719606818727, "1": 1.4117994384164243, "2": 0.8021669053367689}, "sigma": {"0": 0.8401933982478922, "1": 0.0, "2": 0.0}, "chi_high": null, "beta_low": 0.9010797817429806}