{"R": 40.0, "wi": 1, "di": 2, "delta": 1.0, "gamma": {"0": 0.5859350166661769, "1": 0.6533506654550155, "2": 1.1773749860834086}, "mu": {"0": 1.0631105700741834, "1": 1.1277976263856673, "2": 1.1107935561852986}, "phi": {"0": 0.9711051271529408, "1": 0.6280407291775543, "2": 0.8964875653585826}, "psi": {"0": 0.9514123776882916, "1": 0.9047234357507995, "2": 0.6878020834480084}, "sigma": {"0": 0.8053012150513852, "1": 0.0, "2": 0.0}, "chi_high": null, "beta_low": 0.28675304367624244}