{"R": 40.0, "wi": 3, "di": 1, "delta": 1.0, "gamma": {"0": 1.0531728581262643, "1": 1.4127149136026542, "2": 0.7519667444500973}, "mu": {"0": 1.1042767037896324, "1": 1.0213884412394054, "2": 1.1156879755527096}, "phi": {"0": 0.5197929738958573, "1": 0.7701199573266887, "2": 0.6946956711947178}, "psi": {"0": 1.4427500460747813, "1": 0.816856587810653, "2": 1.0613511916285114}, "sigma": {"0": 0.818171485165956, "1": 0.7404341233255107, "2": 0.0}, "chi_high": 0.5160316900252834, "beta_low": null}