{"R": 40.0, "wi": 1, "di": 1, "delta": 1.0, "gamma": {"0": 0.5407489248397153, "1": 1.2108782492159138, "2": 1.45583465325286}, "mu": {"0": 1.0939693209067143, "1": 1.030831182153653, "2": 1.0017268338605927}, "phi": {"0": 0.10661585434485721, "1": 0.44618383867717226, "2": 0.4690911037905843}, "psi": {"0": 0.7505925567165728, "1": 1.1334925878582602, "2": 0.8708065361616749}, "sigma": {"0": 0.719937418603769, "1": 0.0, "2": 0.0}, "chi_high": null, "beta_low": 0.7347620636178477}