{"R": 40.0, "wi": 2, "di": 1, "delta": 1.0, "gamma": {"0": 0.9513418743042233, "1": 0.8298938537751315, "2": 0.66537618974265}, "mu": {"0": 1.0121871796191872, "1": 1.0374192208394732, "2": 1.080851671820039}, "phi": {"0": 0.17248746735956466, "1": 0.9065995278219148, "2": 0.29329389949280416}, "psi": {"0": 1.0852106087911002, "1": 1.0142006905198517, "2": 1.1009624926123558}, "sigma": {"0": 0.8936194577476351, "1": 0.9538731675471176, "2": 0.0}, "chi_high": null, "beta_low": null}