{"R": 40.0, "wi": 3, "di": 2, "delta": 1.0, "gamma": {"0": 1.1997880407036932, "1": 0.6184744317572352, "2": 0.9907206921955736}, "mu": {"0": 1.051166170050402, "1": 1.082925308831624, "2": 1.096883728474327}, "phi": {"0": 0.8055699178636888, "1": 0.09459010313739624, "2": 0.9642954405890282}, "psi": {"0": 0.6300713901304195, "1": 1.2935196126608197, "2": 1.1292515929735725}, "sigma": {"0": 0.5788652690695983, "1": 0.514921285458213, "2": 0.0}, "chi_high": 0.13576821409384024, "beta_low": null}