{"R": 40.0, "wi": 2, "di": 2, "delta": 1.0, "gamma": {"0": 1.0078525046110562, "1": 0.8787676050285157, "2": 0.8809088793831878}, "mu": {"0": 1.139366721226388, "1": 1.0352325956456878, "2": 1.0435459309179898}, "phi": {"0": 0.6018755936871214, "1": 0.2090768655792694, "2": 0.3400473508765697}, "psi": {"0": 0.7885239937020722, "1": 1.4483351267485691, "2": 1.3196652599302001}, "sigma": {"0": 0.7682932611167286, "1": 0.5272809443766162, "2": 0.0}, "chi_high": null, "beta_low": null}