{"R": 40.0, "wi": 0, "di": 0, "delta": 1.0, "gamma": {"0": 1.2081666473582406, "1": 0.5910091406503238, "2": 0.5563920520739234}, "mu": {"0": 1.0255979614457877, "1": 1.124152295298585, "2": 1.0438759243233402}, "phi": {"0": 0.7065753909122297, "1": 0.8326023895804228, "2": 0.9995027589787572}, "psi": {"0": 1.2810746243646554, "1": 0.7035952822512712, "2": 0.9978223781460644}, "sigma": {"0": 0.921010217310479, "1": 0.8145028939750389, "2": 0.0}, "chi_high": 0.1607885095563285, "beta_low": 0.34651614524571656}