{"R": 40.0, "wi": 3, "di": 2, "delta": 1.0, "gamma": {"0": 0.6852213651126281, "1": 0.9949930342030524, "2": 1.022788106020779}, "mu": {"0": 1.078687828936383, "1": 1.1054414614169792, "2": 1.1092263838789425}, "phi": {"0": 0.7774459050934088, "1": 0.28105514756097105, "2": 0.5796524918168242}, "psi": {"0": 1.3190965232461407, "1": 1.0079707162478226, "2": 0.5021706971415792}, "sigma": {"0": 0.8107383041881524, "1": 0.7620994575972386, "2": 0.0}, "chi_high": 0.8388246196324921, "beta_low": null}