{"R": 40.0, "wi": 0, "di": 2, "delta": 1.0, "gamma": {"0": 0.6704415748681987, "1": 1.1080528346506204, "2": 1.0184418773299102}, "mu": {"0": 1.0170339212139552, "1": 1.1338360961718739, "2": 1.0030336535493325}, "phi": {"0": 0.5314060485505365, "1": 0.4923513541090063, "2": 0.8111151025461696}, "psi": {"0": 0.6153801730976026, "1": 1.2341508083309667, "2": 1.0403302884590864}, "sigma": {"0": 0.7999077159372586, "1": 0.6450007444114869, "2": 0.0}, "chi_high": 0.7897700498941619, "beta_low": 0.47040337565546403}