{"R": 40.0, "wi": 0, "di": 0, "delta": 1.0, "gamma": {"0": 0.8513383569968158, "1": 1.0718416622784321, "2": 1.2175736742254653}, "mu": {"0": 1.0841040385879857, "1": 1.1090331995092026, "2": 1.1253352563343733}, "phi": {"0": 0.36639807765930066, "1": 0.0816600436419973, "2": 0.8182535919032407}, "psi": {"0": 1.1778192828184193, "1": 1.394839757556169, "2": 1.003747772634671}, "sigma": {"0": 0.5965949214688273, "1": 0.5743131256084175, "2": 0.0}, "chi_high": 0.21649570452249892, "beta_low": 0.4940959268846748}