{"R": 40.0, "wi": 2, "di": 2, "delta": 1.0, "gamma": {"0": 1.157013297286424, "1": 1.455454595988932, "2": 1.1783754884298254}, "mu": {"0": 1.1416976979821711, "1": 1.0597755313361676, "2": 1.0304240896798313}, "phi": {"0": 0.36452221162182463, "1": 0.4902915604718344, "2": 0.5100272456102753}, "psi": {"0": 0.5939971115609237, "1": 0.9255674454124655, "2": 0.8499332251462548}, "sigma": {"0": 0.70828380976276, "1": 0.747832162133993, "2": 0.0}, "chi_high": null, "beta_low": null}