{"R": 40.0, "wi": 1, "di": 2, "delta": 1.0, "gamma": {"0": 0.6913072316373036, "1": 0.9781075601076283, "2": 1.3729635822666284}, "mu": {"0": 1.0151957876719648, "1": 1.0171237683081056, "2": 1.0257786010929466}, "phi": {"0": 0.6825369987110076, "1": 0.7338524042109248, "2": 0.3089403583431347}, "psi": {"0": 0.6554440801073945, "1": 1.0651858084934098, "2": 1.3751883560036973}, "sigma": {"0": 0.9003504898184825, "1": 0.0, "2": 0.0}, "chi_high": null, "beta_low": 0.405782429087975}