{"R": 40.0, "wi": 2, "di": 0, "delta": 1.0, "gamma": {"0": 1.258638067289322, "1": 0.5998941977897388, "2": 0.5549989843863551}, "mu": {"0": 1.10024524409538, "1": 1.06725367933085, "2": 1.0776460342731065}, "phi": {"0": 0.031539268203431, "1": 0.09370773421707523, "2": 0.6632664554825303}, "psi": {"0": 0.9416490051084856, "1": 1.1393701442534532, "2": 1.3663531374238271}, "sigma": {"0": 0.5243629493757569, "1": 0.8492630192683397, "2": 0.0}, "chi_high": null, "beta_low": null}