{"R": 40.0, "wi": 2, "di": 1, "delta": 1.0, "gamma": {"0": 0.843548682929175, "1": 0.9601578135862245, "2": 0.6380240941659483}, "mu": {"0": 1.1444142296430406, "1": 1.0012522675078706, "2": 1.0510782567630315}, "phi": {"0": 0.17345308231437917, "1": 0.15873777231989783, "2": 0.2709102721697795}, "psi": {"0": 0.9102670095192095, "1": 1.0968381935672946, "2": 1.426780979148186}, "sigma": {"0": 0.9204723017960295, "1": 0.9984584820727129, "2": 0.0}, "chi_high": null, "beta_low": null}