{"R": 40.0, "wi": 3, "di": 2, "delta": 1.0, "gamma": {"0": 1.1134661486693735, "1": 1.2742040827978949, "2": 0.5476994376036348}, "mu": {"0": 1.083591403447021, "1": 1.1290160573594286, "2": 1.0882440872407324}, "phi": {"0": 0.9241382151621078, "1": 0.1558649119983716, "2": 0.37360449067800805}, "psi": {"0": 0.7718834964962092, "1": 0.803656905814267, "2": 1.3995381890324976}, "sigma": {"0": 0.5697476512633967, "1": 0.7795249119625127, "2": 0.0}, "chi_high": 0.4195813168536248, "beta_low": null}