{"R": 40.0, "wi": 3, "di": 0, "delta": 1.0, "gamma": {"0": 0.6952237682687727, "1": 1.1965119274081837, "2": 0.83223310977326}, "mu": {"0": 1.1373358251504424, "1": 1.0146077027768288, "2": 1.0578890491567634}, "phi": {"0": 0.3738079107987312, "1": 0.0461271826162456, "2": 0.6097341644520696}, "psi": {"0": 1.0295227010617647, "1": 1.2375498705590862, "2": 0.8354962824098023}, "sigma": {"0": 0.7298986123923848, "1": 0.7652024267666448, "2": 0.0}, "chi_high": 0.5067367230257704, "beta_low": null}