{"R": 40.0, "wi": 1, "di": 0, "delta": 1.0, "gamma": {"0": 1.0297449797650837, "1": 0.7138918663422973, "2": 0.6713495528131029}, "mu": {"0": 1.1226060559951834, "1": 1.1387990926322806, "2": 1.0284859739299266}, "phi": {"0": 0.5535295960872726, "1": 0.010942664795484558, "2": 0.6087282087707986}, "psi": {"0": 1.1275845778349405, "1": 1.3944809090375894, "2": 0.5345493499741104}, "sigma": {"0": 0.5938790457320342, "1": 0.0, "2": 0.0}, "chi_high": null, "beta_low": 0.35345016502610593}