{"R": 40.0, "wi": 0, "di": 1, "delta": 1.0, "gamma": {"0": 1.1613308009582823, "1": 0.5480147074609497, "2": 1.2425569111948096}, "mu": {"0": 1.094209747076533, "1": 1.0148861540649174, "2": 1.0275179247216086}, "phi": {"0": 0.32998622506317954, "1": 0.007054230818949736, "2": 0.22882982079250969}, "psi": {"0": 1.4041013878826325, "1": 1.436164228982903, "2": 1.0187254135569317}, "sigma": {"0": 0.9614745743164437, "1": 0.6706988299011287, "2": 0.0}, "chi_high": 0.5092809543720987, "beta_low": 0.41390980562167035}