{"R": 40.0, "wi": 2, "di": 2, "delta": 1.0, "gamma": {"0": 1.2021797261153608, "1": 0.5626724039637525, "2": 0.9240729055953265}, "mu": {"0": 1.0847024496215818, "1": 1.146321101374285, "2": 1.074035402652757}, "phi": {"0": 0.21003420194202105, "1": 0.025261309282805677, "2": 0.8579251455289848}, "psi": {"0": 0.8219466902775764, "1": 1.2889579852444266, "2": 1.1078717958049693}, "sigma": {"0": 0.8551263064930117, "1": 0.6925738601687637, "2": 0.0}, "chi_high": null, "beta_low": null}