{"R": 40.0, "wi": 0, "di": 0, "delta": 1.0, "gamma": {"0": 0.6871077980561658, "1": 1.1105378872414575, "2": 0.5445141495660677}, "mu": {"0": 1.1224485585040767, "1": 1.0050970986883914, "2": 1.0432386741928954}, "phi": {"0": 0.06313617890154788, "1": 0.05927566256151928, "2": 0.19963578979587726}, "psi": {"0": 0.6087813938129882, "1": 1.2256985886615301, "2": 1.1025683785036064}, "sigma": {"0": 0.9514571043938658, "1": 0.5397982642261245, "2": 0.0}, "chi_high": 0.4221911029168941, "beta_low": 0.897981326465359}