{"R": 40.0, "wi": 3, "di": 1, "delta": 1.0, "gamma": {"0": 0.8221494632586688, "1": 0.5721538786958756, "2": 0.5933190327381808}, "mu": {"0": 1.138999401651652, "1": 1.1220765615950496, "2": 1.1025319857911922}, "phi": {"0": 0.43819275315490436, "1": 0.5845394211861064, "2": 0.31638807656725354}, "psi": {"0": 0.6808146678026793, "1": 0.5243246154998513, "2": 0.8759553633904089}, "sigma": {"0": 0.5409200923213193, "1": 0.8611936801609927, "2": 0.0}, "chi_high": 0.3937196309821918, "beta_low": null}