{"R": 40.0, "wi": 0, "di": 0, "delta": 1.0, "gamma": {"0": 1.0384761124577246, "1": 0.6497275292192582, "2": 1.3869075960655641}, "mu": {"0": 1.0495963709249594, "1": 1.0579124294064302, "2": 1.1266271093115392}, "phi": {"0": 0.34070982399268757, "1": 0.9812753187493497, "2": 0.6602065630006992}, "psi": {"0": 1.090194950665488, "1": 0.926592281492516, "2": 0.6424274098923628}, "sigma": {"0": 0.6266333763938639, "1": 0.5908121073503219, "2": 0.0}, "chi_high": 0.6895484583944803, "beta_low": 0.13334103627615895}