{"R": 40.0, "wi": 1, "di": 1, "delta": 1.0, "gamma": {"0": 1.2238437760569965, "1": 1.1352929838007875, "2": 0.9063871524281522}, "mu": {"0": 1.1421183522862768, "1": 1.0807751999019564, "2": 1.0523091474003246}, "phi": {"0": 0.5745944823807148, "1": 0.36371388225625656, "2": 0.3046184980303528}, "psi": {"0": 0.9119828221049822, "1": 0.7364706769845656, "2": 0.9102146051778903}, "sigma": {"0": 0.7423232521531016, "1": 0.0, "2": 0.0}, "chi_high": null, "beta_low": 0.27061727270034575}