{"R": 40.0, "wi": 0, "di": 2, "delta": 1.0, "gamma": {"0": 1.282377904177082, "1": 0.7912147077892169, "2": 0.7788468950410875}, "mu": {"0": 1.1202194648062989, "1": 1.06708072221266, "2": 1.0473546286974023}, "phi": {"0": 0.07509650640451793, "1": 0.05320277824925146, "2": 0.53864302097668}, "psi": {"0": 1.354999607772172, "1": 0.6608000603264259, "2": 0.6240396215397958}, "sigma": {"0": 0.6496842786273631, "1": 0.5592421566533494, "2": 0.0}, "chi_high": 0.6658677134411691, "beta_low": 0.1047290386936952}