{"R": 40.0, "wi": 1, "di": 0, "delta": 1.0, "gamma": {"0": 1.0474846999036949, "1": 0.8732288986775448, "2": 0.5772242443272995}, "mu": {"0": 1.021685852364544, "1": 1.053201993499257, "2": 1.1370458480417607}, "phi": {"0": 0.16275496805233347, "1": 0.07799158614145618, "2": 0.02896394468034902}, "psi": {"0": 0.7066728441110309, "1": 0.5189056798894788, "2": 0.51204358261701}, "sigma": {"0": 0.7870592015549698, "1": 0.0, "2": 0.0}, "chi_high": null, "beta_low": 0.9624832510485339}