{"R": 40.0, "wi": 1, "di": 0, "delta": 1.0, "gamma": {"0": 1.2862869051602188, "1": 0.6232396856403813, "2": 0.646382784120164}, "mu": {"0": 1.0425017257539926, "1": 1.0547191802952682, "2": 1.0769827561255554}, "phi": {"0": 0.4696823073334947, "1": 0.2983308091280139, "2": 0.16960061674166116}, "psi": {"0": 0.8514464102893337, "1": 1.4582322069757505, "2": 0.769557694027771}, "sigma": {"0": 0.8529573195560137, "1": 0.0, "2": 0.0}, "chi_high": null, "beta_low": 0.5890991848727816}