{"R": 40.0, "wi": 0, "di": 2, "delta": 1.0, "gamma": {"0": 0.5890003012672526, "1": 1.4088261297248317, "2": 0.8818337851476339}, "mu": {"0": 1.0669393604617805, "1": 1.0770471430528556, "2": 1.0522034275546597}, "phi": {"0": 0.1286436718563454, "1": 0.8300120393548855, "2": 0.838565566087991}, "psi": {"0": 0.9260990873584704, "1": 1.0030072327386692, "2": 0.7329423594307778}, "sigma": {"0": 0.6190461536184299, "1": 0.5734850971552824, "2": 0.0}, "chi_high": 0.3159162489394028, "beta_low": 0.3313000689355706}