{"R": 40.0, "wi": 0, "di": 2, "delta": 1.0, "gamma": {"0": 0.561854846543227, "1": 0.879357244795783, "2": 1.0777965591201673}, "mu": {"0": 1.0660193752298899, "1": 1.061147190133487, "2": 1.0122073700014533}, "phi": {"0": 0.6280024559388454, "1": 0.329872687950324, "2": 0.275313298209124}, "psi": {"0": 1.2074612860097318, "1": 1.3609390718063425, "2": 1.3045087343573019}, "sigma": {"0": 0.672879365489494, "1": 0.6324757166834438, "2": 0.0}, "chi_high": 0.9067690334409659, "beta_low": 0.3174752145093782}