{"R": 40.0, "wi": 3, "di": 1, "delta": 1.0, "gamma": {"0": 1.0781046330762634, "1": 0.5280861837390834, "2": 1.075474450401502}, "mu": {"0": 1.004824786382179, "1": 1.1256214239953453, "2": 1.026796770594234}, "phi": {"0": 0.23633055222932609, "1": 0.41253279492235095, "2": 0.5771354379114637}, "psi": {"0": 1.4128131213127952, "1": 1.4502943657285794, "2": 1.3745428054376394}, "sigma": {"0": 0.664997460613118, "1": 0.651740061717284, "2": 0.0}, "chi_high": 0.6012256363417597, "beta_low": null}