{"R": 40.0, "wi": 2, "di": 1, "delta": 1.0, "gamma": {"0": 0.9007199613613295, "1": 0.9466114969382958, "2": 0.8561013067094855}, "mu": {"0": 1.0301513001156557, "1": 1.0497267091977664, "2": 1.049915961375317}, "phi": {"0": 0.3827538379642763, "1": 0.5139810896159385, "2": 0.1913259018999771}, "psi": {"0": 0.8765790150222609, "1": 0.8795309259620563, "2": 0.5792689093919766}, "sigma": {"0": 0.7667075533662061, "1": 0.527441337888971, "2": 0.0}, "chi_high": null, "beta_low": null}