{"R": 40.0, "wi": 0, "di": 2, "delta": 1.0, "gamma": {"0": 1.4452505358589525, "1": 1.4589078062101324, "2": 0.5727449554902445}, "mu": {"0": 1.0019823013393008, "1": 1.0348690455230876, "2": 1.1068497741726395}, "phi": {"0": 0.17584087775411605, "1": 0.9126591188231079, "2": 0.5575662087068095}, "psi": {"0": 1.410407800618564, "1": 1.3328509703335758, "2": 0.6635589836534699}, "sigma": {"0": 0.5059119829829666, "1": 0.8493048321799296, "2": 0.0}, "chi_high": 0.8077927754983586, "beta_low": 0.27700149616106867}