{"R": 40.0, "wi": 2, "di": 1, "delta": 1.0, "gamma": {"0": 0.6940248347266796, "1": 1.3521453759326856, "2": 0.9933701607218278}, "mu": {"0": 1.129745990405809, "1": 1.0537423063869154, "2": 1.1096574958630148}, "phi": {"0": 0.018838417268572716, "1": 0.5740258500102345, "2": 0.7666241420844565}, "psi": {"0": 0.8720648855293713, "1": 0.7559205198827109, "2": 1.055007211286048}, "sigma": {"0": 0.7584040914452064, "1": 0.7899356748329505, "2": 0.0}, "chi_high": null, "beta_low": null}