{"R": 40.0, "wi": 0, "di": 1, "delta": 1.0, "gamma": {"0": 1.2750186423012604, "1": 1.406510918394907, "2": 1.1712387348948425}, "mu": {"0": 1.077251119247207, "1": 1.1123995816908354, "2": 1.0172709140121285}, "phi": {"0": 0.41752981844168446, "1": 0.6951845160647522, "2": 0.674984671511035}, "psi": {"0": 1.42274709639007, "1": 0.7756873740858679, "2": 0.5346294889003991}, "sigma": {"0": 0.6385565361669414, "1": 0.8526601007315289, "2": 0.0}, "chi_high": 0.4784950271125388, "beta_low": 0.643134649215151}