{"R": 40.0, "wi": 0, "di": 1, "delta": 1.0, "gamma": {"0": 1.214714496685485, "1": 1.4135516564508812, "2": 0.6967647863745622}, "mu": {"0": 1.1409318880881367, "1": 1.015704965044182, "2": 1.0273653962748168}, "phi": {"0": 0.44821545556069975, "1": 0.7699735281300761, "2": 0.11479383196751725}, "psi": {"0": 0.5647726155192334, "1": 1.3933644928277182, "2": 1.08095774204351}, "sigma": {"0": 0.6279506852834265, "1": 0.8588173617404138, "2": 0.0}, "chi_high": 0.16195931855884477, "beta_low": 0.8011197779081276}