{"R": 40.0, "wi": 3, "di": 1, "delta": 1.0, "gamma": {"0": 1.0031839616035951, "1": 0.6565696037009762, "2": 1.0279378705982667}, "mu": {"0": 1.039252880423956, "1": 1.0608762673626986, "2": 1.0706377187114615}, "phi": {"0": 0.9614774884268841, "1": 0.9422889056386797, "2": 0.4156885741870556}, "psi": {"0": 0.636445407078849, "1": 0.8144797138587768, "2": 0.7838230225159972}, "sigma": {"0": 0.9358384603039052, "1": 0.7292179997592482, "2": 0.0}, "chi_high": 0.18999881817317582, "beta_low": null}