{"R": 40.0, "wi": 1, "di": 0, "delta": 1.0, "gamma": {"0": 0.9686755585564715, "1": 1.050879147144233, "2": 1.2022424946639299}, "mu": {"0": 1.104202869686069, "1": 1.1396192352392975, "2": 1.0811519734583486}, "phi": {"0": 0.2065470369502066, "1": 0.2045577012490506, "2": 0.2581683431579689}, "psi": {"0": 0.8937759438973658, "1": 1.1732904597376637, "2": 0.6943593555357038}, "sigma": {"0": 0.6126130051278702, "1": 0.0, "2": 0.0}, "chi_high": null, "beta_low": 0.553559940783007}