{"R": 40.0, "wi": 2, "di": 0, "delta": 1.0, "gamma": {"0": 0.8228066058454666, "1": 1.3630592615733623, "2": 0.937935317010021}, "mu": {"0": 1.0479555529906754, "1": 1.1184755320429185, "2": 1.119588408958168}, "phi": {"0": 0.5247697782730489, "1": 0.630937458219023, "2": 0.18878692250574836}, "psi": {"0": 1.210938559085678, "1": 0.8251176147668878, "2": 1.1943575854068702}, "sigma": {"0": 0.639303132279265, "1": 0.5216169108399711, "2": 0.0}, "chi_high": null, "beta_low": null}