{"R": 40.0, "wi": 1, "di": 1, "delta": 1.0, "gamma": {"0": 1.337935349083089, "1": 0.5723087215490902, "2": 1.1120560541168394}, "mu": {"0": 1.099760934592596, "1": 1.0642567860463443, "2": 1.0157356086351048}, "phi": {"0": 0.6313178180574288, "1": 0.3794336894898912, "2": 0.004041383966890355}, "psi": {"0": 0.8826840939101306, "1": 1.4276197300601794, "2": 0.6023630625097778}, "sigma": {"0": 0.9152140801736602, "1": 0.0, "2": 0.0}, "chi_high": null, "beta_low": 0.6796873462606774}