{"R": 40.0, "wi": 1, "di": 2, "delta": 1.0, "gamma": {"0": 1.14302180949772, "1": 1.327826480608207, "2": 1.1690418103055378}, "mu": {"0": 1.092104148787232, "1": 1.0911984467248264, "2": 1.053548547884456}, "phi": {"0": 0.6557564239331272, "1": 0.7075404979332429, "2": 0.30866493393164296}, "psi": {"0": 0.9940948153587069, "1": 1.4695091153082473, "2": 0.7613805080600022}, "sigma": {"0": 0.6462377618512549, "1": 0.0, "2": 0.0}, "chi_high": null, "beta_low": 0.3064226061564415}