{"R": 40.0, "wi": 3, "di": 0, "delta": 1.0, "gamma": {"0": 1.0274142891347153, "1": 1.3131459402627268, "2": 0.6842401832390986}, "mu": {"0": 1.119341719492598, "1": 1.1322985709195295, "2": 1.053590265573849}, "phi": {"0": 0.4696777507209794, "1": 0.8378752208529842, "2": 0.031205038401004415}, "psi": {"0": 0.6858418636179586, "1": 0.8639792928950407, "2": 1.4508869153845336}, "sigma": {"0": 0.9789751757662923, "1": 0.7484820464140438, "2": 0.0}, "chi_high": 0.9648933185473761, "beta_low": null}