{"R": 40.0, "wi": 3, "di": 2, "delta": 1.0, "gamma": {"0": 1.0768245258056808, "1": 1.1458143723007759, "2": 0.542940537688337}, "mu": {"0": 1.1212183300079581, "1": 1.0152621070734478, "2": 1.1195048184959961}, "phi": {"0": 0.7318512714533782, "1": 0.6866092316018431, "2": 0.7960792875441709}, "psi": {"0": 1.4814722612785816, "1": 0.7019536917276719, "2": 0.7166909899086926}, "sigma": {"0": 0.848084707000594, "1": 0.9689373662055227, "2": 0.0}, "chi_high": 0.730189653512985, "beta_low": null}