{"R": 40.0, "wi": 2, "di": 2, "delta": 1.0, "gamma": {"0": 1.3919806505137649, "1": 0.6257401582105128, "2": 0.691195366088354}, "mu": {"0": 1.0115499665315402, "1": 1.129311337005597, "2": 1.0706145766625081}, "phi": {"0": 0.9865762612380605, "1": 0.20443930760857387, "2": 0.5333836854327365}, "psi": {"0": 1.0901555818369035, "1": 0.8796986260656193, "2": 1.0083760183576864}, "sigma": {"0": 0.706217978924654, "1": 0.9054140904521324, "2": 0.0}, "chi_high": null, "beta_low": null}