{"R": 40.0, "wi": 0, "di": 2, "delta": 1.0, "gamma": {"0": 0.9367707051032055, "1": 0.5882930977438183, "2": 1.198404564075967}, "mu": {"0": 1.0215160110293826, "1": 1.1445220746995883, "2": 1.1210613720531715}, "phi": {"0": 0.08363962545107961, "1": 0.01801803481594033, "2": 0.04852188800202417}, "psi": {"0": 1.2841010479618906, "1": 0.7739294862437224, "2": 0.6551754345023885}, "sigma": {"0": 0.990443081898856, "1": 0.9770534796932129, "2": 0.0}, "chi_high": 0.215275685173834, "beta_low": 0.9731211738447129}