{"R": 40.0, "wi": 2, "di": 1, "delta": 1.0, "gamma": {"0": 1.3076180087510374, "1": 0.7230092763892717, "2": 1.2735212767234854}, "mu": {"0": 1.0207592187514911, "1": 1.0858627572658375, "2": 1.0337955247384583}, "phi": {"0": 0.32983684510430256, "1": 0.5811395839452167, "2": 0.4952063692963805}, "psi": {"0": 1.0774285880091277, "1": 0.6908044267224106, "2": 1.3551663835570105}, "sigma": {"0": 0.5353438548357428, "1": 0.9391663836247504, "2": 0.0}, "chi_high": null, "beta_low": null}