{"R": 40.0, "wi": 0, "di": 0, "delta": 1.0, "gamma": {"0": 1.4172541828544354, "1": 1.2036765172498636, "2": 0.5776743917885064}, "mu": {"0": 1.1144134927953293, "1": 1.0390562971181843, "2": 1.14446621061131}, "phi": {"0": 0.1141776991360528, "1": 0.09191402146598326, "2": 0.8452451381500685}, "psi": {"0": 1.3448179910266862, "1": 1.3840350473260385, "2": 0.7597807943221104}, "sigma": {"0": 0.7437309471095975, "1": 0.6650041356072289, "2": 0.0}, "chi_high": 0.7791319260116203, "beta_low": 0.3682376971289929}