{"R": 40.0, "wi": 3, "di": 2, "delta": 1.0, "gamma": {"0": 0.8330835132000554, "1": 0.800811971190592, "2": 1.2500453086242587}, "mu": {"0": 1.0870497178700171, "1": 1.0861600493040475, "2": 1.1029510009184915}, "phi": {"0": 0.7481621085483696, "1": 0.9854802413052777, "2": 0.22770598581133028}, "psi": {"0": 1.144929194728146, "1": 0.9745638093754038, "2": 1.386458386392867}, "sigma": {"0": 0.5340588773395423, "1": 0.7988846641995796, "2": 0.0}, "chi_high": 0.09788799995936974, "beta_low": null}