{"R": 40.0, "wi": 1, "di": 1, "delta": 1.0, "gamma": {"0": 1.2943186237408506, "1": 1.328259083782111, "2": 0.5558572803585288}, "mu": {"0": 1.0658726692064877, "1": 1.0838796105276007, "2": 1.0249995909407223}, "phi": {"0": 0.9276327542407299, "1": 0.7674491741090621, "2": 0.3867661876864439}, "psi": {"0": 1.1244318339774158, "1": 1.0110112581762674, "2": 1.3853169094747297}, "sigma": {"0": 0.9611508818758778, "1": 0.0, "2": 0.0}, "chi_high": null, "beta_low": 0.8666301101171434}