{"R": 40.0, "wi": 3, "di": 0, "delta": 1.0, "gamma": {"0": 1.4784770028066685, "1": 0.5721013243381532, "2": 0.693294469283579}, "mu": {"0": 1.0791004674200777, "1": 1.0008084927171024, "2": 1.0317486554849151}, "phi": {"0": 0.021766473458081026, "1": 0.08038672694468318, "2": 0.949952950673044}, "psi": {"0": 0.7363699258852475, "1": 0.5203900979534857, "2": 0.7705885124750811}, "sigma": {"0": 0.6579555563157004, "1": 0.5334984841088602, "2": 0.0}, "chi_high": 0.7928996671664436, "beta_low": null}