{"R": 40.0, "wi": 3, "di": 0, "delta": 1.0, "gamma": {"0": 0.658954431973374, "1": 0.5304241555004711, "2": 1.049376355375099}, "mu": {"0": 1.1306131450137522, "1": 1.0404854915696973, "2": 1.0360836242134226}, "phi": {"0": 0.10290060833206693, "1": 0.3413293045819069, "2": 0.016593144909485713}, "psi": {"0": 1.1165522630804041, "1": 0.6939396001520406, "2": 0.6522498842258108}, "sigma": {"0": 0.7231660988273411, "1": 0.96557915278772, "2": 0.0}, "chi_high": 0.41009505274445823, "beta_low": null}