{"R": 40.0, "wi": 1, "di": 0, "delta": 1.0, "gamma": {"0": 1.4818589897967467, "1": 1.0646138985794202, "2": 1.2568600197376052}, "mu": {"0": 1.0009443678170358, "1": 1.053017693262819, "2": 1.1008566693378998}, "phi": {"0": 0.5572976857333488, "1": 0.1802865182163682, "2": 0.3534400519540678}, "psi": {"0": 0.876723514476201, "1": 1.0507934670151777, "2": 0.5267061299315418}, "sigma": {"0": 0.763897962114634, "1": 0.0, "2": 0.0}, "chi_high": null, "beta_low": 0.8401289168473198}