{"R": 40.0, "wi": 1, "di": 0, "delta": 1.0, "gamma": {"0": 0.9968429713235359, "1": 1.1651217489813246, "2": 1.3876285024304573}, "mu": {"0": 1.0587037456188377, "1": 1.0454149718583727, "2": 1.0808406561563302}, "phi": {"0": 0.11492396873855559, "1": 0.16856665597182496, "2": 0.9869936223449807}, "psi": {"0": 1.2031038236562046, "1": 0.6582416796845458, "2": 1.3248710760586606}, "sigma": {"0": 0.7987754603154211, "1": 0.0, "2": 0.0}, "chi_high": null, "beta_low": 0.4337379510138356}