{"R": 40.0, "wi": 1, "di": 1, "delta": 1.0, "gamma": {"0": 1.4413668018268524, "1": 0.7797836575491046, "2": 1.4629101977792263}, "mu": {"0": 1.0119283290683205, "1": 1.0428736726647516, "2": 1.1257167050112928}, "phi": {"0": 0.011473959481269835, "1": 0.8238616478296027, "2": 0.7525318337585309}, "psi": {"0": 1.1563727886226467, "1": 0.6353070549887564, "2": 1.4234784839552106}, "sigma": {"0": 0.7445119414237974, "1": 0.0, "2": 0.0}, "chi_high": null, "beta_low": 0.14801193476882585}