{"R": 40.0, "wi": 3, "di": 2, "delta": 1.0, "gamma": {"0": 1.3526479660235844, "1": 0.5086099441760856, "2": 0.5437463141729166}, "mu": {"0": 1.111785764081637, "1": 1.0690419195535803, "2": 1.0095633183349573}, "phi": {"0": 0.869000735024163, "1": 0.8947770559830547, "2": 0.5756511876320934}, "psi": {"0": 1.4498456103017539, "1": 0.8138505128261121, "2": 0.732997818135196}, "sigma": {"0": 0.6454585504728443, "1": 0.5942219938896389, "2": 0.0}, "chi_high": 0.43110068822398956, "beta_low": null}