{"R": 40.0, "wi": 0, "di": 1, "delta": 1.0, "gamma": {"0": 1.2145299769026119, "1": 0.5276612176631337, "2": 1.363359241966918}, "mu": {"0": 1.1406856075766554, "1": 1.1177580219835768, "2": 1.129528241084566}, "phi": {"0": 0.6367878348089686, "1": 0.7634433405386308, "2": 0.5980560431123384}, "psi": {"0": 0.7176023443940736, "1": 0.586575889434183, "2": 0.7312739923242602}, "sigma": {"0": 0.6357546606902427, "1": 0.8141334411525326, "2": 0.0}, "chi_high": 0.272540579715557, "beta_low": 0.7782113553353521}