{"R": 40.0, "wi": 3, "di": 1, "delta": 1.0, "gamma": {"0": 1.124971672574698, "1": 1.1410070359220397, "2": 1.0898583866345068}, "mu": {"0": 1.0119315056181577, "1": 1.0323541155991491, "2": 1.1014619945962403}, "phi": {"0": 0.016686210925317968, "1": 0.07856489974611791, "2": 0.9405517824770432}, "psi": {"0": 1.3590358485146408, "1": 1.4112786875950527, "2": 1.3329428935440935}, "sigma": {"0": 0.7861291192654218, "1": 0.5920661472729077, "2": 0.0}, "chi_high": 0.729651886793625, "beta_low": null}