{"R": 40.0, "wi": 0, "di": 2, "delta": 1.0, "gamma": {"0": 0.6432232341294698, "1": 0.9957440766587778, "2": 0.5955721274332726}, "mu": {"0": 1.073101747159374, "1": 1.106806093097079, "2": 1.046996931410171}, "phi": {"0": 0.3476601722254572, "1": 0.9886191746551053, "2": 0.5837149428355122}, "psi": {"0": 0.606907272862723, "1": 0.8636076535813852, "2": 0.7871625306435333}, "sigma": {"0": 0.5032929097503184, "1": 0.9425440330205508, "2": 0.0}, "chi_high": 0.2782479715048237, "beta_low": 0.024374570854474125}