{"R": 40.0, "wi": 3, "di": 2, "delta": 1.0, "gamma": {"0": 0.6683203309701956, "1": 0.768276283596009, "2": 0.7818740606967715}, "mu": {"0": 1.050278059201321, "1": 1.0095321736857985, "2": 1.1447872488969062}, "phi": {"0": 0.2311875398759632, "1": 0.49377437280993963, "2": 0.8772938764364598}, "psi": {"0": 0.7253641506118308, "1": 1.3733419333257673, "2": 1.2128544750795982}, "sigma": {"0": 0.5220525189683269, "1": 0.5062494412622169, "2": 0.0}, "chi_high": 0.8000488358633141, "beta_low": null}