{"R": 40.0, "wi": 2, "di": 1, "delta": 1.0, "gamma": {"0": 0.8539362430420729, "1": 1.01220146183862, "2": 0.6026549788601077}, "mu": {"0": 1.0696423254036158, "1": 1.0851064747804775, "2": 1.099281781649969}, "phi": {"0": 0.3615286552444571, "1": 0.8658568187388404, "2": 0.9492842908933758}, "psi": {"0": 0.5466274861431591, "1": 1.088539305635817, "2": 1.0754716765592656}, "sigma": {"0": 0.611374395780717, "1": 0.7550857272887755, "2": 0.0}, "chi_high": null, "beta_low": null}