{"R": 40.0, "wi": 1, "di": 0, "delta": 1.0, "gamma": {"0": 0.8589538625705234, "1": 1.1959722509181607, "2": 1.4312242588269255}, "mu": {"0": 1.012505423861609, "1": 1.097716041621718, "2": 1.013885829029303}, "phi": {"0": 0.34957185034352156, "1": 0.9668219225748879, "2": 0.3380835004539492}, "psi": {"0": 1.0554341453213407, "1": 0.8967132820903633, "2": 0.619765546224342}, "sigma": {"0": 0.9359029182100256, "1": 0.0, "2": 0.0}, "chi_high": null, "beta_low": 0.29865005928998795}