{"R": 40.0, "wi": 1, "di": 2, "delta": 1.0, "gamma": {"0": 0.5864794304947856, "1": 0.7116099656885286, "2": 1.2432595873526329}, "mu": {"0": 1.1083150886820676, "1": 1.0328097928473, "2": 1.124373274972387}, "phi": {"0": 0.5144719450725727, "1": 0.2740033388132814, "2": 0.9143849854307913}, "psi": {"0": 0.7282401351620579, "1": 0.8946587206975735, "2": 1.1008190405903435}, "sigma": {"0": 0.7058670963477534, "1": 0.0, "2": 0.0}, "chi_high": null, "beta_low": 0.8415473042964124}