{"R": 40.0, "wi": 2, "di": 0, "delta": 1.0, "gamma": {"0": 0.6909586600333328, "1": 0.5859474252763851, "2": 1.395528584951169}, "mu": {"0": 1.0646760757333775, "1": 1.1421082268719451, "2": 1.0306692815611809}, "phi": {"0": 0.4471988433569041, "1": 0.7173192054555382, "2": 0.2728438056974769}, "psi": {"0": 1.1702324493501135, "1": 1.0165248661298256, "2": 0.7786632415163552}, "sigma": {"0": 0.51295944315602, "1": 0.7527540832688974, "2": 0.0}, "chi_high": null, "beta_low": null}