{"R": 40.0, "wi": 3, "di": 0, "delta": 1.0, "gamma": {"0": 0.6846500241772902, "1": 1.378445752851663, "2": 0.5751321835279094}, "mu": {"0": 1.1121325414770686, "1": 1.1139807971714557, "2": 1.137925633955554}, "phi": {"0": 0.16962917722292759, "1": 0.9109512890076334, "2": 0.06518511505372737}, "psi": {"0": 0.9069719510122329, "1": 0.6202076529482521, "2": 0.7691112808646648}, "sigma": {"0": 0.9940682722056826, "1": 0.9919702502821954, "2": 0.0}, "chi_high": 0.8612152872892086, "beta_low": null}