{"R": 40.0, "wi": 0, "di": 0, "delta": 1.0, "gamma": {"0": 0.650848235525367, "1": 1.0234186756178403, "2": 0.9582790504428663}, "mu": {"0": 1.055757060073003, "1": 1.0263112846372844, "2": 1.0170982171634786}, "phi": {"0": 0.9346543690964692, "1": 0.9617069503803268, "2": 0.18412166389580242}, "psi": {"0": 1.4542478329105788, "1": 0.728301785292026, "2": 0.772700060674828}, "sigma": {"0": 0.5169351376788001, "1": 0.5988710023476611, "2": 0.0}, "chi_high": 0.3517103728155729, "beta_low": 0.22485321124553131}