{"R": 40.0, "wi": 3, "di": 1, "delta": 1.0, "gamma": {"0": 0.9276857176503268, "1": 1.2798733867768877, "2": 0.7837852129187822}, "mu": {"0": 1.008301091593138, "1": 1.0498909159902294, "2": 1.0444793907027277}, "phi": {"0": 0.21920204688279055, "1": 0.618117569703129, "2": 0.03371209563823785}, "psi": {"0": 0.6691848819136668, "1": 1.1420239031779011, "2": 1.0239550383306493}, "sigma": {"0": 0.7531108947529892, "1": 0.9383661347122585, "2": 0.0}, "chi_high": 0.34353242112167653, "beta_low": null}