{"R": 40.0, "wi": 2, "di": 2, "delta": 1.0, "gamma": {"0": 0.6908434418500647, "1": 1.3345207348606036, "2": 0.6423121156260168}, "mu": {"0": 1.133028063381102, "1": 1.0744166822234829, "2": 1.0188743879632447}, "phi": {"0": 0.15055036888535434, "1": 0.9720240934505923, "2": 0.3581171926346325}, "psi": {"0": 1.3510409596487967, "1": 1.3790515126009957, "2": 0.7617085345526642}, "sigma": {"0": 0.9819784463034416, "1": 0.5025809117454848, "2": 0.0}, "chi_high": null, "beta_low": null}