{"R": 40.0, "wi": 0, "di": 2, "delta": 1.0, "gamma": {"0": 0.6763097564231839, "1": 0.6492197667531989, "2": 0.9396567646898275}, "mu": {"0": 1.041572498022155, "1": 1.1108177083912618, "2": 1.1263007213143663}, "phi": {"0": 0.8779353879745181, "1": 0.4797757012503103, "2": 0.7233725789133022}, "psi": {"0": 0.5703399959539718, "1": 1.3792733994391595, "2": 1.0872517114288844}, "sigma": {"0": 0.9599128684014067, "1": 0.6188187686711712, "2": 0.0}, "chi_high": 0.8822479846856207, "beta_low": 0.27089709651195615}