{"R": 40.0, "wi": 2, "di": 2, "delta": 1.0, "gamma": {"0": 1.12084474133463, "1": 1.378179479741018, "2": 0.5482528311397409}, "mu": {"0": 1.1382327219395443, "1": 1.1291554670063206, "2": 1.0156061593999661}, "phi": {"0": 0.08486291592559858, "1": 0.5432886500625298, "2": 0.8381349463380757}, "psi": {"0": 0.6119979085608392, "1": 0.6733548548809938, "2": 0.8723589511718182}, "sigma": {"0": 0.7942168869360218, "1": 0.7709158065519921, "2": 0.0}, "chi_high": null, "beta_low": null}