{"R": 40.0, "wi": 3, "di": 2, "delta": 1.0, "gamma": {"0": 0.8725249887244573, "1": 0.5934075297524505, "2": 1.3540504003683451}, "mu": {"0": 1.0359827489891569, "1": 1.038157946249047, "2": 1.0656535625229195}, "phi": {"0": 0.573251370639892, "1": 0.2549859941211128, "2": 0.41402183889038024}, "psi": {"0": 0.5840338444034285, "1": 1.340077133042712, "2": 0.5127103941108911}, "sigma": {"0": 0.849942439252275, "1": 0.6870170229136174, "2": 0.0}, "chi_high": 0.2436550886057222, "beta_low": null}