{"R": 40.0, "wi": 2, "di": 0, "delta": 1.0, "gamma": {"0": 0.5821721147661255, "1": 0.8258623645414505, "2": 1.1309402574711298}, "mu": {"0": 1.0155298972642612, "1": 1.0947917491439305, "2": 1.13390136294075}, "phi": {"0": 0.985239486222856, "1": 0.8387514514098626, "2": 0.2937986647084272}, "psi": {"0": 1.291428489015883, "1": 0.9388504117822023, "2": 1.198427957716644}, "sigma": {"0": 0.8507617213956833, "1": 0.5700469726039393, "2": 0.0}, "chi_high": null, "beta_low": null}