{"R": 40.0, "wi": 0, "di": 1, "delta": 1.0, "gamma": {"0": 0.8840595853193606, "1": 0.8305980253503051, "2": 1.2401071407673903}, "mu": {"0": 1.147054426221757, "1": 1.0890323134631765, "2": 1.111691366835662}, "phi": {"0": 0.6279483433475886, "1": 0.503965036337705, "2": 0.8713502076104624}, "psi": {"0": 0.8330366470348083, "1": 0.7776204038982777, "2": 0.7940156481896753}, "sigma": {"0": 0.7322539206293954, "1": 0.6098337634629827, "2": 0.0}, "chi_high": 0.48826429292997103, "beta_low": 0.03213033594034519}