{"R": 40.0, "wi": 1, "di": 1, "delta": 1.0, "gamma": {"0": 0.791632630978007, "1": 0.9173062246861651, "2": 0.5616724112991914}, "mu": {"0": 1.0883548908514067, "1": 1.0443238485772885, "2": 1.1257085138130423}, "phi": {"0": 0.5170267048412943, "1": 0.2122039557714258, "2": 0.11086266082558771}, "psi": {"0": 1.2209664622990055, "1": 1.3377564088300469, "2": 0.677400054350643}, "sigma": {"0": 0.7003287011871767, "1": 0.0, "2": 0.0}, "chi_high": null, "beta_low": 0.28982480722702686}