{"R": 40.0, "wi": 0, "di": 1, "delta": 1.0, "gamma": {"0": 1.287698649850074, "1": 1.3808358842069963, "2": 1.3408715101711026}, "mu": {"0": 1.0862995080935152, "1": 1.1215202296952713, "2": 1.0340018179449113}, "phi": {"0": 0.6869283393737684, "1": 0.12596774461953086, "2": 0.39190383905982784}, "psi": {"0": 1.3850691516457667, "1": 0.5508929227960163, "2": 1.021386997659463}, "sigma": {"0": 0.7898296499884963, "1": 0.6105407666024962, "2": 0.0}, "chi_high": 0.9763445008801628, "beta_low": 0.38156145829584664}