{"R": 40.0, "wi": 3, "di": 1, "delta": 1.0, "gamma": {"0": 1.0606249721992418, "1": 0.824515402978151, "2": 1.3196557560835604}, "mu": {"0": 1.0488715785037142, "1": 1.036515297010804, "2": 1.0034349635857687}, "phi": {"0": 0.5203929601236384, "1": 0.5918963895665846, "2": 0.0614798097740058}, "psi": {"0": 0.7435300167170684, "1": 1.0478372500603639, "2": 1.066540907526818}, "sigma": {"0": 0.7794268821648058, "1": 0.8255662241498967, "2": 0.0}, "chi_high": 0.8004621621250284, "beta_low": null}