{"R": 40.0, "wi": 0, "di": 0, "delta": 1.0, "gamma": {"0": 0.7875278731633285, "1": 0.7393449214139526, "2": 0.6784846024872686}, "mu": {"0": 1.134431926785325, "1": 1.0212631754751893, "2": 1.1182851837013839}, "phi": {"0": 0.036093378268686194, "1": 0.5567214969503355, "2": 0.4067378422017057}, "psi": {"0": 0.8704007355377399, "1": 1.381714128185958, "2": 1.118565084772292}, "sigma": {"0": 0.9745331668191779, "1": 0.9491028538957147, "2": 0.0}, "chi_high": 0.1695155443758037, "beta_low": 0.6946025996771813}