{"R": 40.0, "wi": 2, "di": 0, "delta": 1.0, "gamma": {"0": 1.091628073126838, "1": 0.9962342142107274, "2": 1.3421384012702777}, "mu": {"0": 1.033501803976767, "1": 1.0518706366083868, "2": 1.1216531144873778}, "phi": {"0": 0.578614033193247, "1": 0.40336303098326287, "2": 0.5838403157965179}, "psi": {"0": 1.1176039119054622, "1": 0.631581405714155, "2": 1.496979249876773}, "sigma": {"0": 0.5687994921723389, "1": 0.6712975303527257, "2": 0.0}, "chi_high": null, "beta_low": null}