{"R": 40.0, "wi": 2, "di": 0, "delta": 1.0, "gamma": {"0": 0.7732463040241857, "1": 0.9640180067601938, "2": 0.5406722191308452}, "mu": {"0": 1.1223521613177692, "1": 1.085056961999311, "2": 1.0000116295963626}, "phi": {"0": 0.4341133597083654, "1": 0.6508747720543014, "2": 0.20120210368814972}, "psi": {"0": 1.2290866790421613, "1": 1.4461018721653143, "2": 0.8821970855503388}, "sigma": {"0": 0.5211846762086116, "1": 0.5404320565622007, "2": 0.0}, "chi_high": null, "beta_low": null}