{"R": 40.0, "wi": 3, "di": 1, "delta": 1.0, "gamma": {"0": 1.3920999256819762, "1": 1.0981960525378218, "2": 1.016319885602909}, "mu": {"0": 1.0374424479619406, "1": 1.0611872545428565, "2": 1.0731538101506526}, "phi": {"0": 0.26827130053753667, "1": 0.8051113490072139, "2": 0.6274305670303991}, "psi": {"0": 0.557631442318803, "1": 1.1290995229759409, "2": 1.0076468063903163}, "sigma": {"0": 0.6472284372229458, "1": 0.9010555619456282, "2": 0.0}, "chi_high": 0.4327438183041762, "beta_low": null}