{"R": 40.0, "wi": 1, "di": 0, "delta": 1.0, "gamma": {"0": 1.1620971074014619, "1": 0.7635909433742714, "2": 0.547651264330481}, "mu": {"0": 1.0746314621329296, "1": 1.1187219412351899, "2": 1.1493234226294156}, "phi": {"0": 0.051393467632007805, "1": 0.032780947581813935, "2": 0.6450571260637685}, "psi": {"0": 1.4109876387292732, "1": 1.1790701690542673, "2": 1.4723238497542959}, "sigma": {"0": 0.589624739738462, "1": 0.0, "2": 0.0}, "chi_high": null, "beta_low": 0.3315408501592922}