{"R": 40.0, "wi": 0, "di": 2, "delta": 1.0, "gamma": {"0": 0.7621871161753799, "1": 0.8531382258891523, "2": 1.017108590203947}, "mu": {"0": 1.0614645446588626, "1": 1.1332385837568528, "2": 1.1382907361340242}, "phi": {"0": 0.7875004496768744, "1": 0.5399337754635899, "2": 0.033107884339388494}, "psi": {"0": 0.5457933241634689, "1": 1.043035225331526, "2": 1.1477060622426773}, "sigma": {"0": 0.7243538416953232, "1": 0.9545838023803455, "2": 0.0}, "chi_high": 0.11822530505244587, "beta_low": 0.02575992084319245}