{"R": 40.0, "wi": 0, "di": 1, "delta": 1.0, "gamma": {"0": 1.2995296569152064, "1": 1.2704567592001832, "2": 1.3374335129383865}, "mu": {"0": 1.1097710695941558, "1": 1.1457088942582885, "2": 1.0885973089790413}, "phi": {"0": 0.6933053741902893, "1": 0.477185940765678, "2": 0.44665399505768766}, "psi": {"0": 0.9378418142552895, "1": 0.5837796856596094, "2": 0.6648953959736963}, "sigma": {"0": 0.6090502879989124, "1": 0.928094159754029, "2": 0.0}, "chi_high": 0.9899085544556079, "beta_low": 0.3400678001721065}