{"R": 40.0, "wi": 0, "di": 2, "delta": 1.0, "gamma": {"0": 1.2972178645210577, "1": 0.7886745264977353, "2": 1.3804065886027441}, "mu": {"0": 1.057909541006552, "1": 1.12895280502384, "2": 1.121339719473957}, "phi": {"0": 0.5794699335195639, "1": 0.11106307260372572, "2": 0.005133492931276851}, "psi": {"0": 1.1947802929283593, "1": 0.8285132994230284, "2": 1.0361147061785956}, "sigma": {"0": 0.688440145855216, "1": 0.5169772273482424, "2": 0.0}, "chi_high": 0.2803412193900927, "beta_low": 0.8459019089818861}