{"R": 40.0, "wi": 3, "di": 0, "delta": 1.0, "gamma": {"0": 0.8082138235831745, "1": 0.8428228879987713, "2": 1.0292347565233233}, "mu": {"0": 1.042026956204201, "1": 1.0322568239525756, "2": 1.0133417001739287}, "phi": {"0": 0.8651866419316899, "1": 0.9786081753547197, "2": 0.2746217457652498}, "psi": {"0": 0.5431188259515792, "1": 0.6491821541793039, "2": 1.087113332695858}, "sigma": {"0": 0.5109125174421891, "1": 0.9394602988044188, "2": 0.0}, "chi_high": 0.9897634334580261, "beta_low": null}