{"R": 40.0, "wi": 2, "di": 1, "delta": 1.0, "gamma": {"0": 1.346147346259153, "1": 1.0713843239258862, "2": 1.1122907649468923}, "mu": {"0": 1.0659015472269413, "1": 1.1355095139546387, "2": 1.0735619787474977}, "phi": {"0": 0.6322961849982212, "1": 0.5334976074458802, "2": 0.9245730435092842}, "psi": {"0": 1.2233502873910824, "1": 1.1420184947800818, "2": 0.7747930935427383}, "sigma": {"0": 0.5974115421171139, "1": 0.5115013130755186, "2": 0.0}, "chi_high": null, "beta_low": null}