{"R": 40.0, "wi": 0, "di": 2, "delta": 1.0, "gamma": {"0": 0.9446398963032867, "1": 1.2909550351062293, "2": 0.5112330191153235}, "mu": {"0": 1.071257174220612, "1": 1.1140805678382457, "2": 1.0744207372729404}, "phi": {"0": 0.5589050194910681, "1": 0.2754237486857427, "2": 0.7150579108174455}, "psi": {"0": 0.9063161949892626, "1": 0.5624959546522772, "2": 0.6984895822482708}, "sigma": {"0": 0.8295134585104718, "1": 0.537648703617469, "2": 0.0}, "chi_high": 0.9784088761503721, "beta_low": 0.42226819379096514}