{"R": 40.0, "wi": 3, "di": 1, "delta": 1.0, "gamma": {"0": 1.258557438790809, "1": 0.6495620846092, "2": 0.7088408372667407}, "mu": {"0": 1.081878862679309, "1": 1.0661669017369737, "2": 1.0296995701138651}, "phi": {"0": 0.060713913346509996, "1": 0.3232412339060986, "2": 0.8191515813015079}, "psi": {"0": 1.293820762667584, "1": 1.428935963478816, "2": 1.1443061844586186}, "sigma": {"0": 0.8566407845881856, "1": 0.7661654716628303, "2": 0.0}, "chi_high": 0.2732636154946294, "beta_low": null}