{"R": 40.0, "wi": 2, "di": 1, "delta": 1.0, "gamma": {"0": 0.6904198480680438, "1": 0.9029899721155618, "2": 0.8333788102419077}, "mu": {"0": 1.1464421832551817, "1": 1.0673868714498158, "2": 1.0102056961992296}, "phi": {"0": 0.6911658922322989, "1": 0.3876636585574883, "2": 0.9310216845591471}, "psi": {"0": 1.036474606133087, "1": 0.6643381123351665, "2": 1.480974946877355}, "sigma": {"0": 0.5494658574237855, "1": 0.9490444900919441, "2": 0.0}, "chi_high": null, "beta_low": null}