{"R": 40.0, "wi": 1, "di": 0, "delta": 1.0, "gamma": {"0": 0.6192379784220632, "1": 0.6716332797003164, "2": 0.5575544039327635}, "mu": {"0": 1.0538698254260237, "1": 1.1398867293405541, "2": 1.1091977964060957}, "phi": {"0": 0.502291042587436, "1": 0.8692766916044273, "2": 0.9241080485958042}, "psi": {"0": 0.8687794444837271, "1": 1.218491811948954, "2": 1.2817064125323911}, "sigma": {"0": 0.7593604395477175, "1": 0.0, "2": 0.0}, "chi_high": null, "beta_low": 0.2424237502052005}