{"R": 40.0, "wi": 3, "di": 1, "delta": 1.0, "gamma": {"0": 0.7941267690086105, "1": 0.680504807177528, "2": 1.1520412396830433}, "mu": {"0": 1.1394671012916981, "1": 1.0864402388382435, "2": 1.1229827915589727}, "phi": {"0": 0.732143056478288, "1": 0.8204012444819417, "2": 0.4862358817557173}, "psi": {"0": 1.363236873794988, "1": 0.6476582256061916, "2": 1.0694309719018364}, "sigma": {"0": 0.6401613776225232, "1": 0.7609069624418059, "2": 0.0}, "chi_high": 0.04876274278948456, "beta_low": null}