{"R": 40.0, "wi": 0, "di": 1, "delta": 1.0, "gamma": {"0": 1.1845289929227314, "1": 0.5303554179540547, "2": 1.3375451695463974}, "mu": {"0": 1.1002328707691489, "1": 1.0618442378996344, "2": 1.017622614817053}, "phi": {"0": 0.19947137639905432, "1": 0.31429948683385944, "2": 0.3784332293091255}, "psi": {"0": 0.894672751500948, "1": 0.6852438224011247, "2": 0.700347986800482}, "sigma": {"0": 0.9155917360947545, "1": 0.904735381500753, "2": 0.0}, "chi_high": 0.07065377349625333, "beta_low": 0.7744766709818031}