{"R": 40.0, "wi": 3, "di": 1, "delta": 1.0, "gamma": {"0": 1.4299945296619279, "1": 1.4847468076441515, "2": 0.7864744638098304}, "mu": {"0": 1.0269570462995423, "1": 1.1040588866720915, "2": 1.1285438235215945}, "phi": {"0": 0.6974396160365038, "1": 0.9226093785574725, "2": 0.23587934310005243}, "psi": {"0": 1.1421740617754352, "1": 1.189402561574254, "2": 1.1120535268833844}, "sigma": {"0": 0.7179615702827802, "1": 0.8393583490510571, "2": 0.0}, "chi_high": 0.6547838304871614, "beta_low": null}