{"R": 40.0, "wi": 1, "di": 0, "delta": 1.0, "gamma": {"0": 0.672737922261443, "1": 1.4214619002449294, "2": 1.1012049858195105}, "mu": {"0": 1.0356434142592001, "1": 1.1271616644749236, "2": 1.1004721344418065}, "phi": {"0": 0.9777660910120807, "1": 0.3825077676748314, "2": 0.08099635318615306}, "psi": {"0": 1.2790558914018755, "1": 1.2575049057749468, "2": 0.7181055134687947}, "sigma": {"0": 0.7860163623480921, "1": 0.0, "2": 0.0}, "chi_high": null, "beta_low": 0.5630015144396114}