{"R": 40.0, "wi": 2, "di": 1, "delta": 1.0, "gamma": {"0": 0.8080719409915699, "1": 1.4608840142073949, "2": 0.6162357994542303}, "mu": {"0": 1.042200029446514, "1": 1.0657555274379562, "2": 1.0341240564201468}, "phi": {"0": 0.09286444320453857, "1": 0.21126391848160997, "2": 0.799876303583023}, "psi": {"0": 1.128752236521688, "1": 1.4965271820539665, "2": 0.6572675399095933}, "sigma": {"0": 0.9355669020184385, "1": 0.7316401265290963, "2": 0.0}, "chi_high": null, "beta_low": null}