{"R": 40.0, "wi": 0, "di": 2, "delta": 1.0, "gamma": {"0": 1.2023471574744944, "1": 0.6724928609085934, "2": 0.8687891189414056}, "mu": {"0": 1.103168591530034, "1": 1.02615601745114, "2": 1.0947490036947674}, "phi": {"0": 0.20566933683750854, "1": 0.6946187342429135, "2": 0.19208948804684323}, "psi": {"0": 1.0172036600955523, "1": 0.5239458260196777, "2": 1.3868538764664167}, "sigma": {"0": 0.6797031254572261, "1": 0.7455612884921594, "2": 0.0}, "chi_high": 0.25143053487200767, "beta_low": 0.4278425931929283}