{"R": 40.0, "wi": 2, "di": 0, "delta": 1.0, "gamma": {"0": 0.6333832097672857, "1": 1.2651009499302077, "2": 0.5562029723555997}, "mu": {"0": 1.030338670439638, "1": 1.1015404682820635, "2": 1.143189038743874}, "phi": {"0": 0.0680751635507919, "1": 0.9862682185871616, "2": 0.8714147130442693}, "psi": {"0": 0.836532067110171, "1": 0.6182580183502724, "2": 0.7642943648606227}, "sigma": {"0": 0.7852575068255009, "1": 0.728642068727632, "2": 0.0}, "chi_high": null, "beta_low": null}