{"R": 40.0, "wi": 2, "di": 0, "delta": 1.0, "gamma": {"0": 0.9132326063291393, "1": 0.71786504823316, "2": 0.8399411778621824}, "mu": {"0": 1.1450903802251793, "1": 1.1400983009704915, "2": 1.149734556650268}, "phi": {"0": 0.33540412558122723, "1": 0.24485703674609394, "2": 0.8276639397436515}, "psi": {"0": 0.8979467443102493, "1": 0.6571512392611039, "2": 0.7368593384893999}, "sigma": {"0": 0.9229739883462049, "1": 0.5026657251296996, "2": 0.0}, "chi_high": null, "beta_low": null}