{"R": 40.0, "wi": 2, "di": 2, "delta": 1.0, "gamma": {"0": 0.7164118455632426, "1": 0.6845431362717287, "2": 0.5982001454615274}, "mu": {"0": 1.071834367808508, "1": 1.0777393392346322, "2": 1.117586179199085}, "phi": {"0": 0.2328013661709779, "1": 0.911222784337153, "2": 0.7719735407714516}, "psi": {"0": 1.400883325576105, "1": 1.322744247112952, "2": 0.9205797728031094}, "sigma": {"0": 0.8498111984954886, "1": 0.6307768643822043, "2": 0.0}, "chi_high": null, "beta_low": null}