{"R": 40.0, "wi": 1, "di": 0, "delta": 1.0, "gamma": {"0": 0.966488038214451, "1": 0.8557887349180092, "2": 0.8808464976980619}, "mu": {"0": 1.0863747843810783, "1": 1.0588312187995408, "2": 1.0489870226267477}, "phi": {"0": 0.39864298576158996, "1": 0.8036597690230562, "2": 0.4505068908454606}, "psi": {"0": 1.2613067916250906, "1": 1.4812551161704102, "2": 0.6483087311519105}, "sigma": {"0": 0.8470483227074399, "1": 0.0, "2": 0.0}, "chi_high": null, "beta_low": 0.8617953111177149}