{"R": 40.0, "wi": 2, "di": 2, "delta": 1.0, "gamma": {"0": 1.4430506792921367, "1": 1.0235475343453078, "2": 0.7423433145105701}, "mu": {"0": 1.1204660435331941, "1": 1.1343198950281872, "2": 1.102034119359856}, "phi": {"0": 0.8427516010726283, "1": 0.6436904176427923, "2": 0.5397567955748872}, "psi": {"0": 1.219956293823603, "1": 1.17503290078702, "2": 1.2516083720760025}, "sigma": {"0": 0.7317990450347753, "1": 0.7252188471552932, "2": 0.0}, "chi_high": null, "beta_low": null}