{"R": 40.0, "wi": 2, "di": 1, "delta": 1.0, "gamma": {"0": 0.7665259715151624, "1": 0.8350388540482088, "2": 0.816902163507795}, "mu": {"0": 1.003672782747057, "1": 1.0632816323193834, "2": 1.0560647258564277}, "phi": {"0": 0.4346292615191163, "1": 0.6236288503503585, "2": 0.37238949722605574}, "psi": {"0": 0.6733326955050366, "1": 0.5633016310477009, "2": 0.9805474288836461}, "sigma": {"0": 0.5229475893573059, "1": 0.6530677201198327, "2": 0.0}, "chi_high": null, "beta_low": null}