{"R": 40.0, "wi": 0, "di": 2, "delta": 1.0, "gamma": {"0": 1.273171034062328, "1": 1.3624991993753865, "2": 1.0047246038789763}, "mu": {"0": 1.100178168863303, "1": 1.1140443674834577, "2": 1.0362010566017763}, "phi": {"0": 0.5800026831671742, "1": 0.8945913055583917, "2": 0.041767066953536935}, "psi": {"0": 0.5233126108861779, "1": 1.0163358544258032, "2": 1.3643775270961065}, "sigma": {"0": 0.8452351956177322, "1": 0.9826036667353817, "2": 0.0}, "chi_high": 0.921541272698112, "beta_low": 0.2148018633082919}