{"R": 40.0, "wi": 2, "di": 0, "delta": 1.0, "gamma": {"0": 0.849624331809275, "1": 0.9834375094388417, "2": 1.0937332682380698}, "mu": {"0": 1.0029518472368355, "1": 1.1456936994591633, "2": 1.1420465169731833}, "phi": {"0": 0.5629093137652075, "1": 0.966328374699024, "2": 0.7856322764182028}, "psi": {"0": 1.269813449309121, "1": 1.4241917106035598, "2": 0.726803543470096}, "sigma": {"0": 0.6709763348785032, "1": 0.907963408634687, "2": 0.0}, "chi_high": null, "beta_low": null}