{"R": 40.0, "wi": 1, "di": 2, "delta": 1.0, "gamma": {"0": 0.6423060524727003, "1": 1.0539629856602843, "2": 0.9850508423910593}, "mu": {"0": 1.0034280454432898, "1": 1.0657418422877845, "2": 1.0283488149353202}, "phi": {"0": 0.5898333766160778, "1": 0.7743130022740963, "2": 0.10793742597819755}, "psi": {"0": 0.7131125382996816, "1": 0.821673667429194, "2": 0.8131907793367441}, "sigma": {"0": 0.8028758068154771, "1": 0.0, "2": 0.0}, "chi_high": null, "beta_low": 0.16143058234134133}