{"R": 40.0, "wi": 3, "di": 1, "delta": 1.0, "gamma": {"0": 0.8768605415891705, "1": 0.6404740471492019, "2": 1.165381042390524}, "mu": {"0": 1.1268624502907847, "1": 1.1070549347364627, "2": 1.1439648671216032}, "phi": {"0": 0.5266677332185071, "1": 0.334156832850809, "2": 0.8464362161964517}, "psi": {"0": 0.846368849057461, "1": 1.1027839882766561, "2": 1.3745703500009405}, "sigma": {"0": 0.6207428316621548, "1": 0.8484646443370486, "2": 0.0}, "chi_high": 0.487463181312782, "beta_low": null}