{"R": 40.0, "wi": 2, "di": 0, "delta": 1.0, "gamma": {"0": 0.911500111497291, "1": 0.5987697733105337, "2": 1.1682776880929233}, "mu": {"0": 1.1466487167754809, "1": 1.012184846250822, "2": 1.021870836915634}, "phi": {"0": 0.3882576450741838, "1": 0.5184364139053584, "2": 0.6607655277922739}, "psi": {"0": 1.309210076740053, "1": 0.7064870070646709, "2": 0.505856715051606}, "sigma": {"0": 0.9183879676682737, "1": 0.9152535454141781, "2": 0.0}, "chi_high": null, "beta_low": null}