{"R": 40.0, "wi": 0, "di": 1, "delta": 1.0, "gamma": {"0": 0.9167169497654352, "1": 0.8286145588931094, "2": 0.6017896099531517}, "mu": {"0": 1.0729364006821698, "1": 1.1126662832354715, "2": 1.023070285462501}, "phi": {"0": 0.994990374911611, "1": 0.25388915113941257, "2": 0.05847411347410969}, "psi": {"0": 1.217273782087563, "1": 0.7958938592753717, "2": 0.8418747550515069}, "sigma": {"0": 0.5410888296292172, "1": 0.8202825744808655, "2": 0.0}, "chi_high": 0.6051496906164768, "beta_low": 0.95661326526136}