{"R": 40.0, "wi": 0, "di": 2, "delta": 1.0, "gamma": {"0": 0.8867296449018034, "1": 0.5024716358029816, "2": 0.9737763934496418}, "mu": {"0": 1.0405915484244928, "1": 1.1380668384575159, "2": 1.0513165793079031}, "phi": {"0": 0.1424420066228671, "1": 0.13266260137950048, "2": 0.8386923881489242}, "psi": {"0": 0.8949040615037576, "1": 1.2287905037633877, "2": 1.433888471359256}, "sigma": {"0": 0.6557964052756313, "1": 0.5791408491647161, "2": 0.0}, "chi_high": 0.8963252164227536, "beta_low": 0.9111159154322135}