{"R": 40.0, "wi": 1, "di": 1, "delta": 1.0, "gamma": {"0": 1.2176849614951917, "1": 1.358740066101419, "2": 1.4114752188592155}, "mu": {"0": 1.10926073418115, "1": 1.147277044835536, "2": 1.0368935399815387}, "phi": {"0": 0.5388058536293319, "1": 0.5469953668993948, "2": 0.803320291724647}, "psi": {"0": 0.7172052067755481, "1": 0.9117621012897477, "2": 1.0895248544275185}, "sigma": {"0": 0.8799099219008075, "1": 0.0, "2": 0.0}, "chi_high": null, "beta_low": 0.5743742024376081}