{"R": 40.0, "wi": 2, "di": 0, "delta": 1.0, "gamma": {"0": 0.9576846032659035, "1": 0.6635635681041389, "2": 0.9101034397475375}, "mu": {"0": 1.0359540475380073, "1": 1.1454452179368968, "2": 1.0488170667523522}, "phi": {"0": 0.1693145454065853, "1": 0.7754174822608919, "2": 0.37034966669729885}, "psi": {"0": 1.4142014855277658, "1": 0.6748510212456809, "2": 1.146772367078093}, "sigma": {"0": 0.5770539067873603, "1": 0.6583038460420929, "2": 0.0}, "chi_high": null, "beta_low": null}