{"R": 40.0, "wi": 1, "di": 0, "delta": 1.0, "gamma": {"0": 1.3576368130427376, "1": 0.8132410717662998, "2": 0.5186975271285397}, "mu": {"0": 1.0954335361863277, "1": 1.1247543705992609, "2": 1.0194122156992702}, "phi": {"0": 0.9262376195820532, "1": 0.8642687769736412, "2": 0.6593374686879355}, "psi": {"0": 0.6811144269305559, "1": 0.9773867672361158, "2": 0.9107899548036185}, "sigma": {"0": 0.804248723482549, "1": 0.0, "2": 0.0}, "chi_high": null, "beta_low": 0.6056765651874942}