{"R": 40.0, "wi": 1, "di": 2, "delta": 1.0, "gamma": {"0": 1.1524313543910887, "1": 1.3754925523607262, "2": 0.6433320235442602}, "mu": {"0": 1.0532475577591924, "1": 1.1119067101574467, "2": 1.1029357801261679}, "phi": {"0": 0.28784442603588956, "1": 0.2770104580722186, "2": 0.8316395077918743}, "psi": {"0": 0.9497827801633462, "1": 0.5369786003789094, "2": 0.5034448710368538}, "sigma": {"0": 0.7182603810740602, "1": 0.0, "2": 0.0}, "chi_high": null, "beta_low": 0.6492382329716858}