{"R": 40.0, "wi": 2, "di": 0, "delta": 1.0, "gamma": {"0": 1.0456716741121204, "1": 1.2287518551381535, "2": 0.7686430553583418}, "mu": {"0": 1.0275299924534704, "1": 1.0644720160977723, "2": 1.1210753004794958}, "phi": {"0": 0.6385140930657781, "1": 0.731505971921391, "2": 0.8482025267086174}, "psi": {"0": 1.325414498011138, "1": 1.0832949683248878, "2": 1.2962778445615242}, "sigma": {"0": 0.989302242944932, "1": 0.9933236996168195, "2": 0.0}, "chi_high": null, "beta_low": null}