{"R": 40.0, "wi": 0, "di": 0, "delta": 1.0, "gamma": {"0": 1.0396748032732677, "1": 1.4245518078437747, "2": 1.168729062113869}, "mu": {"0": 1.0092274073180154, "1": 1.004830869301517, "2": 1.0347654698217394}, "phi": {"0": 0.836742529470231, "1": 0.6767607423689774, "2": 0.6241072319225602}, "psi": {"0": 1.411607899427588, "1": 1.317337649320128, "2": 1.2475379231014565}, "sigma": {"0": 0.5248857113997019, "1": 0.8912420298073818, "2": 0.0}, "chi_high": 0.14470875963265584, "beta_low": 0.18028887883487482}