{"R": 40.0, "wi": 2, "di": 1, "delta": 1.0, "gamma": {"0": 0.6667864580891613, "1": 0.6338293627827688, "2": 1.4464924788006657}, "mu": {"0": 1.0179306476847394, "1": 1.064526883158217, "2": 1.0742919801946031}, "phi": {"0": 0.9494330396288737, "1": 0.5981610471061904, "2": 0.6383965196304564}, "psi": {"0": 0.8552240376435348, "1": 0.7154028330811442, "2": 1.2032808032277083}, "sigma": {"0": 0.6029629391898848, "1": 0.9042611600779715, "2": 0.0}, "chi_high": null, "beta_low": null}