{"R": 40.0, "wi": 1, "di": 2, "delta": 1.0, "gamma": {"0": 1.3170487193540183, "1": 1.0983902677325994, "2": 1.103542284880585}, "mu": {"0": 1.0852224130271526, "1": 1.1466214853055328, "2": 1.0262664083501791}, "phi": {"0": 0.15353506523389804, "1": 0.027341397042221605, "2": 0.996726681688549}, "psi": {"0": 0.7031539838135167, "1": 0.8749764754255257, "2": 0.886531312038958}, "sigma": {"0": 0.9758882709860985, "1": 0.0, "2": 0.0}, "chi_high": null, "beta_low": 0.8113509859563108}