{"R": 40.0, "wi": 1, "di": 0, "delta": 1.0, "gamma": {"0": 0.9948912065268813, "1": 1.2389987100108955, "2": 1.1360290080315647}, "mu": {"0": 1.0016682247773097, "1": 1.030966776068182, "2": 1.0586287142559445}, "phi": {"0": 0.8186073092991751, "1": 0.1396323055553219, "2": 0.36249645796405294}, "psi": {"0": 1.1772386650704516, "1": 0.6185839942886738, "2": 0.8119855857632984}, "sigma": {"0": 0.7252717570989944, "1": 0.0, "2": 0.0}, "chi_high": null, "beta_low": 0.6171390559329244}