{"R": 40.0, "wi": 2, "di": 0, "delta": 1.0, "gamma": {"0": 1.4340952374263027, "1": 1.0217880878543628, "2": 0.5359816498465274}, "mu": {"0": 1.1338107656462655, "1": 1.0264586022320714, "2": 1.0382447035929911}, "phi": {"0": 0.6149827592943534, "1": 0.008417709023934461, "2": 0.7590777907422952}, "psi": {"0": 1.2432051092033443, "1": 0.6900712690607891, "2": 1.2041203350155638}, "sigma": {"0": 0.7999425759190464, "1": 0.6307858554134296, "2": 0.0}, "chi_high": null, "beta_low": null}