{"R": 40.0, "wi": 0, "di": 1, "delta": 1.0, "gamma": {"0": 1.3847774095385739, "1": 1.3392497569379682, "2": 1.4322156701610216}, "mu": {"0": 1.0958930751437952, "1": 1.0635502736428835, "2": 1.1098580545482792}, "phi": {"0": 0.0960568131113686, "1": 0.7447842428632079, "2": 0.07799008712045064}, "psi": {"0": 0.9548345950090297, "1": 1.1509838555266143, "2": 1.1933380325645178}, "sigma": {"0": 0.7665830383638179, "1": 0.8809168496550859, "2": 0.0}, "chi_high": 0.9123342259942017, "beta_low": 0.8191542299015898}