{"R": 40.0, "wi": 1, "di": 2, "delta": 1.0, "gamma": {"0": 1.2031877043482, "1": 1.1010522169607384, "2": 1.2113863006455272}, "mu": {"0": 1.0378611936362958, "1": 1.1046383736794763, "2": 1.0612339721662347}, "phi": {"0": 0.38952696821048516, "1": 0.4837497323739297, "2": 0.836168979228476}, "psi": {"0": 1.0675342359234836, "1": 0.759753598965662, "2": 0.5392624548545224}, "sigma": {"0": 0.7614803702897558, "1": 0.0, "2": 0.0}, "chi_high": null, "beta_low": 0.0704673976086812}