{"R": 40.0, "wi": 2, "di": 0, "delta": 1.0, "gamma": {"0": 1.0684116756309954, "1": 0.5836907176311416, "2": 1.1582429193181094}, "mu": {"0": 1.0663406328357097, "1": 1.0960096990055992, "2": 1.1499077179179589}, "phi": {"0": 0.03188346686867349, "1": 0.7620016659069694, "2": 0.48421440713903097}, "psi": {"0": 1.1246774282320753, "1": 1.4302534727253993, "2": 0.8941286198399315}, "sigma": {"0": 0.8253193481248848, "1": 0.9218755328678154, "2": 0.0}, "chi_high": null, "beta_low": null}