{"R": 40.0, "wi": 3, "di": 0, "delta": 1.0, "gamma": {"0": 0.5358934450447949, "1": 1.4157871260339396, "2": 0.6358556328163982}, "mu": {"0": 1.115764519269198, "1": 1.0559062409909226, "2": 1.0806745829002022}, "phi": {"0": 0.5425779835597911, "1": 0.6455977644050916, "2": 0.9381443624619966}, "psi": {"0": 1.4188080173484208, "1": 0.907678908399253, "2": 0.6672102130987467}, "sigma": {"0": 0.6552374367859463, "1": 0.7208392390723244, "2": 0.0}, "chi_high": 0.7667522481248277, "beta_low": null}