{"R": 40.0, "wi": 0, "di": 0, "delta": 1.0, "gamma": {"0": 0.5663673405644201, "1": 0.7035564668007502, "2": 0.6956361025639133}, "mu": {"0": 1.099819605331882, "1": 1.0374560320903101, "2": 1.0054056059155982}, "phi": {"0": 0.03573446033536565, "1": 0.4718808279465102, "2": 0.1959851493951582}, "psi": {"0": 0.956827725129498, "1": 1.087714279282591, "2": 0.8446101661145252}, "sigma": {"0": 0.6826915965839913, "1": 0.5854591093480662, "2": 0.0}, "chi_high": 0.8103483945526025, "beta_low": 0.20386183957719706}