{"R": 40.0, "wi": 1, "di": 1, "delta": 1.0, "gamma": {"0": 1.1332079971965245, "1": 0.8044337822492156, "2": 1.4238860481441624}, "mu": {"0": 1.0816350123901999, "1": 1.1327405597982418, "2": 1.0074749542090353}, "phi": {"0": 0.6818780789010318, "1": 0.5292879526484783, "2": 0.5618132433275566}, "psi": {"0": 1.253672969414747, "1": 0.7047891771075875, "2": 0.7238364316651927}, "sigma": {"0": 0.6822098021628118, "1": 0.0, "2": 0.0}, "chi_high": null, "beta_low": 0.6268420945278061}