{"R": 40.0, "wi": 1, "di": 1, "delta": 1.0, "gamma": {"0": 1.187226342588994, "1": 1.3669395300729943, "2": 1.236026088883606}, "mu": {"0": 1.0515931303746067, "1": 1.014489280390677, "2": 1.012291748489454}, "phi": {"0": 0.6765976729812433, "1": 0.07613441681941135, "2": 0.9045305130963893}, "psi": {"0": 0.721482550597699, "1": 1.3726065541463381, "2": 1.353282501170947}, "sigma": {"0": 0.912486208517016, "1": 0.0, "2": 0.0}, "chi_high": null, "beta_low": 0.11027074597997993}