{"R": 40.0, "wi": 2, "di": 1, "delta": 1.0, "gamma": {"0": 0.6054256322962378, "1": 1.3830932072252113, "2": 0.594215084106461}, "mu": {"0": 1.1304620406288772, "1": 1.054069150235504, "2": 1.0056885976147842}, "phi": {"0": 0.27289444522201123, "1": 0.22849930615822578, "2": 0.18088713184049676}, "psi": {"0": 1.0579990101408647, "1": 1.1397952177843926, "2": 1.0660285157265221}, "sigma": {"0": 0.6194142841818231, "1": 0.7873967568057365, "2": 0.0}, "chi_high": null, "beta_low": null}