{"R": 40.0, "wi": 2, "di": 0, "delta": 1.0, "gamma": {"0": 1.3965168164083517, "1": 1.3125236705230099, "2": 1.3036910009651437}, "mu": {"0": 1.0874997558785024, "1": 1.1423403874503102, "2": 1.0236494026262253}, "phi": {"0": 0.28672918934166336, "1": 0.5851796745363198, "2": 0.7914028622911727}, "psi": {"0": 1.4951633137314895, "1": 1.1330503520567867, "2": 0.6408009067354248}, "sigma": {"0": 0.5471070531924439, "1": 0.5007499883634421, "2": 0.0}, "chi_high": null, "beta_low": null}