{"R": 40.0, "wi": 0, "di": 1, "delta": 1.0, "gamma": {"0": 0.7602868032674878, "1": 0.6604251664422109, "2": 0.6042259340478989}, "mu": {"0": 1.1101884720573432, "1": 1.1099026993660697, "2": 1.0795812749880984}, "phi": {"0": 0.10742697975598281, "1": 0.20967688454552946, "2": 0.11750727209632772}, "psi": {"0": 0.7381431811700639, "1": 1.2513842033059621, "2": 1.066943428395371}, "sigma": {"0": 0.5669493901222364, "1": 0.6897676661511694, "2": 0.0}, "chi_high": 0.9880840864035895, "beta_low": 0.1895398205792588}