{"R": 40.0, "wi": 0, "di": 0, "delta": 1.0, "gamma": {"0": 0.6866560768384599, "1": 0.5337497727454765, "2": 0.8568725293049382}, "mu": {"0": 1.0755237170987955, "1": 1.0311510893970715, "2": 1.093771723302045}, "phi": {"0": 0.0950307751085725, "1": 0.046039295077574316, "2": 0.7507839349372903}, "psi": {"0": 1.3490335994240175, "1": 0.5822624330925374, "2": 1.1436716425892652}, "sigma": {"0": 0.8853803337679159, "1": 0.9271175998637549, "2": 0.0}, "chi_high": 0.1375718926165892, "beta_low": 0.36478188319985055}