{"R": 40.0, "wi": 2, "di": 1, "delta": 1.0, "gamma": {"0": 0.9402524186165979, "1": 1.1148756239705135, "2": 0.590729054240767}, "mu": {"0": 1.110330743826794, "1": 1.0814317165469374, "2": 1.1292976365221112}, "phi": {"0": 0.09184984978607136, "1": 0.8786677363019524, "2": 0.28303443023758645}, "psi": {"0": 1.4239950141418762, "1": 0.6680783921062271, "2": 0.9713359930512933}, "sigma": {"0": 0.6247151384716141, "1": 0.9217909408986196, "2": 0.0}, "chi_high": null, "beta_low": null}