{"R": 40.0, "wi": 1, "di": 0, "delta": 1.0, "gamma": {"0": 0.7230081972154322, "1": 1.0562079289554984, "2": 0.9880033824094155}, "mu": {"0": 1.0002121365910308, "1": 1.07184822433214, "2": 1.0421866293513535}, "phi": {"0": 0.5749925390007237, "1": 0.9642108618620936, "2": 0.8449405790625086}, "psi": {"0": 0.5984893052762341, "1": 0.5885344651602608, "2": 0.547141261951854}, "sigma": {"0": 0.8451773453328133, "1": 0.0, "2": 0.0}, "chi_high": null, "beta_low": 0.33952022354525707}