{"R": 40.0, "wi": 3, "di": 2, "delta": 1.0, "gamma": {"0": 0.9005337360666922, "1": 1.0904482909962434, "2": 1.3598366584260329}, "mu": {"0": 1.0910656201107716, "1": 1.073678460527488, "2": 1.0152941135011042}, "phi": {"0": 0.5328351196455798, "1": 0.5850465285434415, "2": 0.06556238701957695}, "psi": {"0": 0.5977601307809689, "1": 0.6417148520596277, "2": 0.8049146322017063}, "sigma": {"0": 0.6784493327867164, "1": 0.5558078279998782, "2": 0.0}, "chi_high": 0.10653565926659099, "beta_low": null}