{"R": 40.0, "wi": 2, "di": 0, "delta": 1.0, "gamma": {"0": 0.8064701120570934, "1": 1.046517867076688, "2": 1.0616178333263178}, "mu": {"0": 1.0750903890501764, "1": 1.0500516791149572, "2": 1.0505745521132808}, "phi": {"0": 0.9914086950420529, "1": 0.11292794637478232, "2": 0.3215404412609605}, "psi": {"0": 0.9175260724328358, "1": 0.8429925510221036, "2": 1.2089438971086413}, "sigma": {"0": 0.8913136814362477, "1": 0.5743043398033444, "2": 0.0}, "chi_high": null, "beta_low": null}