{"R": 40.0, "wi": 0, "di": 1, "delta": 1.0, "gamma": {"0": 1.3036487978739761, "1": 1.015701359319669, "2": 0.5129328268719624}, "mu": {"0": 1.1117956138981298, "1": 1.021585214938953, "2": 1.051110640986265}, "phi": {"0": 0.3979719308360431, "1": 0.8856879273504846, "2": 0.6794097443119375}, "psi": {"0": 0.6414959746694192, "1": 0.8079887889134589, "2": 0.8600736744936847}, "sigma": {"0": 0.6737589642978846, "1": 0.6576423969831305, "2": 0.0}, "chi_high": 0.3810089185914584, "beta_low": 0.05870718445338341}