{"R": 40.0, "wi": 3, "di": 0, "delta": 1.0, "gamma": {"0": 0.8943200883655505, "1": 0.5537431305609999, "2": 1.3006978982907955}, "mu": {"0": 1.0633950436170938, "1": 1.1262064992730794, "2": 1.0547347351580438}, "phi": {"0": 0.11161724433033238, "1": 0.5130479614411018, "2": 0.17371789843876229}, "psi": {"0": 1.4387379072997377, "1": 1.3635322738837217, "2": 1.2713497784287715}, "sigma": {"0": 0.9769606348750269, "1": 0.5302467947372632, "2": 0.0}, "chi_high": 0.9894518515500992, "beta_low": null}