{"R": 40.0, "wi": 1, "di": 1, "delta": 1.0, "gamma": {"0": 0.5980563253652015, "1": 1.4984019820189474, "2": 0.5590854975003183}, "mu": {"0": 1.0138757430276004, "1": 1.0763626363355157, "2": 1.0470495242263131}, "phi": {"0": 0.7424374800968575, "1": 0.18852665032770466, "2": 0.0430755261183704}, "psi": {"0": 0.6135561940494635, "1": 1.2094021732081628, "2": 0.9442177184416961}, "sigma": {"0": 0.9621508990373397, "1": 0.0, "2": 0.0}, "chi_high": null, "beta_low": 0.6300104215780374}