{"R": 40.0, "wi": 2, "di": 1, "delta": 1.0, "gamma": {"0": 0.8273085240643722, "1": 1.244554329911188, "2": 1.4526377284942344}, "mu": {"0": 1.0113814427992887, "1": 1.11667161326813, "2": 1.0827149060443368}, "phi": {"0": 0.2984203248409314, "1": 0.1508609477387708, "2": 0.7894700894827364}, "psi": {"0": 1.0364957003852169, "1": 1.0970408304092092, "2": 1.4018182548685427}, "sigma": {"0": 0.6698466314924972, "1": 0.5226354533524874, "2": 0.0}, "chi_high": null, "beta_low": null}