{"R": 40.0, "wi": 3, "di": 1, "delta": 1.0, "gamma": {"0": 1.0054175309831832, "1": 0.6673822926774605, "2": 0.9819468587126307}, "mu": {"0": 1.0881342744310218, "1": 1.1273373052287827, "2": 1.1189373259318949}, "phi": {"0": 0.6752788921381468, "1": 0.10373442960752655, "2": 0.13840321229309238}, "psi": {"0": 0.7503604378618314, "1": 0.9347481049522581, "2": 0.5766615368185328}, "sigma": {"0": 0.6888456940143602, "1": 0.5735960178604859, "2": 0.0}, "chi_high": 0.23490175430308619, "beta_low": null}