{"R": 40.0, "wi": 3, "di": 1, "delta": 1.0, "gamma": {"0": 0.5394630480187346, "1": 0.7050714728858581, "2": 0.6421749495498241}, "mu": {"0": 1.0162477606234916, "1": 1.1090379709006426, "2": 1.03917657922118}, "phi": {"0": 0.9497331130406188, "1": 0.2402187216481566, "2": 0.025551365631374057}, "psi": {"0": 1.0028763303717665, "1": 0.7986438381964555, "2": 0.9330837956353722}, "sigma": {"0": 0.6260032585051905, "1": 0.6531262478389193, "2": 0.0}, "chi_high": 0.3707116071477941, "beta_low": null}