{"R": 40.0, "wi": 1, "di": 1, "delta": 1.0, "gamma": {"0": 1.3182259048153415, "1": 1.4086900291973037, "2": 1.40813802389741}, "mu": {"0": 1.097253045041199, "1": 1.1050601075039408, "2": 1.0809826476637487}, "phi": {"0": 0.7094111274718403, "1": 0.22985044168484114, "2": 0.5760172136673465}, "psi": {"0": 0.8539310356056389, "1": 1.075103499139052, "2": 1.2270183988572179}, "sigma": {"0": 0.8270890311414172, "1": 0.0, "2": 0.0}, "chi_high": null, "beta_low": 0.32352719457406937}