{"R": 40.0, "wi": 0, "di": 2, "delta": 1.0, "gamma": {"0": 0.910427075609203, "1": 1.1444006450045319, "2": 0.9382773631106416}, "mu": {"0": 1.0556122316809957, "1": 1.0025720612807005, "2": 1.0422041317277497}, "phi": {"0": 0.5373215088122334, "1": 0.4238068826663389, "2": 0.7201534584169571}, "psi": {"0": 0.9826182533256457, "1": 1.1537260673691092, "2": 1.321047311721789}, "sigma": {"0": 0.8402092751654517, "1": 0.9761528851577237, "2": 0.0}, "chi_high": 0.7916240377418967, "beta_low": 0.3913136303588625}