{"R": 40.0, "wi": 0, "di": 0, "delta": 1.0, "gamma": {"0": 1.0560292239940552, "1": 0.9650140504837588, "2": 0.8172439037025664}, "mu": {"0": 1.1277955375494249, "1": 1.0311354454191342, "2": 1.0170515213763265}, "phi": {"0": 0.7067870168646504, "1": 0.9226139113342494, "2": 0.47384779595201987}, "psi": {"0": 1.2401041208386192, "1": 0.5027883861050175, "2": 0.9986255190688579}, "sigma": {"0": 0.7372930989602602, "1": 0.8161317118211995, "2": 0.0}, "chi_high": 0.2672304566830822, "beta_low": 0.25396195567693114}