{"R": 40.0, "wi": 1, "di": 0, "delta": 1.0, "gamma": {"0": 0.5069369013034084, "1": 0.789318602565846, "2": 0.6918208355004118}, "mu": {"0": 1.037634122211252, "1": 1.105501053754001, "2": 1.0868171059942748}, "phi": {"0": 0.8450570121103235, "1": 0.08296587785014731, "2": 0.7655437734057822}, "psi": {"0": 1.348712408000467, "1": 0.6734588559890256, "2": 0.8908686554457292}, "sigma": {"0": 0.7721079678050414, "1": 0.0, "2": 0.0}, "chi_high": null, "beta_low": 0.35464252903056004}