{"R": 40.0, "wi": 3, "di": 1, "delta": 1.0, "gamma": {"0": 1.036855881540201, "1": 1.0257800849644345, "2": 1.3291055430048342}, "mu": {"0": 1.1324808127134467, "1": 1.0949149405287613, "2": 1.0633586940607604}, "phi": {"0": 0.2945166718465152, "1": 0.8716069369542006, "2": 0.7573093734201564}, "psi": {"0": 1.1240998127456883, "1": 0.505747179199682, "2": 0.9907335607051339}, "sigma": {"0": 0.9520575122283818, "1": 0.652945901174175, "2": 0.0}, "chi_high": 0.8011387491332057, "beta_low": null}