{"R": 40.0, "wi": 2, "di": 1, "delta": 1.0, "gamma": {"0": 1.0027603254554396, "1": 1.1049400597970043, "2": 1.3024250142067477}, "mu": {"0": 1.132275979406035, "1": 1.114099482026196, "2": 1.0144539849763208}, "phi": {"0": 0.8666396383937718, "1": 0.8586487522965277, "2": 0.906586419817329}, "psi": {"0": 0.9587136650634723, "1": 1.0106411220933569, "2": 1.4641926576760953}, "sigma": {"0": 0.6708279681114473, "1": 0.6397255665372027, "2": 0.0}, "chi_high": null, "beta_low": null}