{"R": 40.0, "wi": 3, "di": 1, "delta": 1.0, "gamma": {"0": 0.7136463343569269, "1": 0.6522164148410075, "2": 0.623158699099452}, "mu": {"0": 1.125494137101349, "1": 1.1372693559908729, "2": 1.05340308849051}, "phi": {"0": 0.18674067431258146, "1": 0.28986434943927586, "2": 0.39479476067755215}, "psi": {"0": 1.2816366923155003, "1": 0.6351932520327671, "2": 1.3376368691953093}, "sigma": {"0": 0.9614634190073246, "1": 0.5544404153609905, "2": 0.0}, "chi_high": 0.7799930206829373, "beta_low": null}