{"R": 40.0, "wi": 1, "di": 0, "delta": 1.0, "gamma": {"0": 0.5618763134192271, "1": 0.9507940073216912, "2": 1.1352292762716112}, "mu": {"0": 1.1315009700111853, "1": 1.116660431467367, "2": 1.0585071512520603}, "phi": {"0": 0.6975000585930644, "1": 0.3851285220719005, "2": 0.21873465422153937}, "psi": {"0": 1.2356771738601584, "1": 0.7218071865240986, "2": 1.0743713267024981}, "sigma": {"0": 0.8331185538505403, "1": 0.0, "2": 0.0}, "chi_high": null, "beta_low": 0.298577889444614}