{"R": 40.0, "wi": 3, "di": 0, "delta": 1.0, "gamma": {"0": 1.095115341499701, "1": 1.458131673196532, "2": 0.5100328273235885}, "mu": {"0": 1.1180229555460761, "1": 1.0129115876309658, "2": 1.0961458808117457}, "phi": {"0": 0.709900442314579, "1": 0.41744793089500465, "2": 0.6782323209922658}, "psi": {"0": 1.2936992378745598, "1": 0.8972488084089274, "2": 1.2730144321073742}, "sigma": {"0": 0.7737854704680773, "1": 0.641209054241266, "2": 0.0}, "chi_high": 0.3937732078101432, "beta_low": null}