{"R": 40.0, "wi": 0, "di": 2, "delta": 1.0, "gamma": {"0": 1.2756400640705534, "1": 1.335011482624218, "2": 1.3759399795172602}, "mu": {"0": 1.0011820329595416, "1": 1.063556528603214, "2": 1.141363317593687}, "phi": {"0": 0.08300715979303808, "1": 0.28235653253097603, "2": 0.3034006558497919}, "psi": {"0": 0.9528501826836325, "1": 1.4564663046634783, "2": 1.1250968249355962}, "sigma": {"0": 0.6220637629904326, "1": 0.733022500885229, "2": 0.0}, "chi_high": 0.4980599479279284, "beta_low": 0.08012748174886239}