{"R": 40.0, "wi": 3, "di": 2, "delta": 1.0, "gamma": {"0": 1.425538669883757, "1": 1.3767819555508578, "2": 0.7937122163887289}, "mu": {"0": 1.0614788914156914, "1": 1.0177103749439438, "2": 1.1267149348066459}, "phi": {"0": 0.1701455209944639, "1": 0.8923701955468626, "2": 0.12577100166762356}, "psi": {"0": 1.002207278320367, "1": 1.073869574337072, "2": 0.9420278356172574}, "sigma": {"0": 0.8465556512197276, "1": 0.7738340958615875, "2": 0.0}, "chi_high": 0.04387989899280945, "beta_low": null}