{"R": 40.0, "wi": 1, "di": 0, "delta": 1.0, "gamma": {"0": 1.107351762754218, "1": 0.8299014098031634, "2": 0.7170557448805484}, "mu": {"0": 1.021146284431467, "1": 1.0342780391927693, "2": 1.0044678853102957}, "phi": {"0": 0.5876980904722389, "1": 0.7151451234042262, "2": 0.1148545178390773}, "psi": {"0": 1.4369221148413724, "1": 0.5368791923447607, "2": 1.2867817694542478}, "sigma": {"0": 0.6672680101135275, "1": 0.0, "2": 0.0}, "chi_high": null, "beta_low": 0.8740538616955943}