{"R": 40.0, "wi": 3, "di": 1, "delta": 1.0, "gamma": {"0": 0.721593562818881, "1": 1.4456844359319945, "2": 1.1870789745399377}, "mu": {"0": 1.0089187422123231, "1": 1.1273392619043228, "2": 1.0769435536513512}, "phi": {"0": 0.90277521980169, "1": 0.5180797689405315, "2": 0.061367620627784336}, "psi": {"0": 0.812418317592294, "1": 1.1306507719295078, "2": 1.4720067877361749}, "sigma": {"0": 0.8384684228831272, "1": 0.8375111153894226, "2": 0.0}, "chi_high": 0.2674565989931278, "beta_low": null}