{"R": 40.0, "wi": 1, "di": 0, "delta": 1.0, "gamma": {"0": 0.8849177301763216, "1": 1.4951552034305826, "2": 1.2000386354045678}, "mu": {"0": 1.1014034454669086, "1": 1.0240430823024422, "2": 1.0500532120486847}, "phi": {"0": 0.7864686343312012, "1": 0.9915578631564053, "2": 0.08582618702909672}, "psi": {"0": 1.4255738749615525, "1": 1.213795178291667, "2": 1.1857834285761988}, "sigma": {"0": 0.8884756240549556, "1": 0.0, "2": 0.0}, "chi_high": null, "beta_low": 0.9016328788367142}