{"R": 40.0, "wi": 0, "di": 2, "delta": 1.0, "gamma": {"0": 0.7400703668890115, "1": 1.292317436960738, "2": 1.3735261620431882}, "mu": {"0": 1.1255034356100042, "1": 1.0797177767986401, "2": 1.1098885966243368}, "phi": {"0": 0.6106809462469085, "1": 0.9901912319480827, "2": 0.45572301184709096}, "psi": {"0": 1.0181032679549733, "1": 1.2448485951353352, "2": 1.0391375382050354}, "sigma": {"0": 0.5728416952060611, "1": 0.7177159708400642, "2": 0.0}, "chi_high": 0.6961918548940882, "beta_low": 0.9402745641663501}