{"R": 40.0, "wi": 2, "di": 0, "delta": 1.0, "gamma": {"0": 0.9806388759946952, "1": 1.4596604851521173, "2": 1.2767869386156168}, "mu": {"0": 1.08977221467877, "1": 1.0851092632913903, "2": 1.1242935591612004}, "phi": {"0": 0.8091498062116571, "1": 0.5504566227616373, "2": 0.17526841417670047}, "psi": {"0": 0.5140744135760615, "1": 1.3373667782684233, "2": 0.6775502814242121}, "sigma": {"0": 0.5012811916936614, "1": 0.6392877088151423, "2": 0.0}, "chi_high": null, "beta_low": null}