{"R": 40.0, "wi": 3, "di": 2, "delta": 1.0, "gamma": {"0": 1.0728490037309624, "1": 0.8013857131603213, "2": 1.2289064742828302}, "mu": {"0": 1.1114274098485581, "1": 1.0039215684928637, "2": 1.13001685259442}, "phi": {"0": 0.2316220795389654, "1": 0.29213940048615283, "2": 0.1700638705869193}, "psi": {"0": 1.1323590034287343, "1": 1.1824224920844235, "2": 0.6326998135079686}, "sigma": {"0": 0.5390793140067089, "1": 0.7207744452181013, "2": 0.0}, "chi_high": 0.8466152725957244, "beta_low": null}