{"R": 40.0, "wi": 3, "di": 1, "delta": 1.0, "gamma": {"0": 1.0529513006545912, "1": 1.1346352767615175, "2": 0.5102530756927067}, "mu": {"0": 1.052453324411028, "1": 1.1430422036955197, "2": 1.0411399769770613}, "phi": {"0": 0.3296145799858824, "1": 0.8487707220023424, "2": 0.17112283374344017}, "psi": {"0": 1.2626546280302033, "1": 0.6227377664107563, "2": 1.2898414997952155}, "sigma": {"0": 0.5686821599078397, "1": 0.6151007376883969, "2": 0.0}, "chi_high": 0.29960065945161846, "beta_low": null}