{"R": 40.0, "wi": 1, "di": 0, "delta": 1.0, "gamma": {"0": 1.0936711879030945, "1": 0.7868214565426725, "2": 1.2433589279981192}, "mu": {"0": 1.0608292057661943, "1": 1.0760241169797258, "2": 1.015421455939913}, "phi": {"0": 0.92246814617818, "1": 0.8621511593775715, "2": 0.8185206909228828}, "psi": {"0": 1.0522528354567728, "1": 1.3513869255178184, "2": 1.2176983991967507}, "sigma": {"0": 0.845102684075558, "1": 0.0, "2": 0.0}, "chi_high": null, "beta_low": 0.4653386747533687}