{"R": 40.0, "wi": 2, "di": 2, "delta": 1.0, "gamma": {"0": 1.1280708971067324, "1": 1.0175738417830913, "2": 0.5393972597194181}, "mu": {"0": 1.058334726814704, "1": 1.0249930859088594, "2": 1.0788100309491127}, "phi": {"0": 0.07941695141921301, "1": 0.5582228982118209, "2": 0.019016288280022997}, "psi": {"0": 0.9744087814049682, "1": 1.058906890288422, "2": 1.2075312077625673}, "sigma": {"0": 0.874423885533886, "1": 0.6231554829895571, "2": 0.0}, "chi_high": null, "beta_low": null}