{"R": 40.0, "wi": 2, "di": 2, "delta": 1.0, "gamma": {"0": 1.1791514139093258, "1": 1.393498543451303, "2": 0.7796321494014133}, "mu": {"0": 1.0707630647804727, "1": 1.058603237316344, "2": 1.114775645655023}, "phi": {"0": 0.9000814107150474, "1": 0.648146230319646, "2": 0.2822158548707767}, "psi": {"0": 1.213444083788098, "1": 0.9906738053047685, "2": 1.1647964070946373}, "sigma": {"0": 0.799361962929545, "1": 0.5365293097785497, "2": 0.0}, "chi_high": null, "beta_low": null}