{"R": 40.0, "wi": 3, "di": 2, "delta": 1.0, "gamma": {"0": 1.0184866810762734, "1": 1.381627630063982, "2": 0.6515694279073885}, "mu": {"0": 1.0755199596119065, "1": 1.052379177097303, "2": 1.0790900168389297}, "phi": {"0": 0.3573849783988744, "1": 0.8990190285372374, "2": 0.0998222528496655}, "psi": {"0": 0.7138220244693407, "1": 0.5524991780914597, "2": 0.8149471410929888}, "sigma": {"0": 0.7215173821961458, "1": 0.8000241809302473, "2": 0.0}, "chi_high": 0.6873009477581744, "beta_low": null}