{"R": 40.0, "wi": 3, "di": 2, "delta": 1.0, "gamma": {"0": 0.7954995557082061, "1": 0.8299789655561873, "2": 0.5592099086400223}, "mu": {"0": 1.0094884006452338, "1": 1.0457419121224325, "2": 1.0570362088982572}, "phi": {"0": 0.4090166597700401, "1": 0.34685378177780357, "2": 0.5787790847324428}, "psi": {"0": 1.2619466295656832, "1": 0.8880634835665084, "2": 1.4431309949366184}, "sigma": {"0": 0.8051124499017484, "1": 0.5879390673295677, "2": 0.0}, "chi_high": 0.38712661182553626, "beta_low": null}