{"R": 40.0, "wi": 3, "di": 1, "delta": 1.0, "gamma": {"0": 0.5031842318585863, "1": 0.979954604980006, "2": 0.7783525504385311}, "mu": {"0": 1.0777482561069018, "1": 1.0111993030574877, "2": 1.1081488474043095}, "phi": {"0": 0.7840172664885782, "1": 0.6305314926156805, "2": 0.8483834274514834}, "psi": {"0": 1.2201233084584955, "1": 1.0202470484840445, "2": 1.3645885593315907}, "sigma": {"0": 0.5428850883337936, "1": 0.766759323080284, "2": 0.0}, "chi_high": 0.4207200184661707, "beta_low": null}