{"R": 40.0, "wi": 0, "di": 0, "delta": 1.0, "gamma": {"0": 1.3483259976382205, "1": 0.7703619443197143, "2": 0.7282230346369425}, "mu": {"0": 1.0641852260338638, "1": 1.0195851789610368, "2": 1.037273968594908}, "phi": {"0": 0.09515605939422378, "1": 0.7213190419825599, "2": 0.810179681234524}, "psi": {"0": 0.6796295070077709, "1": 0.8201584214358216, "2": 1.2835358469913207}, "sigma": {"0": 0.9837505126414718, "1": 0.7521860096074695, "2": 0.0}, "chi_high": 0.917845171275462, "beta_low": 0.12943354256942705}