{"R": 40.0, "wi": 2, "di": 2, "delta": 1.0, "gamma": {"0": 1.2358031119308686, "1": 1.450948681196804, "2": 1.1706362272703472}, "mu": {"0": 1.0493602477661748, "1": 1.060939768892613, "2": 1.1262739489976197}, "phi": {"0": 0.544567329931039, "1": 0.470659644931122, "2": 0.549848892637004}, "psi": {"0": 0.5833544364076537, "1": 1.0554326073756368, "2": 0.7789401812951544}, "sigma": {"0": 0.531278585152019, "1": 0.9983320137359186, "2": 0.0}, "chi_high": null, "beta_low": null}