{"R": 40.0, "wi": 3, "di": 2, "delta": 1.0, "gamma": {"0": 1.1143471092027113, "1": 0.815570397509916, "2": 0.7997629719868963}, "mu": {"0": 1.0937330267300998, "1": 1.0139088620775911, "2": 1.0726246242385147}, "phi": {"0": 0.8681904555974296, "1": 0.07269486148059134, "2": 0.30634182554608225}, "psi": {"0": 0.9816615266261511, "1": 1.1612701931988645, "2": 0.8001395717388881}, "sigma": {"0": 0.543584613965453, "1": 0.7725074597375892, "2": 0.0}, "chi_high": 0.6404513755683799, "beta_low": null}