{"R": 40.0, "wi": 3, "di": 2, "delta": 1.0, "gamma": {"0": 0.7070460105612575, "1": 0.5413440238313824, "2": 1.052371021809621}, "mu": {"0": 1.0495483102467063, "1": 1.0315627863477799, "2": 1.03190093515508}, "phi": {"0": 0.16633713909999648, "1": 0.427346178365571, "2": 0.7464331068545799}, "psi": {"0": 1.1261242600415151, "1": 1.1083560015993967, "2": 1.204718872165593}, "sigma": {"0": 0.8975429147390527, "1": 0.9148775259078572, "2": 0.0}, "chi_high": 0.7021237625936844, "beta_low": null}