{"R": 40.0, "wi": 3, "di": 2, "delta": 1.0, "gamma": {"0": 1.0910294606742115, "1": 1.0923055507417265, "2": 1.473733136471209}, "mu": {"0": 1.0140132019560641, "1": 1.0572623890793091, "2": 1.057145854884888}, "phi": {"0": 0.0058738283128797475, "1": 0.2289750938485937, "2": 0.5612002911353985}, "psi": {"0": 0.772014385748553, "1": 0.6347578143008119, "2": 0.7680046528690422}, "sigma": {"0": 0.6658991537677673, "1": 0.8456678152957078, "2": 0.0}, "chi_high": 0.9586573509944059, "beta_low": null}