{"R": 40.0, "wi": 2, "di": 1, "delta": 1.0, "gamma": {"0": 0.7053115331134199, "1": 0.9145275198269629, "2": 1.0955405659479496}, "mu": {"0": 1.034540061571448, "1": 1.056847191740883, "2": 1.142469996577628}, "phi": {"0": 0.5451322623891384, "1": 0.09170996101517881, "2": 0.8178446620653611}, "psi": {"0": 0.9958581214950871, "1": 0.9915544324034292, "2": 1.204119329343329}, "sigma": {"0": 0.9325546735721457, "1": 0.7033466737929215, "2": 0.0}, "chi_high": null, "beta_low": null}