{"R": 40.0, "wi": 0, "di": 2, "delta": 1.0, "gamma": {"0": 0.842541388134184, "1": 0.8008509427126136, "2": 1.4208063453794264}, "mu": {"0": 1.0684076192776302, "1": 1.0752772482190531, "2": 1.1391073120372888}, "phi": {"0": 0.6748368048894687, "1": 0.6347377261244473, "2": 0.5885059244362856}, "psi": {"0": 1.4343385496720271, "1": 0.9220351432800423, "2": 0.9723931475519558}, "sigma": {"0": 0.5781414636653202, "1": 0.5630892310380946, "2": 0.0}, "chi_high": 0.04918133928239478, "beta_low": 0.1147408377240842}