{"R": 40.0, "wi": 1, "di": 1, "delta": 1.0, "gamma": {"0": 0.7496795561013784, "1": 0.7235867367593233, "2": 0.7990204974402075}, "mu": {"0": 1.0951803058525074, "1": 1.012040357134471, "2": 1.0587016969670138}, "phi": {"0": 0.12057698752367874, "1": 0.622028246152805, "2": 0.8286353375811744}, "psi": {"0": 1.3037614662925057, "1": 1.056957426324539, "2": 0.5874601321554893}, "sigma": {"0": 0.6537780230785308, "1": 0.0, "2": 0.0}, "chi_high": null, "beta_low": 0.3104188139352774}