{"R": 40.0, "wi": 0, "di": 1, "delta": 1.0, "gamma": {"0": 1.424320205196714, "1": 1.0596080550889437, "2": 0.5921676639694229}, "mu": {"0": 1.1443462132449393, "1": 1.0701248778905605, "2": 1.1130263020193667}, "phi": {"0": 0.5978539698883423, "1": 0.015021447751169537, "2": 0.7124659941415373}, "psi": {"0": 0.6118490900329501, "1": 1.0779590825458136, "2": 1.3241956398542842}, "sigma": {"0": 0.792996574508723, "1": 0.9164679693177871, "2": 0.0}, "chi_high": 0.39532266252630754, "beta_low": 0.4629434907357865}