{"R": 40.0, "wi": 0, "di": 1, "delta": 1.0, "gamma": {"0": 1.1555347047953783, "1": 1.3368995200561002, "2": 0.6777173800219097}, "mu": {"0": 1.0590425924050313, "1": 1.1178122455835453, "2": 1.0505202418585615}, "phi": {"0": 0.12018626620853123, "1": 0.16878358697001317, "2": 0.28874376159417514}, "psi": {"0": 0.639935244949431, "1": 0.8710971510151982, "2": 0.8682616890656355}, "sigma": {"0": 0.526577748296061, "1": 0.9728092749707087, "2": 0.0}, "chi_high": 0.7617093820595173, "beta_low": 0.551470536671351}