{"R": 40.0, "wi": 3, "di": 1, "delta": 1.0, "gamma": {"0": 0.5788889343453224, "1": 1.4404304620434836, "2": 1.22889041610741}, "mu": {"0": 1.0007250805906978, "1": 1.0693512425408973, "2": 1.1036769686927592}, "phi": {"0": 0.3378541502595501, "1": 0.6058010767299147, "2": 0.2592382777767245}, "psi": {"0": 1.1324124911709887, "1": 1.0373082775993892, "2": 1.3516737982707592}, "sigma": {"0": 0.8709028386576283, "1": 0.6341527098385453, "2": 0.0}, "chi_high": 0.14624413514936144, "beta_low": null}