{"R": 40.0, "wi": 2, "di": 0, "delta": 1.0, "gamma": {"0": 0.7964725143969666, "1": 0.8584933904130815, "2": 0.6259532081900904}, "mu": {"0": 1.129602352823952, "1": 1.0689288932943117, "2": 1.1222714348517147}, "phi": {"0": 0.7556898252550803, "1": 0.13135947638761802, "2": 0.43860983828825373}, "psi": {"0": 1.4269968097525116, "1": 1.0192934375400269, "2": 1.361825583049527}, "sigma": {"0": 0.9513712125880642, "1": 0.6928291363373396, "2": 0.0}, "chi_high": null, "beta_low": null}