{"R": 40.0, "wi": 0, "di": 0, "delta": 1.0, "gamma": {"0": 0.644400213702538, "1": 0.9027619473118833, "2": 0.998188702234007}, "mu": {"0": 1.051534742409466, "1": 1.113207753357523, "2": 1.0930798393487307}, "phi": {"0": 0.9802942468854574, "1": 0.340679277793944, "2": 0.3459201831347528}, "psi": {"0": 1.1618242189681833, "1": 1.1221475619225827, "2": 0.7524344265948459}, "sigma": {"0": 0.7332001751511983, "1": 0.7080344226365387, "2": 0.0}, "chi_high": 0.15834084705759888, "beta_low": 0.8951196816462645}