{"R": 40.0, "wi": 3, "di": 0, "delta": 1.0, "gamma": {"0": 1.3428574287880597, "1": 1.3168684565964153, "2": 1.0562033826518529}, "mu": {"0": 1.0279242942428797, "1": 1.1122621311244745, "2": 1.1386934339396604}, "phi": {"0": 0.6860516835902308, "1": 0.8355966854066661, "2": 0.22419487722842746}, "psi": {"0": 1.2317715123713726, "1": 1.4750827649875593, "2": 0.5652496887125534}, "sigma": {"0": 0.9876107295046233, "1": 0.7936154678623806, "2": 0.0}, "chi_high": 0.45820796095757793, "beta_low": null}