{"R": 40.0, "wi": 1, "di": 1, "delta": 1.0, "gamma": {"0": 1.1420548749713597, "1": 0.9157818824494853, "2": 1.2100885166719797}, "mu": {"0": 1.0403096658490014, "1": 1.1070396403550884, "2": 1.0515333187910034}, "phi": {"0": 0.17370646115054578, "1": 0.5612693926956867, "2": 0.13144107972676033}, "psi": {"0": 1.40939645467451, "1": 1.2672058325344562, "2": 1.372433913475352}, "sigma": {"0": 0.6563520299853952, "1": 0.0, "2": 0.0}, "chi_high": null, "beta_low": 0.4514774998330622}