{"R": 40.0, "wi": 1, "di": 2, "delta": 1.0, "gamma": {"0": 1.0333176110634628, "1": 1.2444840677409637, "2": 0.6278453028485733}, "mu": {"0": 1.0257656682351675, "1": 1.0010565968674816, "2": 1.0870847682142766}, "phi": {"0": 0.22439597175707282, "1": 0.860326152302885, "2": 0.5496445703385602}, "psi": {"0": 1.095942291924128, "1": 0.7549392010059718, "2": 0.6087651255140387}, "sigma": {"0": 0.7450803300309778, "1": 0.0, "2": 0.0}, "chi_high": null, "beta_low": 0.36925621919587465}