{"R": 40.0, "wi": 1, "di": 0, "delta": 1.0, "gamma": {"0": 1.1604030138623556, "1": 1.3925040762703977, "2": 0.5976382490299109}, "mu": {"0": 1.0045405225425939, "1": 1.0816571278121827, "2": 1.0197230827668626}, "phi": {"0": 0.46972423937185415, "1": 0.7355682578838908, "2": 0.8228144942396519}, "psi": {"0": 0.594817338906442, "1": 0.7438261924702019, "2": 0.9404777148136594}, "sigma": {"0": 0.6884893688104732, "1": 0.0, "2": 0.0}, "chi_high": null, "beta_low": 0.06571530674513996}