{"R": 40.0, "wi": 2, "di": 2, "delta": 1.0, "gamma": {"0": 0.5213781085624632, "1": 1.3570912612725987, "2": 0.6570938656737509}, "mu": {"0": 1.0553809142848842, "1": 1.107900680924722, "2": 1.0922686235015107}, "phi": {"0": 0.09628016294137631, "1": 0.7537210531362533, "2": 0.8460212623339581}, "psi": {"0": 0.9224841573290935, "1": 1.4252551054288511, "2": 0.9256868365406568}, "sigma": {"0": 0.6112691878359023, "1": 0.8477265950922266, "2": 0.0}, "chi_high": null, "beta_low": null}