{"R": 40.0, "wi": 3, "di": 0, "delta": 1.0, "gamma": {"0": 0.8788092118443699, "1": 1.4143472292662103, "2": 1.1854764170359324}, "mu": {"0": 1.1174576496990691, "1": 1.1185099625219552, "2": 1.0208995427425889}, "phi": {"0": 0.1411168421352188, "1": 0.49632886644387997, "2": 0.13614696996551234}, "psi": {"0": 0.8568077097688769, "1": 0.6700499697427403, "2": 0.8869985367545219}, "sigma": {"0": 0.7391983283724977, "1": 0.6712753475093425, "2": 0.0}, "chi_high": 0.919383563924253, "beta_low": null}