{"R": 40.0, "wi": 1, "di": 1, "delta": 1.0, "gamma": {"0": 1.3912392428917997, "1": 1.158224508709527, "2": 0.7755402003350009}, "mu": {"0": 1.0604798801949047, "1": 1.0019322600436453, "2": 1.0454777442329823}, "phi": {"0": 0.3712183105681064, "1": 0.7757262769264407, "2": 0.8082903831447197}, "psi": {"0": 1.0636052852476952, "1": 0.971280159557572, "2": 1.4354597930413964}, "sigma": {"0": 0.57849678251152, "1": 0.0, "2": 0.0}, "chi_high": null, "beta_low": 0.16782347772160083}