{"R": 40.0, "wi": 2, "di": 2, "delta": 1.0, "gamma": {"0": 1.2700679551935963, "1": 0.9607515034232569, "2": 1.4733453332353994}, "mu": {"0": 1.0410058911922608, "1": 1.0002736283243565, "2": 1.0043400792493682}, "phi": {"0": 0.2414227589965644, "1": 0.7765428853213134, "2": 0.8566317045580357}, "psi": {"0": 0.5885681135746569, "1": 0.9332266818136733, "2": 1.408882407567864}, "sigma": {"0": 0.8255594321640314, "1": 0.6498531529351488, "2": 0.0}, "chi_high": null, "beta_low": null}