{"R": 40.0, "wi": 2, "di": 1, "delta": 1.0, "gamma": {"0": 0.862498768321893, "1": 0.8161657816325953, "2": 0.6590958214645746}, "mu": {"0": 1.0855092517009535, "1": 1.1391980886911186, "2": 1.070098273046848}, "phi": {"0": 0.7681330501670759, "1": 0.12394706712305803, "2": 0.22550132151914337}, "psi": {"0": 1.2023333407860324, "1": 0.6376600074488475, "2": 1.4198700125344983}, "sigma": {"0": 0.559153289954973, "1": 0.9029739426280672, "2": 0.0}, "chi_high": null, "beta_low": null}