{"R": 40.0, "wi": 2, "di": 2, "delta": 1.0, "gamma": {"0": 0.5857559487691755, "1": 0.9191837829108953, "2": 1.4954162212019853}, "mu": {"0": 1.0394171964287615, "1": 1.0339759508128123, "2": 1.0766488781484034}, "phi": {"0": 0.11965547828977685, "1": 0.2774793335247244, "2": 0.09538182819751517}, "psi": {"0": 0.8546640786997555, "1": 0.9348526407946666, "2": 0.6246149517606624}, "sigma": {"0": 0.8958470676373133, "1": 0.8807049921138759, "2": 0.0}, "chi_high": null, "beta_low": null}