{"R": 40.0, "wi": 3, "di": 2, "delta": 1.0, "gamma": {"0": 0.6797872475942681, "1": 0.9177396193525561, "2": 0.6733264596591615}, "mu": {"0": 1.0054810409238784, "1": 1.0420779890588694, "2": 1.04451695389415}, "phi": {"0": 0.7474900431484119, "1": 0.8140274516574888, "2": 0.18098940290464427}, "psi": {"0": 0.9831946905335126, "1": 0.5641700753153569, "2": 1.028266985267536}, "sigma": {"0": 0.932771441994726, "1": 0.8617566336978082, "2": 0.0}, "chi_high": 0.21333208922861066, "beta_low": null}