{"R": 40.0, "wi": 0, "di": 2, "delta": 1.0, "gamma": {"0": 1.0320927565375801, "1": 1.3555118168098519, "2": 1.2792781718542408}, "mu": {"0": 1.0348493325463786, "1": 1.012010940226619, "2": 1.0562258116076624}, "phi": {"0": 0.2246436016668586, "1": 0.0020118116444624023, "2": 0.4704875289279955}, "psi": {"0": 1.2500861947178263, "1": 1.4278807521533068, "2": 1.2001380534316737}, "sigma": {"0": 0.9401653186263701, "1": 0.9144413660154034, "2": 0.0}, "chi_high": 0.12442000215989613, "beta_low": 0.3684572814833838}