{"R": 40.0, "wi": 1, "di": 1, "delta": 1.0, "gamma": {"0": 0.5011326300970451, "1": 0.5268100555526406, "2": 0.725984501191709}, "mu": {"0": 1.0210026381465231, "1": 1.0877674776512818, "2": 1.0923464206392188}, "phi": {"0": 0.7798567411614432, "1": 0.16499704026550166, "2": 0.9083606332643906}, "psi": {"0": 0.8045504885871432, "1": 0.5277871948527706, "2": 1.376594917444196}, "sigma": {"0": 0.6121480036750309, "1": 0.0, "2": 0.0}, "chi_high": null, "beta_low": 0.9627960469379999}