{"R": 40.0, "wi": 3, "di": 0, "delta": 1.0, "gamma": {"0": 0.6079502166591234, "1": 1.4386605585803298, "2": 0.6348737442309748}, "mu": {"0": 1.1172694462097172, "1": 1.0304800198610056, "2": 1.0563631068986492}, "phi": {"0": 0.017841157898741522, "1": 0.2347576944904911, "2": 0.49246694077672515}, "psi": {"0": 1.1099336548752978, "1": 1.0151593052744854, "2": 0.5222643731711665}, "sigma": {"0": 0.8869390322912074, "1": 0.7311523839552082, "2": 0.0}, "chi_high": 0.891099011895547, "beta_low": null}