{"R": 40.0, "wi": 2, "di": 1, "delta": 1.0, "gamma": {"0": 0.5123061821483751, "1": 1.279929921780333, "2": 0.9589295972601612}, "mu": {"0": 1.0892480062066634, "1": 1.1256808594349261, "2": 1.1264454932510224}, "phi": {"0": 0.05185083974307425, "1": 0.16166691494287555, "2": 0.2595710680379333}, "psi": {"0": 0.6155397310528818, "1": 0.5740389349000505, "2": 0.6107384975017411}, "sigma": {"0": 0.7842341402231594, "1": 0.7381036408042148, "2": 0.0}, "chi_high": null, "beta_low": null}