{"R": 40.0, "wi": 0, "di": 2, "delta": 1.0, "gamma": {"0": 1.3430934220955837, "1": 0.7176849814123718, "2": 1.1081802154484601}, "mu": {"0": 1.0668994271433094, "1": 1.0284022006959048, "2": 1.0466817379839468}, "phi": {"0": 0.07216068299602629, "1": 0.8393920996923133, "2": 0.39843963867951415}, "psi": {"0": 1.4276072842168213, "1": 0.7586806834327217, "2": 0.960056233406633}, "sigma": {"0": 0.5977121224231333, "1": 0.6381193701413118, "2": 0.0}, "chi_high": 0.5006898660146547, "beta_low": 0.500564973707626}