{"R": 40.0, "wi": 1, "di": 0, "delta": 1.0, "gamma": {"0": 0.9702765805155843, "1": 0.8651042914595328, "2": 0.8477343778713287}, "mu": {"0": 1.1480581608908809, "1": 1.0196673762619826, "2": 1.010346169363312}, "phi": {"0": 0.2559636173174844, "1": 0.2356804194775537, "2": 0.4355902017781569}, "psi": {"0": 1.4849379231754476, "1": 1.0382014467034442, "2": 0.6133275747653297}, "sigma": {"0": 0.7179683279622946, "1": 0.0, "2": 0.0}, "chi_high": null, "beta_low": 0.27967467365970194}