{"R": 40.0, "wi": 2, "di": 1, "delta": 1.0, "gamma": {"0": 1.4776729899510224, "1": 0.7982606256022846, "2": 0.7011822562271167}, "mu": {"0": 1.0522871555328155, "1": 1.0178390046102066, "2": 1.0853883023011683}, "phi": {"0": 0.6665933570987532, "1": 0.4194612966174962, "2": 0.9938278844596328}, "psi": {"0": 1.2855419563226178, "1": 0.7520444552190879, "2": 0.6778973525478738}, "sigma": {"0": 0.9809941920661291, "1": 0.816214156745011, "2": 0.0}, "chi_high": null, "beta_low": null}