{"R": 40.0, "wi": 2, "di": 1, "delta": 1.0, "gamma": {"0": 1.3436826613721593, "1": 1.407530342336662, "2": 0.6366086555807315}, "mu": {"0": 1.0032796570855311, "1": 1.091031774026314, "2": 1.1440226950580048}, "phi": {"0": 0.9711855671816881, "1": 0.36154345914318065, "2": 0.7371814371778025}, "psi": {"0": 0.9342226690555739, "1": 1.348520609691923, "2": 0.9569404990548257}, "sigma": {"0": 0.9578776920555857, "1": 0.9609951555313385, "2": 0.0}, "chi_high": null, "beta_low": null}