{"R": 40.0, "wi": 3, "di": 2, "delta": 1.0, "gamma": {"0": 0.6394969899210516, "1": 0.7473377574789276, "2": 0.6035470727554482}, "mu": {"0": 1.1179127548055285, "1": 1.0765745992676157, "2": 1.054925723322347}, "phi": {"0": 0.4675888099138541, "1": 0.0496162471809799, "2": 0.5387085268598596}, "psi": {"0": 0.6890490638450195, "1": 1.3686542395936208, "2": 1.4337512743928231}, "sigma": {"0": 0.8042133950992231, "1": 0.7461981002377589, "2": 0.0}, "chi_high": 0.2328149375830945, "beta_low": null}