{"R": 40.0, "wi": 2, "di": 0, "delta": 1.0, "gamma": {"0": 1.4565497151055027, "1": 0.5198519758037419, "2": 0.6142331639038902}, "mu": {"0": 1.0566718724757105, "1": 1.1278716611172632, "2": 1.0391442568553777}, "phi": {"0": 0.4007140120563154, "1": 0.9621892073281498, "2": 0.07419219577855407}, "psi": {"0": 1.1028602890543806, "1": 0.9958858693086506, "2": 1.141986036096816}, "sigma": {"0": 0.8674893345833241, "1": 0.7575761757907414, "2": 0.0}, "chi_high": null, "beta_low": null}