{"R": 40.0, "wi": 3, "di": 1, "delta": 1.0, "gamma": {"0": 0.5858378177023904, "1": 0.8795085602380063, "2": 1.4943213517015144}, "mu": {"0": 1.0419475052073803, "1": 1.0263996376221263, "2": 1.0335635968838675}, "phi": {"0": 0.3812726697163197, "1": 0.37152628668162657, "2": 0.5413497751523971}, "psi": {"0": 0.5145861983419059, "1": 1.1397299358592035, "2": 1.2576857913841697}, "sigma": {"0": 0.97826034400159, "1": 0.8055751798178443, "2": 0.0}, "chi_high": 0.4187518595626208, "beta_low": null}