{"R": 40.0, "wi": 3, "di": 0, "delta": 1.0, "gamma": {"0": 0.7098421852580229, "1": 0.5410930700741978, "2": 0.681786286740337}, "mu": {"0": 1.08323851085567, "1": 1.1242414245789292, "2": 1.0671668906529945}, "phi": {"0": 0.6071552055826092, "1": 0.06328481163948008, "2": 0.016913526652121647}, "psi": {"0": 0.5055508199065651, "1": 1.3026148280151713, "2": 1.492288083270502}, "sigma": {"0": 0.6928714718711344, "1": 0.9890093099397275, "2": 0.0}, "chi_high": 0.7842565593136991, "beta_low": null}