{"R": 40.0, "wi": 2, "di": 1, "delta": 1.0, "gamma": {"0": 1.0636782011879315, "1": 0.9949505048000686, "2": 0.7224188939602142}, "mu": {"0": 1.147191661131186, "1": 1.097526722492744, "2": 1.1015429699770678}, "phi": {"0": 0.8896063407665803, "1": 0.8054182937212916, "2": 0.0003474262411324869}, "psi": {"0": 1.4954040884933022, "1": 1.080191673759972, "2": 0.8083600964348853}, "sigma": {"0": 0.8790072747810994, "1": 0.6093750619914702, "2": 0.0}, "chi_high": null, "beta_low": null}