{"R": 40.0, "wi": 2, "di": 1, "delta": 1.0, "gamma": {"0": 1.2974540906644458, "1": 1.0021597540214071, "2": 1.0130649688446491}, "mu": {"0": 1.0673070373466054, "1": 1.1211530789060633, "2": 1.1186871758087173}, "phi": {"0": 0.015838041444038997, "1": 0.9994229354104309, "2": 0.5795203342404455}, "psi": {"0": 1.3641593192055614, "1": 1.431825643758435, "2": 0.623946857337018}, "sigma": {"0": 0.5570738474742785, "1": 0.5196166358686125, "2": 0.0}, "chi_high": null, "beta_low": null}