{"R": 40.0, "wi": 0, "di": 1, "delta": 1.0, "gamma": {"0": 0.6456554549029077, "1": 1.1305039080682717, "2": 1.4393747221657867}, "mu": {"0": 1.0584407417503399, "1": 1.1237128595174044, "2": 1.0934989075605341}, "phi": {"0": 0.3179816156273775, "1": 0.7133253941949371, "2": 0.8413733183362253}, "psi": {"0": 0.5683473512456539, "1": 0.6510850719850823, "2": 1.003102422923294}, "sigma": {"0": 0.5505582393656392, "1": 0.5539807764888526, "2": 0.0}, "chi_high": 0.2570485842052488, "beta_low": 0.2554648065049167}