{"R": 40.0, "wi": 0, "di": 0, "delta": 1.0, "gamma": {"0": 0.6642295337293552, "1": 1.3643326329887433, "2": 0.932729470106999}, "mu": {"0": 1.0831818568271958, "1": 1.0993554159909473, "2": 1.0180876608524358}, "phi": {"0": 0.41458023555242995, "1": 0.0960367274792795, "2": 0.02224332642572513}, "psi": {"0": 0.6099279342826472, "1": 0.6076944542553092, "2": 1.167398614760529}, "sigma": {"0": 0.9606307899573019, "1": 0.5089281721015203, "2": 0.0}, "chi_high": 0.5112307945790372, "beta_low": 0.6049207782868411}