{"R": 40.0, "wi": 3, "di": 2, "delta": 1.0, "gamma": {"0": 0.6452281930147605, "1": 0.9993924807914293, "2": 0.660876448185785}, "mu": {"0": 1.124727926511261, "1": 1.0821611574059422, "2": 1.1422211455391162}, "phi": {"0": 0.8198016913973825, "1": 0.6975681087398233, "2": 0.6012202121310759}, "psi": {"0": 1.0875885070280054, "1": 1.2927885175512408, "2": 1.0424053607126145}, "sigma": {"0": 0.6772525547598716, "1": 0.5910967329786759, "2": 0.0}, "chi_high": 0.15842684895524473, "beta_low": null}