{"R": 40.0, "wi": 2, "di": 1, "delta": 1.0, "gamma": {"0": 0.5227218858290388, "1": 0.8490226524434418, "2": 0.8001529511301874}, "mu": {"0": 1.0994109817240452, "1": 1.1105290097175282, "2": 1.1042886987193696}, "phi": {"0": 0.6871077181353956, "1": 0.64524888679496, "2": 0.7041450781619595}, "psi": {"0": 1.3213646977992193, "1": 1.0634474526348061, "2": 0.7183286817974137}, "sigma": {"0": 0.9627533878476914, "1": 0.9022527660375362, "2": 0.0}, "chi_high": null, "beta_low": null}