{"R": 40.0, "wi": 2, "di": 0, "delta": 1.0, "gamma": {"0": 1.0717616263878833, "1": 1.1944996660600886, "2": 1.1829738692856544}, "mu": {"0": 1.143151280809328, "1": 1.0749245243929093, "2": 1.1337083783886417}, "phi": {"0": 0.1743527673018661, "1": 0.5532612906063267, "2": 0.438889502046108}, "psi": {"0": 1.3204097035288722, "1": 0.7575607983874751, "2": 0.8118849407090828}, "sigma": {"0": 0.823275874643461, "1": 0.921435006460812, "2": 0.0}, "chi_high": null, "beta_low": null}