{"R": 40.0, "wi": 3, "di": 2, "delta": 1.0, "gamma": {"0": 0.5138815944194913, "1": 0.7053564421318951, "2": 1.3162123555911798}, "mu": {"0": 1.078518533649839, "1": 1.0475998656325864, "2": 1.0740992592808813}, "phi": {"0": 0.12003502722447401, "1": 0.7287048784394493, "2": 0.6324676713360498}, "psi": {"0": 1.2469002608275224, "1": 1.4060921871829364, "2": 1.2681264870036069}, "sigma": {"0": 0.5551375943081407, "1": 0.8803843527527043, "2": 0.0}, "chi_high": 0.3062978588671638, "beta_low": null}