{"R": 40.0, "wi": 1, "di": 0, "delta": 1.0, "gamma": {"0": 1.35467954861931, "1": 1.044607018807422, "2": 1.385890397978303}, "mu": {"0": 1.0558800152419772, "1": 1.1452003718306725, "2": 1.0741210950220252}, "phi": {"0": 0.6727364979100514, "1": 0.6140398494098896, "2": 0.0658088118097645}, "psi": {"0": 0.7809435510975826, "1": 0.8217722754256044, "2": 1.0646285236901971}, "sigma": {"0": 0.5259672254707226, "1": 0.0, "2": 0.0}, "chi_high": null, "beta_low": 0.16088202529979856}