{"R": 40.0, "wi": 0, "di": 0, "delta": 1.0, "gamma": {"0": 0.870323403129052, "1": 1.3028539917365078, "2": 1.4350203861667619}, "mu": {"0": 1.09227964361873, "1": 1.076047658719347, "2": 1.1249744356968912}, "phi": {"0": 0.37722579925030586, "1": 0.431889683299605, "2": 0.8101018794309177}, "psi": {"0": 1.2622327293229025, "1": 1.2368215126356568, "2": 0.5266297546816773}, "sigma": {"0": 0.5422145540175414, "1": 0.6142143808283804, "2": 0.0}, "chi_high": 0.7900240425921051, "beta_low": 0.7755484054043401}