{"R": 40.0, "wi": 1, "di": 2, "delta": 1.0, "gamma": {"0": 1.4090750386008244, "1": 1.4307774972611105, "2": 0.6155642572794571}, "mu": {"0": 1.1244118088502553, "1": 1.1143580005933953, "2": 1.0495321420091974}, "phi": {"0": 0.05612830798234958, "1": 0.6857050797070742, "2": 0.8519605645836077}, "psi": {"0": 1.0790859598386389, "1": 1.4769474461879688, "2": 0.6696421530135203}, "sigma": {"0": 0.859076213268297, "1": 0.0, "2": 0.0}, "chi_high": null, "beta_low": 0.8592355571741763}