{"R": 40.0, "wi": 2, "di": 0, "delta": 1.0, "gamma": {"0": 0.5953204668748144, "1": 0.6130813366979482, "2": 1.293180123236377}, "mu": {"0": 1.0531192985140052, "1": 1.018459539513734, "2": 1.024548042476332}, "phi": {"0": 0.15276132124689867, "1": 0.1595097638106625, "2": 0.3572878560451562}, "psi": {"0": 1.4641319619080742, "1": 0.6055830294128383, "2": 0.5616790606256277}, "sigma": {"0": 0.688586834473201, "1": 0.6006663982224326, "2": 0.0}, "chi_high": null, "beta_low": null}