{"R": 40.0, "wi": 3, "di": 0, "delta": 1.0, "gamma": {"0": 0.6067366604339346, "1": 0.9122565971733755, "2": 0.9916607750845432}, "mu": {"0": 1.0154315685788082, "1": 1.0769171463179807, "2": 1.0404895916773103}, "phi": {"0": 0.06969421778660012, "1": 0.9655034738614537, "2": 0.7995239327043375}, "psi": {"0": 1.2714585637132116, "1": 0.7567975921554609, "2": 1.2568680421956127}, "sigma": {"0": 0.8784891125725911, "1": 0.5811475015499872, "2": 0.0}, "chi_high": 0.7690515515080578, "beta_low": null}