{"R": 40.0, "wi": 3, "di": 1, "delta": 1.0, "gamma": {"0": 1.0114984441497186, "1": 0.7573837537053065, "2": 0.880774019890373}, "mu": {"0": 1.1088314134785204, "1": 1.130726964685599, "2": 1.0608815569131638}, "phi": {"0": 0.6714523334593338, "1": 0.22339651546926909, "2": 0.6450908630190111}, "psi": {"0": 0.7628709655379099, "1": 1.0589155427940153, "2": 0.6762474844736993}, "sigma": {"0": 0.9147925279260961, "1": 0.7073743142233436, "2": 0.0}, "chi_high": 0.8416696580034148, "beta_low": null}