{"R": 40.0, "wi": 1, "di": 1, "delta": 1.0, "gamma": {"0": 0.6947286788951298, "1": 0.8006569059289639, "2": 1.3962016178953047}, "mu": {"0": 1.0675619361256259, "1": 1.0106217574597498, "2": 1.0708533105342513}, "phi": {"0": 0.6836716543827284, "1": 0.8998494962609551, "2": 0.23880112086763916}, "psi": {"0": 1.4856793356860862, "1": 1.1154783516623938, "2": 0.7487400164367065}, "sigma": {"0": 0.8549284307782337, "1": 0.0, "2": 0.0}, "chi_high": null, "beta_low": 0.5509793698318177}