{"R": 40.0, "wi": 3, "di": 1, "delta": 1.0, "gamma": {"0": 0.8077399516377038, "1": 0.9254957392412815, "2": 1.371982750769258}, "mu": {"0": 1.0205076620950626, "1": 1.043230070427172, "2": 1.0845730249670482}, "phi": {"0": 0.6411532505001193, "1": 0.12048596229774888, "2": 0.2856256468484084}, "psi": {"0": 1.0937397085245828, "1": 0.9365775954123515, "2": 1.1517193909139631}, "sigma": {"0": 0.9892971526645313, "1": 0.5636765324956592, "2": 0.0}, "chi_high": 0.43120597741496824, "beta_low": null}