{"R": 40.0, "wi": 2, "di": 0, "delta": 1.0, "gamma": {"0": 0.7794453946696945, "1": 1.2371184033617175, "2": 1.4063511656136838}, "mu": {"0": 1.123463659520457, "1": 1.1403435330928353, "2": 1.011860537327279}, "phi": {"0": 0.2637970148627965, "1": 0.16901243713797076, "2": 0.011375342651057219}, "psi": {"0": 1.3783962477576508, "1": 1.2684178033170275, "2": 0.6939948823328206}, "sigma": {"0": 0.5972800383217953, "1": 0.7016199272693859, "2": 0.0}, "chi_high": null, "beta_low": null}