{"R": 40.0, "wi": 0, "di": 0, "delta": 1.0, "gamma": {"0": 1.1225981589583238, "1": 0.5007925720396942, "2": 0.8122783606876155}, "mu": {"0": 1.1097701521005756, "1": 1.1282197920831176, "2": 1.109474316554224}, "phi": {"0": 0.8568688896697683, "1": 0.6975692967245996, "2": 0.8532050608326143}, "psi": {"0": 1.4371541406373707, "1": 0.6073758082179439, "2": 0.9472899252268511}, "sigma": {"0": 0.7974902740821201, "1": 0.5157990777684811, "2": 0.0}, "chi_high": 0.727019872840311, "beta_low": 0.3829058943194367}