{"R": 40.0, "wi": 0, "di": 1, "delta": 1.0, "gamma": {"0": 1.1408654372505391, "1": 0.9419879890388314, "2": 0.8234059679511073}, "mu": {"0": 1.0732398414847117, "1": 1.0394163723282852, "2": 1.1165970279513908}, "phi": {"0": 0.6905298026952975, "1": 0.8837247333535385, "2": 0.5186737382080854}, "psi": {"0": 1.3686320363946298, "1": 1.4215144987725468, "2": 1.0936554520018005}, "sigma": {"0": 0.7845485122603655, "1": 0.864347777767301, "2": 0.0}, "chi_high": 0.9025081854741773, "beta_low": 0.8026156402891235}