{"R": 40.0, "wi": 3, "di": 0, "delta": 1.0, "gamma": {"0": 0.8714760996803056, "1": 1.3020748348794928, "2": 1.0816467348474763}, "mu": {"0": 1.0004985790785927, "1": 1.0577999767717545, "2": 1.064062917537675}, "phi": {"0": 0.03909716021875309, "1": 0.12412580009832985, "2": 0.15932780931129176}, "psi": {"0": 0.7811783916516774, "1": 1.2129778461516918, "2": 1.3011758437634349}, "sigma": {"0": 0.5430085104942067, "1": 0.7061036540592471, "2": 0.0}, "chi_high": 0.2585541386461971, "beta_low": null}