{"R": 40.0, "wi": 1, "di": 1, "delta": 1.0, "gamma": {"0": 1.455710928260676, "1": 0.5915176165231393, "2": 1.2554127889281261}, "mu": {"0": 1.02596690843933, "1": 1.0565430145383725, "2": 1.0583651002719061}, "phi": {"0": 0.6539130224737689, "1": 0.9493906102533439, "2": 0.5252484141039011}, "psi": {"0": 1.0006383333518172, "1": 0.9716690241011632, "2": 0.745348254874388}, "sigma": {"0": 0.6490814440699448, "1": 0.0, "2": 0.0}, "chi_high": null, "beta_low": 0.7703760198619372}