{"R": 40.0, "wi": 0, "di": 0, "delta": 1.0, "gamma": {"0": 0.5304990301493407, "1": 0.9205202909097027, "2": 1.098343959913605}, "mu": {"0": 1.107719366011791, "1": 1.06132860783043, "2": 1.0481934847211403}, "phi": {"0": 0.4359256429382239, "1": 0.3611069321401247, "2": 0.10049880559505198}, "psi": {"0": 1.0624369929011221, "1": 1.2949665769330538, "2": 1.0917331860583832}, "sigma": {"0": 0.9679013559230558, "1": 0.6331029813235978, "2": 0.0}, "chi_high": 0.8687929456421866, "beta_low": 0.23593005862325914}