{"R": 40.0, "wi": 1, "di": 0, "delta": 1.0, "gamma": {"0": 0.73678010839882, "1": 1.460613003259326, "2": 0.9229041174129449}, "mu": {"0": 1.0132565538571705, "1": 1.0270696424285983, "2": 1.1145206558878888}, "phi": {"0": 0.8624498809889081, "1": 0.09889951816640774, "2": 0.6047776024127111}, "psi": {"0": 0.8544201445523409, "1": 1.1861654700048407, "2": 1.0874616968849873}, "sigma": {"0": 0.7578416868732234, "1": 0.0, "2": 0.0}, "chi_high": null, "beta_low": 0.2534197166181868}