{"R": 40.0, "wi": 3, "di": 2, "delta": 1.0, "gamma": {"0": 0.734369354376259, "1": 0.9879229383873089, "2": 0.5154938982508129}, "mu": {"0": 1.0131676583915978, "1": 1.0137945427927828, "2": 1.0528181652597306}, "phi": {"0": 0.9132914981896962, "1": 0.3373567764997186, "2": 0.10275994568561209}, "psi": {"0": 0.7491747788309425, "1": 1.0858481331694514, "2": 1.190610612201588}, "sigma": {"0": 0.8292637426695995, "1": 0.5778184185775177, "2": 0.0}, "chi_high": 0.45566866593543615, "beta_low": null}