{"R": 40.0, "wi": 3, "di": 1, "delta": 1.0, "gamma": {"0": 1.0120183753927892, "1": 0.7902444038142672, "2": 0.9065089026659663}, "mu": {"0": 1.0483786007325344, "1": 1.0528933296010599, "2": 1.011033917278504}, "phi": {"0": 0.568353115637818, "1": 0.23960195319668387, "2": 0.7706877616424869}, "psi": {"0": 0.5260928522252105, "1": 0.8938560407770104, "2": 0.8642047384112956}, "sigma": {"0": 0.873757097578032, "1": 0.5273909124587707, "2": 0.0}, "chi_high": 0.3340107761630594, "beta_low": null}