{"R": 40.0, "wi": 1, "di": 0, "delta": 1.0, "gamma": {"0": 1.1620771806026757, "1": 1.494414360256043, "2": 1.0687532877573758}, "mu": {"0": 1.1153810538894078, "1": 1.0214022936926233, "2": 1.1153051913561736}, "phi": {"0": 0.7299602923249479, "1": 0.4695591298745786, "2": 0.5365901480713132}, "psi": {"0": 1.3200911362543317, "1": 0.778003861465651, "2": 0.7682221838787853}, "sigma": {"0": 0.8568156412928968, "1": 0.0, "2": 0.0}, "chi_high": null, "beta_low": 0.4115743343627519}