{"R": 40.0, "wi": 2, "di": 0, "delta": 1.0, "gamma": {"0": 1.0344295801924162, "1": 1.235935312685942, "2": 1.0525762561004592}, "mu": {"0": 1.0659697397384411, "1": 1.1009484289717921, "2": 1.1175176966999474}, "phi": {"0": 0.11683871622557385, "1": 0.008896156174116876, "2": 0.10059848359507895}, "psi": {"0": 1.1702573991853287, "1": 1.4715273366571529, "2": 0.5156713945647741}, "sigma": {"0": 0.5851241378061978, "1": 0.6734734766299628, "2": 0.0}, "chi_high": null, "beta_low": null}