{"R": 40.0, "wi": 0, "di": 0, "delta": 1.0, "gamma": {"0": 0.9267671118084362, "1": 0.609462468257742, "2": 1.3910178018556336}, "mu": {"0": 1.1008301461752108, "1": 1.1455519589200927, "2": 1.1313652302942767}, "phi": {"0": 0.33272915959817717, "1": 0.09681546619995329, "2": 0.04426623680807851}, "psi": {"0": 0.8422309730732381, "1": 1.2638597576241557, "2": 0.7961593524511694}, "sigma": {"0": 0.5531318696198313, "1": 0.653864188382518, "2": 0.0}, "chi_high": 0.14130724441028636, "beta_low": 0.5654152746862088}