{"R": 40.0, "wi": 0, "di": 0, "delta": 1.0, "gamma": {"0": 0.7578185777679696, "1": 1.0332367835894511, "2": 0.5084919902625403}, "mu": {"0": 1.1346313233516705, "1": 1.1091999061656368, "2": 1.1005671384140312}, "phi": {"0": 0.46945309794548007, "1": 0.31955550130077215, "2": 0.4365837287092327}, "psi": {"0": 0.647305314666928, "1": 1.3878399775451888, "2": 0.7218018278980926}, "sigma": {"0": 0.951994380709068, "1": 0.6124623806313451, "2": 0.0}, "chi_high": 0.5813600533134804, "beta_low": 0.35649776837884417}