{"R": 40.0, "wi": 1, "di": 1, "delta": 1.0, "gamma": {"0": 0.5462618712387071, "1": 0.6700519241913211, "2": 0.989014889761898}, "mu": {"0": 1.1080842184074893, "1": 1.008123957870473, "2": 1.0975562974134823}, "phi": {"0": 0.6335495869328197, "1": 0.9441697874814166, "2": 0.3182453616104083}, "psi": {"0": 1.3132130887131366, "1": 0.7611618333571483, "2": 0.8121528450933005}, "sigma": {"0": 0.8027506292554716, "1": 0.0, "2": 0.0}, "chi_high": null, "beta_low": 0.660974501609213}