{"R": 40.0, "wi": 3, "di": 1, "delta": 1.0, "gamma": {"0": 0.9179401908800842, "1": 1.0548836931116279, "2": 0.6604583297253646}, "mu": {"0": 1.075328147928575, "1": 1.0958545670818367, "2": 1.0578808770549741}, "phi": {"0": 0.9549906925366393, "1": 0.4457496951476466, "2": 0.6944864970309634}, "psi": {"0": 1.1547491929556197, "1": 1.0241657747912651, "2": 1.1922551939300776}, "sigma": {"0": 0.9376843303807777, "1": 0.9379299751709367, "2": 0.0}, "chi_high": 0.8614910126382302, "beta_low": null}