{"R": 40.0, "wi": 1, "di": 2, "delta": 1.0, "gamma": {"0": 1.071689390543838, "1": 1.4348486356086019, "2": 1.3820609835044664}, "mu": {"0": 1.0812382774789642, "1": 1.1420678269879112, "2": 1.0284822870267287}, "phi": {"0": 0.796236996155939, "1": 0.4269011621813322, "2": 0.13513786645595705}, "psi": {"0": 1.0277321566362811, "1": 1.1475867159049784, "2": 1.3907218222944848}, "sigma": {"0": 0.9582975510303277, "1": 0.0, "2": 0.0}, "chi_high": null, "beta_low": 0.6041773340014459}