{"R": 40.0, "wi": 3, "di": 0, "delta": 1.0, "gamma": {"0": 1.3101592217159381, "1": 0.55949716339831, "2": 0.6104314260403723}, "mu": {"0": 1.069712484513476, "1": 1.0988169103461227, "2": 1.148926711863302}, "phi": {"0": 0.956127490719151, "1": 0.6940527337099963, "2": 0.40109470424749294}, "psi": {"0": 1.1849579950042661, "1": 0.7476791173789493, "2": 0.5347389963804674}, "sigma": {"0": 0.7307364643514518, "1": 0.5644490725652502, "2": 0.0}, "chi_high": 0.2203680658213746, "beta_low": null}