{"R": 40.0, "wi": 3, "di": 2, "delta": 1.0, "gamma": {"0": 0.709032226665653, "1": 1.0224927957403225, "2": 0.8512764579382337}, "mu": {"0": 1.1277372837559303, "1": 1.1347644385048758, "2": 1.009893614594175}, "phi": {"0": 0.8428035671990454, "1": 0.2830928991905849, "2": 0.8045671835208653}, "psi": {"0": 0.9837468689021193, "1": 0.7689999960557522, "2": 1.290312635867772}, "sigma": {"0": 0.6837755936216667, "1": 0.9689121909763495, "2": 0.0}, "chi_high": 0.46822740687521125, "beta_low": null}