{"R": 40.0, "wi": 3, "di": 2, "delta": 1.0, "gamma": {"0": 0.929659082894112, "1": 1.1746080413875881, "2": 0.958086183298536}, "mu": {"0": 1.0884508902059975, "1": 1.0069034512106052, "2": 1.144016404505975}, "phi": {"0": 0.11540415861857156, "1": 0.615552404749791, "2": 0.4003676655167103}, "psi": {"0": 1.1741797498453916, "1": 0.9415096850897353, "2": 0.8662267907872798}, "sigma": {"0": 0.5220609054050882, "1": 0.7133532554791944, "2": 0.0}, "chi_high": 0.8395390999289806, "beta_low": null}