{"R": 40.0, "wi": 1, "di": 1, "delta": 1.0, "gamma": {"0": 1.2097099752255467, "1": 0.9151607306220445, "2": 0.929815110661979}, "mu": {"0": 1.1104428621020945, "1": 1.141370450835983, "2": 1.0082962037369785}, "phi": {"0": 0.17152603302027758, "1": 0.843158321783329, "2": 0.867119975138099}, "psi": {"0": 0.9941045824217981, "1": 0.7044127294448539, "2": 1.079111339330726}, "sigma": {"0": 0.7145882001997699, "1": 0.0, "2": 0.0}, "chi_high": null, "beta_low": 0.8724539312471892}