{"R": 40.0, "wi": 2, "di": 2, "delta": 1.0, "gamma": {"0": 0.8760602608099416, "1": 0.9142038419178201, "2": 0.8778297408930621}, "mu": {"0": 1.0614786544582735, "1": 1.0506801091586906, "2": 1.1420923011579167}, "phi": {"0": 0.023228145807984157, "1": 0.46734857247642914, "2": 0.778850556425356}, "psi": {"0": 1.2443999790669173, "1": 0.581327018019379, "2": 0.9498798424742032}, "sigma": {"0": 0.8635695833841659, "1": 0.67437888418013, "2": 0.0}, "chi_high": null, "beta_low": null}