{"R": 40.0, "wi": 3, "di": 0, "delta": 1.0, "gamma": {"0": 1.286724439078382, "1": 0.8168955292216473, "2": 1.1737477511384444}, "mu": {"0": 1.0684386999570263, "1": 1.0560758972195756, "2": 1.0216279849587622}, "phi": {"0": 0.3498025180918478, "1": 0.506734493457748, "2": 0.7406591152122673}, "psi": {"0": 0.5379911536776302, "1": 0.7423430248658992, "2": 0.8522583610668736}, "sigma": {"0": 0.981408712347718, "1": 0.5845300682154846, "2": 0.0}, "chi_high": 0.12132117262041285, "beta_low": null}