{"R": 40.0, "wi": 0, "di": 2, "delta": 1.0, "gamma": {"0": 1.4270025259461265, "1": 0.8494014098990413, "2": 1.1141243101965017}, "mu": {"0": 1.0046233960730204, "1": 1.1402267871023803, "2": 1.0323452344693382}, "phi": {"0": 0.8357127094647848, "1": 0.6088810173414947, "2": 0.6977925054000076}, "psi": {"0": 1.2876824822953379, "1": 0.9224246383428056, "2": 1.353980815902828}, "sigma": {"0": 0.6536442387033894, "1": 0.7056255234509263, "2": 0.0}, "chi_high": 0.3891410180126175, "beta_low": 0.7916050712966081}