{"R": 40.0, "wi": 0, "di": 1, "delta": 1.0, "gamma": {"0": 0.6228845000311992, "1": 0.5971015526662, "2": 1.437002235947829}, "mu": {"0": 1.1118488239239872, "1": 1.1141172193988491, "2": 1.0282366171617034}, "phi": {"0": 0.3439533931913291, "1": 0.944084306135668, "2": 0.31611151588161635}, "psi": {"0": 0.6311434704566389, "1": 1.2292313110230533, "2": 0.7369786648738723}, "sigma": {"0": 0.57803018323862, "1": 0.6029426087942885, "2": 0.0}, "chi_high": 0.5438508128561513, "beta_low": 0.3712747563482808}