{"R": 40.0, "wi": 2, "di": 1, "delta": 1.0, "gamma": {"0": 0.6566478070923655, "1": 0.8981676639291747, "2": 0.8876190280300958}, "mu": {"0": 1.0511231089557236, "1": 1.0823366837833106, "2": 1.132230104458519}, "phi": {"0": 0.6880453252695411, "1": 0.12517955145659132, "2": 0.409600994758058}, "psi": {"0": 1.4150392459223886, "1": 1.0097347814752036, "2": 0.9223397217113333}, "sigma": {"0": 0.5319855051057325, "1": 0.6942087960365171, "2": 0.0}, "chi_high": null, "beta_low": null}