{"R": 40.0, "wi": 2, "di": 0, "delta": 1.0, "gamma": {"0": 0.6228512624779781, "1": 0.6370542163466743, "2": 1.3332575945933012}, "mu": {"0": 1.0896041539408976, "1": 1.0558845405731734, "2": 1.0160292925851953}, "phi": {"0": 0.08772984290166996, "1": 0.19728946958113613, "2": 0.8174711878220305}, "psi": {"0": 1.3630842213662344, "1": 0.8614134469449078, "2": 1.0994089838149823}, "sigma": {"0": 0.926822253070005, "1": 0.6009326820306985, "2": 0.0}, "chi_high": null, "beta_low": null}