{"R": 40.0, "wi": 0, "di": 1, "delta": 1.0, "gamma": {"0": 1.3816010955726972, "1": 0.7991750084702155, "2": 0.6759348956299286}, "mu": {"0": 1.0012908364305613, "1": 1.0206749091218474, "2": 1.024852661970232}, "phi": {"0": 0.23045627897580645, "1": 0.3097480172848138, "2": 0.17374160604683087}, "psi": {"0": 1.2800927496282961, "1": 1.460165568297104, "2": 0.8782584787980103}, "sigma": {"0": 0.5281087358110192, "1": 0.935953651958799, "2": 0.0}, "chi_high": 0.8512185667706653, "beta_low": 0.48543768048261304}