{"R": 40.0, "wi": 2, "di": 1, "delta": 1.0, "gamma": {"0": 1.005701935194949, "1": 1.4477999032212012, "2": 0.9197664610888807}, "mu": {"0": 1.1196644685931896, "1": 1.1064045017668518, "2": 1.0405505264551025}, "phi": {"0": 0.6391474902609849, "1": 0.6869510887107783, "2": 0.11966857724297586}, "psi": {"0": 0.5871084101475538, "1": 0.9611333838701592, "2": 1.095016500947449}, "sigma": {"0": 0.6871280723454412, "1": 0.6136090392574693, "2": 0.0}, "chi_high": null, "beta_low": null}