{"R": 40.0, "wi": 3, "di": 1, "delta": 1.0, "gamma": {"0": 0.7745646635384819, "1": 1.042388634372827, "2": 0.7814836150354724}, "mu": {"0": 1.0216740240004676, "1": 1.1260987926526593, "2": 1.0142365154614974}, "phi": {"0": 0.1273416155477285, "1": 0.310423673770835, "2": 0.9562714550628287}, "psi": {"0": 1.0362613225822122, "1": 1.3461066012569063, "2": 0.9449520917396332}, "sigma": {"0": 0.8902363436899374, "1": 0.6751626970757413, "2": 0.0}, "chi_high": 0.7284346684147293, "beta_low": null}