{"R": 40.0, "wi": 1, "di": 2, "delta": 1.0, "gamma": {"0": 0.9038148934634234, "1": 0.5730774485453775, "2": 1.2794661300555945}, "mu": {"0": 1.0097254363417565, "1": 1.1081818212371053, "2": 1.0554552407390765}, "phi": {"0": 0.37130426324721677, "1": 0.6423941593583788, "2": 0.5175687521887881}, "psi": {"0": 1.2783544665583793, "1": 1.417139782362393, "2": 0.9026604361231553}, "sigma": {"0": 0.8169550113143066, "1": 0.0, "2": 0.0}, "chi_high": null, "beta_low": 0.5229926276130441}