{"R": 40.0, "wi": 1, "di": 0, "delta": 1.0, "gamma": {"0": 0.5983557646669683, "1": 0.5263165738685801, "2": 0.5740918021706455}, "mu": {"0": 1.033798357315841, "1": 1.070345467253685, "2": 1.0102571941543272}, "phi": {"0": 0.19744183207849597, "1": 0.3048245673927392, "2": 0.29155736230322216}, "psi": {"0": 1.1172886105966535, "1": 1.322212712214593, "2": 0.9701643591369302}, "sigma": {"0": 0.5461764974155651, "1": 0.0, "2": 0.0}, "chi_high": null, "beta_low": 0.5958697417179275}