{"R": 40.0, "wi": 1, "di": 0, "delta": 1.0, "gamma": {"0": 1.144409037114206, "1": 0.9131996839499269, "2": 1.4754896896634428}, "mu": {"0": 1.1052706373635643, "1": 1.0236382154523613, "2": 1.056639654179241}, "phi": {"0": 0.29020805609965483, "1": 0.6322453835984291, "2": 0.13407342797380328}, "psi": {"0": 1.197019258142268, "1": 0.9111472383167071, "2": 0.921010751549018}, "sigma": {"0": 0.5133666583756822, "1": 0.0, "2": 0.0}, "chi_high": null, "beta_low": 0.04401079748419955}