{"R": 40.0, "wi": 3, "di": 1, "delta": 1.0, "gamma": {"0": 1.2889046054432565, "1": 0.7236477296371313, "2": 1.421379369754447}, "mu": {"0": 1.1398141996880928, "1": 1.0083745679954448, "2": 1.0428026518516464}, "phi": {"0": 0.3238316837606281, "1": 0.718172571197771, "2": 0.11847089519132992}, "psi": {"0": 0.7897140194551013, "1": 1.4630134109633786, "2": 0.7858646603452618}, "sigma": {"0": 0.769677455111264, "1": 0.650999774259732, "2": 0.0}, "chi_high": 0.7008884574869374, "beta_low": null}