{"R": 40.0, "wi": 1, "di": 1, "delta": 1.0, "gamma": {"0": 1.1602152727053041, "1": 1.108024198288362, "2": 1.0550923504528635}, "mu": {"0": 1.0791275314393156, "1": 1.0490341952138453, "2": 1.1023229458711947}, "phi": {"0": 0.6877322503812502, "1": 0.6905200375338449, "2": 0.4985307689121381}, "psi": {"0": 1.2932616143619629, "1": 0.8790185763259024, "2": 1.031377569130574}, "sigma": {"0": 0.8507964845552147, "1": 0.0, "2": 0.0}, "chi_high": null, "beta_low": 0.5722386898741476}