{"R": 40.0, "wi": 2, "di": 0, "delta": 1.0, "gamma": {"0": 0.5086495989686571, "1": 1.261887526617011, "2": 1.0929445313000061}, "mu": {"0": 1.097376761628145, "1": 1.0340340609339367, "2": 1.1426763186166518}, "phi": {"0": 0.6402919704062424, "1": 0.3754640676215827, "2": 0.8889334298216623}, "psi": {"0": 1.3409721821326643, "1": 1.1757163529585055, "2": 0.8010337186304154}, "sigma": {"0": 0.5830764901690881, "1": 0.656050930824758, "2": 0.0}, "chi_high": null, "beta_low": null}