{"R": 40.0, "wi": 2, "di": 2, "delta": 1.0, "gamma": {"0": 1.3311391431398816, "1": 1.0706717212454109, "2": 0.6851314023523208}, "mu": {"0": 1.0677736982690855, "1": 1.0174405840485905, "2": 1.0027291910232474}, "phi": {"0": 0.29968742081394495, "1": 0.5291412620611445, "2": 0.4470007588026734}, "psi": {"0": 1.3752224751456312, "1": 1.3233699283012261, "2": 0.6355100610109488}, "sigma": {"0": 0.9108369474654737, "1": 0.9296824157250096, "2": 0.0}, "chi_high": null, "beta_low": null}