{"R": 40.0, "wi": 1, "di": 1, "delta": 1.0, "gamma": {"0": 1.3866481906762687, "1": 0.8387632251665925, "2": 1.320492721618856}, "mu": {"0": 1.1228147295084965, "1": 1.1383610707871732, "2": 1.027662582684157}, "phi": {"0": 0.24658388519633134, "1": 0.7361903196412458, "2": 0.6319950636985178}, "psi": {"0": 0.5258478385435527, "1": 0.5874165490163977, "2": 0.7340843990170741}, "sigma": {"0": 0.7786961960737704, "1": 0.0, "2": 0.0}, "chi_high": null, "beta_low": 0.23751868589219985}