{"R": 40.0, "wi": 2, "di": 1, "delta": 1.0, "gamma": {"0": 1.388045877803663, "1": 1.0479314510767395, "2": 1.1945614974776064}, "mu": {"0": 1.0039030130725028, "1": 1.0607181357889635, "2": 1.107412454371067}, "phi": {"0": 0.3946485538509291, "1": 0.20451830887128852, "2": 0.9818325007062281}, "psi": {"0": 0.6697396728234498, "1": 1.0512876365299455, "2": 0.9143925755039211}, "sigma": {"0": 0.6085090176218616, "1": 0.5061315754480817, "2": 0.0}, "chi_high": null, "beta_low": null}