{"R": 40.0, "wi": 0, "di": 0, "delta": 1.0, "gamma": {"0": 0.7090886756260059, "1": 0.9142527751623162, "2": 0.5659528870083503}, "mu": {"0": 1.0255260701860562, "1": 1.0955913536753585, "2": 1.0280537203044549}, "phi": {"0": 0.5322602624403319, "1": 0.38950060200083936, "2": 0.8529605229048298}, "psi": {"0": 0.5638498472042274, "1": 0.9573116520103719, "2": 1.2956038803099665}, "sigma": {"0": 0.9861306952858114, "1": 0.5386403185014388, "2": 0.0}, "chi_high": 0.985351758484473, "beta_low": 0.5833090562968843}