{"R": 40.0, "wi": 1, "di": 0, "delta": 1.0, "gamma": {"0": 0.7994987339997301, "1": 1.3349056476628176, "2": 0.9780221030026269}, "mu": {"0": 1.1420327885899872, "1": 1.0823370991633954, "2": 1.0761207923312837}, "phi": {"0": 0.4242708083137404, "1": 0.3388307332298187, "2": 0.8491122329641112}, "psi": {"0": 0.5338810773792082, "1": 1.1344641221422447, "2": 0.7193841536872059}, "sigma": {"0": 0.8565673134208525, "1": 0.0, "2": 0.0}, "chi_high": null, "beta_low": 0.8690639126893761}