{"R": 40.0, "wi": 0, "di": 1, "delta": 1.0, "gamma": {"0": 0.7242041568873647, "1": 1.3695094132684844, "2": 1.0171435450167396}, "mu": {"0": 1.0978683900727975, "1": 1.0289375194361225, "2": 1.0318596594461331}, "phi": {"0": 0.6422213780889855, "1": 0.7005371240671308, "2": 0.5608236437921813}, "psi": {"0": 1.0676134937363433, "1": 0.6856063750361234, "2": 0.5561872724074033}, "sigma": {"0": 0.8167995223553499, "1": 0.5404627867193671, "2": 0.0}, "chi_high": 0.6045071913470106, "beta_low": 0.8335815426127369}