{"R": 40.0, "wi": 1, "di": 1, "delta": 1.0, "gamma": {"0": 0.682980473995782, "1": 1.151905931423174, "2": 1.356597173112524}, "mu": {"0": 1.1421491192271918, "1": 1.0661205622776753, "2": 1.1320756111934196}, "phi": {"0": 0.09259493852989187, "1": 0.10644640875939126, "2": 0.8430654808146283}, "psi": {"0": 0.6241523336141787, "1": 0.950640251363695, "2": 0.9333786683517462}, "sigma": {"0": 0.8990678582625631, "1": 0.0, "2": 0.0}, "chi_high": null, "beta_low": 0.6783023232920217}