{"R": 40.0, "wi": 1, "di": 1, "delta": 1.0, "gamma": {"0": 1.243074756557443, "1": 1.4990345466391672, "2": 0.7782893684455447}, "mu": {"0": 1.0677450671493014, "1": 1.1374898406052631, "2": 1.083145721159471}, "phi": {"0": 0.7713072160913538, "1": 0.6113241128555253, "2": 0.4779989107307543}, "psi": {"0": 1.0263538793718552, "1": 0.5342167309855625, "2": 0.8491427487686286}, "sigma": {"0": 0.8238477432380782, "1": 0.0, "2": 0.0}, "chi_high": null, "beta_low": 0.08983153916911488}