{"R": 40.0, "wi": 1, "di": 1, "delta": 1.0, "gamma": {"0": 0.6851492429313221, "1": 1.084722649659322, "2": 0.7192802094937625}, "mu": {"0": 1.1020172306440021, "1": 1.0582270212425073, "2": 1.1465066166704991}, "phi": {"0": 0.7534694882410311, "1": 0.7119166725718941, "2": 0.04313685513516352}, "psi": {"0": 0.7441802725946771, "1": 0.8075322755386719, "2": 0.7979057210875362}, "sigma": {"0": 0.8104840404005711, "1": 0.0, "2": 0.0}, "chi_high": null, "beta_low": 0.6771962871694462}