{"R": 40.0, "wi": 3, "di": 2, "delta": 1.0, "gamma": {"0": 1.0887621937213754, "1": 0.9904572886972851, "2": 0.597345858799931}, "mu": {"0": 1.0055394798770407, "1": 1.0391823906054811, "2": 1.1393147292537642}, "phi": {"0": 0.19961477147432138, "1": 0.18827918676602629, "2": 0.6687372201766691}, "psi": {"0": 1.3728954675799123, "1": 0.6160305205771329, "2": 0.7101685688019755}, "sigma": {"0": 0.6452108407763422, "1": 0.9900050470944772, "2": 0.0}, "chi_high": 0.427465016071157, "beta_low": null}