{"R": 40.0, "wi": 1, "di": 2, "delta": 1.0, "gamma": {"0": 1.3277882720431302, "1": 0.7740794456943336, "2": 0.7712266595130611}, "mu": {"0": 1.0464025512197745, "1": 1.0971538769556208, "2": 1.0745684698363336}, "phi": {"0": 0.2933418440325706, "1": 0.10004485724877699, "2": 0.2798964312798514}, "psi": {"0": 1.1054130295995273, "1": 1.1794385242070633, "2": 1.4649974512175055}, "sigma": {"0": 0.7840530738989127, "1": 0.0, "2": 0.0}, "chi_high": null, "beta_low": 0.4228740978623652}