{"R": 40.0, "wi": 2, "di": 1, "delta": 1.0, "gamma": {"0": 1.41608852928029, "1": 0.968621641412999, "2": 0.7370800872723037}, "mu": {"0": 1.1213458603531243, "1": 1.0414194083690775, "2": 1.0764596740350203}, "phi": {"0": 0.11258281543423865, "1": 0.9810035596550202, "2": 0.23218472860047357}, "psi": {"0": 1.2491927293977336, "1": 1.3408261972727233, "2": 1.114558760471061}, "sigma": {"0": 0.7646984841583074, "1": 0.6196949617385714, "2": 0.0}, "chi_high": null, "beta_low": null}