{"R": 40.0, "wi": 3, "di": 1, "delta": 1.0, "gamma": {"0": 0.6457269653469833, "1": 1.4832248937803372, "2": 0.7415710182850078}, "mu": {"0": 1.1289061430531464, "1": 1.1411899422430667, "2": 1.0869390125213463}, "phi": {"0": 0.9024780777621458, "1": 0.7655798576886981, "2": 0.23504506761299926}, "psi": {"0": 0.6187837214042035, "1": 1.2957283873777259, "2": 1.0139457733622361}, "sigma": {"0": 0.9736553860692893, "1": 0.9342245538515277, "2": 0.0}, "chi_high": 0.9625844215557233, "beta_low": null}