{"R": 40.0, "wi": 0, "di": 1, "delta": 1.0, "gamma": {"0": 0.7933352971557224, "1": 1.2623360258514498, "2": 1.1793459219661306}, "mu": {"0": 1.0957406811920036, "1": 1.006942419096952, "2": 1.0854740485070562}, "phi": {"0": 0.4535113261552317, "1": 0.49900731485560723, "2": 0.22288277284192526}, "psi": {"0": 0.8345898899837498, "1": 0.776893618184636, "2": 1.4476970701643608}, "sigma": {"0": 0.9563288197104676, "1": 0.8660011453885552, "2": 0.0}, "chi_high": 0.3268505543491685, "beta_low": 0.955004031508278}