{"R": 40.0, "wi": 2, "di": 2, "delta": 1.0, "gamma": {"0": 0.8649290966112125, "1": 0.7803211580108567, "2": 1.414694988217249}, "mu": {"0": 1.1445707090254875, "1": 1.0202858072220673, "2": 1.0563770202897986}, "phi": {"0": 0.13836520917985662, "1": 0.2029989113272589, "2": 0.27762740522897433}, "psi": {"0": 1.160972317968433, "1": 0.5948653257139597, "2": 1.0371235791987479}, "sigma": {"0": 0.8632544276739176, "1": 0.5747016850796625, "2": 0.0}, "chi_high": null, "beta_low": null}