{"R": 40.0, "wi": 1, "di": 2, "delta": 1.0, "gamma": {"0": 1.35386403598794, "1": 1.1156804708246977, "2": 0.6172243556111745}, "mu": {"0": 1.1245251539781886, "1": 1.0150243371409502, "2": 1.0738506085834518}, "phi": {"0": 0.8747876176992392, "1": 0.2715913212233799, "2": 0.8633264195687295}, "psi": {"0": 0.5121650090963841, "1": 0.8036082039670053, "2": 1.0831612735961487}, "sigma": {"0": 0.7215117071538524, "1": 0.0, "2": 0.0}, "chi_high": null, "beta_low": 0.8617872310258998}