{"R": 40.0, "wi": 0, "di": 2, "delta": 1.0, "gamma": {"0": 0.8573957802472999, "1": 0.7254484272143793, "2": 1.069977160746292}, "mu": {"0": 1.1242528343952243, "1": 1.0583485068788545, "2": 1.0844390366716286}, "phi": {"0": 0.6136109610973971, "1": 0.9674961938463446, "2": 0.9225510355354719}, "psi": {"0": 0.8727341730007211, "1": 1.3710429788576857, "2": 0.7689273585207587}, "sigma": {"0": 0.9708791449590672, "1": 0.9394452077593651, "2": 0.0}, "chi_high": 0.9562155651909586, "beta_low": 0.7852654228755956}