{"R": 40.0, "wi": 0, "di": 1, "delta": 1.0, "gamma": {"0": 0.6913935866567109, "1": 1.3877643784134035, "2": 1.407423415012195}, "mu": {"0": 1.1299271310094556, "1": 1.115028853571447, "2": 1.114422224107796}, "phi": {"0": 0.5491536556572822, "1": 0.45140567840513457, "2": 0.5374124856906536}, "psi": {"0": 0.79112864771634, "1": 0.6435184478599225, "2": 1.0586698130928318}, "sigma": {"0": 0.7245369862027125, "1": 0.9175823075223353, "2": 0.0}, "chi_high": 0.5380423135580097, "beta_low": 0.07672842411281194}