{"R": 40.0, "wi": 1, "di": 0, "delta": 1.0, "gamma": {"0": 1.2738029861899967, "1": 0.5561139368104006, "2": 0.727145974659653}, "mu": {"0": 1.0221815189243564, "1": 1.0976506074719032, "2": 1.001092757881843}, "phi": {"0": 0.3676419693682158, "1": 0.7461483065915837, "2": 0.0464500937067619}, "psi": {"0": 1.1313406006013482, "1": 0.7185506216592623, "2": 0.6495739465759877}, "sigma": {"0": 0.7594955832222869, "1": 0.0, "2": 0.0}, "chi_high": null, "beta_low": 0.09066734745816914}