{"R": 40.0, "wi": 1, "di": 0, "delta": 1.0, "gamma": {"0": 1.4627313084936906, "1": 1.4600909682802725, "2": 1.4090527412136558}, "mu": {"0": 1.0345421043921967, "1": 1.139636326722905, "2": 1.0221250261400272}, "phi": {"0": 0.30434625523761716, "1": 0.07573050316474628, "2": 0.26297619594291377}, "psi": {"0": 0.8270111512546897, "1": 1.4277863462709042, "2": 0.964409324791093}, "sigma": {"0": 0.6959811635743307, "1": 0.0, "2": 0.0}, "chi_high": null, "beta_low": 0.35965541162310727}