{"R": 40.0, "wi": 2, "di": 0, "delta": 1.0, "gamma": {"0": 0.7679547692314208, "1": 1.4633261502757178, "2": 1.1339598768308867}, "mu": {"0": 1.0028539335303237, "1": 1.0567704672303362, "2": 1.093632876163732}, "phi": {"0": 0.1073702764164195, "1": 0.024559084560169198, "2": 0.11555044537917736}, "psi": {"0": 0.8933029577298011, "1": 1.4754703046324176, "2": 1.0610559279960092}, "sigma": {"0": 0.9151901248359176, "1": 0.8714223731986428, "2": 0.0}, "chi_high": null, "beta_low": null}