{"R": 40.0, "wi": 0, "di": 1, "delta": 1.0, "gamma": {"0": 0.7026532072735334, "1": 1.2680536827341413, "2": 0.6816632571896704}, "mu": {"0": 1.110409286693797, "1": 1.0753292965915366, "2": 1.1407883419504041}, "phi": {"0": 0.37350345754909553, "1": 0.07738446927352138, "2": 0.6679886861836987}, "psi": {"0": 1.036313591084698, "1": 0.8384623068958027, "2": 0.7746492336490461}, "sigma": {"0": 0.9455568465259088, "1": 0.6555847239191794, "2": 0.0}, "chi_high": 0.25071796020864934, "beta_low": 0.07194229806946434}