{"R": 40.0, "wi": 3, "di": 1, "delta": 1.0, "gamma": {"0": 1.4686346826941747, "1": 0.5594877720862155, "2": 1.3155901000813106}, "mu": {"0": 1.0719657065669252, "1": 1.0334284434109775, "2": 1.0385630698243746}, "phi": {"0": 0.8607360244862502, "1": 0.03327176171925772, "2": 0.38841053390077274}, "psi": {"0": 0.6340199517721574, "1": 1.2964718246029094, "2": 0.5954549933009092}, "sigma": {"0": 0.7061587157282705, "1": 0.6726447261353418, "2": 0.0}, "chi_high": 0.8210609443331656, "beta_low": null}