{"R": 40.0, "wi": 0, "di": 0, "delta": 1.0, "gamma": {"0": 1.4095130070804764, "1": 1.0997434878598682, "2": 1.0928002813835134}, "mu": {"0": 1.0134589608844558, "1": 1.135505341902467, "2": 1.0907916249552176}, "phi": {"0": 0.010397163784278574, "1": 0.6849239402083062, "2": 0.8901510761453809}, "psi": {"0": 1.1391441638271649, "1": 1.3793844314016708, "2": 1.3276871706625855}, "sigma": {"0": 0.6471222621601591, "1": 0.6924577481918504, "2": 0.0}, "chi_high": 0.32493393364764067, "beta_low": 0.5376174732295435}