{"R": 40.0, "wi": 0, "di": 2, "delta": 1.0, "gamma": {"0": 1.229955245391901, "1": 0.7014315883001061, "2": 0.582016693311484}, "mu": {"0": 1.1459100572520555, "1": 1.0593666224962768, "2": 1.0429200023154743}, "phi": {"0": 0.8293035490296531, "1": 0.10597917008668056, "2": 0.28935252285455293}, "psi": {"0": 0.7327422831050415, "1": 0.6852101233962449, "2": 1.3099637776997897}, "sigma": {"0": 0.7041930640941265, "1": 0.8508562691918992, "2": 0.0}, "chi_high": 0.6438655281617064, "beta_low": 0.5371606033418942}