{"R": 40.0, "wi": 1, "di": 1, "delta": 1.0, "gamma": {"0": 0.8348187452628478, "1": 1.066998747997201, "2": 0.956449476417238}, "mu": {"0": 1.1095873941157346, "1": 1.097115869974537, "2": 1.1157035757546474}, "phi": {"0": 0.718890819791416, "1": 0.8503811119223313, "2": 0.1262047177131176}, "psi": {"0": 0.6352257468494911, "1": 0.9281502550037917, "2": 1.0448782207721896}, "sigma": {"0": 0.880906567353946, "1": 0.0, "2": 0.0}, "chi_high": null, "beta_low": 0.5628507353833226}