{"R": 40.0, "wi": 2, "di": 2, "delta": 1.0, "gamma": {"0": 1.0513201805391845, "1": 1.0434092751344517, "2": 0.5338326786079836}, "mu": {"0": 1.1423364864545367, "1": 1.0796916383003088, "2": 1.130569705765941}, "phi": {"0": 0.08023847946359786, "1": 0.8499819624601357, "2": 0.06380253192427443}, "psi": {"0": 1.4405593943946498, "1": 1.3213475759494004, "2": 1.3186008190738558}, "sigma": {"0": 0.8063371548457681, "1": 0.5873972343375318, "2": 0.0}, "chi_high": null, "beta_low": null}