{"R": 40.0, "wi": 0, "di": 2, "delta": 1.0, "gamma": {"0": 1.210770103234534, "1": 1.204126095290265, "2": 0.9289134884577221}, "mu": {"0": 1.1449505796416142, "1": 1.099523748966455, "2": 1.0177419881919105}, "phi": {"0": 0.3911101012761118, "1": 0.8428589813208811, "2": 0.18344804027720252}, "psi": {"0": 1.3273923179218008, "1": 1.211585190153689, "2": 0.711135228120155}, "sigma": {"0": 0.7155665327260667, "1": 0.9406656958608743, "2": 0.0}, "chi_high": 0.1915855920310282, "beta_low": 0.4392434045514773}