{"R": 40.0, "wi": 3, "di": 2, "delta": 1.0, "gamma": {"0": 0.7682440554642911, "1": 1.3393733115990554, "2": 1.1301293214722035}, "mu": {"0": 1.0273325329838936, "1": 1.045916964850833, "2": 1.0881802376340428}, "phi": {"0": 0.6629325515198224, "1": 0.7709463915808165, "2": 0.05149815391084189}, "psi": {"0": 1.4939097957403022, "1": 1.0132567072997074, "2": 0.9543676487232539}, "sigma": {"0": 0.6906534305170504, "1": 0.5945660076746004, "2": 0.0}, "chi_high": 0.9840294462587555, "beta_low": null}