{"R": 40.0, "wi": 3, "di": 2, "delta": 1.0, "gamma": {"0": 1.3757175663844363, "1": 1.1051141817893697, "2": 0.9631184804225277}, "mu": {"0": 1.1391484145483732, "1": 1.1440260928144221, "2": 1.0185501047019108}, "phi": {"0": 0.5640136967996597, "1": 0.9173311890623139, "2": 0.7231692419274219}, "psi": {"0": 1.4788687893895094, "1": 0.8098168677446057, "2": 1.4742123255119517}, "sigma": {"0": 0.7598796526060649, "1": 0.5109678746504926, "2": 0.0}, "chi_high": 0.9409808285919788, "beta_low": null}