{"R": 40.0, "wi": 0, "di": 2, "delta": 1.0, "gamma": {"0": 1.2497191036541417, "1": 1.4280812342881926, "2": 1.144535855806844}, "mu": {"0": 1.0493278387812524, "1": 1.0152705476293191, "2": 1.0405875559904965}, "phi": {"0": 0.040597986354495186, "1": 0.6745782045711157, "2": 0.8675331939531075}, "psi": {"0": 0.7952701709204816, "1": 1.0522310393580057, "2": 1.267474687573789}, "sigma": {"0": 0.8284094514531338, "1": 0.9444254685723746, "2": 0.0}, "chi_high": 0.1495154889282782, "beta_low": 0.37431132783289467}