{"R": 40.0, "wi": 1, "di": 2, "delta": 1.0, "gamma": {"0": 1.1832701667859609, "1": 0.9278060425062896, "2": 1.2027866127201845}, "mu": {"0": 1.0294367978517545, "1": 1.095760301720176, "2": 1.0999751103864712}, "phi": {"0": 0.5342573390808228, "1": 0.14386184553220482, "2": 0.22556859249723948}, "psi": {"0": 1.2270798454044094, "1": 1.3705611333479042, "2": 0.8829021540957748}, "sigma": {"0": 0.72494740453812, "1": 0.0, "2": 0.0}, "chi_high": null, "beta_low": 0.7573964433692001}