{"R": 40.0, "wi": 1, "di": 0, "delta": 1.0, "gamma": {"0": 1.2775565169656882, "1": 0.8816591317785252, "2": 1.1588811973869775}, "mu": {"0": 1.1440110553859486, "1": 1.1363495413479474, "2": 1.1007112989237242}, "phi": {"0": 0.4225090981803109, "1": 0.7892119105456662, "2": 0.35934763540439973}, "psi": {"0": 1.2553605860781232, "1": 1.4760479010257397, "2": 1.401166738251127}, "sigma": {"0": 0.7904086610872142, "1": 0.0, "2": 0.0}, "chi_high": null, "beta_low": 0.3313089080725425}