{"R": 40.0, "wi": 3, "di": 2, "delta": 1.0, "gamma": {"0": 1.4881980003479127, "1": 1.3296516478034552, "2": 0.7072354664868392}, "mu": {"0": 1.050291636677828, "1": 1.0874937099738493, "2": 1.0700749395155886}, "phi": {"0": 0.7264827708771602, "1": 0.5441284362361626, "2": 0.4283976653622401}, "psi": {"0": 1.369430215067728, "1": 1.494333026417674, "2": 1.1104542826353438}, "sigma": {"0": 0.919067267369323, "1": 0.6742510245197862, "2": 0.0}, "chi_high": 0.4620180594902577, "beta_low": null}