{"R": 40.0, "wi": 1, "di": 1, "delta": 1.0, "gamma": {"0": 1.3860822910914767, "1": 0.6765722425930395, "2": 1.4256814911189406}, "mu": {"0": 1.0541151605487504, "1": 1.0502806078736, "2": 1.1117798013837823}, "phi": {"0": 0.7000685495394171, "1": 0.7567532636394921, "2": 0.3368762429097102}, "psi": {"0": 1.3995729611644543, "1": 0.9042517191021348, "2": 1.2413282715588192}, "sigma": {"0": 0.9018836963081556, "1": 0.0, "2": 0.0}, "chi_high": null, "beta_low": 0.7615965653296287}