{"R": 40.0, "wi": 3, "di": 2, "delta": 1.0, "gamma": {"0": 1.3188121329922886, "1": 0.5487082131012443, "2": 1.3473057138779212}, "mu": {"0": 1.1110335182062996, "1": 1.1459638004761643, "2": 1.1358089888917384}, "phi": {"0": 0.5236047622729676, "1": 0.2725497392317816, "2": 0.20318555143980088}, "psi": {"0": 0.6507687036730736, "1": 1.327096417840171, "2": 1.1590326305611653}, "sigma": {"0": 0.9144612540606503, "1": 0.955799060341842, "2": 0.0}, "chi_high": 0.9818004096106658, "beta_low": null}