{"R": 40.0, "wi": 3, "di": 1, "delta": 1.0, "gamma": {"0": 1.3896000528383925, "1": 1.325410990636783, "2": 0.9635876726410496}, "mu": {"0": 1.0568548489746905, "1": 1.084802890514655, "2": 1.1207384078022617}, "phi": {"0": 0.22753414975136743, "1": 0.41098796617728506, "2": 0.4389560131376803}, "psi": {"0": 1.1755263283331052, "1": 1.0356961994268234, "2": 1.386130298211164}, "sigma": {"0": 0.9455346103544056, "1": 0.6535151380703392, "2": 0.0}, "chi_high": 0.4308706732521524, "beta_low": null}