{"R": 40.0, "wi": 3, "di": 0, "delta": 1.0, "gamma": {"0": 1.327197726903423, "1": 1.2735202309797335, "2": 1.3429896177985747}, "mu": {"0": 1.099183269745266, "1": 1.0471714793258804, "2": 1.06746885133471}, "phi": {"0": 0.2026130213852, "1": 0.19276033658257263, "2": 0.503667579434368}, "psi": {"0": 1.276891834998086, "1": 1.2554432192159293, "2": 1.2339845752683793}, "sigma": {"0": 0.5532974514719586, "1": 0.565413440586767, "2": 0.0}, "chi_high": 0.6583260802808318, "beta_low": null}