{"R": 40.0, "wi": 0, "di": 0, "delta": 1.0, "gamma": {"0": 1.0222139881116952, "1": 0.7092201833241223, "2": 0.7726639981113117}, "mu": {"0": 1.0136120370304427, "1": 1.016338071437972, "2": 1.0223704812428114}, "phi": {"0": 0.891957261802829, "1": 0.10103038501326256, "2": 0.5048360638545794}, "psi": {"0": 1.0570088775731428, "1": 0.7318988200247696, "2": 0.7744788920597114}, "sigma": {"0": 0.5099471752930147, "1": 0.9345819824340387, "2": 0.0}, "chi_high": 0.13968771534626526, "beta_low": 0.8334422007223545}