{"R": 40.0, "wi": 0, "di": 1, "delta": 1.0, "gamma": {"0": 0.5666427462412135, "1": 0.8637841603830753, "2": 1.2199463525887044}, "mu": {"0": 1.065934013079439, "1": 1.1457815725544398, "2": 1.0445860550036972}, "phi": {"0": 0.593883111871179, "1": 0.6468222084771116, "2": 0.46118307414769744}, "psi": {"0": 0.9478844080307307, "1": 0.795400695742676, "2": 1.3135924505159375}, "sigma": {"0": 0.6168791121833785, "1": 0.5606025184756789, "2": 0.0}, "chi_high": 0.5696358837379023, "beta_low": 0.7894737288615529}