{"R": 40.0, "wi": 0, "di": 0, "delta": 1.0, "gamma": {"0": 1.0946586769230133, "1": 1.1768288742520419, "2": 0.5478836845867475}, "mu": {"0": 1.1339019195096356, "1": 1.115900715655069, "2": 1.0124316420408936}, "phi": {"0": 0.97972356964894, "1": 0.8935845483693332, "2": 0.061499041245488884}, "psi": {"0": 0.6903165914079785, "1": 1.3795766850296787, "2": 1.3090823575399777}, "sigma": {"0": 0.8163163465990659, "1": 0.9379626331347154, "2": 0.0}, "chi_high": 0.6831643429760405, "beta_low": 0.8449446858192834}