{"R": 40.0, "wi": 1, "di": 2, "delta": 1.0, "gamma": {"0": 0.8718022492296367, "1": 1.4858577387508638, "2": 0.7815938218353825}, "mu": {"0": 1.0132062939892048, "1": 1.069031690243039, "2": 1.072844098001909}, "phi": {"0": 0.6903141940167358, "1": 0.1011851125482931, "2": 0.26113270498829555}, "psi": {"0": 1.2535444056434377, "1": 0.5395685319702789, "2": 0.8273087711709406}, "sigma": {"0": 0.9597249833377162, "1": 0.0, "2": 0.0}, "chi_high": null, "beta_low": 0.9299180789250316}