{"R": 40.0, "wi": 2, "di": 1, "delta": 1.0, "gamma": {"0": 0.8914896115369497, "1": 1.1703162090212964, "2": 0.8825276151692628}, "mu": {"0": 1.1424463993249994, "1": 1.0856339533414883, "2": 1.1466499425824503}, "phi": {"0": 0.8849814116549505, "1": 0.328281309796549, "2": 0.9053906784784288}, "psi": {"0": 1.0131367423686588, "1": 1.162304756061458, "2": 0.6446177158449392}, "sigma": {"0": 0.5412678771303525, "1": 0.8389192092483835, "2": 0.0}, "chi_high": null, "beta_low": null}