{"R": 40.0, "wi": 2, "di": 2, "delta": 1.0, "gamma": {"0": 0.8979927375276902, "1": 0.6329891433888349, "2": 1.4932800002983848}, "mu": {"0": 1.147255751265631, "1": 1.1287826714941154, "2": 1.0405485648309987}, "phi": {"0": 0.8071306224586826, "1": 0.10297610839005922, "2": 0.46560117084844765}, "psi": {"0": 0.9263638986623478, "1": 1.070628223846175, "2": 1.2604675966483052}, "sigma": {"0": 0.8383475091332782, "1": 0.710044285349296, "2": 0.0}, "chi_high": null, "beta_low": null}