{"R": 40.0, "wi": 3, "di": 1, "delta": 1.0, "gamma": {"0": 1.1970172213820898, "1": 0.7170949493474243, "2": 0.8018517844603903}, "mu": {"0": 1.0928259559168463, "1": 1.0944750750482752, "2": 1.1246434324679204}, "phi": {"0": 0.13254210238230502, "1": 0.5294357707080158, "2": 0.6635698449932385}, "psi": {"0": 1.3038551933314868, "1": 0.957326717238987, "2": 1.2088208049669142}, "sigma": {"0": 0.5780905161668588, "1": 0.5994496893782154, "2": 0.0}, "chi_high": 0.6671585093046059, "beta_low": null}