{"R": 40.0, "wi": 0, "di": 2, "delta": 1.0, "gamma": {"0": 0.690778001126742, "1": 1.4924621419743085, "2": 0.8032401432945795}, "mu": {"0": 1.030188828052576, "1": 1.1090533347121203, "2": 1.0256553631487675}, "phi": {"0": 0.6447279107018402, "1": 0.0694543027143113, "2": 0.5521279057412675}, "psi": {"0": 1.3481786065804524, "1": 0.8405164556176503, "2": 0.6835915515351543}, "sigma": {"0": 0.6746105152430388, "1": 0.7860983388536232, "2": 0.0}, "chi_high": 0.18336124543526797, "beta_low": 0.4612239549005673}