{"R": 40.0, "wi": 2, "di": 2, "delta": 1.0, "gamma": {"0": 1.1629032991126917, "1": 1.2747890074858514, "2": 1.481285051619972}, "mu": {"0": 1.0368084916144067, "1": 1.1462752802540361, "2": 1.0315413804849434}, "phi": {"0": 0.9104699340982704, "1": 0.6318723545777865, "2": 0.20444113085340487}, "psi": {"0": 0.9112060055902352, "1": 0.8884779597511249, "2": 0.5676664747140626}, "sigma": {"0": 0.7941378946351001, "1": 0.7389609165459743, "2": 0.0}, "chi_high": null, "beta_low": null}