{"R": 40.0, "wi": 2, "di": 0, "delta": 1.0, "gamma": {"0": 1.4423506327147098, "1": 0.5662284407696646, "2": 0.8130041150898409}, "mu": {"0": 1.0380955218786054, "1": 1.0233646472064237, "2": 1.1396503516794556}, "phi": {"0": 0.12320880971203507, "1": 0.8687420895737773, "2": 0.7545338785320944}, "psi": {"0": 1.0623800536101844, "1": 1.0314293538455945, "2": 1.111681577760534}, "sigma": {"0": 0.6413251732477869, "1": 0.7689974299887282, "2": 0.0}, "chi_high": null, "beta_low": null}