{"R": 40.0, "wi": 0, "di": 1, "delta": 1.0, "gamma": {"0": 0.6087011709602705, "1": 0.6587611021282116, "2": 0.5981252936845246}, "mu": {"0": 1.0873109293288292, "1": 1.019923288034963, "2": 1.1190149220606747}, "phi": {"0": 0.5404648610065358, "1": 0.3595632153890298, "2": 0.2542681674472904}, "psi": {"0": 1.0049137129369823, "1": 0.762579393868112, "2": 0.8318312415016482}, "sigma": {"0": 0.5270753127346033, "1": 0.6364990351930047, "2": 0.0}, "chi_high": 0.9000700192571639, "beta_low": 0.6613697900212606}