{"R": 40.0, "wi": 3, "di": 2, "delta": 1.0, "gamma": {"0": 1.1924901524267213, "1": 0.6120647692854108, "2": 1.1800924966118242}, "mu": {"0": 1.0649660609213352, "1": 1.120147112184262, "2": 1.1117438235536856}, "phi": {"0": 0.2644382894483446, "1": 0.8408310461418165, "2": 0.0142910510482116}, "psi": {"0": 1.4217050896579795, "1": 1.3187269029236184, "2": 1.2094429068979609}, "sigma": {"0": 0.5005522491567507, "1": 0.6850664459166895, "2": 0.0}, "chi_high": 0.6708140230513769, "beta_low": null}