{"R": 40.0, "wi": 0, "di": 2, "delta": 1.0, "gamma": {"0": 0.9339611961414462, "1": 0.9972790399378745, "2": 0.8530347226818339}, "mu": {"0": 1.1083400687956186, "1": 1.1153091732839766, "2": 1.0573493529738787}, "phi": {"0": 0.6570081318031574, "1": 0.7848331401243848, "2": 0.9037295201695521}, "psi": {"0": 0.5797703348781394, "1": 0.8632215946145424, "2": 1.0967819280206892}, "sigma": {"0": 0.6777877441808484, "1": 0.8468516439157512, "2": 0.0}, "chi_high": 0.9475207532018257, "beta_low": 0.8270111092417415}