{"R": 40.0, "wi": 0, "di": 1, "delta": 1.0, "gamma": {"0": 1.418390221645843, "1": 0.776390589365828, "2": 0.7376229895387392}, "mu": {"0": 1.065747945968087, "1": 1.1236400465692082, "2": 1.1199600023818934}, "phi": {"0": 0.7222487776163525, "1": 0.7661984808198794, "2": 0.9491790399212284}, "psi": {"0": 0.5837699111370321, "1": 0.8926414240572031, "2": 0.8460071597724642}, "sigma": {"0": 0.7951949509214907, "1": 0.5655819099207595, "2": 0.0}, "chi_high": 0.5487323810952822, "beta_low": 0.09750297996122367}