{"R": 40.0, "wi": 1, "di": 2, "delta": 1.0, "gamma": {"0": 0.7692877083907415, "1": 0.9899820449734771, "2": 1.2237241970990682}, "mu": {"0": 1.004196667285933, "1": 1.0069260128254993, "2": 1.0226421657768239}, "phi": {"0": 0.8076072441300981, "1": 0.3707112133960191, "2": 0.6173050050950099}, "psi": {"0": 1.241391699765391, "1": 0.6976606084072186, "2": 0.6401645046041017}, "sigma": {"0": 0.7729797735696067, "1": 0.0, "2": 0.0}, "chi_high": null, "beta_low": 0.25858977262784394}