{"R": 40.0, "wi": 2, "di": 1, "delta": 1.0, "gamma": {"0": 1.104067719351416, "1": 1.0293075086807315, "2": 1.273806132568112}, "mu": {"0": 1.1276916431034247, "1": 1.0504876362920592, "2": 1.0392738606550314}, "phi": {"0": 0.045471420163191834, "1": 0.18436808878056576, "2": 0.36516173776532046}, "psi": {"0": 0.6263006248110145, "1": 0.8924037095960254, "2": 0.5320485914435651}, "sigma": {"0": 0.994341341494551, "1": 0.9831730099628717, "2": 0.0}, "chi_high": null, "beta_low": null}