{"R": 40.0, "wi": 2, "di": 1, "delta": 1.0, "gamma": {"0": 1.272394724545678, "1": 0.8442468507155863, "2": 0.9191357264876031}, "mu": {"0": 1.1173286827162348, "1": 1.024447989004595, "2": 1.046658993640358}, "phi": {"0": 0.9382852099424366, "1": 0.5270624428956927, "2": 0.9652352159532669}, "psi": {"0": 0.8979063449312865, "1": 0.7955594321226229, "2": 0.6326640412811347}, "sigma": {"0": 0.7051298058260468, "1": 0.6977388453398141, "2": 0.0}, "chi_high": null, "beta_low": null}