{"R": 40.0, "wi": 2, "di": 1, "delta": 1.0, "gamma": {"0": 0.9953987401026696, "1": 0.5837664883317554, "2": 1.442512954589176}, "mu": {"0": 1.0612069835926254, "1": 1.1236568220981835, "2": 1.023024823757657}, "phi": {"0": 0.8818929540801778, "1": 0.23832069125203748, "2": 0.7216602938437423}, "psi": {"0": 0.7382337367498286, "1": 0.7027574266700647, "2": 0.8945186081550952}, "sigma": {"0": 0.792639505073653, "1": 0.6083500742411951, "2": 0.0}, "chi_high": null, "beta_low": null}