{"R": 40.0, "wi": 0, "di": 2, "delta": 1.0, "gamma": {"0": 0.7754600036290652, "1": 0.6769390817282763, "2": 1.0554550222621109}, "mu": {"0": 1.1459429580279996, "1": 1.0589609627263554, "2": 1.0515423430844648}, "phi": {"0": 0.6894677842193725, "1": 0.3697782952580063, "2": 0.6740717516502427}, "psi": {"0": 0.6273339060341813, "1": 0.8114399992923051, "2": 0.8090527133184106}, "sigma": {"0": 0.7699705563133421, "1": 0.5327605857782209, "2": 0.0}, "chi_high": 0.9215962493705928, "beta_low": 0.6946728809117486}