{"R": 40.0, "wi": 2, "di": 1, "delta": 1.0, "gamma": {"0": 1.274029007520748, "1": 0.7881858087568944, "2": 0.6593529185121333}, "mu": {"0": 1.1146524228568937, "1": 1.0963167039001613, "2": 1.1237120136783723}, "phi": {"0": 0.1399917866251562, "1": 0.35047524603618885, "2": 0.9433304656414148}, "psi": {"0": 1.1755611366293337, "1": 1.2510653732629728, "2": 1.2371977695517602}, "sigma": {"0": 0.6011918339354885, "1": 0.5288398171897357, "2": 0.0}, "chi_high": null, "beta_low": null}