{"R": 40.0, "wi": 2, "di": 2, "delta": 1.0, "gamma": {"0": 0.8873236932956295, "1": 1.089710424207928, "2": 0.5300166588374341}, "mu": {"0": 1.0536863445556144, "1": 1.007406500772998, "2": 1.1351983675716653}, "phi": {"0": 0.04442786526580811, "1": 0.5924053110307423, "2": 0.7357698492391666}, "psi": {"0": 1.2490272986262503, "1": 0.7442905851437913, "2": 1.445711712769656}, "sigma": {"0": 0.7150132669622318, "1": 0.9076252334986319, "2": 0.0}, "chi_high": null, "beta_low": null}