{"R": 40.0, "wi": 1, "di": 1, "delta": 1.0, "gamma": {"0": 0.6657988754361881, "1": 1.2279084497747899, "2": 1.309073214582086}, "mu": {"0": 1.091233796957782, "1": 1.1300760519006174, "2": 1.0005208177122364}, "phi": {"0": 0.20088490323888475, "1": 0.11248882978212471, "2": 0.34711148926416335}, "psi": {"0": 1.3621894608576646, "1": 1.4833556061162165, "2": 1.1064781128925336}, "sigma": {"0": 0.5159380814943156, "1": 0.0, "2": 0.0}, "chi_high": null, "beta_low": 0.8109721147403279}