{"R": 40.0, "wi": 1, "di": 0, "delta": 1.0, "gamma": {"0": 0.8021014282510759, "1": 0.9184121734287118, "2": 0.7046914352440259}, "mu": {"0": 1.0873422917401745, "1": 1.0238465396019407, "2": 1.1291642368438675}, "phi": {"0": 0.6442489103970264, "1": 0.7575605378126704, "2": 0.43983179939765404}, "psi": {"0": 1.1969830972183493, "1": 1.081511034793043, "2": 0.5544361429750819}, "sigma": {"0": 0.8513282283049504, "1": 0.0, "2": 0.0}, "chi_high": null, "beta_low": 0.6113337609786414}