{"R": 40.0, "wi": 2, "di": 2, "delta": 1.0, "gamma": {"0": 0.9766177458838932, "1": 0.5870060111076896, "2": 1.1727366977931801}, "mu": {"0": 1.0982232185224392, "1": 1.0476799081879664, "2": 1.1027790291192305}, "phi": {"0": 0.9424521024899801, "1": 0.273273404847437, "2": 0.13976143271167474}, "psi": {"0": 1.113843037449124, "1": 1.0087267176878116, "2": 1.2468218340274277}, "sigma": {"0": 0.8732568332226953, "1": 0.6618952480564979, "2": 0.0}, "chi_high": null, "beta_low": null}