{"R": 40.0, "wi": 3, "di": 1, "delta": 1.0, "gamma": {"0": 0.6068215134966319, "1": 0.5335013794680247, "2": 0.8784938484707698}, "mu": {"0": 1.1297146297228629, "1": 1.0754736340784408, "2": 1.0456456355138002}, "phi": {"0": 0.9142414690356613, "1": 0.37985001899930737, "2": 0.11512596833887268}, "psi": {"0": 1.3635204912463552, "1": 0.9113038790275917, "2": 1.4220370625716385}, "sigma": {"0": 0.9142115765182923, "1": 0.7651964624646196, "2": 0.0}, "chi_high": 0.5892324249987339, "beta_low": null}