{"R": 40.0, "wi": 0, "di": 2, "delta": 1.0, "gamma": {"0": 0.7324292361492063, "1": 1.046000592511846, "2": 0.8481384884453426}, "mu": {"0": 1.1453625903036138, "1": 1.0119323268777058, "2": 1.1262779388070938}, "phi": {"0": 0.9721316008403763, "1": 0.18552277500913283, "2": 0.5445763700786928}, "psi": {"0": 0.6186316309123018, "1": 0.8772552728684588, "2": 0.965116793029722}, "sigma": {"0": 0.8412246637418102, "1": 0.705474291254977, "2": 0.0}, "chi_high": 0.21510859301426788, "beta_low": 0.9785352259193568}