{"R": 40.0, "wi": 2, "di": 1, "delta": 1.0, "gamma": {"0": 1.03015254095566, "1": 0.8138859959734861, "2": 1.284915655286707}, "mu": {"0": 1.001630890751108, "1": 1.1326681352741765, "2": 1.1082528500109228}, "phi": {"0": 0.32979548253450197, "1": 0.968138198352465, "2": 0.9703726943823549}, "psi": {"0": 1.0304249190911738, "1": 0.998586590442948, "2": 1.4465555525445792}, "sigma": {"0": 0.984357030704391, "1": 0.9877210103620142, "2": 0.0}, "chi_high": null, "beta_low": null}