{"R": 40.0, "wi": 2, "di": 1, "delta": 1.0, "gamma": {"0": 0.9140593644904585, "1": 1.2836272731737115, "2": 0.5142911080774549}, "mu": {"0": 1.0999519366413344, "1": 1.031762966989077, "2": 1.0409455128304717}, "phi": {"0": 0.9740554181996823, "1": 0.440935702470026, "2": 0.247587919379461}, "psi": {"0": 1.3790291248069233, "1": 0.9546691496325856, "2": 1.0575609870393547}, "sigma": {"0": 0.7224394537005264, "1": 0.852725244404078, "2": 0.0}, "chi_high": null, "beta_low": null}