{"R": 40.0, "wi": 2, "di": 1, "delta": 1.0, "gamma": {"0": 1.2921267971623385, "1": 0.9409010990026393, "2": 0.9364782565209042}, "mu": {"0": 1.0635288915980914, "1": 1.1240499503389112, "2": 1.0377608218746706}, "phi": {"0": 0.6945772166107381, "1": 0.2962533771089777, "2": 0.7851785160201499}, "psi": {"0": 1.248083303226938, "1": 1.1269957403434723, "2": 0.8935251196526146}, "sigma": {"0": 0.9911514073969854, "1": 0.9585362044997892, "2": 0.0}, "chi_high": null, "beta_low": null}