{"R": 40.0, "wi": 0, "di": 2, "delta": 1.0, "gamma": {"0": 1.295214472736727, "1": 1.3857640315152286, "2": 0.618704009991445}, "mu": {"0": 1.112548441588139, "1": 1.0841159063615309, "2": 1.13353400611246}, "phi": {"0": 0.5739087033241886, "1": 0.19816231851191757, "2": 0.6644773170235494}, "psi": {"0": 1.4082417389332984, "1": 1.4520988890221151, "2": 1.2551551095014561}, "sigma": {"0": 0.988437682052431, "1": 0.7679384589045104, "2": 0.0}, "chi_high": 0.6930654487043084, "beta_low": 0.4318358755101939}