{"R": 40.0, "wi": 1, "di": 1, "delta": 1.0, "gamma": {"0": 1.024250214972958, "1": 0.7041569061488112, "2": 1.0641986632242775}, "mu": {"0": 1.0715459657138102, "1": 1.0075818492764, "2": 1.136638162630255}, "phi": {"0": 0.9758500341651979, "1": 0.1749247621395037, "2": 0.757985143867926}, "psi": {"0": 1.3772176511463412, "1": 0.9748045176777443, "2": 1.0915764121341849}, "sigma": {"0": 0.9646331910084847, "1": 0.0, "2": 0.0}, "chi_high": null, "beta_low": 0.75289396542184}