{"R": 40.0, "wi": 2, "di": 0, "delta": 1.0, "gamma": {"0": 1.4301243442823375, "1": 1.1113884995345122, "2": 1.0195332611186128}, "mu": {"0": 1.0902804466476983, "1": 1.0229768299009827, "2": 1.1233416706115928}, "phi": {"0": 0.2283062995822075, "1": 0.5669376327693435, "2": 0.8799488306963503}, "psi": {"0": 0.9451563052881693, "1": 0.9623008077071439, "2": 0.8118146627831522}, "sigma": {"0": 0.8416043045625882, "1": 0.9595586791923508, "2": 0.0}, "chi_high": null, "beta_low": null}