{"R": 40.0, "wi": 1, "di": 1, "delta": 1.0, "gamma": {"0": 0.9076061823514373, "1": 1.0313459922583585, "2": 0.8574944926851584}, "mu": {"0": 1.0402251658123554, "1": 1.088512402151643, "2": 1.0766145527019926}, "phi": {"0": 0.8747763956395832, "1": 0.9669416571595496, "2": 0.7931222910498493}, "psi": {"0": 0.6764859911250402, "1": 0.670561163528476, "2": 1.2597151213161362}, "sigma": {"0": 0.6637615118590676, "1": 0.0, "2": 0.0}, "chi_high": null, "beta_low": 0.6747275143990534}