{"R": 40.0, "wi": 2, "di": 1, "delta": 1.0, "gamma": {"0": 1.2669468218273063, "1": 0.8144254093795574, "2": 1.1230219114810902}, "mu": {"0": 1.071150518920032, "1": 1.059634196028279, "2": 1.030342816818557}, "phi": {"0": 0.039883655095947046, "1": 0.27939224011223807, "2": 0.8062379322459116}, "psi": {"0": 1.36672437309185, "1": 1.386427355954787, "2": 1.3733763319689132}, "sigma": {"0": 0.777065531480462, "1": 0.8375476569115883, "2": 0.0}, "chi_high": null, "beta_low": null}