{"R": 40.0, "wi": 3, "di": 2, "delta": 1.0, "gamma": {"0": 0.933002712324491, "1": 0.7080529654315101, "2": 1.1863576940978868}, "mu": {"0": 1.019859692032458, "1": 1.0189017913201222, "2": 1.1101263750537378}, "phi": {"0": 0.917332448367233, "1": 0.6386815258157993, "2": 0.3769340991890696}, "psi": {"0": 0.7874763904187194, "1": 1.2363523532585474, "2": 1.1829322697590579}, "sigma": {"0": 0.7258104341310468, "1": 0.5962001231504139, "2": 0.0}, "chi_high": 0.8131376810601332, "beta_low": null}