{"R": 40.0, "wi": 0, "di": 1, "delta": 1.0, "gamma": {"0": 0.7809830493282667, "1": 0.9126880727043827, "2": 1.1617074821021633}, "mu": {"0": 1.0027235337884595, "1": 1.0880933913068203, "2": 1.123450500085274}, "phi": {"0": 0.2729584398376199, "1": 0.3443802621208205, "2": 0.868625115723447}, "psi": {"0": 0.642065166054409, "1": 1.198828581401597, "2": 1.4747871038887503}, "sigma": {"0": 0.7197925565710883, "1": 0.5542541926758817, "2": 0.0}, "chi_high": 0.11627239285863615, "beta_low": 0.27561779660148855}