{"R": 40.0, "wi": 0, "di": 1, "delta": 1.0, "gamma": {"0": 0.9904397811539531, "1": 1.1886498534481547, "2": 0.8500516794652061}, "mu": {"0": 1.0711204160283057, "1": 1.1465931232410154, "2": 1.0731162315072922}, "phi": {"0": 0.43909563611650027, "1": 0.0026859374780353606, "2": 0.3329134698772508}, "psi": {"0": 1.4677400606914968, "1": 1.489175764064734, "2": 1.0502280210420714}, "sigma": {"0": 0.6916486830722288, "1": 0.9560627471592, "2": 0.0}, "chi_high": 0.4959928088769758, "beta_low": 0.017235826900459883}