{"R": 40.0, "wi": 1, "di": 2, "delta": 1.0, "gamma": {"0": 1.094294195965285, "1": 0.535231972327047, "2": 0.9697825167635873}, "mu": {"0": 1.1433010338265637, "1": 1.1086146826631644, "2": 1.016793174146035}, "phi": {"0": 0.5508035452398375, "1": 0.25931259037485954, "2": 0.10945648473924108}, "psi": {"0": 1.421936972318726, "1": 0.9939705587975418, "2": 1.0589753643952466}, "sigma": {"0": 0.7816989726665842, "1": 0.0, "2": 0.0}, "chi_high": null, "beta_low": 0.12956953449102004}