{"R": 40.0, "wi": 1, "di": 1, "delta": 1.0, "gamma": {"0": 1.389199686811627, "1": 0.7169935754997174, "2": 1.3332070949723467}, "mu": {"0": 1.1272275847729167, "1": 1.0832865086336365, "2": 1.068536488085927}, "phi": {"0": 0.631202664331109, "1": 0.7438358135668209, "2": 0.9267609357253819}, "psi": {"0": 1.082533103299255, "1": 1.4966338528940202, "2": 1.2607432635529867}, "sigma": {"0": 0.9102718233167584, "1": 0.0, "2": 0.0}, "chi_high": null, "beta_low": 0.44512613124148076}