{"R": 40.0, "wi": 1, "di": 1, "delta": 1.0, "gamma": {"0": 1.3620311527340099, "1": 0.5797769830465528, "2": 1.3674547912040034}, "mu": {"0": 1.1116346503529073, "1": 1.0342125155486814, "2": 1.1309805220847036}, "phi": {"0": 0.9640865286634633, "1": 0.36208348578788596, "2": 0.7159130326487402}, "psi": {"0": 0.7469517595116811, "1": 1.2917072517948172, "2": 0.7720937220296461}, "sigma": {"0": 0.6064276188581753, "1": 0.0, "2": 0.0}, "chi_high": null, "beta_low": 0.8280869527971179}