{"R": 40.0, "wi": 0, "di": 2, "delta": 1.0, "gamma": {"0": 1.0288897383491327, "1": 0.6438021248063227, "2": 1.226801794322033}, "mu": {"0": 1.0755394454556817, "1": 1.064272666713141, "2": 1.0732701777015283}, "phi": {"0": 0.028261946741421462, "1": 0.6663905548197369, "2": 0.880995557894792}, "psi": {"0": 0.5507834334862229, "1": 0.6749008109090314, "2": 0.6752453076399724}, "sigma": {"0": 0.9756170437924852, "1": 0.6554341697912243, "2": 0.0}, "chi_high": 0.5020129584043712, "beta_low": 0.6408837633900939}