{"R": 40.0, "wi": 2, "di": 0, "delta": 1.0, "gamma": {"0": 1.159822991582558, "1": 1.3247615722550568, "2": 0.5276882040414717}, "mu": {"0": 1.039858909487057, "1": 1.0213525236097667, "2": 1.0828296506968513}, "phi": {"0": 0.96480235500864, "1": 0.43992088909725635, "2": 0.5178066210269707}, "psi": {"0": 1.1455805095740192, "1": 0.8069866147414667, "2": 1.2480112737210245}, "sigma": {"0": 0.5764633663247551, "1": 0.6076162441430824, "2": 0.0}, "chi_high": null, "beta_low": null}