{"R": 40.0, "wi": 0, "di": 2, "delta": 1.0, "gamma": {"0": 1.3676031909384463, "1": 0.7371157742457148, "2": 1.2629022296445664}, "mu": {"0": 1.0528399977051033, "1": 1.0101520291918935, "2": 1.128912612692075}, "phi": {"0": 0.09508964581754387, "1": 0.6188603891937026, "2": 0.6184882971839916}, "psi": {"0": 1.372846021865761, "1": 1.1868799839909077, "2": 0.5011503487017298}, "sigma": {"0": 0.792264412998313, "1": 0.8987503124984545, "2": 0.0}, "chi_high": 0.3943938342043198, "beta_low": 0.5872083005509059}