{"R": 40.0, "wi": 0, "di": 0, "delta": 1.0, "gamma": {"0": 1.1409503251931241, "1": 1.1492660041946139, "2": 1.3464190075664826}, "mu": {"0": 1.090189912439056, "1": 1.0148529173013632, "2": 1.0484317936436571}, "phi": {"0": 0.5294860975958501, "1": 0.9734058475422409, "2": 0.10893078860790129}, "psi": {"0": 0.664307133124451, "1": 1.0175349801830607, "2": 0.8557697473579368}, "sigma": {"0": 0.5672468803965505, "1": 0.8881693213447117, "2": 0.0}, "chi_high": 0.25239807867929576, "beta_low": 0.36928336973824105}