{"R": 40.0, "wi": 1, "di": 2, "delta": 1.0, "gamma": {"0": 0.8104125575531181, "1": 0.7915321009749884, "2": 1.016830211125402}, "mu": {"0": 1.1469579036604984, "1": 1.0871982718474966, "2": 1.1359657287553708}, "phi": {"0": 0.41253471857002033, "1": 0.4278000230955372, "2": 0.08446985321330669}, "psi": {"0": 1.4970383285031619, "1": 0.620640271361723, "2": 1.251563317087356}, "sigma": {"0": 0.6543243484205503, "1": 0.0, "2": 0.0}, "chi_high": null, "beta_low": 0.10268851695292973}