{"R": 40.0, "wi": 1, "di": 0, "delta": 1.0, "gamma": {"0": 0.7924684844946989, "1": 0.5629439010452141, "2": 0.6947587787418832}, "mu": {"0": 1.009698427570603, "1": 1.0235242760710386, "2": 1.0078345295861135}, "phi": {"0": 0.6611709497978456, "1": 0.018307936254261747, "2": 0.599019281505213}, "psi": {"0": 1.3915200974349768, "1": 1.37002842203405, "2": 0.6363167069296345}, "sigma": {"0": 0.8725706775795687, "1": 0.0, "2": 0.0}, "chi_high": null, "beta_low": 0.47930497850873693}