{"R": 40.0, "wi": 2, "di": 0, "delta": 1.0, "gamma": {"0": 0.8238149684658687, "1": 1.4606655924893408, "2": 1.0762808780960944}, "mu": {"0": 1.0123803367362767, "1": 1.0663209345242854, "2": 1.1380114627834932}, "phi": {"0": 0.2460784205495936, "1": 0.030228170724213244, "2": 0.9755920696043467}, "psi": {"0": 1.0340671001812072, "1": 1.0150079919272905, "2": 0.5320763804249902}, "sigma": {"0": 0.6892151977100706, "1": 0.5891469567786365, "2": 0.0}, "chi_high": null, "beta_low": null}