{"R": 40.0, "wi": 2, "di": 1, "delta": 1.0, "gamma": {"0": 1.330393413253748, "1": 0.6214267346866941, "2": 1.042956511499276}, "mu": {"0": 1.0308358255956867, "1": 1.0698267683635931, "2": 1.0311042873618321}, "phi": {"0": 0.8101537349371695, "1": 0.4221986776160641, "2": 0.40002500766594007}, "psi": {"0": 0.5501173768142623, "1": 0.8438456552213164, "2": 1.1124206117083062}, "sigma": {"0": 0.6129152408911374, "1": 0.8418417334931763, "2": 0.0}, "chi_high": null, "beta_low": null}