{"R": 40.0, "wi": 0, "di": 2, "delta": 1.0, "gamma": {"0": 0.6789949592542005, "1": 1.0917934207090534, "2": 1.1819723949374326}, "mu": {"0": 1.0791251420352854, "1": 1.1287990872042029, "2": 1.0031172115099258}, "phi": {"0": 0.6495440321951829, "1": 0.8246788135636893, "2": 0.295400815891665}, "psi": {"0": 1.3353096210504982, "1": 0.8460980801913265, "2": 1.1364576849103982}, "sigma": {"0": 0.5723236892149688, "1": 0.7218153433897174, "2": 0.0}, "chi_high": 0.8138473380272009, "beta_low": 0.5053065743751143}