{"R": 40.0, "wi": 0, "di": 2, "delta": 1.0, "gamma": {"0": 0.6843586573921016, "1": 0.5580684477086666, "2": 1.2361331669803617}, "mu": {"0": 1.0445343516500174, "1": 1.0237563950937223, "2": 1.0719585766371655}, "phi": {"0": 0.6675678816519558, "1": 0.15472882063438698, "2": 0.5440156285271068}, "psi": {"0": 0.7146802458924794, "1": 0.6132016983437146, "2": 1.2209871688862832}, "sigma": {"0": 0.5480452816079082, "1": 0.7028216949078396, "2": 0.0}, "chi_high": 0.25183380370012215, "beta_low": 0.5782684323514387}