{"R": 40.0, "wi": 3, "di": 0, "delta": 1.0, "gamma": {"0": 1.3018970762958206, "1": 1.4333547699066038, "2": 1.2998956301963784}, "mu": {"0": 1.0709401442026765, "1": 1.0728425217140827, "2": 1.1344992530111264}, "phi": {"0": 0.9445477521900055, "1": 0.8769467788675914, "2": 0.9745644956631072}, "psi": {"0": 0.9533812565562086, "1": 1.4455459563675703, "2": 1.1259371728223244}, "sigma": {"0": 0.8945452344860622, "1": 0.5200000058718053, "2": 0.0}, "chi_high": 0.24672975604038885, "beta_low": null}