{"R": 40.0, "wi": 2, "di": 2, "delta": 1.0, "gamma": {"0": 0.6482914890548103, "1": 1.3005620822287431, "2": 0.9823835210185649}, "mu": {"0": 1.0227226514787136, "1": 1.0122160264210613, "2": 1.0253863871117381}, "phi": {"0": 0.25870402917808544, "1": 0.2894645717173435, "2": 0.9633290744774342}, "psi": {"0": 0.7526144229104224, "1": 0.7590219544523461, "2": 0.766319907771435}, "sigma": {"0": 0.9276727523861288, "1": 0.8591524597318131, "2": 0.0}, "chi_high": null, "beta_low": null}