{"R": 40.0, "wi": 3, "di": 2, "delta": 1.0, "gamma": {"0": 1.335409374535933, "1": 1.0192984353164034, "2": 1.0528390007725994}, "mu": {"0": 1.0541520577341026, "1": 1.146241188973784, "2": 1.054164717377284}, "phi": {"0": 0.6796479124071296, "1": 0.42830751279255175, "2": 0.5647888186000808}, "psi": {"0": 0.6922497454024639, "1": 0.8031335779551421, "2": 1.3064030383257965}, "sigma": {"0": 0.7865886437483786, "1": 0.7783038089619612, "2": 0.0}, "chi_high": 0.26570020081042056, "beta_low": null}