{"R": 40.0, "wi": 3, "di": 1, "delta": 1.0, "gamma": {"0": 1.060584586018011, "1": 0.8253801709916457, "2": 1.1239190981263278}, "mu": {"0": 1.1320819538183686, "1": 1.0880150979623007, "2": 1.144085933862338}, "phi": {"0": 0.7775891016662182, "1": 0.3829597645903172, "2": 0.592209676127692}, "psi": {"0": 0.6650450591420509, "1": 0.7848276637120664, "2": 0.5661835452907158}, "sigma": {"0": 0.8750078143896274, "1": 0.7226763034976642, "2": 0.0}, "chi_high": 0.5639151480850707, "beta_low": null}