{"R": 40.0, "wi": 2, "di": 1, "delta": 1.0, "gamma": {"0": 0.8430641178537819, "1": 0.5964539062728399, "2": 0.7219327406367168}, "mu": {"0": 1.0829902839730872, "1": 1.0563576131154213, "2": 1.1361955631401732}, "phi": {"0": 0.8908640984395054, "1": 0.2613867827431082, "2": 0.38228644252324995}, "psi": {"0": 0.8936261893932418, "1": 0.9882352758561541, "2": 1.2243294047497195}, "sigma": {"0": 0.6904415435152185, "1": 0.5312574317646699, "2": 0.0}, "chi_high": null, "beta_low": null}