{"R": 40.0, "wi": 1, "di": 1, "delta": 1.0, "gamma": {"0": 0.7548069517754381, "1": 0.6232386558955543, "2": 1.1631470895138039}, "mu": {"0": 1.016839211967084, "1": 1.0701785242363095, "2": 1.0236269949522714}, "phi": {"0": 0.542778257552195, "1": 0.3963832450517767, "2": 0.9949768124256761}, "psi": {"0": 0.8170948844947392, "1": 1.2619251586249884, "2": 1.1845162756308292}, "sigma": {"0": 0.8935097229611011, "1": 0.0, "2": 0.0}, "chi_high": null, "beta_low": 0.4361113847042906}