{"R": 40.0, "wi": 0, "di": 1, "delta": 1.0, "gamma": {"0": 1.459993299393569, "1": 0.9257550138049682, "2": 1.2919094580081216}, "mu": {"0": 1.100707986615652, "1": 1.1472156132441862, "2": 1.0348350584372672}, "phi": {"0": 0.37059104444329705, "1": 0.9280481644696164, "2": 0.8274249187469522}, "psi": {"0": 0.638769208933166, "1": 0.5871609399376191, "2": 0.7905011077157431}, "sigma": {"0": 0.5547507382800865, "1": 0.5618508298405219, "2": 0.0}, "chi_high": 0.26253093859807825, "beta_low": 0.9411287856401288}