{"R": 40.0, "wi": 0, "di": 1, "delta": 1.0, "gamma": {"0": 1.3133909295168493, "1": 1.4278126207468604, "2": 0.5234401353711109}, "mu": {"0": 1.1112314705906068, "1": 1.0257717988384656, "2": 1.0203207001301156}, "phi": {"0": 0.8235933102782799, "1": 0.03658925156964843, "2": 0.8225172398545626}, "psi": {"0": 0.6340525553592703, "1": 1.1259356110201595, "2": 0.6121220215783585}, "sigma": {"0": 0.8649284252437737, "1": 0.7237049357123384, "2": 0.0}, "chi_high": 0.0689947215758797, "beta_low": 0.7324003159600723}