{"R": 40.0, "wi": 3, "di": 0, "delta": 1.0, "gamma": {"0": 0.8983339873187448, "1": 0.60131563459542, "2": 0.5405750411487203}, "mu": {"0": 1.0049141898214349, "1": 1.0705865284308034, "2": 1.0007880797888957}, "phi": {"0": 0.7324725011939677, "1": 0.5055393686893485, "2": 0.7866649949244874}, "psi": {"0": 1.4407132235283875, "1": 1.0226462816122115, "2": 1.2703667320966556}, "sigma": {"0": 0.5713039477512161, "1": 0.8958976208437246, "2": 0.0}, "chi_high": 0.675518117565178, "beta_low": null}