{"R": 40.0, "wi": 1, "di": 0, "delta": 1.0, "gamma": {"0": 1.1934366881815666, "1": 0.6414506541446648, "2": 1.197418524038246}, "mu": {"0": 1.1143624548905136, "1": 1.056581748009775, "2": 1.1321815336008234}, "phi": {"0": 0.2876770032614683, "1": 0.9855900585349114, "2": 0.2973679328269936}, "psi": {"0": 1.0119748703701097, "1": 0.9307741378745877, "2": 0.9672789002142453}, "sigma": {"0": 0.6553621015189115, "1": 0.0, "2": 0.0}, "chi_high": null, "beta_low": 0.6900255090229988}