{"R": 40.0, "wi": 1, "di": 1, "delta": 1.0, "gamma": {"0": 1.1398225139958709, "1": 0.9349568036550524, "2": 1.3963539896667343}, "mu": {"0": 1.0253694927655028, "1": 1.0652677972741904, "2": 1.0094678527144236}, "phi": {"0": 0.793420916669101, "1": 0.002082532315395791, "2": 0.5963960757795552}, "psi": {"0": 0.8800598317355883, "1": 1.2193153482358121, "2": 1.2876646527523683}, "sigma": {"0": 0.8396777834631325, "1": 0.0, "2": 0.0}, "chi_high": null, "beta_low": 0.42997938956982634}