{"R": 40.0, "wi": 0, "di": 1, "delta": 1.0, "gamma": {"0": 0.8872370596709188, "1": 1.414568694575531, "2": 0.5734056268475796}, "mu": {"0": 1.0162058406898682, "1": 1.0379750596714112, "2": 1.1363367547605763}, "phi": {"0": 0.5226927707315495, "1": 0.9900617157992883, "2": 0.8286507684814549}, "psi": {"0": 0.8552055402119014, "1": 1.3688709865247848, "2": 0.6272937232990685}, "sigma": {"0": 0.7091461629228204, "1": 0.6974220897653778, "2": 0.0}, "chi_high": 0.5635616650110262, "beta_low": 0.8200521028412557}