{"R": 40.0, "wi": 2, "di": 1, "delta": 1.0, "gamma": {"0": 1.2655375715125898, "1": 0.5679061154920311, "2": 1.113366787955414}, "mu": {"0": 1.0490165767234094, "1": 1.000622236305088, "2": 1.0572454943250087}, "phi": {"0": 0.36264552739008393, "1": 0.14457913341207074, "2": 0.7307164851011977}, "psi": {"0": 1.4565232690769538, "1": 1.3598284003189451, "2": 0.5518288071062559}, "sigma": {"0": 0.5323070379674584, "1": 0.8546596346403907, "2": 0.0}, "chi_high": null, "beta_low": null}