{"R": 40.0, "wi": 0, "di": 2, "delta": 1.0, "gamma": {"0": 1.4038353718317425, "1": 1.1623995067802748, "2": 0.9246174119629275}, "mu": {"0": 1.0387218157975608, "1": 1.0082678140345862, "2": 1.0502191219826973}, "phi": {"0": 0.02449118596227562, "1": 0.265404585298362, "2": 0.16542858396029747}, "psi": {"0": 0.8913883713972086, "1": 1.1748763813091019, "2": 1.1447026885787457}, "sigma": {"0": 0.7484244927100273, "1": 0.5832029224220052, "2": 0.0}, "chi_high": 0.5567384382818955, "beta_low": 0.46389483517416424}