{"R": 40.0, "wi": 3, "di": 0, "delta": 1.0, "gamma": {"0": 0.7311719857223646, "1": 1.3291297082879432, "2": 1.1845059283747368}, "mu": {"0": 1.1297849522003773, "1": 1.0779245356134888, "2": 1.0720114545960875}, "phi": {"0": 0.7731493870273862, "1": 0.09187869347653477, "2": 0.28927235046383337}, "psi": {"0": 0.675902209714111, "1": 1.3834803809314673, "2": 1.375189327011091}, "sigma": {"0": 0.9689737733366808, "1": 0.9754916492854178, "2": 0.0}, "chi_high": 0.6152895589084395, "beta_low": null}