{"R": 40.0, "wi": 0, "di": 2, "delta": 1.0, "gamma": {"0": 1.2452067245110103, "1": 0.9125727421083536, "2": 0.5899791428678175}, "mu": {"0": 1.013403128266729, "1": 1.077071484179312, "2": 1.0021242161312618}, "phi": {"0": 0.64829236443971, "1": 0.8367319710516152, "2": 0.11660101177285653}, "psi": {"0": 1.4297660080349726, "1": 0.9349260875471204, "2": 1.3404806036050636}, "sigma": {"0": 0.6664131121432402, "1": 0.8776452600691638, "2": 0.0}, "chi_high": 0.4715979180203065, "beta_low": 0.11741522558152423}