{"R": 40.0, "wi": 0, "di": 0, "delta": 1.0, "gamma": {"0": 0.775977049223066, "1": 0.9781883922545621, "2": 1.0153974311867149}, "mu": {"0": 1.1107075318496478, "1": 1.1023607733281833, "2": 1.1278009543992666}, "phi": {"0": 0.9551446793210173, "1": 0.7632365852005274, "2": 0.2755819090967745}, "psi": {"0": 1.3818052251453683, "1": 0.5460382284303444, "2": 1.3113216039189894}, "sigma": {"0": 0.9932496291776705, "1": 0.5187568443298545, "2": 0.0}, "chi_high": 0.6131171222625788, "beta_low": 0.34834100999928524}