{"R": 40.0, "wi": 0, "di": 1, "delta": 1.0, "gamma": {"0": 0.8571150519407814, "1": 1.4661739104475553, "2": 0.7349509861063974}, "mu": {"0": 1.11820089229693, "1": 1.064571033034047, "2": 1.0090023920491433}, "phi": {"0": 0.7410278205843388, "1": 0.9983707088728161, "2": 0.7823596594063501}, "psi": {"0": 1.1761954979795737, "1": 1.0397343975559101, "2": 0.8441121397656045}, "sigma": {"0": 0.5005083627778075, "1": 0.837118757486206, "2": 0.0}, "chi_high": 0.8120525180093671, "beta_low": 0.6230790678701407}