{"R": 40.0, "wi": 2, "di": 1, "delta": 1.0, "gamma": {"0": 1.4697867604180315, "1": 1.4058509653191797, "2": 0.6740774052033607}, "mu": {"0": 1.075907901862419, "1": 1.138943064523893, "2": 1.0670265965349077}, "phi": {"0": 0.8033397217499311, "1": 0.4270387180957197, "2": 0.5768967186001381}, "psi": {"0": 0.5950102180321457, "1": 1.1627060790152939, "2": 1.0178091687737785}, "sigma": {"0": 0.9020725644888625, "1": 0.9274432454738177, "2": 0.0}, "chi_high": null, "beta_low": null}