{"R": 40.0, "wi": 2, "di": 0, "delta": 1.0, "gamma": {"0": 0.8727398967700464, "1": 0.7811529252582636, "2": 0.5415911754574083}, "mu": {"0": 1.071046886953302, "1": 1.1034281744467067, "2": 1.0773309177879298}, "phi": {"0": 0.7314030672525919, "1": 0.243366081449906, "2": 0.195260606377876}, "psi": {"0": 1.2664947771186617, "1": 1.3930198697729508, "2": 0.5723261847478679}, "sigma": {"0": 0.8836650672045894, "1": 0.8777572967337066, "2": 0.0}, "chi_high": null, "beta_low": null}