{"R": 40.0, "wi": 1, "di": 2, "delta": 1.0, "gamma": {"0": 1.3056625609217725, "1": 1.17416422879064, "2": 0.5163791265213118}, "mu": {"0": 1.0113058306384777, "1": 1.0697035169907936, "2": 1.1480180857953448}, "phi": {"0": 0.5244670541987653, "1": 0.6453884105007128, "2": 0.5673719140399053}, "psi": {"0": 1.0494304518235196, "1": 0.651010106075942, "2": 0.982277026454735}, "sigma": {"0": 0.7833102079798665, "1": 0.0, "2": 0.0}, "chi_high": null, "beta_low": 0.9755598831365786}