{"R": 40.0, "wi": 0, "di": 1, "delta": 1.0, "gamma": {"0": 1.3529639947885392, "1": 1.1564057980728064, "2": 1.4417763525816762}, "mu": {"0": 1.1033002281597148, "1": 1.0552285336781089, "2": 1.0448703217567739}, "phi": {"0": 0.5518487190664075, "1": 0.9248939638931537, "2": 0.7046984686992902}, "psi": {"0": 0.8342692666798549, "1": 1.0686625485925771, "2": 1.2919768680693764}, "sigma": {"0": 0.9353960425680004, "1": 0.8307686020126553, "2": 0.0}, "chi_high": 0.11039132664174177, "beta_low": 0.15215633820887228}