{"R": 40.0, "wi": 3, "di": 1, "delta": 1.0, "gamma": {"0": 1.1992969814611651, "1": 0.5952483133565483, "2": 1.2469492109932263}, "mu": {"0": 1.0388391189844453, "1": 1.0536352172905086, "2": 1.1492660147705809}, "phi": {"0": 0.8012061861522095, "1": 0.8527178058492908, "2": 0.09782259612600974}, "psi": {"0": 1.1517097921504444, "1": 1.067947606558835, "2": 1.1538944873441863}, "sigma": {"0": 0.9388069372481305, "1": 0.7619769958334831, "2": 0.0}, "chi_high": 0.8294634269230308, "beta_low": null}