{"R": 40.0, "wi": 2, "di": 2, "delta": 1.0, "gamma": {"0": 1.366173887843709, "1": 1.086114781054515, "2": 1.2422053620336782}, "mu": {"0": 1.0681269780869682, "1": 1.1411318212509942, "2": 1.0660095205732147}, "phi": {"0": 0.3896471040756443, "1": 0.04948554968123098, "2": 0.4905842246980826}, "psi": {"0": 1.1626091276115866, "1": 1.12577953311818, "2": 1.3559875611771082}, "sigma": {"0": 0.9537322221965883, "1": 0.505663226560616, "2": 0.0}, "chi_high": null, "beta_low": null}