{"R": 40.0, "wi": 0, "di": 0, "delta": 1.0, "gamma": {"0": 1.1492676614562551, "1": 0.7679235707255814, "2": 0.7756579429990256}, "mu": {"0": 1.014316538617745, "1": 1.0858507089493947, "2": 1.0811591201927908}, "phi": {"0": 0.07788335231797339, "1": 0.8008448057290316, "2": 0.11530752003473732}, "psi": {"0": 1.4915297627543918, "1": 1.2444867155340131, "2": 1.1286599943057514}, "sigma": {"0": 0.7854356297299669, "1": 0.9058837688630712, "2": 0.0}, "chi_high": 0.9741149381489256, "beta_low": 0.10604477675429307}