{"R": 40.0, "wi": 2, "di": 0, "delta": 1.0, "gamma": {"0": 1.2009975509856319, "1": 0.5744932616836138, "2": 0.6286881910680365}, "mu": {"0": 1.1366462891811002, "1": 1.0040761735536003, "2": 1.1112035058467171}, "phi": {"0": 0.5065520021062152, "1": 0.18405697772581797, "2": 0.35497335285512255}, "psi": {"0": 1.026570547067685, "1": 0.9791380996412181, "2": 1.4216159455768802}, "sigma": {"0": 0.827931224846223, "1": 0.6145529537883356, "2": 0.0}, "chi_high": null, "beta_low": null}