{"R": 40.0, "wi": 3, "di": 1, "delta": 1.0, "gamma": {"0": 0.995237984443775, "1": 1.0577895338089127, "2": 0.5913490232821846}, "mu": {"0": 1.0901512137085008, "1": 1.0004357238650416, "2": 1.026298431375548}, "phi": {"0": 0.5821516902931948, "1": 0.8407869486923935, "2": 0.11074459738024567}, "psi": {"0": 0.5749116889829279, "1": 0.5261257262345377, "2": 1.0720659610004122}, "sigma": {"0": 0.7003973718738379, "1": 0.7002028618172105, "2": 0.0}, "chi_high": 0.4439039390071379, "beta_low": null}