{"R": 40.0, "wi": 2, "di": 0, "delta": 1.0, "gamma": {"0": 1.114907731525519, "1": 0.7199907760843908, "2": 1.3703089956270367}, "mu": {"0": 1.0833340259135806, "1": 1.1377287037088706, "2": 1.1393140523748373}, "phi": {"0": 0.10022536721973863, "1": 0.9927013111098882, "2": 0.939570821907465}, "psi": {"0": 1.0562691303602993, "1": 1.3784316383683146, "2": 0.9679310813819051}, "sigma": {"0": 0.53148424973377, "1": 0.615872572972513, "2": 0.0}, "chi_high": null, "beta_low": null}