{"R": 40.0, "wi": 0, "di": 2, "delta": 1.0, "gamma": {"0": 1.1016378296111071, "1": 0.518139630307554, "2": 0.6132896000282406}, "mu": {"0": 1.067608584630315, "1": 1.0481017052482402, "2": 1.109817265693122}, "phi": {"0": 0.25910222691777407, "1": 0.5849069042195157, "2": 0.7376475856090412}, "psi": {"0": 0.9828493757936008, "1": 0.6298237628317696, "2": 1.4567082850898994}, "sigma": {"0": 0.5069747384961656, "1": 0.6037841031980546, "2": 0.0}, "chi_high": 0.6024115185424996, "beta_low": 0.13041564075896578}