{"R": 40.0, "wi": 3, "di": 2, "delta": 1.0, "gamma": {"0": 1.4644451413564035, "1": 1.179213063006998, "2": 0.7943577219935669}, "mu": {"0": 1.0076705003621254, "1": 1.0563936503889915, "2": 1.1233831958926204}, "phi": {"0": 0.4618301007966764, "1": 0.2968017112914655, "2": 0.15055577908138806}, "psi": {"0": 1.2263557872161173, "1": 1.0797657188468772, "2": 1.2099904936003254}, "sigma": {"0": 0.5520838667948208, "1": 0.6864174913264642, "2": 0.0}, "chi_high": 0.23718006015800228, "beta_low": null}