{"R": 40.0, "wi": 2, "di": 1, "delta": 1.0, "gamma": {"0": 1.35440646086976, "1": 0.6190171794094234, "2": 1.116630080159478}, "mu": {"0": 1.1161322704604877, "1": 1.0344389309495006, "2": 1.1389894635505278}, "phi": {"0": 0.28969728432936614, "1": 0.01691799260656024, "2": 0.0837979861722179}, "psi": {"0": 1.1857566589783026, "1": 0.649867978724002, "2": 0.701167172655853}, "sigma": {"0": 0.7088745385724879, "1": 0.5536878342452034, "2": 0.0}, "chi_high": null, "beta_low": null}