{"R": 40.0, "wi": 0, "di": 2, "delta": 1.0, "gamma": {"0": 1.0191282854092085, "1": 0.8097971295058188, "2": 0.9646584779257169}, "mu": {"0": 1.0009560996966167, "1": 1.143282760144183, "2": 1.0083443272385006}, "phi": {"0": 0.6147041675074387, "1": 0.3420637598761015, "2": 0.4583344456406271}, "psi": {"0": 0.5594418168586498, "1": 0.5956271672700423, "2": 1.4403555883225927}, "sigma": {"0": 0.7494918918052031, "1": 0.7919759618901296, "2": 0.0}, "chi_high": 0.7780508793072819, "beta_low": 0.0898392214398222}