{"R": 40.0, "wi": 2, "di": 0, "delta": 1.0, "gamma": {"0": 1.4265554279933026, "1": 1.0289931762090692, "2": 1.1015882095974532}, "mu": {"0": 1.0065615947009232, "1": 1.0017287796668244, "2": 1.0168414801687047}, "phi": {"0": 0.012859499267529495, "1": 0.3012896643764501, "2": 0.595766068932844}, "psi": {"0": 0.6628655836505872, "1": 1.026132509375979, "2": 1.146208671887388}, "sigma": {"0": 0.7048245389782388, "1": 0.9369487317576204, "2": 0.0}, "chi_high": null, "beta_low": null}