{"R": 40.0, "wi": 3, "di": 1, "delta": 1.0, "gamma": {"0": 1.2791059549374109, "1": 1.2320556678608066, "2": 0.8151416649597408}, "mu": {"0": 1.0615861527514607, "1": 1.1158739010305798, "2": 1.1320008227166105}, "phi": {"0": 0.3017230708949773, "1": 0.4965287773868402, "2": 0.296964465767781}, "psi": {"0": 0.576391141434779, "1": 0.7102768932032433, "2": 1.4192436020355537}, "sigma": {"0": 0.8017003528212423, "1": 0.7808300582295846, "2": 0.0}, "chi_high": 0.017732971005385605, "beta_low": null}