{"R": 40.0, "wi": 2, "di": 1, "delta": 1.0, "gamma": {"0": 1.2786954521523723, "1": 0.714642562975596, "2": 0.6942022326648284}, "mu": {"0": 1.0624070634067646, "1": 1.1339711524036347, "2": 1.0507461013839998}, "phi": {"0": 0.10861813772735707, "1": 0.8040336428917272, "2": 0.429157372902113}, "psi": {"0": 0.6592083734051436, "1": 0.833510186287423, "2": 0.5476912120944225}, "sigma": {"0": 0.8672878481225207, "1": 0.8833974811711811, "2": 0.0}, "chi_high": null, "beta_low": null}