{"R": 40.0, "wi": 1, "di": 2, "delta": 1.0, "gamma": {"0": 0.9518664245446599, "1": 0.8383047012306345, "2": 0.5934130700474994}, "mu": {"0": 1.1468861993356554, "1": 1.1345907357849025, "2": 1.0799308718847014}, "phi": {"0": 0.7745928704960093, "1": 0.029301170751854677, "2": 0.019850019277480757}, "psi": {"0": 0.895454131335202, "1": 1.1377805868318691, "2": 0.9666200646760181}, "sigma": {"0": 0.604561608753891, "1": 0.0, "2": 0.0}, "chi_high": null, "beta_low": 0.8766050121390486}