{"R": 40.0, "wi": 0, "di": 0, "delta": 1.0, "gamma": {"0": 0.6427088386258892, "1": 0.5058435515165206, "2": 0.5177464858924911}, "mu": {"0": 1.092946073118482, "1": 1.0101841538838963, "2": 1.0314548786721822}, "phi": {"0": 0.8328251098231244, "1": 0.45332251802592916, "2": 0.4478496775176316}, "psi": {"0": 1.0471707140332978, "1": 0.6748653855147634, "2": 1.2711712345690933}, "sigma": {"0": 0.9207829774172585, "1": 0.9389430295668726, "2": 0.0}, "chi_high": 0.979772554727616, "beta_low": 0.8525957959169796}