{"R": 40.0, "wi": 3, "di": 1, "delta": 1.0, "gamma": {"0": 1.3439491540942368, "1": 1.4135531026908716, "2": 1.4150037484833629}, "mu": {"0": 1.1179292524670852, "1": 1.0740425112691327, "2": 1.1090691668206492}, "phi": {"0": 0.1637069671028173, "1": 0.7957494427658934, "2": 0.3434173711889752}, "psi": {"0": 0.7340915464645753, "1": 1.2412594403854327, "2": 1.2981922424956391}, "sigma": {"0": 0.821323291145762, "1": 0.9655472760254562, "2": 0.0}, "chi_high": 0.4096014681844033, "beta_low": null}