{"R": 40.0, "wi": 0, "di": 0, "delta": 1.0, "gamma": {"0": 1.2186466257967377, "1": 1.3974417278387055, "2": 0.5857459596369914}, "mu": {"0": 1.0265062742576163, "1": 1.0611286052915296, "2": 1.0325073371471203}, "phi": {"0": 0.21262689014221348, "1": 0.38487397580520233, "2": 0.15794512400055039}, "psi": {"0": 1.2518666000776473, "1": 0.7393850900921066, "2": 0.9285173421842958}, "sigma": {"0": 0.9818904455093856, "1": 0.8580218762477265, "2": 0.0}, "chi_high": 0.826989644787167, "beta_low": 0.060667869254341436}