{"R": 40.0, "wi": 0, "di": 1, "delta": 1.0, "gamma": {"0": 1.4644292917129524, "1": 0.7642886440192972, "2": 1.0818576284527466}, "mu": {"0": 1.024040994560273, "1": 1.0608806673669682, "2": 1.102916147062312}, "phi": {"0": 0.06252783996008537, "1": 0.47542559102891246, "2": 0.025795567431379673}, "psi": {"0": 0.5775236914526823, "1": 0.8854954135094544, "2": 1.4513292546940613}, "sigma": {"0": 0.8661175994561388, "1": 0.7086195674439746, "2": 0.0}, "chi_high": 0.4636461603796603, "beta_low": 0.6058094258233356}