{"R": 40.0, "wi": 2, "di": 1, "delta": 1.0, "gamma": {"0": 1.0507315750123771, "1": 1.2382977226840288, "2": 0.8393682185638999}, "mu": {"0": 1.0394914975260696, "1": 1.1102457524648, "2": 1.0331810730795052}, "phi": {"0": 0.0060965054121342455, "1": 0.4297642062653847, "2": 0.008753020313353121}, "psi": {"0": 0.9476874507193713, "1": 1.4647863219681938, "2": 1.350121123690226}, "sigma": {"0": 0.6854916730342517, "1": 0.5324060946170861, "2": 0.0}, "chi_high": null, "beta_low": null}