{"R": 40.0, "wi": 0, "di": 2, "delta": 1.0, "gamma": {"0": 1.116333106271183, "1": 1.1562654831537382, "2": 0.5530364542995336}, "mu": {"0": 1.0159291594893367, "1": 1.1105822230813178, "2": 1.1183508770457935}, "phi": {"0": 0.10688288453523664, "1": 0.6507425952545686, "2": 0.9511977715775141}, "psi": {"0": 0.6862278170845176, "1": 0.9407450395646443, "2": 0.861944463485481}, "sigma": {"0": 0.8888307566944448, "1": 0.7549353256868431, "2": 0.0}, "chi_high": 0.6907034727840948, "beta_low": 0.955724944932809}