{"R": 40.0, "wi": 0, "di": 1, "delta": 1.0, "gamma": {"0": 1.2923101085101338, "1": 1.301527787578338, "2": 1.4943800735712784}, "mu": {"0": 1.110566968244098, "1": 1.0878588298442033, "2": 1.0652416044682695}, "phi": {"0": 0.276848592808417, "1": 0.7172293699563306, "2": 0.9566797576456119}, "psi": {"0": 0.5523456592807916, "1": 0.8325726952453988, "2": 0.9616685640276881}, "sigma": {"0": 0.8225744215429966, "1": 0.5723840606429496, "2": 0.0}, "chi_high": 0.615385534362869, "beta_low": 0.2119647770836091}