{"R": 40.0, "wi": 2, "di": 2, "delta": 1.0, "gamma": {"0": 1.372137817679484, "1": 1.450342699288917, "2": 0.685163537292695}, "mu": {"0": 1.0597502560604715, "1": 1.1316350061418523, "2": 1.0586155047679848}, "phi": {"0": 0.5356188156497, "1": 0.18058383593297622, "2": 0.8890968582890243}, "psi": {"0": 0.8746170774592494, "1": 1.274830596260462, "2": 0.5228981474985895}, "sigma": {"0": 0.5438888893103573, "1": 0.6505087729353964, "2": 0.0}, "chi_high": null, "beta_low": null}