{"R": 40.0, "wi": 2, "di": 2, "delta": 1.0, "gamma": {"0": 0.5248123013310061, "1": 0.762653694859841, "2": 0.8413310605363095}, "mu": {"0": 1.1252726876886323, "1": 1.0884665409466696, "2": 1.0961632890996715}, "phi": {"0": 0.44712202382272426, "1": 0.18088370206839577, "2": 0.09619447922712931}, "psi": {"0": 0.6289432807989777, "1": 0.6401972725745073, "2": 1.4460511981029782}, "sigma": {"0": 0.9602284629271318, "1": 0.7433181384536995, "2": 0.0}, "chi_high": null, "beta_low": null}