{"R": 40.0, "wi": 2, "di": 1, "delta": 1.0, "gamma": {"0": 1.300754798123132, "1": 1.1519580098984756, "2": 0.5289151958910149}, "mu": {"0": 1.1294105792769071, "1": 1.1226731300650077, "2": 1.025107433882283}, "phi": {"0": 0.8951734807885084, "1": 0.5343785313968864, "2": 0.5905187687819899}, "psi": {"0": 0.6807836540518173, "1": 0.6196458245677726, "2": 1.418826543543108}, "sigma": {"0": 0.9989063528275279, "1": 0.7734939501319362, "2": 0.0}, "chi_high": null, "beta_low": null}