{"R": 40.0, "wi": 3, "di": 1, "delta": 1.0, "gamma": {"0": 0.9521799041951199, "1": 0.5633030411019435, "2": 1.3107876598419477}, "mu": {"0": 1.1301741066677553, "1": 1.0663025871279197, "2": 1.1210396745291868}, "phi": {"0": 0.8277086710136001, "1": 0.8249535368914168, "2": 0.20352063851036317}, "psi": {"0": 0.6774270402007797, "1": 1.3464390627911376, "2": 1.39886441261444}, "sigma": {"0": 0.5842956890387968, "1": 0.746164981774357, "2": 0.0}, "chi_high": 0.45019296580228696, "beta_low": null}