{"R": 40.0, "wi": 0, "di": 2, "delta": 1.0, "gamma": {"0": 0.7516048548021741, "1": 1.1747437204897457, "2": 1.2982057865970567}, "mu": {"0": 1.1120801222040873, "1": 1.0610393936294482, "2": 1.0931344520877326}, "phi": {"0": 0.0241557294097392, "1": 0.9663578529813617, "2": 0.8178862150415558}, "psi": {"0": 0.5523768798741333, "1": 1.4207260768692056, "2": 1.4588073436685813}, "sigma": {"0": 0.5430787599470288, "1": 0.8806697818766718, "2": 0.0}, "chi_high": 0.8784202150413376, "beta_low": 0.8763184521623557}