{"R": 40.0, "wi": 3, "di": 0, "delta": 1.0, "gamma": {"0": 0.5515332950538813, "1": 1.0372812081233334, "2": 1.4285428099952262}, "mu": {"0": 1.1074284498816531, "1": 1.1347053040599069, "2": 1.0991125012462757}, "phi": {"0": 0.9709460701244839, "1": 0.46367795603373574, "2": 0.3207540530010776}, "psi": {"0": 1.4731095228949678, "1": 1.3506983110824229, "2": 0.7916640778893564}, "sigma": {"0": 0.8889678226606552, "1": 0.6752733984960728, "2": 0.0}, "chi_high": 0.7080374006743884, "beta_low": null}