{"R": 40.0, "wi": 0, "di": 0, "delta": 1.0, "gamma": {"0": 1.2787506353590758, "1": 1.2785430891482856, "2": 0.7005231255219863}, "mu": {"0": 1.0802147504837465, "1": 1.0860838770251773, "2": 1.1483999903121596}, "phi": {"0": 0.787033342547979, "1": 0.10458610378586986, "2": 0.11695197771499244}, "psi": {"0": 0.8529747055884696, "1": 0.8555038605943232, "2": 0.6901787064370578}, "sigma": {"0": 0.783989517981178, "1": 0.6781969529138483, "2": 0.0}, "chi_high": 0.01974825022126841, "beta_low": 0.6184319642375173}