{"R": 40.0, "wi": 2, "di": 2, "delta": 1.0, "gamma": {"0": 0.8946913082326732, "1": 1.1792847884720672, "2": 1.0385899856962464}, "mu": {"0": 1.0350581361691742, "1": 1.1329188502132508, "2": 1.1156727525848507}, "phi": {"0": 0.6759409009811916, "1": 0.9180970572182257, "2": 0.9406952035116488}, "psi": {"0": 1.3174291262609148, "1": 0.6380882023402631, "2": 1.2027028992989282}, "sigma": {"0": 0.8240947330930457, "1": 0.7521737872170138, "2": 0.0}, "chi_high": null, "beta_low": null}