{"R": 40.0, "wi": 0, "di": 0, "delta": 1.0, "gamma": {"0": 0.5737263968812613, "1": 0.6263150289563595, "2": 1.4143590591121584}, "mu": {"0": 1.1309258523302728, "1": 1.0879194614283243, "2": 1.0715242834566197}, "phi": {"0": 0.8078173553718664, "1": 0.3606089071798295, "2": 0.11057484519513938}, "psi": {"0": 1.1376315020890773, "1": 1.408462158370134, "2": 0.745394896918934}, "sigma": {"0": 0.7504348951100877, "1": 0.5458195506450982, "2": 0.0}, "chi_high": 0.5104485437681491, "beta_low": 0.016365881356968707}