{"R": 40.0, "wi": 3, "di": 1, "delta": 1.0, "gamma": {"0": 0.6326853558284596, "1": 0.7649500029952756, "2": 0.6796077942457115}, "mu": {"0": 1.1140063057027576, "1": 1.0802260348534345, "2": 1.1370925736835031}, "phi": {"0": 0.9630479378223769, "1": 0.12969854270871684, "2": 0.48804481684481704}, "psi": {"0": 1.23520979441103, "1": 1.1972046207320077, "2": 1.1374909196251488}, "sigma": {"0": 0.9696680425633613, "1": 0.8587264955148861, "2": 0.0}, "chi_high": 0.362787971809541, "beta_low": null}