{"R": 40.0, "wi": 1, "di": 1, "delta": 1.0, "gamma": {"0": 0.8493435661942638, "1": 1.2846694375328136, "2": 1.212712689426165}, "mu": {"0": 1.1138590952309722, "1": 1.0889464468382508, "2": 1.0543597907924531}, "phi": {"0": 0.8487762816427439, "1": 0.22309786334319204, "2": 0.7899643025369811}, "psi": {"0": 1.0371425595184076, "1": 1.4317099352223137, "2": 0.8948898053460023}, "sigma": {"0": 0.5208019139933064, "1": 0.0, "2": 0.0}, "chi_high": null, "beta_low": 0.7599763352984952}