{"R": 40.0, "wi": 1, "di": 2, "delta": 1.0, "gamma": {"0": 1.2576372480481435, "1": 0.6425913962188082, "2": 1.2735450025810504}, "mu": {"0": 1.1170000307399743, "1": 1.0330860867192764, "2": 1.0499812254345868}, "phi": {"0": 0.8280251002418952, "1": 0.8427699259356736, "2": 0.1471308211335285}, "psi": {"0": 0.9388677693042466, "1": 0.7474722175043602, "2": 0.961186524833737}, "sigma": {"0": 0.6739217139642799, "1": 0.0, "2": 0.0}, "chi_high": null, "beta_low": 0.3633585142439679}