{"R": 40.0, "wi": 1, "di": 1, "delta": 1.0, "gamma": {"0": 1.03796887337385, "1": 0.5009122598072816, "2": 0.5394278112273007}, "mu": {"0": 1.1230189273553794, "1": 1.0029446091141567, "2": 1.037466440081926}, "phi": {"0": 0.5433980503376571, "1": 0.2747349439729858, "2": 0.19200551529327492}, "psi": {"0": 0.66810321305113, "1": 1.2645565665766505, "2": 0.9971259662961672}, "sigma": {"0": 0.7905515712768614, "1": 0.0, "2": 0.0}, "chi_high": null, "beta_low": 0.16766908486781232}