{"R": 40.0, "wi": 0, "di": 2, "delta": 1.0, "gamma": {"0": 0.7802787466334945, "1": 1.4685730108580777, "2": 0.8556040889576829}, "mu": {"0": 1.003056452474545, "1": 1.0713896699027858, "2": 1.0241319440821914}, "phi": {"0": 0.3512182926056955, "1": 0.43171047174035626, "2": 0.13831958879957917}, "psi": {"0": 1.1916284586574726, "1": 0.9121512424127457, "2": 0.9753123954709418}, "sigma": {"0": 0.9932816227533994, "1": 0.930193049951642, "2": 0.0}, "chi_high": 0.19155024284313626, "beta_low": 0.1376532826668674}