{"R": 40.0, "wi": 0, "di": 1, "delta": 1.0, "gamma": {"0": 1.402956244921517, "1": 0.8047974717139571, "2": 1.35588614440812}, "mu": {"0": 1.1401125183114225, "1": 1.1477883969782654, "2": 1.1028184814625541}, "phi": {"0": 0.0786918096756063, "1": 0.7675703439235176, "2": 0.7589094443623636}, "psi": {"0": 1.2186998156544662, "1": 0.9339573831066695, "2": 1.4473840813836967}, "sigma": {"0": 0.941281609868946, "1": 0.5119257335885876, "2": 0.0}, "chi_high": 0.2707007616513356, "beta_low": 0.23813146191095838}