{"R": 40.0, "wi": 3, "di": 1, "delta": 1.0, "gamma": {"0": 0.6987239072178681, "1": 0.7739750334669714, "2": 1.3456652668568403}, "mu": {"0": 1.115435462083902, "1": 1.0467760719146797, "2": 1.1333921537515455}, "phi": {"0": 0.5672803056117958, "1": 0.3633679909764308, "2": 0.9581921817373208}, "psi": {"0": 1.1706568128305803, "1": 0.6427087321267911, "2": 0.9026301656211705}, "sigma": {"0": 0.9675257465176839, "1": 0.9594211525128447, "2": 0.0}, "chi_high": 0.3929160144923216, "beta_low": null}