{"R": 40.0, "wi": 2, "di": 2, "delta": 1.0, "gamma": {"0": 1.0255892423157582, "1": 1.2634257010852405, "2": 0.8996591768184112}, "mu": {"0": 1.1307519434951974, "1": 1.1261774771030852, "2": 1.1186775542613636}, "phi": {"0": 0.5866731486947568, "1": 0.7296366400421566, "2": 0.4312000946141761}, "psi": {"0": 0.7859491478052012, "1": 1.2922141726683125, "2": 0.501392913568679}, "sigma": {"0": 0.655534399660172, "1": 0.576610702226821, "2": 0.0}, "chi_high": null, "beta_low": null}