{"R": 40.0, "wi": 2, "di": 2, "delta": 1.0, "gamma": {"0": 1.38192710860032, "1": 0.7112174034170318, "2": 0.6436171272182432}, "mu": {"0": 1.0766119539723116, "1": 1.1030667710550397, "2": 1.034884745025642}, "phi": {"0": 0.03931439001214643, "1": 0.3812883831514885, "2": 0.5427692654090219}, "psi": {"0": 0.8810865775001094, "1": 0.7848936220265141, "2": 1.4338048018192864}, "sigma": {"0": 0.6375649539292445, "1": 0.8614125372627162, "2": 0.0}, "chi_high": null, "beta_low": null}