{"R": 40.0, "wi": 3, "di": 1, "delta": 1.0, "gamma": {"0": 0.9148424425792887, "1": 0.8809238432603977, "2": 1.0430396607879284}, "mu": {"0": 1.0059161957339615, "1": 1.0031761870123588, "2": 1.09429359818341}, "phi": {"0": 0.3092393250184269, "1": 0.9466089372299196, "2": 0.7383948227057805}, "psi": {"0": 0.5798793344860556, "1": 1.4671817252985675, "2": 0.5303286657266334}, "sigma": {"0": 0.9834389641968677, "1": 0.8171909966050974, "2": 0.0}, "chi_high": 0.37455670563506166, "beta_low": null}