{"R": 40.0, "wi": 0, "di": 1, "delta": 1.0, "gamma": {"0": 1.0487208817930598, "1": 1.0306428771478313, "2": 1.102875852428447}, "mu": {"0": 1.0793001037636136, "1": 1.1145885052036892, "2": 1.1057630559763578}, "phi": {"0": 0.7714673873414798, "1": 0.673706041259887, "2": 0.8692396934378409}, "psi": {"0": 1.4960017228044642, "1": 1.263341873288113, "2": 1.032317602357638}, "sigma": {"0": 0.7962057743329589, "1": 0.9530648713375558, "2": 0.0}, "chi_high": 0.05406773056193422, "beta_low": 0.01853015260624505}