{"R": 40.0, "wi": 0, "di": 0, "delta": 1.0, "gamma": {"0": 1.0517482485387184, "1": 1.0185942673786654, "2": 0.6836961967098296}, "mu": {"0": 1.0669941071487097, "1": 1.0723815423418082, "2": 1.1399888751848946}, "phi": {"0": 0.6497996996310609, "1": 0.5153962911166239, "2": 0.9354078636312954}, "psi": {"0": 1.4186954595060133, "1": 0.5945767279638126, "2": 1.1440585081853154}, "sigma": {"0": 0.9202046538105408, "1": 0.7218485954437471, "2": 0.0}, "chi_high": 0.4016070339263922, "beta_low": 0.025174236668646148}