{"R": 40.0, "wi": 3, "di": 2, "delta": 1.0, "gamma": {"0": 1.0739855169446786, "1": 1.15084175314188, "2": 1.471622598576154}, "mu": {"0": 1.1374342420808576, "1": 1.1271755468345723, "2": 1.1212457115496306}, "phi": {"0": 0.4727665578478446, "1": 0.0008140028145864342, "2": 0.26965044541586236}, "psi": {"0": 0.8400904928667202, "1": 1.0884468371478595, "2": 1.0739031005497788}, "sigma": {"0": 0.5484115522387283, "1": 0.6468715578244946, "2": 0.0}, "chi_high": 0.18446765042656035, "beta_low": null}