{"R": 40.0, "wi": 1, "di": 0, "delta": 1.0, "gamma": {"0": 1.1964066171180883, "1": 1.0686699114795406, "2": 0.8397666902574399}, "mu": {"0": 1.1119153848966652, "1": 1.0373479312773972, "2": 1.1100342158513827}, "phi": {"0": 0.4717303867277082, "1": 0.9483013355570256, "2": 0.6905764115455614}, "psi": {"0": 1.2471043532343087, "1": 0.5747899819123082, "2": 1.0377429225058918}, "sigma": {"0": 0.5581939035266688, "1": 0.0, "2": 0.0}, "chi_high": null, "beta_low": 0.43886552044389954}