{"R": 40.0, "wi": 0, "di": 0, "delta": 1.0, "gamma": {"0": 1.346626776736445, "1": 0.5310146982143006, "2": 0.7936212327766976}, "mu": {"0": 1.0794626563446357, "1": 1.0785431001663082, "2": 1.1319170332382342}, "phi": {"0": 0.6581395098174103, "1": 0.598196444338064, "2": 0.0480760601686856}, "psi": {"0": 1.0313703679717683, "1": 0.8504765393185711, "2": 1.4431084067416982}, "sigma": {"0": 0.8606657497815244, "1": 0.7084455880488587, "2": 0.0}, "chi_high": 0.1013264263176225, "beta_low": 0.2542803527985506}