{"R": 40.0, "wi": 1, "di": 0, "delta": 1.0, "gamma": {"0": 0.7451434954431233, "1": 1.1890628273812167, "2": 0.725883330802841}, "mu": {"0": 1.0997752898599034, "1": 1.0839098601184376, "2": 1.130832850089737}, "phi": {"0": 0.14635100639925214, "1": 0.48537911506350573, "2": 0.12516813615601974}, "psi": {"0": 1.1476589665943675, "1": 0.5679925327913522, "2": 1.2540371504693963}, "sigma": {"0": 0.922348135705469, "1": 0.0, "2": 0.0}, "chi_high": null, "beta_low": 0.918856683807067}