{"R": 40.0, "wi": 2, "di": 0, "delta": 1.0, "gamma": {"0": 0.8950458103984416, "1": 1.2011019265158878, "2": 0.8994354985772886}, "mu": {"0": 1.0714778338924205, "1": 1.0026143919835049, "2": 1.0726074676665127}, "phi": {"0": 0.8374682579064777, "1": 0.2820450581327929, "2": 0.2913653591590052}, "psi": {"0": 1.3154726509525416, "1": 0.7273235734275173, "2": 0.8315352074812112}, "sigma": {"0": 0.796729113046813, "1": 0.8857591532276785, "2": 0.0}, "chi_high": null, "beta_low": null}