{"R": 40.0, "wi": 3, "di": 0, "delta": 1.0, "gamma": {"0": 0.7605622924460095, "1": 1.112938731419848, "2": 1.3526422112442427}, "mu": {"0": 1.0457703694187774, "1": 1.0085799495601973, "2": 1.1303195095762382}, "phi": {"0": 0.38287728913311947, "1": 0.37550248596870284, "2": 0.373261238542701}, "psi": {"0": 1.4402503769977657, "1": 0.8266646696529519, "2": 1.2226736964274747}, "sigma": {"0": 0.832403262105714, "1": 0.8578418275555746, "2": 0.0}, "chi_high": 0.6177146334678038, "beta_low": null}