{"R": 40.0, "wi": 3, "di": 0, "delta": 1.0, "gamma": {"0": 0.6205375364658854, "1": 1.3404705855363401, "2": 1.1726536931762648}, "mu": {"0": 1.0145375844169997, "1": 1.1412747076505019, "2": 1.0968346018250803}, "phi": {"0": 0.7985972520220525, "1": 0.31929047764686846, "2": 0.5741798016655788}, "psi": {"0": 1.2925314698369128, "1": 1.0120838508353167, "2": 0.9092855950459569}, "sigma": {"0": 0.8686884196969751, "1": 0.5436310035460967, "2": 0.0}, "chi_high": 0.11832043344412439, "beta_low": null}