{"R": 40.0, "wi": 0, "di": 1, "delta": 1.0, "gamma": {"0": 1.4197410194898574, "1": 1.0166620103598358, "2": 1.2076380769385127}, "mu": {"0": 1.0680884385688234, "1": 1.0945028127566685, "2": 1.068837942495371}, "phi": {"0": 0.0016784523117492345, "1": 0.4407251878111177, "2": 0.292714379217371}, "psi": {"0": 1.3634997421384398, "1": 1.329974034788192, "2": 1.066898029676513}, "sigma": {"0": 0.601932481681112, "1": 0.8881612419110294, "2": 0.0}, "chi_high": 0.1012276980111817, "beta_low": 0.934599000517291}