{"R": 40.0, "wi": 2, "di": 1, "delta": 1.0, "gamma": {"0": 1.0848564107643135, "1": 1.3295038409548026, "2": 1.3941418396747984}, "mu": {"0": 1.0152874612561724, "1": 1.0890247823399575, "2": 1.1024895078906853}, "phi": {"0": 0.38323463454882156, "1": 0.7607996187512239, "2": 0.6253173518896303}, "psi": {"0": 1.151360436593425, "1": 1.4756575493290713, "2": 1.4053012624748789}, "sigma": {"0": 0.8824835720885142, "1": 0.8527197748908675, "2": 0.0}, "chi_high": null, "beta_low": null}