{"R": 40.0, "wi": 0, "di": 0, "delta": 1.0, "gamma": {"0": 1.193823402820854, "1": 0.883134319471129, "2": 1.2198022460228297}, "mu": {"0": 1.0200237667835477, "1": 1.0958926180990518, "2": 1.0177675571943485}, "phi": {"0": 0.21816067423342733, "1": 0.6637166752453594, "2": 0.6805205441815884}, "psi": {"0": 0.5277584612793008, "1": 1.251330126206567, "2": 0.6024164893232973}, "sigma": {"0": 0.9496905877563879, "1": 0.8246598247079584, "2": 0.0}, "chi_high": 0.019477691637239957, "beta_low": 0.15600697798115426}