{"R": 40.0, "wi": 1, "di": 2, "delta": 1.0, "gamma": {"0": 1.0375065925550107, "1": 1.149076088519914, "2": 1.443138241100748}, "mu": {"0": 1.0304219115240398, "1": 1.0881918446643404, "2": 1.065844092476246}, "phi": {"0": 0.3158044865703111, "1": 0.845620892539521, "2": 0.346174329232774}, "psi": {"0": 1.3076040637843556, "1": 0.9939212841139532, "2": 0.6938960366496759}, "sigma": {"0": 0.5233814389046204, "1": 0.0, "2": 0.0}, "chi_high": null, "beta_low": 0.7544633366937054}