{"R": 40.0, "wi": 2, "di": 0, "delta": 1.0, "gamma": {"0": 1.4833620286773521, "1": 1.132372053662039, "2": 1.419758430049765}, "mu": {"0": 1.0697982853450922, "1": 1.0091003261626834, "2": 1.026551255966087}, "phi": {"0": 0.4621824047308044, "1": 0.1497208070339786, "2": 0.608112696485997}, "psi": {"0": 0.6471687726315716, "1": 0.7204674607692887, "2": 1.230967483193289}, "sigma": {"0": 0.6083843384702745, "1": 0.6401295507998328, "2": 0.0}, "chi_high": null, "beta_low": null}