{"R": 40.0, "wi": 3, "di": 1, "delta": 1.0, "gamma": {"0": 1.1194975986057045, "1": 1.4988670838909939, "2": 0.6280391815560674}, "mu": {"0": 1.1483609662156289, "1": 1.0938712377458102, "2": 1.1151390159496288}, "phi": {"0": 0.03831124692774113, "1": 0.5091835141457369, "2": 0.22782524260249915}, "psi": {"0": 0.9811092479414454, "1": 0.828800068735909, "2": 0.756968930964784}, "sigma": {"0": 0.9617984601255088, "1": 0.9008909414228664, "2": 0.0}, "chi_high": 0.022310401824092697, "beta_low": null}