{"R": 40.0, "wi": 1, "di": 0, "delta": 1.0, "gamma": {"0": 1.1043987651313147, "1": 1.0009559894070676, "2": 0.7964901310869118}, "mu": {"0": 1.111131333231336, "1": 1.0807325990725263, "2": 1.028436513814769}, "phi": {"0": 0.5601591244655341, "1": 0.9364068423942835, "2": 0.8013963844207251}, "psi": {"0": 0.5682014459177315, "1": 1.0087138759238246, "2": 0.6573988979874069}, "sigma": {"0": 0.5299666370043712, "1": 0.0, "2": 0.0}, "chi_high": null, "beta_low": 0.7965562160070829}