{"R": 40.0, "wi": 1, "di": 0, "delta": 1.0, "gamma": {"0": 1.033322551538176, "1": 1.314383096953769, "2": 1.3878143705692578}, "mu": {"0": 1.014754194081043, "1": 1.092540270476626, "2": 1.1032415781930438}, "phi": {"0": 0.7885826300308504, "1": 0.8059361875963791, "2": 0.7072281664961404}, "psi": {"0": 0.9266503492862171, "1": 0.6909686455973881, "2": 0.589066497880908}, "sigma": {"0": 0.5177843706334027, "1": 0.0, "2": 0.0}, "chi_high": null, "beta_low": 0.5734253170360485}