{"R": 40.0, "wi": 2, "di": 0, "delta": 1.0, "gamma": {"0": 0.6993112408937728, "1": 0.7108501906597774, "2": 0.7082594681559135}, "mu": {"0": 1.0239997922096071, "1": 1.0440170939711306, "2": 1.1440509844683349}, "phi": {"0": 0.47131943583462643, "1": 0.26119997755859037, "2": 0.7507527918000024}, "psi": {"0": 0.6087671724999139, "1": 1.1198225888166335, "2": 0.9782204682545256}, "sigma": {"0": 0.7994317699021463, "1": 0.7544400957193995, "2": 0.0}, "chi_high": null, "beta_low": null}