{"R": 40.0, "wi": 3, "di": 2, "delta": 1.0, "gamma": {"0": 1.3616806970829445, "1": 1.063490329034851, "2": 1.1381526875131145}, "mu": {"0": 1.0107465970907754, "1": 1.0719037551735797, "2": 1.000697480920064}, "phi": {"0": 0.15630349135691435, "1": 0.22254416907725882, "2": 0.3564698738775841}, "psi": {"0": 0.573378174843449, "1": 1.0188733103851377, "2": 1.0873201332214841}, "sigma": {"0": 0.6767102567533371, "1": 0.6002267652642201, "2": 0.0}, "chi_high": 0.795149414205912, "beta_low": null}