{"R": 40.0, "wi": 2, "di": 1, "delta": 1.0, "gamma": {"0": 0.8495507643782897, "1": 0.9447969310009735, "2": 1.2152482294339069}, "mu": {"0": 1.1452108053992527, "1": 1.0605764001455316, "2": 1.0498139730453908}, "phi": {"0": 0.26205275923302906, "1": 0.9028287708710981, "2": 0.4577070051193006}, "psi": {"0": 0.8169524273958915, "1": 1.311534786064621, "2": 1.4853578468422988}, "sigma": {"0": 0.8754490893849703, "1": 0.9856020979775278, "2": 0.0}, "chi_high": null, "beta_low": null}