{"R": 40.0, "wi": 1, "di": 1, "delta": 1.0, "gamma": {"0": 1.4650241934757138, "1": 1.4391258270167073, "2": 1.079242371317045}, "mu": {"0": 1.1081854411190888, "1": 1.0218587976789, "2": 1.1235896360563469}, "phi": {"0": 0.9703734084887611, "1": 0.6842346763552497, "2": 0.5622134423631462}, "psi": {"0": 1.1741091491437832, "1": 1.0108049695353225, "2": 0.5594636916874876}, "sigma": {"0": 0.6196332140580959, "1": 0.0, "2": 0.0}, "chi_high": null, "beta_low": 0.16574788120831654}