{"R": 40.0, "wi": 0, "di": 0, "delta": 1.0, "gamma": {"0": 1.217852306665729, "1": 1.4888662095211878, "2": 0.8655187105712783}, "mu": {"0": 1.0503625703227697, "1": 1.020938360785116, "2": 1.1498468843486633}, "phi": {"0": 0.9809133858899165, "1": 0.2976593493221156, "2": 0.052833788250228664}, "psi": {"0": 1.440105441565756, "1": 0.6191658498208662, "2": 0.7146211286908164}, "sigma": {"0": 0.8249600466136691, "1": 0.8283429176316597, "2": 0.0}, "chi_high": 0.19887473904939948, "beta_low": 0.3275728728059052}