{"R": 40.0, "wi": 0, "di": 2, "delta": 1.0, "gamma": {"0": 1.0759011470911894, "1": 0.5308593327088909, "2": 0.7723682658731805}, "mu": {"0": 1.0714565564930687, "1": 1.025312110737234, "2": 1.0750036689741362}, "phi": {"0": 0.11542312928325438, "1": 0.3210111159642197, "2": 0.5988836882812217}, "psi": {"0": 1.428574063433878, "1": 1.1351799247020056, "2": 0.5170277672842089}, "sigma": {"0": 0.7189845397424959, "1": 0.6568096601164377, "2": 0.0}, "chi_high": 0.44417562055201304, "beta_low": 0.10522389516752459}