{"R": 40.0, "wi": 1, "di": 2, "delta": 1.0, "gamma": {"0": 0.8488444848392759, "1": 1.1446297642658552, "2": 0.7052486684791605}, "mu": {"0": 1.007320507644367, "1": 1.1355538941943122, "2": 1.0922232773765648}, "phi": {"0": 0.45722835976228526, "1": 0.2123427300327576, "2": 0.32244228624068494}, "psi": {"0": 0.5096143840556728, "1": 1.1197400391583867, "2": 0.7935040110160236}, "sigma": {"0": 0.9361756337834136, "1": 0.0, "2": 0.0}, "chi_high": null, "beta_low": 0.8261643387586985}