{"R": 40.0, "wi": 2, "di": 0, "delta": 1.0, "gamma": {"0": 0.8015355313484266, "1": 0.5128077597617783, "2": 1.3862560947875275}, "mu": {"0": 1.0615089801289457, "1": 1.117056296928417, "2": 1.070719914567684}, "phi": {"0": 0.6841879707320572, "1": 0.25235315455260365, "2": 0.26088455937672006}, "psi": {"0": 0.7242246314483738, "1": 0.9267857594056215, "2": 1.2266771853118437}, "sigma": {"0": 0.6882244691442785, "1": 0.8383206284662816, "2": 0.0}, "chi_high": null, "beta_low": null}