{"R": 40.0, "wi": 0, "di": 1, "delta": 1.0, "gamma": {"0": 1.0537721389984727, "1": 1.3904304876845157, "2": 1.0389075382806472}, "mu": {"0": 1.0622780686638011, "1": 1.1196367751784526, "2": 1.1400902946896658}, "phi": {"0": 0.8610984158356141, "1": 0.015840555843309678, "2": 0.3673304148682045}, "psi": {"0": 1.2568307321557244, "1": 0.7762099596655384, "2": 1.3866848378367682}, "sigma": {"0": 0.7549551702179278, "1": 0.8704241937637958, "2": 0.0}, "chi_high": 0.8180407739886278, "beta_low": 0.3358837217050687}