{"R": 40.0, "wi": 1, "di": 0, "delta": 1.0, "gamma": {"0": 1.1347788874870806, "1": 0.8114052045320619, "2": 1.084617091680777}, "mu": {"0": 1.038047571718459, "1": 1.1327128226150882, "2": 1.01375590827261}, "phi": {"0": 0.20875407907656107, "1": 0.5514044233680322, "2": 0.6347180107627741}, "psi": {"0": 0.8953102357285595, "1": 0.9763942057071576, "2": 1.31603502601704}, "sigma": {"0": 0.9951028507617847, "1": 0.0, "2": 0.0}, "chi_high": null, "beta_low": 0.7464034115807536}