{"R": 40.0, "wi": 3, "di": 1, "delta": 1.0, "gamma": {"0": 0.7238370276674545, "1": 1.0289891685720631, "2": 1.2986401107005547}, "mu": {"0": 1.0370864212868551, "1": 1.1442941926684176, "2": 1.0712868119541643}, "phi": {"0": 0.9899644278835711, "1": 0.7772199839119108, "2": 0.12173980276684904}, "psi": {"0": 1.1407078998884608, "1": 0.6520806387103867, "2": 1.096130556047323}, "sigma": {"0": 0.8894874626520423, "1": 0.558672605030617, "2": 0.0}, "chi_high": 0.9068701310207568, "beta_low": null}