{"R": 40.0, "wi": 1, "di": 2, "delta": 1.0, "gamma": {"0": 1.1733068102398332, "1": 1.157691407006283, "2": 0.6284587733981408}, "mu": {"0": 1.018982977332635, "1": 1.1080592779132818, "2": 1.1256017042458415}, "phi": {"0": 0.29943075111477824, "1": 0.5420083469673672, "2": 0.29575080605822335}, "psi": {"0": 0.573028816857426, "1": 1.0821135904008583, "2": 1.198277575348717}, "sigma": {"0": 0.8472295673291413, "1": 0.0, "2": 0.0}, "chi_high": null, "beta_low": 0.8032116798882459}