{"R": 40.0, "wi": 2, "di": 2, "delta": 1.0, "gamma": {"0": 1.129707094855711, "1": 0.653136734146656, "2": 0.5432843349287648}, "mu": {"0": 1.0412313587147246, "1": 1.0926345268574869, "2": 1.068675349662259}, "phi": {"0": 0.837535453445177, "1": 0.7647257188479194, "2": 0.4569936840206321}, "psi": {"0": 1.0937507560761568, "1": 1.039982895691009, "2": 1.2835418814745008}, "sigma": {"0": 0.8689701657269502, "1": 0.8221548721527883, "2": 0.0}, "chi_high": null, "beta_low": null}