{"R": 40.0, "wi": 2, "di": 2, "delta": 1.0, "gamma": {"0": 0.6783337694569717, "1": 0.9883814178708454, "2": 0.8178717758605821}, "mu": {"0": 1.0870787036842413, "1": 1.148800090593408, "2": 1.031493125092033}, "phi": {"0": 0.959628641264134, "1": 0.9927856166097959, "2": 0.8009287134388198}, "psi": {"0": 1.0934451380077774, "1": 1.3087451772688294, "2": 0.9599789703886207}, "sigma": {"0": 0.9315683790665339, "1": 0.8457162974318473, "2": 0.0}, "chi_high": null, "beta_low": null}