{"R": 40.0, "wi": 3, "di": 1, "delta": 1.0, "gamma": {"0": 1.2696601654937525, "1": 0.8746076042920603, "2": 1.1400378720069153}, "mu": {"0": 1.106511571185877, "1": 1.0165739347687928, "2": 1.042635456247691}, "phi": {"0": 0.12245864261478434, "1": 0.9628685022235605, "2": 0.5534215413707358}, "psi": {"0": 1.2423962454029862, "1": 0.8422729489913404, "2": 0.8984666420356229}, "sigma": {"0": 0.9482128908065615, "1": 0.5990043111242976, "2": 0.0}, "chi_high": 0.8516459535728381, "beta_low": null}