{"R": 40.0, "wi": 3, "di": 1, "delta": 1.0, "gamma": {"0": 1.355294489640333, "1": 1.2273153155087122, "2": 1.49252000261475}, "mu": {"0": 1.1204499260979544, "1": 1.0060096055053216, "2": 1.1433252856829865}, "phi": {"0": 0.3329196389833191, "1": 0.587599830384904, "2": 0.3035509400829677}, "psi": {"0": 1.0677869062647067, "1": 1.435833872206787, "2": 1.4773065569545611}, "sigma": {"0": 0.915614137667343, "1": 0.9032698498632306, "2": 0.0}, "chi_high": 0.8691814664752098, "beta_low": null}