{"R": 40.0, "wi": 3, "di": 0, "delta": 1.0, "gamma": {"0": 1.2272675767453824, "1": 1.1935860933791547, "2": 0.9684501994353687}, "mu": {"0": 1.1212056003785702, "1": 1.12953084274756, "2": 1.119971862616592}, "phi": {"0": 0.6480100480646697, "1": 0.14655688563089253, "2": 0.010120022024759145}, "psi": {"0": 1.242857802527325, "1": 0.7232536534474802, "2": 0.6281474891127209}, "sigma": {"0": 0.7063082498293687, "1": 0.8465979530689067, "2": 0.0}, "chi_high": 0.1932611612621295, "beta_low": null}