{"R": 40.0, "wi": 3, "di": 2, "delta": 1.0, "gamma": {"0": 1.3666752330346679, "1": 1.0339534341055654, "2": 1.0927256523030784}, "mu": {"0": 1.0085145441975125, "1": 1.0105691108856887, "2": 1.0904785532414463}, "phi": {"0": 0.6350907482342935, "1": 0.9910244849474773, "2": 0.6293488042721264}, "psi": {"0": 0.8073803011818896, "1": 1.444045692955343, "2": 0.565867458223954}, "sigma": {"0": 0.820209539568262, "1": 0.872899182389439, "2": 0.0}, "chi_high": 0.8635890968957677, "beta_low": null}