{"R": 40.0, "wi": 3, "di": 1, "delta": 1.0, "gamma": {"0": 1.170572394616907, "1": 0.8588874001306199, "2": 0.9799975681080291}, "mu": {"0": 1.1324012915508306, "1": 1.0142296323049174, "2": 1.1382868493572922}, "phi": {"0": 0.27885158024488976, "1": 0.35443360529581536, "2": 0.3458688561501442}, "psi": {"0": 1.2663170216623614, "1": 0.7424775868974267, "2": 0.5081663728873258}, "sigma": {"0": 0.6947200003694032, "1": 0.7270554821217785, "2": 0.0}, "chi_high": 0.15747183338912704, "beta_low": null}