{"R": 40.0, "wi": 0, "di": 2, "delta": 1.0, "gamma": {"0": 0.7895110526990846, "1": 1.1786127723748592, "2": 1.3655203119861594}, "mu": {"0": 1.0663200065674439, "1": 1.1275662829245785, "2": 1.0123985651623086}, "phi": {"0": 0.6626449557220615, "1": 0.7417203287790701, "2": 0.3906293691741166}, "psi": {"0": 1.4187348154282047, "1": 0.5283975403043046, "2": 0.6722084847399802}, "sigma": {"0": 0.5616174532520056, "1": 0.9265525821014263, "2": 0.0}, "chi_high": 0.687721783330736, "beta_low": 0.9099396972812945}