{"R": 40.0, "wi": 2, "di": 0, "delta": 1.0, "gamma": {"0": 0.530193513806685, "1": 0.5578271927750575, "2": 0.738032599388022}, "mu": {"0": 1.04761733398095, "1": 1.1238340725893832, "2": 1.0025533101363613}, "phi": {"0": 0.541602990658775, "1": 0.7889158100292255, "2": 0.29324085570732117}, "psi": {"0": 1.191198908974119, "1": 0.894801444823028, "2": 0.9142874647737508}, "sigma": {"0": 0.8286950423678912, "1": 0.8555089231275403, "2": 0.0}, "chi_high": null, "beta_low": null}