{"R": 40.0, "wi": 1, "di": 0, "delta": 1.0, "gamma": {"0": 1.2892647290253845, "1": 0.9152360293099421, "2": 0.7289920480979529}, "mu": {"0": 1.03878097748333, "1": 1.1181029785843657, "2": 1.033576731326399}, "phi": {"0": 0.74469393541613, "1": 0.26915226751113275, "2": 0.35233429785888315}, "psi": {"0": 0.8594307252849073, "1": 0.7760794793071653, "2": 1.1504686207514245}, "sigma": {"0": 0.8535792507674149, "1": 0.0, "2": 0.0}, "chi_high": null, "beta_low": 0.3878125529964756}