{"R": 40.0, "wi": 2, "di": 0, "delta": 1.0, "gamma": {"0": 1.0250416960509812, "1": 0.511763162712486, "2": 1.2817460085696317}, "mu": {"0": 1.0401034679659615, "1": 1.1177304046772272, "2": 1.0166073217118963}, "phi": {"0": 0.7118433961629642, "1": 0.21626155750810505, "2": 0.7311295413618086}, "psi": {"0": 1.2699347988918654, "1": 1.3903500113482896, "2": 0.5012908125124818}, "sigma": {"0": 0.7104952954236516, "1": 0.54431596764153, "2": 0.0}, "chi_high": null, "beta_low": null}