{"R": 40.0, "wi": 3, "di": 0, "delta": 1.0, "gamma": {"0": 1.1175291781775432, "1": 0.9824003148761805, "2": 1.0185424696453502}, "mu": {"0": 1.0807383057372384, "1": 1.1185494451864517, "2": 1.0265714854597179}, "phi": {"0": 0.5384191637132008, "1": 0.1043290697221575, "2": 0.4542468051748946}, "psi": {"0": 0.7589577041387665, "1": 0.9805558264843436, "2": 1.1672231509462614}, "sigma": {"0": 0.97960381167934, "1": 0.7624368175439973, "2": 0.0}, "chi_high": 0.13813305746571164, "beta_low": null}