{"R": 40.0, "wi": 2, "di": 1, "delta": 1.0, "gamma": {"0": 1.2097132848400736, "1": 1.1604526166757294, "2": 1.470002317512972}, "mu": {"0": 1.1072072625417153, "1": 1.0092284021161948, "2": 1.0699057445577538}, "phi": {"0": 0.7795579550309837, "1": 0.2633258050382713, "2": 0.19845043847734345}, "psi": {"0": 0.6793738336989089, "1": 1.3102930287760741, "2": 1.1753985834508582}, "sigma": {"0": 0.8561557387962704, "1": 0.6556924173108867, "2": 0.0}, "chi_high": null, "beta_low": null}