{"R": 40.0, "wi": 0, "di": 1, "delta": 1.0, "gamma": {"0": 0.8811761932116428, "1": 0.7327383270652255, "2": 1.096023442413764}, "mu": {"0": 1.0674256881481863, "1": 1.026390050276535, "2": 1.1231713359696909}, "phi": {"0": 0.08584492566450841, "1": 0.6710789246567187, "2": 0.42413292306365424}, "psi": {"0": 1.4160550361541047, "1": 1.1446719234556841, "2": 0.9217097941233522}, "sigma": {"0": 0.5390106177691065, "1": 0.7858596058937575, "2": 0.0}, "chi_high": 0.34373935423692714, "beta_low": 0.47264249096960315}