{"R": 40.0, "wi": 0, "di": 1, "delta": 1.0, "gamma": {"0": 0.9201829810982773, "1": 1.442528185068649, "2": 1.3610485226380957}, "mu": {"0": 1.1396847907668426, "1": 1.0906879487670098, "2": 1.089956589998904}, "phi": {"0": 0.6008195844467342, "1": 0.6629807597640776, "2": 0.46815600873081287}, "psi": {"0": 1.2748035550563899, "1": 0.6814787821418263, "2": 0.5800772649203425}, "sigma": {"0": 0.5172413131607165, "1": 0.9998449840924901, "2": 0.0}, "chi_high": 0.4150043452501462, "beta_low": 0.4727272305242595}