{"R": 40.0, "wi": 1, "di": 2, "delta": 1.0, "gamma": {"0": 1.0844830162830499, "1": 1.178198710624692, "2": 0.8755137822537506}, "mu": {"0": 1.0484194247883236, "1": 1.0925161047166267, "2": 1.0334385262423238}, "phi": {"0": 0.3172786193549466, "1": 0.5008845223454842, "2": 0.29335471214749553}, "psi": {"0": 1.077365448777759, "1": 1.297324677706531, "2": 1.1392078799148697}, "sigma": {"0": 0.8149305990282024, "1": 0.0, "2": 0.0}, "chi_high": null, "beta_low": 0.8469999236823446}