{"R": 40.0, "wi": 1, "di": 2, "delta": 1.0, "gamma": {"0": 1.472417202853881, "1": 0.7885631325449254, "2": 0.8895349968336995}, "mu": {"0": 1.0217612184329767, "1": 1.1178750817038567, "2": 1.1170408810469463}, "phi": {"0": 0.07020564605218482, "1": 0.6049985751865173, "2": 0.8536069655902406}, "psi": {"0": 0.6120815028088502, "1": 1.2118754398436087, "2": 0.8351735609653071}, "sigma": {"0": 0.8100057925443137, "1": 0.0, "2": 0.0}, "chi_high": null, "beta_low": 0.8856525364062643}