{"R": 40.0, "wi": 0, "di": 1, "delta": 1.0, "gamma": {"0": 0.9281086732136926, "1": 0.5555859726869778, "2": 0.7540495779770313}, "mu": {"0": 1.0951486493521838, "1": 1.0786455508494361, "2": 1.0507857121672257}, "phi": {"0": 0.8684322379651508, "1": 0.9540688986758125, "2": 0.3442708292701039}, "psi": {"0": 1.0743569225102174, "1": 0.9016647893236427, "2": 1.0605502571451573}, "sigma": {"0": 0.7668906820584271, "1": 0.9033421625953151, "2": 0.0}, "chi_high": 0.12178119493118959, "beta_low": 0.42464989519345336}