{"R": 40.0, "wi": 0, "di": 2, "delta": 1.0, "gamma": {"0": 1.2584608942932562, "1": 1.4091921091580417, "2": 1.3282137196666939}, "mu": {"0": 1.0190957816806892, "1": 1.0826700961864708, "2": 1.028624685041418}, "phi": {"0": 0.9500981149820673, "1": 0.03952364951804577, "2": 0.9914878138254298}, "psi": {"0": 1.3732065926723458, "1": 1.205977866938115, "2": 0.7359515425280098}, "sigma": {"0": 0.8763937067344756, "1": 0.7174765147264295, "2": 0.0}, "chi_high": 0.122992225098253, "beta_low": 0.028639437462731784}