{"R": 40.0, "wi": 3, "di": 0, "delta": 1.0, "gamma": {"0": 1.322671912765701, "1": 0.9095086327297721, "2": 1.4342483404756565}, "mu": {"0": 1.1366749879839633, "1": 1.0122835404622046, "2": 1.0650516231835863}, "phi": {"0": 0.3266360093531522, "1": 0.9434044021939526, "2": 0.1862094329357732}, "psi": {"0": 0.966462431010363, "1": 0.6248955133209617, "2": 1.1771234180666026}, "sigma": {"0": 0.546971466147744, "1": 0.9899346457315213, "2": 0.0}, "chi_high": 0.968463682586325, "beta_low": null}