{"R": 40.0, "wi": 0, "di": 1, "delta": 1.0, "gamma": {"0": 0.8995284900770638, "1": 0.9061616992375009, "2": 0.9472878204830194}, "mu": {"0": 1.1197571715859627, "1": 1.0519646655686186, "2": 1.0109680548164228}, "phi": {"0": 0.15821551318571547, "1": 0.8323510535795203, "2": 0.413795535517419}, "psi": {"0": 1.1824002008074161, "1": 1.2074120476788144, "2": 1.2554688068887945}, "sigma": {"0": 0.8031480519206406, "1": 0.9538011657216799, "2": 0.0}, "chi_high": 0.7955768573435772, "beta_low": 0.10685848555215922}