{"R": 40.0, "wi": 2, "di": 2, "delta": 1.0, "gamma": {"0": 1.0244140088008802, "1": 0.928246937608329, "2": 1.351918989261865}, "mu": {"0": 1.0409037447085965, "1": 1.0536094437144718, "2": 1.0606064596213125}, "phi": {"0": 0.45631036069507747, "1": 0.005772208097322928, "2": 0.8164933346490943}, "psi": {"0": 1.4009621946791904, "1": 0.8396625647218948, "2": 0.6658431690862748}, "sigma": {"0": 0.644350367687504, "1": 0.8938445264658689, "2": 0.0}, "chi_high": null, "beta_low": null}