{"R": 40.0, "wi": 1, "di": 1, "delta": 1.0, "gamma": {"0": 1.2321786678010858, "1": 1.0640629351092108, "2": 1.0811059736291906}, "mu": {"0": 1.0556853430841688, "1": 1.0361431493403999, "2": 1.0018430318583142}, "phi": {"0": 0.7626333801756577, "1": 0.5106170666389686, "2": 0.3176478205086931}, "psi": {"0": 0.9186258956237284, "1": 0.9385581629481671, "2": 0.5255868597349491}, "sigma": {"0": 0.5376036959482557, "1": 0.0, "2": 0.0}, "chi_high": null, "beta_low": 0.18746164138076668}