{"R": 40.0, "wi": 3, "di": 2, "delta": 1.0, "gamma": {"0": 1.1871121304863679, "1": 1.3171706316926326, "2": 1.0247839153844625}, "mu": {"0": 1.1039586249574005, "1": 1.0981795010623616, "2": 1.1164712188978976}, "phi": {"0": 0.9048529194140943, "1": 0.6610679486617037, "2": 0.24911913235399508}, "psi": {"0": 0.9058685845661758, "1": 1.0103223472772478, "2": 1.491750576025511}, "sigma": {"0": 0.5072647697361178, "1": 0.6158982744514916, "2": 0.0}, "chi_high": 0.6038243359846094, "beta_low": null}