{"R": 40.0, "wi": 1, "di": 1, "delta": 1.0, "gamma": {"0": 1.3874839698605017, "1": 1.0497647104766021, "2": 0.6238404884035517}, "mu": {"0": 1.0369982921059469, "1": 1.0377510078336993, "2": 1.0499779978357002}, "phi": {"0": 0.1397009650947405, "1": 0.6188580781688776, "2": 0.7487998926040681}, "psi": {"0": 0.6954024037291813, "1": 1.3951083597521745, "2": 1.2104891343051958}, "sigma": {"0": 0.990136362039305, "1": 0.0, "2": 0.0}, "chi_high": null, "beta_low": 0.840200121221495}