{"R": 40.0, "wi": 1, "di": 0, "delta": 1.0, "gamma": {"0": 0.9387397304449656, "1": 0.7594700222297363, "2": 0.6153189392169978}, "mu": {"0": 1.0240678062030342, "1": 1.036983640678144, "2": 1.1486434454565473}, "phi": {"0": 0.35696051693952335, "1": 0.9979443042764915, "2": 0.9434565670323629}, "psi": {"0": 0.6149227769449173, "1": 0.8401712278562754, "2": 1.3742794596335997}, "sigma": {"0": 0.5526619838874545, "1": 0.0, "2": 0.0}, "chi_high": null, "beta_low": 0.3097153950121273}