{"R": 40.0, "wi": 2, "di": 0, "delta": 1.0, "gamma": {"0": 1.0736676650694457, "1": 0.6143412860486417, "2": 0.5332179139283302}, "mu": {"0": 1.0165152871022434, "1": 1.1039158925136292, "2": 1.1272741649647728}, "phi": {"0": 0.14128273760990195, "1": 0.5904471868425778, "2": 0.47806542545660735}, "psi": {"0": 0.8705845670464426, "1": 1.0130055431408784, "2": 0.861146518593299}, "sigma": {"0": 0.8804921037997643, "1": 0.8009999086068986, "2": 0.0}, "chi_high": null, "beta_low": null}