{"R": 40.0, "wi": 0, "di": 0, "delta": 1.0, "gamma": {"0": 1.034518943741179, "1": 1.0361189807316897, "2": 1.4239586508653157}, "mu": {"0": 1.0912977307671703, "1": 1.0578018298249925, "2": 1.0946632182817988}, "phi": {"0": 0.23484826500728384, "1": 0.6493855792499587, "2": 0.7143243319173914}, "psi": {"0": 0.6346724003501479, "1": 0.7900804428676274, "2": 0.872036249291117}, "sigma": {"0": 0.5827416734797378, "1": 0.869721190372005, "2": 0.0}, "chi_high": 0.29361937201254756, "beta_low": 0.26572638560221906}