{"R": 40.0, "wi": 3, "di": 2, "delta": 1.0, "gamma": {"0": 1.3296222922823944, "1": 0.9956002158145144, "2": 1.4655781060645858}, "mu": {"0": 1.0107757417434893, "1": 1.1058955320151709, "2": 1.1080066372270843}, "phi": {"0": 0.8472264760283553, "1": 0.9849271875664497, "2": 0.9508321958921352}, "psi": {"0": 0.9445809619755146, "1": 1.2947909688917776, "2": 1.37162154559497}, "sigma": {"0": 0.8854112882963762, "1": 0.7993007988695746, "2": 0.0}, "chi_high": 0.1290410249405394, "beta_low": null}