{"R": 40.0, "wi": 2, "di": 1, "delta": 1.0, "gamma": {"0": 1.0533283143027323, "1": 0.822960572010811, "2": 1.4605596872905995}, "mu": {"0": 1.0106853857289615, "1": 1.1292084788249483, "2": 1.0758112984949304}, "phi": {"0": 0.015625298377255348, "1": 0.059433875517488244, "2": 0.1770638659717786}, "psi": {"0": 0.514604556088505, "1": 0.7017765179921356, "2": 0.7984421937953355}, "sigma": {"0": 0.7316105900471788, "1": 0.6747554851434627, "2": 0.0}, "chi_high": null, "beta_low": null}