{"R": 40.0, "wi": 0, "di": 1, "delta": 1.0, "gamma": {"0": 0.5705170484234896, "1": 0.5010177682076673, "2": 0.8835567295197151}, "mu": {"0": 1.0238838651121898, "1": 1.0698984560440614, "2": 1.0102763421543595}, "phi": {"0": 0.9313220568993855, "1": 0.059113016450502154, "2": 0.2662941723079607}, "psi": {"0": 1.1371356211131913, "1": 1.10531511619571, "2": 1.025393636507541}, "sigma": {"0": 0.8642444959334986, "1": 0.5190873360052138, "2": 0.0}, "chi_high": 0.8079929693824598, "beta_low": 0.36820298930764406}