{"R": 40.0, "wi": 3, "di": 1, "delta": 1.0, "gamma": {"0": 0.5015780527855582, "1": 0.8428797027504494, "2": 0.9799260146557534}, "mu": {"0": 1.010495630741795, "1": 1.0776275726259412, "2": 1.0009396051130468}, "phi": {"0": 0.3325810782052552, "1": 0.8266103971088681, "2": 0.07793129123566456}, "psi": {"0": 1.2376773795109997, "1": 1.2176295223456033, "2": 1.1465576799610564}, "sigma": {"0": 0.8641988114712055, "1": 0.7161286817620556, "2": 0.0}, "chi_high": 0.46884235166200955, "beta_low": null}