{"R": 40.0, "wi": 0, "di": 0, "delta": 1.0, "gamma": {"0": 1.4075117887424087, "1": 1.0886329014319143, "2": 1.4275403418514259}, "mu": {"0": 1.050923128992132, "1": 1.0313755277356011, "2": 1.041995246424989}, "phi": {"0": 0.22776386355715672, "1": 0.646733975732983, "2": 0.7088608936999579}, "psi": {"0": 0.5403221743242741, "1": 1.247773561458509, "2": 1.4711466026273592}, "sigma": {"0": 0.7620350982880175, "1": 0.987484792759689, "2": 0.0}, "chi_high": 0.8223322611531336, "beta_low": 0.31400894837502097}