{"R": 40.0, "wi": 2, "di": 0, "delta": 1.0, "gamma": {"0": 1.0198512241385225, "1": 0.6639036980564322, "2": 0.9463859240099112}, "mu": {"0": 1.0534683935141045, "1": 1.0098335800679583, "2": 1.0663905063018642}, "phi": {"0": 0.199170388553067, "1": 0.6126056590639357, "2": 0.09360086177868676}, "psi": {"0": 0.5870700414868728, "1": 1.2856779307305104, "2": 0.8876400182814396}, "sigma": {"0": 0.6715096132718741, "1": 0.6514429722770682, "2": 0.0}, "chi_high": null, "beta_low": null}