{"R": 40.0, "wi": 3, "di": 1, "delta": 1.0, "gamma": {"0": 0.5024819856596009, "1": 0.6037240057697827, "2": 0.7572521536351928}, "mu": {"0": 1.0078514335343631, "1": 1.019548977389592, "2": 1.1298865486140504}, "phi": {"0": 0.8203063266579973, "1": 0.44733620619233616, "2": 0.38208264332440567}, "psi": {"0": 1.0492462057697236, "1": 0.8689797919981658, "2": 0.5975898311028625}, "sigma": {"0": 0.9194222081176653, "1": 0.8791634384223751, "2": 0.0}, "chi_high": 0.630915066216581, "beta_low": null}