{"R": 40.0, "wi": 2, "di": 0, "delta": 1.0, "gamma": {"0": 0.6185092607276423, "1": 0.8400827460713128, "2": 0.5538986864085959}, "mu": {"0": 1.142363263920979, "1": 1.1476023943088645, "2": 1.0244770294192809}, "phi": {"0": 0.46305923357200773, "1": 0.7685620097247338, "2": 0.6514835510992933}, "psi": {"0": 1.0290335525929815, "1": 0.942748588671886, "2": 0.5918614584158548}, "sigma": {"0": 0.6273192145501707, "1": 0.7819518597650439, "2": 0.0}, "chi_high": null, "beta_low": null}