{"R": 40.0, "wi": 1, "di": 1, "delta": 1.0, "gamma": {"0": 1.3871826671568277, "1": 0.7742108462722238, "2": 0.8541943740681552}, "mu": {"0": 1.0033431075855381, "1": 1.023744129541502, "2": 1.0821250405923644}, "phi": {"0": 0.38283585762227745, "1": 0.032940566145820416, "2": 0.2387081397688683}, "psi": {"0": 0.5330324391365733, "1": 1.0276800754985653, "2": 0.6654059565763243}, "sigma": {"0": 0.6227617064134072, "1": 0.0, "2": 0.0}, "chi_high": null, "beta_low": 0.5677940110527973}