{"R": 40.0, "wi": 1, "di": 1, "delta": 1.0, "gamma": {"0": 0.7676803973582697, "1": 1.392240010950168, "2": 1.3060699696272215}, "mu": {"0": 1.1444328802219186, "1": 1.1154059705877866, "2": 1.0668998207491835}, "phi": {"0": 0.9124745970535735, "1": 0.864842746694072, "2": 0.42653722550002227}, "psi": {"0": 0.9379772422917355, "1": 1.2446460156876253, "2": 1.4336809155349053}, "sigma": {"0": 0.911087851882113, "1": 0.0, "2": 0.0}, "chi_high": null, "beta_low": 0.0870926349904395}