{"R": 40.0, "wi": 0, "di": 0, "delta": 1.0, "gamma": {"0": 1.270589568241555, "1": 0.8085181402256745, "2": 0.8302923391452687}, "mu": {"0": 1.0844048721060766, "1": 1.1437336420263478, "2": 1.0237386285645715}, "phi": {"0": 0.41669455916266085, "1": 0.9030981992575502, "2": 0.41268085231960194}, "psi": {"0": 0.6729984718518698, "1": 0.6805209350416359, "2": 0.5303225035512161}, "sigma": {"0": 0.8480020098330269, "1": 0.8710322149326166, "2": 0.0}, "chi_high": 0.8623988718285083, "beta_low": 0.7389825348307637}