{"R": 40.0, "wi": 3, "di": 2, "delta": 1.0, "gamma": {"0": 0.782275847193091, "1": 1.1334393373135614, "2": 0.9764224612096631}, "mu": {"0": 1.0750070710235264, "1": 1.097102142359617, "2": 1.1128954248352543}, "phi": {"0": 0.2515323191500546, "1": 0.5113291815358592, "2": 0.06192088471881296}, "psi": {"0": 0.8370530246456631, "1": 1.0907028456381265, "2": 1.1449295235899886}, "sigma": {"0": 0.9590291682480736, "1": 0.5473894817778207, "2": 0.0}, "chi_high": 0.1290454944706508, "beta_low": null}