{"R": 40.0, "wi": 1, "di": 1, "delta": 1.0, "gamma": {"0": 0.6589418419146115, "1": 1.2409130097430079, "2": 1.104657378475842}, "mu": {"0": 1.060665287990225, "1": 1.1027081026965513, "2": 1.109166340331494}, "phi": {"0": 0.17636589591920848, "1": 0.8396162796405264, "2": 0.345379309151561}, "psi": {"0": 1.030464529694743, "1": 0.5411338509690847, "2": 0.6766649812988793}, "sigma": {"0": 0.5573191784219916, "1": 0.0, "2": 0.0}, "chi_high": null, "beta_low": 0.3224304948126535}