{"R": 40.0, "wi": 0, "di": 1, "delta": 1.0, "gamma": {"0": 1.2062792266108722, "1": 0.6465663094279884, "2": 1.2280814151532038}, "mu": {"0": 1.075531663751484, "1": 1.1057035534444883, "2": 1.1008790484469073}, "phi": {"0": 0.2433466141994277, "1": 0.4005144706659789, "2": 0.11666741595623542}, "psi": {"0": 1.1262220741092843, "1": 1.0824738469714343, "2": 0.9591077137931179}, "sigma": {"0": 0.7547047777907498, "1": 0.6945085334153547, "2": 0.0}, "chi_high": 0.10838564158441177, "beta_low": 0.6627153435979972}