{"R": 40.0, "wi": 3, "di": 2, "delta": 1.0, "gamma": {"0": 1.4957136807607045, "1": 1.4986767202382758, "2": 0.5909711676803703}, "mu": {"0": 1.0881908736859034, "1": 1.1026317555574674, "2": 1.0891645507966097}, "phi": {"0": 0.8400468298213308, "1": 0.19411797915804174, "2": 0.7752247063277915}, "psi": {"0": 0.7316822501960321, "1": 0.7479671241376911, "2": 0.6166086171470949}, "sigma": {"0": 0.8230680010827607, "1": 0.88126584962809, "2": 0.0}, "chi_high": 0.8256422142800532, "beta_low": null}