{"R": 40.0, "wi": 2, "di": 1, "delta": 1.0, "gamma": {"0": 0.6180089078738759, "1": 0.5878386191597877, "2": 1.0180477883804444}, "mu": {"0": 1.0385087286410188, "1": 1.0320790864982952, "2": 1.0323629010923863}, "phi": {"0": 0.22010265948263263, "1": 0.8194294519604506, "2": 0.2802084493536797}, "psi": {"0": 0.9236498416728371, "1": 0.8154573325004589, "2": 1.3061236892083894}, "sigma": {"0": 0.8632715292405002, "1": 0.682476961539112, "2": 0.0}, "chi_high": null, "beta_low": null}