{"R": 40.0, "wi": 3, "di": 0, "delta": 1.0, "gamma": {"0": 0.7948854823367177, "1": 1.4934412956121406, "2": 0.5868697334289773}, "mu": {"0": 1.0575190616200032, "1": 1.1307237087000874, "2": 1.13595553875554}, "phi": {"0": 0.12321452341148065, "1": 0.94433391441585, "2": 0.6094432502791025}, "psi": {"0": 1.3075608148916276, "1": 1.1131645806487929, "2": 1.0837721435010073}, "sigma": {"0": 0.5968109977813674, "1": 0.5630965428125918, "2": 0.0}, "chi_high": 0.24708785333055452, "beta_low": null}