{"R": 40.0, "wi": 1, "di": 1, "delta": 1.0, "gamma": {"0": 0.5596736188754193, "1": 0.8225896309459385, "2": 1.265037582985327}, "mu": {"0": 1.0288789612299845, "1": 1.0020942129101464, "2": 1.1371387729724975}, "phi": {"0": 0.7234389531127347, "1": 0.42966024287099847, "2": 0.48130597904211103}, "psi": {"0": 0.9246511410797, "1": 0.7262636752853942, "2": 1.4811856991082235}, "sigma": {"0": 0.8428878225061301, "1": 0.0, "2": 0.0}, "chi_high": null, "beta_low": 0.1313096789240798}