{"R": 40.0, "wi": 1, "di": 1, "delta": 1.0, "gamma": {"0": 1.2250902212605346, "1": 0.9639139603673479, "2": 1.3130990005010743}, "mu": {"0": 1.1444995715971529, "1": 1.0685333449501977, "2": 1.1276612965268713}, "phi": {"0": 0.725805962688361, "1": 0.23002283986413474, "2": 0.6908425865519344}, "psi": {"0": 0.5907405749578852, "1": 1.14537486220611, "2": 0.6967526071527943}, "sigma": {"0": 0.6856974520590342, "1": 0.0, "2": 0.0}, "chi_high": null, "beta_low": 0.8664307815458446}