{"R": 40.0, "wi": 1, "di": 2, "delta": 1.0, "gamma": {"0": 1.3240331291458523, "1": 0.6753489734570833, "2": 1.4923794815391078}, "mu": {"0": 1.0974636086906235, "1": 1.1189681028669103, "2": 1.1066635691352267}, "phi": {"0": 0.8779014774219868, "1": 0.9258787176943197, "2": 0.4932086290412946}, "psi": {"0": 1.1266793040010823, "1": 0.6521146579149389, "2": 1.2506528789466982}, "sigma": {"0": 0.5345474754655082, "1": 0.0, "2": 0.0}, "chi_high": null, "beta_low": 0.9026243952683545}