{"R": 40.0, "wi": 3, "di": 1, "delta": 1.0, "gamma": {"0": 0.6364626554625218, "1": 0.6210467405261054, "2": 1.4537934960185899}, "mu": {"0": 1.052913081660676, "1": 1.0440546305228668, "2": 1.105172821614244}, "phi": {"0": 0.18887726672438399, "1": 0.6907188776052591, "2": 0.14809063494113228}, "psi": {"0": 1.469192327951801, "1": 1.0945366452431928, "2": 0.8896878364693592}, "sigma": {"0": 0.6209923034644176, "1": 0.6344625853187049, "2": 0.0}, "chi_high": 0.6391864326502246, "beta_low": null}