{"R": 40.0, "wi": 3, "di": 1, "delta": 1.0, "gamma": {"0": 0.8099954521251514, "1": 0.7897652110301313, "2": 0.5592090396158712}, "mu": {"0": 1.1008638528347081, "1": 1.0881786205031247, "2": 1.0531519444009532}, "phi": {"0": 0.23218294812930718, "1": 0.23588399430810136, "2": 0.12140991972513493}, "psi": {"0": 1.4770557042789298, "1": 1.3852821199724126, "2": 1.324638316591316}, "sigma": {"0": 0.5162195917602281, "1": 0.7007464506850543, "2": 0.0}, "chi_high": 0.26556119722146093, "beta_low": null}