{"R": 40.0, "wi": 0, "di": 0, "delta": 1.0, "gamma": {"0": 0.7991679196331841, "1": 1.4459532927946905, "2": 1.0272634941441812}, "mu": {"0": 1.0691111571064211, "1": 1.0035059671448388, "2": 1.0671737409050561}, "phi": {"0": 0.5837430863211558, "1": 0.09655123301956392, "2": 0.8620829001633245}, "psi": {"0": 1.4760878663798809, "1": 1.3002769579281859, "2": 1.4571219808760754}, "sigma": {"0": 0.7782705655281439, "1": 0.7207577563099324, "2": 0.0}, "chi_high": 0.2276952841619681, "beta_low": 0.22579767932317776}