{"R": 40.0, "wi": 3, "di": 1, "delta": 1.0, "gamma": {"0": 0.879550350164097, "1": 1.4870363360370091, "2": 1.467914357540689}, "mu": {"0": 1.0670620367997457, "1": 1.110236774163955, "2": 1.0305543565656565}, "phi": {"0": 0.6811229708950226, "1": 0.03095352380965144, "2": 0.9723495564678035}, "psi": {"0": 1.3422463436232432, "1": 1.2734965935554352, "2": 0.7784442796274716}, "sigma": {"0": 0.7235906483485293, "1": 0.9339153107793818, "2": 0.0}, "chi_high": 0.7783888871655857, "beta_low": null}