{"R": 40.0, "wi": 3, "di": 0, "delta": 1.0, "gamma": {"0": 1.3481537393630703, "1": 1.089963651875069, "2": 1.4584016295541673}, "mu": {"0": 1.0774158028666823, "1": 1.0067356199898625, "2": 1.0162993322972884}, "phi": {"0": 0.011399777945274359, "1": 0.8167969372754921, "2": 0.1344797558155144}, "psi": {"0": 0.6613722141768259, "1": 1.3660441794915097, "2": 0.7976543459179988}, "sigma": {"0": 0.676588074430054, "1": 0.915116596011788, "2": 0.0}, "chi_high": 0.5388216420977411, "beta_low": null}