{"R": 40.0, "wi": 3, "di": 1, "delta": 1.0, "gamma": {"0": 0.6557569967260636, "1": 0.7220265813650464, "2": 0.600287154785342}, "mu": {"0": 1.124536084845403, "1": 1.0366292827938088, "2": 1.1093584628168354}, "phi": {"0": 0.20788862240773565, "1": 0.10337826668987438, "2": 0.032684885212824644}, "psi": {"0": 1.270893931787568, "1": 0.6186488353156238, "2": 0.7630317685204899}, "sigma": {"0": 0.6311808885581929, "1": 0.587560160901201, "2": 0.0}, "chi_high": 0.40074907453429737, "beta_low": null}