{"R": 40.0, "wi": 0, "di": 2, "delta": 1.0, "gamma": {"0": 0.7093580241155815, "1": 0.5601948616489779, "2": 0.5867578065672632}, "mu": {"0": 1.0710661615793995, "1": 1.0527608265843116, "2": 1.1333412925570914}, "phi": {"0": 0.7614285647258111, "1": 0.04095635418022092, "2": 0.3356721764950247}, "psi": {"0": 0.7701552926357866, "1": 0.5069507835036237, "2": 1.1706961373994382}, "sigma": {"0": 0.8845636540780235, "1": 0.8307800254774735, "2": 0.0}, "chi_high": 0.6564761461946013, "beta_low": 0.9426181569504274}