{"R": 40.0, "wi": 2, "di": 0, "delta": 1.0, "gamma": {"0": 0.9287275106507094, "1": 1.1437286559798232, "2": 0.6417024138235087}, "mu": {"0": 1.0979228661970561, "1": 1.108434170447448, "2": 1.1244091656678934}, "phi": {"0": 0.9875154734054002, "1": 0.36181063377576395, "2": 0.5318852000681963}, "psi": {"0": 1.1987120866006782, "1": 0.5407542808965908, "2": 1.2713302930897783}, "sigma": {"0": 0.953983340321166, "1": 0.8224119218839565, "2": 0.0}, "chi_high": null, "beta_low": null}