{"R": 40.0, "wi": 0, "di": 1, "delta": 1.0, "gamma": {"0": 1.2729874740258815, "1": 1.490943507354455, "2": 0.5117363636415843}, "mu": {"0": 1.109254621098352, "1": 1.0436843980676527, "2": 1.0406503654572263}, "phi": {"0": 0.8057781091766291, "1": 0.6375683423536098, "2": 0.23506164274346597}, "psi": {"0": 1.1746917215649626, "1": 0.9476414978605587, "2": 1.1738712909177678}, "sigma": {"0": 0.5089434943110986, "1": 0.7090690563589415, "2": 0.0}, "chi_high": 0.8814684339858435, "beta_low": 0.8655086760928279}