{"R": 40.0, "wi": 2, "di": 1, "delta": 1.0, "gamma": {"0": 1.2048092739520762, "1": 1.027152088185665, "2": 0.5804776599910287}, "mu": {"0": 1.0071196615348657, "1": 1.0368035200722152, "2": 1.1196231858139436}, "phi": {"0": 0.012263784608016248, "1": 0.7611707037728965, "2": 0.2733162751754683}, "psi": {"0": 0.719663306786387, "1": 0.9207868487548417, "2": 0.6545161619303337}, "sigma": {"0": 0.6608668122885129, "1": 0.5710678255610557, "2": 0.0}, "chi_high": null, "beta_low": null}