{"R": 40.0, "wi": 0, "di": 2, "delta": 1.0, "gamma": {"0": 0.9541360960943093, "1": 0.518590879947707, "2": 1.4150942776170687}, "mu": {"0": 1.0370660975848798, "1": 1.1257675949480754, "2": 1.029862340677262}, "phi": {"0": 0.585532563101969, "1": 0.5021272838238836, "2": 0.33159336463853595}, "psi": {"0": 1.085144418973408, "1": 1.3415852881537893, "2": 0.67660715700941}, "sigma": {"0": 0.8151128895142219, "1": 0.5233474096864323, "2": 0.0}, "chi_high": 0.36285936296691124, "beta_low": 0.2769203413452617}