{"R": 40.0, "wi": 1, "di": 2, "delta": 1.0, "gamma": {"0": 0.870074360120188, "1": 0.817785765366522, "2": 1.016379666919167}, "mu": {"0": 1.0667274778625704, "1": 1.0212387391986186, "2": 1.0930860098905397}, "phi": {"0": 0.9840152949471345, "1": 0.9804500336755643, "2": 0.3776575276058164}, "psi": {"0": 0.5265716096660679, "1": 1.4845349354432091, "2": 1.4475945886786135}, "sigma": {"0": 0.5981211152388226, "1": 0.0, "2": 0.0}, "chi_high": null, "beta_low": 0.3840119544498226}