{"R": 40.0, "wi": 0, "di": 0, "delta": 1.0, "gamma": {"0": 1.3445412560163663, "1": 0.6922994281340574, "2": 1.0238696006273798}, "mu": {"0": 1.0738418069130478, "1": 1.0519841300408577, "2": 1.0310977706557718}, "phi": {"0": 0.10902748466260526, "1": 0.5457996655465206, "2": 0.457273500144451}, "psi": {"0": 1.3107869864996804, "1": 1.3507504599149378, "2": 1.3443334411301213}, "sigma": {"0": 0.6384001706871887, "1": 0.8777569968176797, "2": 0.0}, "chi_high": 0.2714525917936303, "beta_low": 0.5591513464234995}