{"R": 40.0, "wi": 3, "di": 0, "delta": 1.0, "gamma": {"0": 0.6883302506671753, "1": 1.1135250186514294, "2": 1.3415674255504806}, "mu": {"0": 1.0802083206352726, "1": 1.0046927582813507, "2": 1.017596556766607}, "phi": {"0": 0.3086114985452504, "1": 0.6183517612789856, "2": 0.08524197274458878}, "psi": {"0": 0.7919760236122027, "1": 0.8456975881732018, "2": 1.175251901885048}, "sigma": {"0": 0.852431867292671, "1": 0.7661261818544602, "2": 0.0}, "chi_high": 0.20080510952894598, "beta_low": null}