{"R": 40.0, "wi": 0, "di": 0, "delta": 1.0, "gamma": {"0": 0.9779203247840942, "1": 1.262070497743686, "2": 1.1087209359154375}, "mu": {"0": 1.042938288876627, "1": 1.1154705443041646, "2": 1.122968591577543}, "phi": {"0": 0.19807351009638563, "1": 0.9438359452046927, "2": 0.8457434421080501}, "psi": {"0": 1.1895521806154448, "1": 0.858956351529757, "2": 1.074867970694743}, "sigma": {"0": 0.7013041756330155, "1": 0.7240154322466581, "2": 0.0}, "chi_high": 0.05982138992248959, "beta_low": 0.9273536660942827}