{"R": 40.0, "wi": 0, "di": 1, "delta": 1.0, "gamma": {"0": 0.6643352892451382, "1": 1.2383328534939255, "2": 0.7572045910699562}, "mu": {"0": 1.0191320418359542, "1": 1.0553436257466973, "2": 1.1445774817772518}, "phi": {"0": 0.8806941866839031, "1": 0.4673484401718879, "2": 0.09965875917368283}, "psi": {"0": 0.593109832412645, "1": 1.0180814902125217, "2": 0.6872279482493823}, "sigma": {"0": 0.7928660576085709, "1": 0.5013484251461513, "2": 0.0}, "chi_high": 0.4647452542948933, "beta_low": 0.7968106240094435}