{"R": 40.0, "wi": 3, "di": 1, "delta": 1.0, "gamma": {"0": 1.2353537446415062, "1": 0.9933228565622081, "2": 1.352926062527886}, "mu": {"0": 1.1423576831177713, "1": 1.0201999149385814, "2": 1.1138342279761293}, "phi": {"0": 0.020290762838953924, "1": 0.7594721118510749, "2": 0.24319007723131303}, "psi": {"0": 1.2467848707907896, "1": 0.5122430298309987, "2": 1.0905791730647456}, "sigma": {"0": 0.6726381948163089, "1": 0.6851895607666623, "2": 0.0}, "chi_high": 0.860711105697518, "beta_low": null}