{"R": 40.0, "wi": 0, "di": 1, "delta": 1.0, "gamma": {"0": 1.2481274119908279, "1": 1.2162562422736394, "2": 1.2492461799026398}, "mu": {"0": 1.1276238871757904, "1": 1.0618772480754317, "2": 1.021964669093486}, "phi": {"0": 0.23026741432305253, "1": 0.7026505498629577, "2": 0.625797034419236}, "psi": {"0": 1.2022092585763322, "1": 1.3556172650865324, "2": 0.6050370927317229}, "sigma": {"0": 0.6631114537881475, "1": 0.724983415113444, "2": 0.0}, "chi_high": 0.5654020910948243, "beta_low": 0.9438518578331752}