{"R": 40.0, "wi": 1, "di": 1, "delta": 1.0, "gamma": {"0": 0.5807309051906393, "1": 1.2189894566190005, "2": 0.816174695621631}, "mu": {"0": 1.0852277753285606, "1": 1.14144016244, "2": 1.1460301283901362}, "phi": {"0": 0.3443135629878731, "1": 0.2283328599209533, "2": 0.9073708534588015}, "psi": {"0": 0.8622416566865784, "1": 1.193594597331899, "2": 0.911289804916935}, "sigma": {"0": 0.781573877228498, "1": 0.0, "2": 0.0}, "chi_high": null, "beta_low": 0.9516168442964639}