{"R": 40.0, "wi": 2, "di": 0, "delta": 1.0, "gamma": {"0": 0.5047922701433478, "1": 1.0144182915069226, "2": 0.7937667476825667}, "mu": {"0": 1.0548744201499465, "1": 1.0130600412173674, "2": 1.0506394382214768}, "phi": {"0": 0.8377373629286259, "1": 0.12221676033260487, "2": 0.41825362206767025}, "psi": {"0": 0.5167077457992878, "1": 1.047547191470131, "2": 1.013398067705645}, "sigma": {"0": 0.7122296193679089, "1": 0.5975985948318957, "2": 0.0}, "chi_high": null, "beta_low": null}