{"R": 40.0, "wi": 3, "di": 2, "delta": 1.0, "gamma": {"0": 0.6873168176674895, "1": 1.349450814052279, "2": 0.9978030371540633}, "mu": {"0": 1.1227894790933928, "1": 1.1252803663629336, "2": 1.1005873734303748}, "phi": {"0": 0.7661951346287642, "1": 0.3989012096945236, "2": 0.2773005949616234}, "psi": {"0": 0.7982501047479258, "1": 0.6854215174641414, "2": 1.4270614010744498}, "sigma": {"0": 0.8014608474663996, "1": 0.7785252291050413, "2": 0.0}, "chi_high": 0.4155131984709414, "beta_low": null}