{"R": 40.0, "wi": 3, "di": 2, "delta": 1.0, "gamma": {"0": 1.1243145927203693, "1": 0.7217920446955958, "2": 1.1070143088150393}, "mu": {"0": 1.002105113209341, "1": 1.086485664229062, "2": 1.0926333323163595}, "phi": {"0": 0.49994035609121057, "1": 0.5150300451974061, "2": 0.2552261307611342}, "psi": {"0": 1.4518011933023856, "1": 0.8360934209445727, "2": 1.1056992366724727}, "sigma": {"0": 0.837388779459749, "1": 0.6810124085500893, "2": 0.0}, "chi_high": 0.7757359078989614, "beta_low": null}