{"R": 40.0, "wi": 2, "di": 1, "delta": 1.0, "gamma": {"0": 0.8869546029984147, "1": 1.2342831472178015, "2": 0.8553216187310944}, "mu": {"0": 1.1185883852615683, "1": 1.0832361143510711, "2": 1.0528887943690461}, "phi": {"0": 0.332757153736969, "1": 0.3681871592610687, "2": 0.9282234585531912}, "psi": {"0": 1.1099769082414872, "1": 0.5512309857252654, "2": 1.3915075976315463}, "sigma": {"0": 0.5816948079432047, "1": 0.9313531210803697, "2": 0.0}, "chi_high": null, "beta_low": null}