{"R": 40.0, "wi": 2, "di": 2, "delta": 1.0, "gamma": {"0": 1.347437726666942, "1": 0.5498148894705476, "2": 0.9312162073279131}, "mu": {"0": 1.1002329815190786, "1": 1.0894116793650672, "2": 1.024926635378657}, "phi": {"0": 0.18637012728320845, "1": 0.6690576168724598, "2": 0.8239883616013353}, "psi": {"0": 1.2554453957124037, "1": 0.8347048292401771, "2": 1.0875596759009092}, "sigma": {"0": 0.8033675771241879, "1": 0.6796337409229047, "2": 0.0}, "chi_high": null, "beta_low": null}