{"R": 40.0, "wi": 2, "di": 0, "delta": 1.0, "gamma": {"0": 1.0462827524253102, "1": 1.1302381914974418, "2": 1.4008654028010692}, "mu": {"0": 1.0982816622500813, "1": 1.1187518577871811, "2": 1.1167319942984966}, "phi": {"0": 0.6864301564870445, "1": 0.17295257356918914, "2": 0.2245341122773835}, "psi": {"0": 1.46676905686419, "1": 1.3637280372273946, "2": 1.037158226188033}, "sigma": {"0": 0.5268999937925598, "1": 0.989403552188235, "2": 0.0}, "chi_high": null, "beta_low": null}