{"R": 40.0, "wi": 0, "di": 2, "delta": 1.0, "gamma": {"0": 0.833571733356784, "1": 1.3320827812268963, "2": 0.6914081054102074}, "mu": {"0": 1.113321698538791, "1": 1.085134891212132, "2": 1.1315112159198475}, "phi": {"0": 0.4828674554643412, "1": 0.5502369637128356, "2": 0.5202674804335935}, "psi": {"0": 0.7866892597039581, "1": 0.5704913090011963, "2": 1.4759589946549077}, "sigma": {"0": 0.8323119071935045, "1": 0.7479940154073446, "2": 0.0}, "chi_high": 0.734185438503177, "beta_low": 0.3492227988167119}