{"R": 40.0, "wi": 2, "di": 0, "delta": 1.0, "gamma": {"0": 0.5325682843351128, "1": 1.1382942658971051, "2": 1.0838044858140101}, "mu": {"0": 1.1332245633021767, "1": 1.048853864373628, "2": 1.1198552993851734}, "phi": {"0": 0.8743924886255834, "1": 0.9545667103167019, "2": 0.2613113455744219}, "psi": {"0": 0.7770173337124643, "1": 1.2765062764126427, "2": 0.731349565069253}, "sigma": {"0": 0.6191562955269583, "1": 0.9682400741774874, "2": 0.0}, "chi_high": null, "beta_low": null}