{"R": 40.0, "wi": 0, "di": 1, "delta": 1.0, "gamma": {"0": 0.7568390031320948, "1": 0.9316581862301071, "2": 1.304610595624691}, "mu": {"0": 1.0444188174070028, "1": 1.0611365652620572, "2": 1.044606310795889}, "phi": {"0": 0.03114241162970577, "1": 0.5742191314887378, "2": 0.8081782005273928}, "psi": {"0": 1.3361805300421348, "1": 1.0523871622827756, "2": 0.8813918447126967}, "sigma": {"0": 0.6315815916590416, "1": 0.8874927924043234, "2": 0.0}, "chi_high": 0.3013722177858276, "beta_low": 0.8124772428842372}