{"R": 40.0, "wi": 0, "di": 2, "delta": 1.0, "gamma": {"0": 1.4505299837746755, "1": 0.8504090601715805, "2": 0.9259240400282795}, "mu": {"0": 1.092397016564089, "1": 1.0184044937597831, "2": 1.0320465137183836}, "phi": {"0": 0.5361090744271132, "1": 0.019983761196023853, "2": 0.2575367731436202}, "psi": {"0": 0.9040366992428989, "1": 0.6180132223583077, "2": 1.2548300415781952}, "sigma": {"0": 0.5384151399879902, "1": 0.5295388153187164, "2": 0.0}, "chi_high": 0.25499953022658395, "beta_low": 0.4276381564230661}