{"R": 40.0, "wi": 0, "di": 0, "delta": 1.0, "gamma": {"0": 0.684512616348241, "1": 1.1171407672967224, "2": 0.8883993258129264}, "mu": {"0": 1.1223800321730375, "1": 1.0576478633462596, "2": 1.1482239487204897}, "phi": {"0": 0.42729033837729724, "1": 0.23445480138281194, "2": 0.07189368429041354}, "psi": {"0": 0.6678228999916888, "1": 0.7499455540293991, "2": 0.6111618244150842}, "sigma": {"0": 0.6897679295317092, "1": 0.8220712301791469, "2": 0.0}, "chi_high": 0.6557883108502228, "beta_low": 0.07176724910913179}