{"R": 40.0, "wi": 3, "di": 0, "delta": 1.0, "gamma": {"0": 0.6162600063338214, "1": 1.4830312320174905, "2": 1.3251314951135402}, "mu": {"0": 1.088098447110531, "1": 1.0158574811629588, "2": 1.1103062264630614}, "phi": {"0": 0.8016574294728166, "1": 0.14025066676983244, "2": 0.8739005709968019}, "psi": {"0": 1.2505652195141408, "1": 0.6597501131991335, "2": 1.1957564894668637}, "sigma": {"0": 0.6942306863656666, "1": 0.6558692741179333, "2": 0.0}, "chi_high": 0.9834041136696058, "beta_low": null}