{"R": 40.0, "wi": 0, "di": 1, "delta": 1.0, "gamma": {"0": 0.8181448258640539, "1": 1.152717236877248, "2": 1.3711840732067624}, "mu": {"0": 1.0716304361783198, "1": 1.037746576202511, "2": 1.059599638050104}, "phi": {"0": 0.6199289553826615, "1": 0.4781929899779629, "2": 0.0003895394502144711}, "psi": {"0": 0.5523843718602716, "1": 1.3103179041764612, "2": 1.4841676328903666}, "sigma": {"0": 0.6351563107543261, "1": 0.5939239458858769, "2": 0.0}, "chi_high": 0.058983687753347995, "beta_low": 0.5269002387695023}