{"R": 40.0, "wi": 1, "di": 2, "delta": 1.0, "gamma": {"0": 1.082878014584803, "1": 0.7183765490826569, "2": 0.5536288909916544}, "mu": {"0": 1.13879516108362, "1": 1.131666515190007, "2": 1.0881095254309423}, "phi": {"0": 0.1951847432899031, "1": 0.7586214416980764, "2": 0.5541651851160164}, "psi": {"0": 0.506195089361652, "1": 1.0592749428701405, "2": 0.9871407629343785}, "sigma": {"0": 0.5414696135995063, "1": 0.0, "2": 0.0}, "chi_high": null, "beta_low": 0.18159367009966834}