{"R": 40.0, "wi": 3, "di": 0, "delta": 1.0, "gamma": {"0": 1.0968167969510156, "1": 1.3506252977516713, "2": 1.3056327008292772}, "mu": {"0": 1.0546233223339279, "1": 1.0703341437481568, "2": 1.01302454548877}, "phi": {"0": 0.9570016861731494, "1": 0.09015484496504811, "2": 0.935390278156531}, "psi": {"0": 0.9612457293360359, "1": 0.5619801918284556, "2": 1.1045663452217276}, "sigma": {"0": 0.6774526495934035, "1": 0.8735314143067575, "2": 0.0}, "chi_high": 0.7440844476427482, "beta_low": null}