{"R": 40.0, "wi": 1, "di": 0, "delta": 1.0, "gamma": {"0": 1.3667860990675837, "1": 0.7489141442217192, "2": 1.0718748339976776}, "mu": {"0": 1.0397733684989323, "1": 1.018453962376529, "2": 1.1108464568428622}, "phi": {"0": 0.09372703458185061, "1": 0.3751504573641419, "2": 0.7254544981655779}, "psi": {"0": 0.9585259714703117, "1": 1.2847382217811818, "2": 1.194121983765195}, "sigma": {"0": 0.7724603737711857, "1": 0.0, "2": 0.0}, "chi_high": null, "beta_low": 0.18779981841931806}