{"R": 40.0, "wi": 2, "di": 0, "delta": 1.0, "gamma": {"0": 0.8849233839556209, "1": 1.1187770126214027, "2": 0.7951227164356468}, "mu": {"0": 1.1214678378557894, "1": 1.063229064441614, "2": 1.0085652367324007}, "phi": {"0": 0.5246639462641773, "1": 0.7943935715530783, "2": 0.43572927812472695}, "psi": {"0": 0.8284985344416839, "1": 1.3363085807759871, "2": 0.9489284601118344}, "sigma": {"0": 0.6358144351478922, "1": 0.6558040938191085, "2": 0.0}, "chi_high": null, "beta_low": null}