{"R": 40.0, "wi": 3, "di": 0, "delta": 1.0, "gamma": {"0": 0.7275723029612318, "1": 1.3057025466561911, "2": 0.9301212131389464}, "mu": {"0": 1.0218123438499602, "1": 1.070833005572477, "2": 1.0946596103873638}, "phi": {"0": 0.6540555003959053, "1": 0.8390251343460079, "2": 0.8208174801731885}, "psi": {"0": 1.1382383003037957, "1": 0.8982257716467629, "2": 0.8764167764626657}, "sigma": {"0": 0.9086899007871341, "1": 0.6867994551416483, "2": 0.0}, "chi_high": 0.8298550495596579, "beta_low": null}