{"R": 40.0, "wi": 2, "di": 1, "delta": 1.0, "gamma": {"0": 0.7633537626805473, "1": 1.4470176921386955, "2": 0.9253969263222148}, "mu": {"0": 1.1281950992328873, "1": 1.1310281437524814, "2": 1.1495669510264994}, "phi": {"0": 0.1861349651346058, "1": 0.9249221426719876, "2": 0.9050146908508786}, "psi": {"0": 1.1550882335257548, "1": 1.1470543006365113, "2": 1.135975489899688}, "sigma": {"0": 0.7423452409748013, "1": 0.5965949214218977, "2": 0.0}, "chi_high": null, "beta_low": null}