{"R": 40.0, "wi": 3, "di": 1, "delta": 1.0, "gamma": {"0": 1.446259345360827, "1": 1.440290523525384, "2": 1.328639322695962}, "mu": {"0": 1.0131265618544685, "1": 1.064993249346954, "2": 1.012603623978173}, "phi": {"0": 0.16086790071154888, "1": 0.2671719839939687, "2": 0.8431797834160158}, "psi": {"0": 1.4179157992478117, "1": 1.3816864528751318, "2": 0.7728395344566631}, "sigma": {"0": 0.6582089341471669, "1": 0.6292762813182049, "2": 0.0}, "chi_high": 0.05510665478977872, "beta_low": null}