{"R": 40.0, "wi": 1, "di": 0, "delta": 1.0, "gamma": {"0": 1.054834112965175, "1": 1.2116316294766873, "2": 0.8399709017398705}, "mu": {"0": 1.1495697909436033, "1": 1.1278735692311084, "2": 1.0386838698737353}, "phi": {"0": 0.1613293440716379, "1": 0.2669173076919529, "2": 0.9677122143085987}, "psi": {"0": 0.89055008348258, "1": 0.7598113855072839, "2": 0.5118056790806216}, "sigma": {"0": 0.8202616179586104, "1": 0.0, "2": 0.0}, "chi_high": null, "beta_low": 0.6288034672654843}