{"R": 40.0, "wi": 0, "di": 1, "delta": 1.0, "gamma": {"0": 0.5063234957017194, "1": 1.0872593442961809, "2": 1.3718578736655747}, "mu": {"0": 1.0655570333570668, "1": 1.1452021332479514, "2": 1.0185539393512681}, "phi": {"0": 0.4298839665107248, "1": 0.18189962629802447, "2": 0.9382069280339367}, "psi": {"0": 0.862070774100633, "1": 1.2747207337932942, "2": 1.104318647716557}, "sigma": {"0": 0.7696084337581202, "1": 0.5467330906256398, "2": 0.0}, "chi_high": 0.45047428917034493, "beta_low": 0.6453850219077043}