{"R": 40.0, "wi": 0, "di": 1, "delta": 1.0, "gamma": {"0": 0.7956250892634749, "1": 1.0407995415808693, "2": 1.1735799774785716}, "mu": {"0": 1.1414220760221252, "1": 1.0387167584907164, "2": 1.120330536085324}, "phi": {"0": 0.8675249668226723, "1": 0.02282976741792886, "2": 0.07049395704328298}, "psi": {"0": 1.048200462009194, "1": 0.9229464021952459, "2": 1.399995867088729}, "sigma": {"0": 0.8785874224089313, "1": 0.5786306024158492, "2": 0.0}, "chi_high": 0.11226578952211368, "beta_low": 0.3599233641062857}