{"R": 40.0, "wi": 2, "di": 0, "delta": 1.0, "gamma": {"0": 1.2132312525237645, "1": 1.0913028523882273, "2": 1.1395561886215038}, "mu": {"0": 1.0081103545617631, "1": 1.0396208422987712, "2": 1.051127478421007}, "phi": {"0": 0.1835450905147069, "1": 0.49510062967080626, "2": 0.7992144324236756}, "psi": {"0": 0.8304649432758063, "1": 0.8855579964590289, "2": 0.9204738163791344}, "sigma": {"0": 0.5170848813873128, "1": 0.5641833696671468, "2": 0.0}, "chi_high": null, "beta_low": null}