{"R": 40.0, "wi": 1, "di": 0, "delta": 1.0, "gamma": {"0": 0.8075884439328044, "1": 0.8609436398240291, "2": 1.331853052576105}, "mu": {"0": 1.089663565578145, "1": 1.0941144429935938, "2": 1.08904743203085}, "phi": {"0": 0.9202885936356778, "1": 0.6537702891918407, "2": 0.8767501062171903}, "psi": {"0": 1.3404472405375638, "1": 0.9464570433552663, "2": 1.060186899957352}, "sigma": {"0": 0.6039993919382449, "1": 0.0, "2": 0.0}, "chi_high": null, "beta_low": 0.38211542012229066}