{"R": 40.0, "wi": 3, "di": 1, "delta": 1.0, "gamma": {"0": 0.6598766575147521, "1": 1.0467758567607253, "2": 1.1782509010384987}, "mu": {"0": 1.0861808206647605, "1": 1.1074807766424228, "2": 1.0607670827519127}, "phi": {"0": 0.14382749566858954, "1": 0.5978393889894434, "2": 0.8946086137139087}, "psi": {"0": 1.0466944859668128, "1": 0.534912426631971, "2": 0.5454123013314611}, "sigma": {"0": 0.8997419064032569, "1": 0.6204755005613685, "2": 0.0}, "chi_high": 0.28015394394387566, "beta_low": null}