{"R": 40.0, "wi": 0, "di": 2, "delta": 1.0, "gamma": {"0": 0.7672371779301992, "1": 1.4324682538979845, "2": 0.5632615102018513}, "mu": {"0": 1.1417894413435734, "1": 1.0693682058970204, "2": 1.0985648640516672}, "phi": {"0": 0.6481636493913747, "1": 0.8342818235134166, "2": 0.7942675247612587}, "psi": {"0": 1.2008265752522473, "1": 1.426571532676156, "2": 0.8770973691597445}, "sigma": {"0": 0.8922891095711498, "1": 0.819986499865919, "2": 0.0}, "chi_high": 0.3671529997466467, "beta_low": 0.016249701989757715}