{"R": 40.0, "wi": 2, "di": 2, "delta": 1.0, "gamma": {"0": 1.0006718082798933, "1": 0.8973310691047371, "2": 1.0349198470438115}, "mu": {"0": 1.0402176226292823, "1": 1.0017526865482846, "2": 1.0122438755146712}, "phi": {"0": 0.7764879392865182, "1": 0.8439993953128174, "2": 0.834507015785096}, "psi": {"0": 1.0917679172187138, "1": 0.5479873062695076, "2": 0.9026478561199457}, "sigma": {"0": 0.5401076893341188, "1": 0.7708201985832236, "2": 0.0}, "chi_high": null, "beta_low": null}