{"R": 40.0, "wi": 1, "di": 1, "delta": 1.0, "gamma": {"0": 0.6043876183319435, "1": 0.9626017121270101, "2": 0.9023220777720231}, "mu": {"0": 1.0851447423416194, "1": 1.1318548062488338, "2": 1.1361299610188826}, "phi": {"0": 0.10349517327018931, "1": 0.01456380993775086, "2": 0.644144795503647}, "psi": {"0": 1.49216879267372, "1": 1.088178877798763, "2": 1.4125338739164732}, "sigma": {"0": 0.7944841497882043, "1": 0.0, "2": 0.0}, "chi_high": null, "beta_low": 0.6713413862932022}