{"R": 40.0, "wi": 0, "di": 1, "delta": 1.0, "gamma": {"0": 0.6821214755221969, "1": 0.7183427990419292, "2": 0.5521355540283887}, "mu": {"0": 1.0446195381926848, "1": 1.0146574065931033, "2": 1.0154269086386087}, "phi": {"0": 0.8234302693324564, "1": 0.2186031916799609, "2": 0.5628457153351714}, "psi": {"0": 1.259603969164646, "1": 0.6397031494441635, "2": 0.8850369814311972}, "sigma": {"0": 0.65005493081798, "1": 0.566172031822077, "2": 0.0}, "chi_high": 0.7872564102338931, "beta_low": 0.5309487723672088}