{"R": 40.0, "wi": 2, "di": 2, "delta": 1.0, "gamma": {"0": 0.5281253204689874, "1": 0.9187982124109378, "2": 0.7430218691092251}, "mu": {"0": 1.124818230786717, "1": 1.0639293982635658, "2": 1.0285820186826686}, "phi": {"0": 0.3530363325836833, "1": 0.5683211288786586, "2": 0.2304308165471336}, "psi": {"0": 1.3398283675144822, "1": 1.0226797264545544, "2": 0.703930711935319}, "sigma": {"0": 0.5327621264395681, "1": 0.5454719580609266, "2": 0.0}, "chi_high": null, "beta_low": null}