{"R": 40.0, "wi": 2, "di": 2, "delta": 1.0, "gamma": {"0": 0.7968573338895072, "1": 0.5939847320590637, "2": 0.8462591284417588}, "mu": {"0": 1.0168419138014717, "1": 1.0395295760172614, "2": 1.0035695954216248}, "phi": {"0": 0.12004385456914968, "1": 0.22779673576889892, "2": 0.24076865919859636}, "psi": {"0": 0.9520355531118851, "1": 1.1615967385087935, "2": 1.3371932219323974}, "sigma": {"0": 0.993552598801734, "1": 0.9952963416062947, "2": 0.0}, "chi_high": null, "beta_low": null}