{"R": 40.0, "wi": 3, "di": 2, "delta": 1.0, "gamma": {"0": 0.7351709104785141, "1": 0.5737512967401681, "2": 1.1447165614131727}, "mu": {"0": 1.126904517789602, "1": 1.0266585865227067, "2": 1.0801377949961815}, "phi": {"0": 0.29305902945021345, "1": 0.24412392096329538, "2": 0.11506851286946596}, "psi": {"0": 0.9948910696475829, "1": 0.8174881196859515, "2": 1.3927944023783856}, "sigma": {"0": 0.6228960265987629, "1": 0.8326727972389101, "2": 0.0}, "chi_high": 0.7853037333934463, "beta_low": null}