{"R": 40.0, "wi": 1, "di": 0, "delta": 1.0, "gamma": {"0": 0.5702707142883398, "1": 0.5433230814377104, "2": 1.49243135571699}, "mu": {"0": 1.0443428092444795, "1": 1.1404430068455949, "2": 1.0751468814164544}, "phi": {"0": 0.7561886302676081, "1": 0.7781623052059315, "2": 0.701878576572894}, "psi": {"0": 1.4269190871814348, "1": 1.141129345093198, "2": 0.5269862367323919}, "sigma": {"0": 0.9743795992588717, "1": 0.0, "2": 0.0}, "chi_high": null, "beta_low": 0.8833035196829591}