{"R": 40.0, "wi": 0, "di": 0, "delta": 1.0, "gamma": {"0": 1.155917651145356, "1": 1.0326469015871638, "2": 1.0288177905836262}, "mu": {"0": 1.1421915327235113, "1": 1.0289066670697091, "2": 1.0231960123672423}, "phi": {"0": 0.1352249082669562, "1": 0.8154714082878681, "2": 0.9465993670699472}, "psi": {"0": 1.4874888513356717, "1": 0.8173533720850445, "2": 1.0898594946341218}, "sigma": {"0": 0.7582864130406841, "1": 0.5678012342043811, "2": 0.0}, "chi_high": 0.4450608871667167, "beta_low": 0.7250820563206513}