{"R": 40.0, "wi": 2, "di": 2, "delta": 1.0, "gamma": {"0": 1.0902319153532785, "1": 0.6172174292907148, "2": 0.6008178836187101}, "mu": {"0": 1.1134582628107677, "1": 1.0505322106564206, "2": 1.0737794709633934}, "phi": {"0": 0.9306217506438057, "1": 0.4947387566835679, "2": 0.05601097258524124}, "psi": {"0": 0.5124701090938968, "1": 1.0069826910655126, "2": 0.9338880997680221}, "sigma": {"0": 0.6740191505653255, "1": 0.6250874684335801, "2": 0.0}, "chi_high": null, "beta_low": null}