{"R": 40.0, "wi": 1, "di": 0, "delta": 1.0, "gamma": {"0": 0.7370380395699407, "1": 1.3465532135522942, "2": 1.2444593225800118}, "mu": {"0": 1.0118812060651632, "1": 1.0357662943709784, "2": 1.0993129821917804}, "phi": {"0": 0.3478836660193467, "1": 0.9953004356753477, "2": 0.7162689561416274}, "psi": {"0": 0.7625494515807683, "1": 1.2044175904022945, "2": 0.9346860361101572}, "sigma": {"0": 0.7018299652952195, "1": 0.0, "2": 0.0}, "chi_high": null, "beta_low": 0.22184996824843928}