{"R": 40.0, "wi": 3, "di": 1, "delta": 1.0, "gamma": {"0": 1.1991004063169188, "1": 1.315923977727071, "2": 1.0973309365273638}, "mu": {"0": 1.1359617229607544, "1": 1.1299734340565153, "2": 1.011358584425581}, "phi": {"0": 0.4698562902483241, "1": 0.23618493477807223, "2": 0.3612582278340467}, "psi": {"0": 0.8749344285002508, "1": 0.665775733733116, "2": 1.4577871321831912}, "sigma": {"0": 0.968935668323573, "1": 0.7543846390415414, "2": 0.0}, "chi_high": 0.5400315094946135, "beta_low": null}