{"R": 40.0, "wi": 2, "di": 0, "delta": 1.0, "gamma": {"0": 0.9804260045348714, "1": 0.6691768060917269, "2": 1.1447004547431985}, "mu": {"0": 1.017082675565911, "1": 1.0890114021343846, "2": 1.1370302912137331}, "phi": {"0": 0.4634618476641382, "1": 0.7144959645908601, "2": 0.23114239554004845}, "psi": {"0": 0.6542887062664218, "1": 1.2052784525560212, "2": 1.4577784044888928}, "sigma": {"0": 0.5521705443113483, "1": 0.9579875666610362, "2": 0.0}, "chi_high": null, "beta_low": null}