{"R": 40.0, "wi": 3, "di": 1, "delta": 1.0, "gamma": {"0": 1.0211613910755473, "1": 1.2437712083113044, "2": 0.7061817307969142}, "mu": {"0": 1.0688437308459182, "1": 1.118672374681476, "2": 1.01119462368546}, "phi": {"0": 0.4527836932734217, "1": 0.28023612317705326, "2": 0.2264823477965805}, "psi": {"0": 0.8599734569932023, "1": 0.9404704858452694, "2": 0.6817480720149216}, "sigma": {"0": 0.6456876590505868, "1": 0.681152436469938, "2": 0.0}, "chi_high": 0.5275538821314062, "beta_low": null}