{"R": 40.0, "wi": 0, "di": 1, "delta": 1.0, "gamma": {"0": 0.5070901388175156, "1": 1.0425070838179473, "2": 0.7741661124789021}, "mu": {"0": 1.1309151041825705, "1": 1.143047512309714, "2": 1.0891102745917411}, "phi": {"0": 0.5426999645355006, "1": 0.8655678779648756, "2": 0.99584933561756}, "psi": {"0": 0.84838836724503, "1": 0.897594649649254, "2": 1.1411532966051599}, "sigma": {"0": 0.7493210000966082, "1": 0.8579061306071725, "2": 0.0}, "chi_high": 0.22453459688379437, "beta_low": 0.3270889571754742}