{"R": 40.0, "wi": 3, "di": 1, "delta": 1.0, "gamma": {"0": 1.441993084171132, "1": 1.1155494328644093, "2": 1.3609636288540758}, "mu": {"0": 1.010487997173447, "1": 1.0265239817797722, "2": 1.0879590366070724}, "phi": {"0": 0.007769266917639461, "1": 0.4101931485280417, "2": 0.005489382882236216}, "psi": {"0": 1.261311813972799, "1": 1.327771279561763, "2": 1.0258567923157726}, "sigma": {"0": 0.857229243549246, "1": 0.9802496134148465, "2": 0.0}, "chi_high": 0.5489381818328047, "beta_low": null}