{"R": 40.0, "wi": 1, "di": 0, "delta": 1.0, "gamma": {"0": 0.9604161703625649, "1": 1.13148906834172, "2": 1.4171868932733633}, "mu": {"0": 1.0487499316369358, "1": 1.0014713433057312, "2": 1.0239008411766912}, "phi": {"0": 0.6431957367228626, "1": 0.35471443571071215, "2": 0.3941286492027194}, "psi": {"0": 1.4403498559916144, "1": 1.2094371744580483, "2": 1.379197175969387}, "sigma": {"0": 0.7038191314400306, "1": 0.0, "2": 0.0}, "chi_high": null, "beta_low": 0.15739635781438002}