{"R": 40.0, "wi": 3, "di": 1, "delta": 1.0, "gamma": {"0": 0.628766840881933, "1": 0.6434553967590191, "2": 1.1078202288834742}, "mu": {"0": 1.078549375770281, "1": 1.0379951100507254, "2": 1.073346944748364}, "phi": {"0": 0.3187939703174889, "1": 0.12128927054290628, "2": 0.6261935266104376}, "psi": {"0": 1.2267174144094368, "1": 0.866427059184724, "2": 1.0955587784093423}, "sigma": {"0": 0.6167056795290563, "1": 0.9944465595520868, "2": 0.0}, "chi_high": 0.41075191246132015, "beta_low": null}