{"R": 40.0, "wi": 3, "di": 1, "delta": 1.0, "gamma": {"0": 0.6766506923458748, "1": 0.8631318169317292, "2": 0.5918114263852967}, "mu": {"0": 1.119014603733048, "1": 1.049868174451709, "2": 1.1174398624658912}, "phi": {"0": 0.6842926040871187, "1": 0.04593814724139078, "2": 0.3786589821267562}, "psi": {"0": 0.7857247813531908, "1": 1.425248162006107, "2": 1.0280407353561258}, "sigma": {"0": 0.7494837494674758, "1": 0.5438613885725021, "2": 0.0}, "chi_high": 0.9227533033709341, "beta_low": null}