{"R": 40.0, "wi": 1, "di": 1, "delta": 1.0, "gamma": {"0": 1.3831403858622373, "1": 1.1671048356055687, "2": 0.9675765324195412}, "mu": {"0": 1.1311340095144213, "1": 1.0824360770302612, "2": 1.018741144689835}, "phi": {"0": 0.5980908089448591, "1": 0.012452756022362288, "2": 0.169514785514148}, "psi": {"0": 1.050364889295146, "1": 1.4134713189284391, "2": 1.0716048977069672}, "sigma": {"0": 0.8915293397870012, "1": 0.0, "2": 0.0}, "chi_high": null, "beta_low": 0.6734698280925664}