{"R": 40.0, "wi": 2, "di": 2, "delta": 1.0, "gamma": {"0": 1.177842699902314, "1": 1.034107532983648, "2": 0.8465281629285986}, "mu": {"0": 1.0544262592347486, "1": 1.093133433594494, "2": 1.1448616547074206}, "phi": {"0": 0.7163640795958218, "1": 0.8066543901888997, "2": 0.26041687697079696}, "psi": {"0": 1.4285809690920703, "1": 0.5663558485095375, "2": 0.6834640571791094}, "sigma": {"0": 0.6540368797369391, "1": 0.5138661303128641, "2": 0.0}, "chi_high": null, "beta_low": null}