{"R": 40.0, "wi": 2, "di": 2, "delta": 1.0, "gamma": {"0": 0.7896285957792945, "1": 1.3320319835245722, "2": 1.029303207982574}, "mu": {"0": 1.101484933484273, "1": 1.006879727716151, "2": 1.0605492274647963}, "phi": {"0": 0.2186978809220541, "1": 0.4607141562437638, "2": 0.5452791203284367}, "psi": {"0": 0.5763817427159117, "1": 0.7467914733021483, "2": 1.0513598431479272}, "sigma": {"0": 0.7328393271256042, "1": 0.552937267118965, "2": 0.0}, "chi_high": null, "beta_low": null}