{"R": 40.0, "wi": 1, "di": 1, "delta": 1.0, "gamma": {"0": 0.7219640140594602, "1": 0.7148696452619229, "2": 0.7720880468483474}, "mu": {"0": 1.0897913622975055, "1": 1.0830856297878155, "2": 1.08710904605791}, "phi": {"0": 0.531430043749519, "1": 0.5870032774606575, "2": 0.4873939388123001}, "psi": {"0": 0.5945028767652583, "1": 0.6551064087837236, "2": 1.0403406608325496}, "sigma": {"0": 0.5918234387825243, "1": 0.0, "2": 0.0}, "chi_high": null, "beta_low": 0.8392324240991915}