{"R": 40.0, "wi": 1, "di": 0, "delta": 1.0, "gamma": {"0": 0.9445317581598629, "1": 1.185405584541948, "2": 0.6189576308079974}, "mu": {"0": 1.0205058992124223, "1": 1.077508147391214, "2": 1.119610572906599}, "phi": {"0": 0.3198990844829205, "1": 0.17077787045324466, "2": 0.5300590804581436}, "psi": {"0": 1.2771253161330427, "1": 1.1717075318995007, "2": 1.4932714489337549}, "sigma": {"0": 0.6742195401285553, "1": 0.0, "2": 0.0}, "chi_high": null, "beta_low": 0.6641299801780125}