{"R": 40.0, "wi": 3, "di": 2, "delta": 1.0, "gamma": {"0": 0.9051768081706255, "1": 1.0473025628107138, "2": 1.4859161400370708}, "mu": {"0": 1.0463174526016834, "1": 1.0070427227034935, "2": 1.0154683976707948}, "phi": {"0": 0.22078728461903874, "1": 0.6178751935378834, "2": 0.13979725967192203}, "psi": {"0": 1.2742075328934006, "1": 1.0636726347181482, "2": 1.1471287480596057}, "sigma": {"0": 0.6069179606508949, "1": 0.871947886184526, "2": 0.0}, "chi_high": 0.3526041010867273, "beta_low": null}