{"R": 40.0, "wi": 2, "di": 0, "delta": 1.0, "gamma": {"0": 0.6949323045576005, "1": 1.294537743038231, "2": 1.4320908556828464}, "mu": {"0": 1.102329281918752, "1": 1.002849429197595, "2": 1.0805051065439073}, "phi": {"0": 0.9568657128701963, "1": 0.555715545401673, "2": 0.19581216303169457}, "psi": {"0": 1.4381630358065585, "1": 1.0893985422904726, "2": 0.5242886233413857}, "sigma": {"0": 0.9532487811836473, "1": 0.7988563975240817, "2": 0.0}, "chi_high": null, "beta_low": null}