{"R": 40.0, "wi": 2, "di": 1, "delta": 1.0, "gamma": {"0": 1.2642697845327673, "1": 1.0013094410902381, "2": 0.7191990158007164}, "mu": {"0": 1.0332926385913552, "1": 1.1045632940493926, "2": 1.1013747359150083}, "phi": {"0": 0.4924853713319717, "1": 0.36042444289350084, "2": 0.42248927315484464}, "psi": {"0": 0.5921774005050752, "1": 1.1015896656120798, "2": 0.8182780562616875}, "sigma": {"0": 0.9653814692085996, "1": 0.5420147167377477, "2": 0.0}, "chi_high": null, "beta_low": null}