{"R": 40.0, "wi": 3, "di": 2, "delta": 1.0, "gamma": {"0": 1.1941120662393345, "1": 0.9591378462245086, "2": 0.900000535184402}, "mu": {"0": 1.0426309559750708, "1": 1.0360268746297367, "2": 1.000271375373898}, "phi": {"0": 0.7686195832150066, "1": 0.32301787216030564, "2": 0.053117567862432935}, "psi": {"0": 1.0902371078510429, "1": 1.0629620642827093, "2": 0.5281909404131158}, "sigma": {"0": 0.889500243226808, "1": 0.5088884906944795, "2": 0.0}, "chi_high": 0.7162010668084752, "beta_low": null}