{"R": 40.0, "wi": 3, "di": 2, "delta": 1.0, "gamma": {"0": 0.7527138851253302, "1": 1.2881802390521728, "2": 1.3604690933300012}, "mu": {"0": 1.0446143863642263, "1": 1.0881896734468635, "2": 1.0604374278257789}, "phi": {"0": 0.7906432605076198, "1": 0.19179971569995957, "2": 0.4067543708235981}, "psi": {"0": 0.6809310327532203, "1": 0.7749024072243784, "2": 1.2183025573378239}, "sigma": {"0": 0.918336212269033, "1": 0.9516348684996061, "2": 0.0}, "chi_high": 0.7115687946574121, "beta_low": null}