{"R": 40.0, "wi": 2, "di": 2, "delta": 1.0, "gamma": {"0": 1.4524050123954955, "1": 0.7562559755036365, "2": 0.8497800079339826}, "mu": {"0": 1.0384129911129432, "1": 1.1026833907853166, "2": 1.1271197624619949}, "phi": {"0": 0.1990571460409294, "1": 0.4048860445901774, "2": 0.2085923817936839}, "psi": {"0": 1.4619503832895282, "1": 0.9100381856630011, "2": 1.1782330584018341}, "sigma": {"0": 0.7296960903643016, "1": 0.8330611453706376, "2": 0.0}, "chi_high": null, "beta_low": null}