{"R": 40.0, "wi": 2, "di": 0, "delta": 1.0, "gamma": {"0": 1.1738272119958642, "1": 0.8856575391076382, "2": 0.9479191042982312}, "mu": {"0": 1.0604728211002308, "1": 1.0979483870529256, "2": 1.0899027974126512}, "phi": {"0": 0.11826112113276721, "1": 0.012528195589011748, "2": 0.5475198716530417}, "psi": {"0": 1.0897997274645506, "1": 0.6650693598377261, "2": 1.2015610187891763}, "sigma": {"0": 0.7844178745913112, "1": 0.5586967339563107, "2": 0.0}, "chi_high": null, "beta_low": null}