{"R": 40.0, "wi": 0, "di": 1, "delta": 1.0, "gamma": {"0": 0.6928753959675553, "1": 0.7905436223934379, "2": 1.2873582325247483}, "mu": {"0": 1.0328514054745976, "1": 1.0700027775054552, "2": 1.1426566028324054}, "phi": {"0": 0.5855507787095274, "1": 0.10518935395946716, "2": 0.4145040880787526}, "psi": {"0": 1.451449651084817, "1": 0.9646781289363408, "2": 0.7549156945232779}, "sigma": {"0": 0.8258263552041141, "1": 0.6465461099680251, "2": 0.0}, "chi_high": 0.7418076544413557, "beta_low": 0.08889689720483668}