{"R": 40.0, "wi": 0, "di": 0, "delta": 1.0, "gamma": {"0": 0.9462761864079965, "1": 0.5325125817314733, "2": 0.6290416293250891}, "mu": {"0": 1.0759278006810276, "1": 1.035609710829474, "2": 1.0829659576739368}, "phi": {"0": 0.617296134603474, "1": 0.21713809150874963, "2": 0.03489366922055548}, "psi": {"0": 1.2400113936970394, "1": 1.246403168893465, "2": 1.0083563361262304}, "sigma": {"0": 0.9624078814227688, "1": 0.7663512905291721, "2": 0.0}, "chi_high": 0.6250569275816158, "beta_low": 0.8559077765481521}