{"R": 40.0, "wi": 0, "di": 2, "delta": 1.0, "gamma": {"0": 0.7237169417089938, "1": 0.9392294040649612, "2": 0.7892590344787219}, "mu": {"0": 1.001948353551435, "1": 1.0272064125436162, "2": 1.0326584200651212}, "phi": {"0": 0.2849794594406557, "1": 0.7863860495075514, "2": 0.9055455539958079}, "psi": {"0": 0.6733606337179071, "1": 1.3021639599899224, "2": 1.3982709293940938}, "sigma": {"0": 0.5905742823336033, "1": 0.8871372397403958, "2": 0.0}, "chi_high": 0.7326378223819456, "beta_low": 0.8496819050930591}