{"R": 40.0, "wi": 3, "di": 2, "delta": 1.0, "gamma": {"0": 1.320928378983032, "1": 1.1697050167603888, "2": 1.0005938004502144}, "mu": {"0": 1.1141626848301414, "1": 1.0769997319934803, "2": 1.0683010792316985}, "phi": {"0": 0.9684977870228508, "1": 0.33526805992141917, "2": 0.1608390620594199}, "psi": {"0": 1.4466544237977281, "1": 0.8690129057886063, "2": 0.8586908322811841}, "sigma": {"0": 0.5800455708975054, "1": 0.744559822398851, "2": 0.0}, "chi_high": 0.5533910195179977, "beta_low": null}