{"R": 40.0, "wi": 0, "di": 0, "delta": 1.0, "gamma": {"0": 0.7169722709910487, "1": 0.987126660192922, "2": 1.2365126709254661}, "mu": {"0": 1.0442158531132937, "1": 1.0774393208194386, "2": 1.1442158976379986}, "phi": {"0": 0.10419851809300684, "1": 0.15108874909128767, "2": 0.8251428295868877}, "psi": {"0": 1.3309788074350322, "1": 0.5402118060748117, "2": 0.6520327772503925}, "sigma": {"0": 0.547775173306341, "1": 0.976574888088102, "2": 0.0}, "chi_high": 0.840297589358044, "beta_low": 0.16012534885128543}