{"R": 40.0, "wi": 2, "di": 1, "delta": 1.0, "gamma": {"0": 1.3742392298594748, "1": 0.8194744187619205, "2": 1.3484587875952294}, "mu": {"0": 1.0949894364349446, "1": 1.0051223083826257, "2": 1.080968644875723}, "phi": {"0": 0.13015818494094666, "1": 0.5751972490771066, "2": 0.865577792708739}, "psi": {"0": 1.4343636288840336, "1": 0.682847445046413, "2": 1.07924059921097}, "sigma": {"0": 0.7961965947567919, "1": 0.6777748257362741, "2": 0.0}, "chi_high": null, "beta_low": null}