{"R": 40.0, "wi": 1, "di": 0, "delta": 1.0, "gamma": {"0": 1.499514340398646, "1": 1.3048148846853356, "2": 1.0566423964687215}, "mu": {"0": 1.0805044360196971, "1": 1.0703493706784433, "2": 1.1174295311209383}, "phi": {"0": 0.05156140259782083, "1": 0.2691615617043003, "2": 0.6346245880947496}, "psi": {"0": 0.7089838836586595, "1": 0.6482938502269361, "2": 0.67704469640108}, "sigma": {"0": 0.9653681563893983, "1": 0.0, "2": 0.0}, "chi_high": null, "beta_low": 0.2715715657057836}