{"R": 40.0, "wi": 3, "di": 0, "delta": 1.0, "gamma": {"0": 1.2614740188767573, "1": 1.18720061124774, "2": 1.4376520241273845}, "mu": {"0": 1.0055623437174745, "1": 1.0747557795049851, "2": 1.0062991143363957}, "phi": {"0": 0.8266335149752267, "1": 0.04720243298652893, "2": 0.8498326619589426}, "psi": {"0": 0.7223238246464151, "1": 1.4217926308911712, "2": 1.0550645906555327}, "sigma": {"0": 0.9838023384249156, "1": 0.8192319252637577, "2": 0.0}, "chi_high": 0.36019259354133754, "beta_low": null}