{"R": 40.0, "wi": 0, "di": 2, "delta": 1.0, "gamma": {"0": 0.6039548900532838, "1": 0.8649758296188054, "2": 1.1022685797569745}, "mu": {"0": 1.07574755843778, "1": 1.030662065604423, "2": 1.118983561339147}, "phi": {"0": 0.5590787290762024, "1": 0.10760383322678435, "2": 0.5323347538543931}, "psi": {"0": 0.9945122961940847, "1": 0.7273624037035531, "2": 0.71991640789902}, "sigma": {"0": 0.8415541392279561, "1": 0.7747181622616965, "2": 0.0}, "chi_high": 0.12306870727770557, "beta_low": 0.21833332845192843}