{"R": 40.0, "wi": 2, "di": 2, "delta": 1.0, "gamma": {"0": 1.2083102327573298, "1": 0.5919853997322942, "2": 1.077276610840277}, "mu": {"0": 1.110898610041376, "1": 1.117091499574986, "2": 1.1149271281636717}, "phi": {"0": 0.022714881463911207, "1": 0.5203478234307254, "2": 0.17064098702343455}, "psi": {"0": 0.8776681750006524, "1": 0.6850727898621498, "2": 1.3758111311410215}, "sigma": {"0": 0.6836874281629365, "1": 0.8484829548470533, "2": 0.0}, "chi_high": null, "beta_low": null}