{"R": 40.0, "wi": 2, "di": 1, "delta": 1.0, "gamma": {"0": 0.5831441773789906, "1": 1.4494472329425157, "2": 0.7388666400528482}, "mu": {"0": 1.0409950946999753, "1": 1.1473827262402696, "2": 1.0250605115801226}, "phi": {"0": 0.04524426458374675, "1": 0.3244275468996308, "2": 0.8248994862909557}, "psi": {"0": 0.7953592004171864, "1": 0.8645096729805376, "2": 1.1011233565887437}, "sigma": {"0": 0.5844445519316919, "1": 0.8101915300419339, "2": 0.0}, "chi_high": null, "beta_low": null}