{"R": 40.0, "wi": 1, "di": 1, "delta": 1.0, "gamma": {"0": 1.3648160290361608, "1": 1.4811621853234556, "2": 1.452147639342868}, "mu": {"0": 1.0378015018818478, "1": 1.0691768534396118, "2": 1.0753234560481029}, "phi": {"0": 0.5636055188264694, "1": 0.1659762108347278, "2": 0.2012761897930203}, "psi": {"0": 1.1832131037348288, "1": 0.5899975925779188, "2": 1.0124193507120451}, "sigma": {"0": 0.8897555542058884, "1": 0.0, "2": 0.0}, "chi_high": null, "beta_low": 0.5293210034440025}