{"R": 40.0, "wi": 0, "di": 2, "delta": 1.0, "gamma": {"0": 1.4888126146405918, "1": 0.5488574900439729, "2": 1.4736762307311446}, "mu": {"0": 1.034809772447295, "1": 1.0465659603878803, "2": 1.0092022208933313}, "phi": {"0": 0.998588454987921, "1": 0.8090686764220353, "2": 0.33967242545954524}, "psi": {"0": 0.7716400353819267, "1": 1.0499944835970763, "2": 1.050112476949896}, "sigma": {"0": 0.687208911096661, "1": 0.5976599567950092, "2": 0.0}, "chi_high": 0.5753950661243601, "beta_low": 0.5191239254905842}