{"R": 40.0, "wi": 0, "di": 0, "delta": 1.0, "gamma": {"0": 0.9669332512737023, "1": 1.1915774001442294, "2": 0.6393861963328282}, "mu": {"0": 1.0600447338016832, "1": 1.0311618909539957, "2": 1.144515053896266}, "phi": {"0": 0.9364525313139557, "1": 0.9655208656146888, "2": 0.8415000265729592}, "psi": {"0": 1.152485655541259, "1": 1.4998039970919423, "2": 0.978403484216209}, "sigma": {"0": 0.8312876179266271, "1": 0.9379384583875572, "2": 0.0}, "chi_high": 0.7647218723074656, "beta_low": 0.10089352917814005}