{"R": 40.0, "wi": 3, "di": 0, "delta": 1.0, "gamma": {"0": 1.0327111195712688, "1": 1.3188242405654613, "2": 1.0319080862350507}, "mu": {"0": 1.084608252683379, "1": 1.1195444354766315, "2": 1.0436882312755567}, "phi": {"0": 0.9440841978630581, "1": 0.6950690654729361, "2": 0.9852314589305274}, "psi": {"0": 1.083024127828848, "1": 1.389188173724942, "2": 0.8186330342816133}, "sigma": {"0": 0.8639616368456651, "1": 0.7925891308939479, "2": 0.0}, "chi_high": 0.8330116044862907, "beta_low": null}