{"R": 40.0, "wi": 2, "di": 0, "delta": 1.0, "gamma": {"0": 1.0390632573880638, "1": 1.042101101278396, "2": 0.659662005335338}, "mu": {"0": 1.0570124043696856, "1": 1.1066947770424924, "2": 1.0818943411899151}, "phi": {"0": 0.6470705877674083, "1": 0.8161534938497753, "2": 0.14265767644976723}, "psi": {"0": 0.5711387948636906, "1": 0.8574743114756898, "2": 0.5967667135206461}, "sigma": {"0": 0.8942675849822472, "1": 0.7015782666179653, "2": 0.0}, "chi_high": null, "beta_low": null}