{"R": 40.0, "wi": 2, "di": 2, "delta": 1.0, "gamma": {"0": 1.0067861824343387, "1": 1.16807459865512, "2": 0.5123456121967344}, "mu": {"0": 1.0711211702951797, "1": 1.0724707440959689, "2": 1.0945108750915977}, "phi": {"0": 0.6748949933845888, "1": 0.5193234545323987, "2": 0.2647037869971651}, "psi": {"0": 1.2563039115979215, "1": 1.2447176671004732, "2": 0.5306116619796148}, "sigma": {"0": 0.9245382400714313, "1": 0.5747996245760579, "2": 0.0}, "chi_high": null, "beta_low": null}