{"R": 40.0, "wi": 1, "di": 0, "delta": 1.0, "gamma": {"0": 1.190460090176333, "1": 1.1663214030639169, "2": 0.9563913037757197}, "mu": {"0": 1.1450283806564185, "1": 1.0752151109073789, "2": 1.080527661025884}, "phi": {"0": 0.7811988685952387, "1": 0.47011451884512556, "2": 0.4074275641416405}, "psi": {"0": 1.465173155248179, "1": 1.0929581687877614, "2": 1.4753467067616406}, "sigma": {"0": 0.7460778160267345, "1": 0.0, "2": 0.0}, "chi_high": null, "beta_low": 0.4455287455652418}