{"R": 40.0, "wi": 0, "di": 0, "delta": 1.0, "gamma": {"0": 1.2580199197113684, "1": 0.7423306683449592, "2": 0.8662234259015822}, "mu": {"0": 1.0427115168719456, "1": 1.061608092257757, "2": 1.0955468991926491}, "phi": {"0": 0.6584720734730188, "1": 0.07209106126723563, "2": 0.910876916059062}, "psi": {"0": 1.1797612717001416, "1": 0.9145358111306616, "2": 1.445434472012792}, "sigma": {"0": 0.7939491341299456, "1": 0.8035909608924219, "2": 0.0}, "chi_high": 0.919091810206734, "beta_low": 0.8852012291323798}