{"R": 40.0, "wi": 2, "di": 2, "delta": 1.0, "gamma": {"0": 0.6301450523016225, "1": 1.4993543046847693, "2": 0.9882566219342006}, "mu": {"0": 1.0891142588603115, "1": 1.0255972171197347, "2": 1.0469086678630202}, "phi": {"0": 0.41822768797059373, "1": 0.741623028483319, "2": 0.519631907401345}, "psi": {"0": 1.3798592709272994, "1": 1.2403794744309966, "2": 0.9016605068324528}, "sigma": {"0": 0.8886335055792707, "1": 0.5666732320516006, "2": 0.0}, "chi_high": null, "beta_low": null}