{"R": 40.0, "wi": 2, "di": 0, "delta": 1.0, "gamma": {"0": 0.6580983446526492, "1": 0.5608408707676819, "2": 0.5930963865880734}, "mu": {"0": 1.1467513529879574, "1": 1.121414872203586, "2": 1.1016336758428091}, "phi": {"0": 0.8141971336664533, "1": 0.06613360418044456, "2": 0.8529265615329549}, "psi": {"0": 1.0142503997196903, "1": 0.7771224163814188, "2": 1.4334064144073841}, "sigma": {"0": 0.5922510766287594, "1": 0.8591717582729332, "2": 0.0}, "chi_high": null, "beta_low": null}