{"R": 40.0, "wi": 1, "di": 2, "delta": 1.0, "gamma": {"0": 1.484819173544767, "1": 0.7553923391540598, "2": 1.3257230174606396}, "mu": {"0": 1.0965528836446905, "1": 1.0076373943177805, "2": 1.147273791276985}, "phi": {"0": 0.05501523153993171, "1": 0.17785964154656042, "2": 0.25844269096989736}, "psi": {"0": 0.7366724841927457, "1": 1.3095166119987187, "2": 0.7893771635223603}, "sigma": {"0": 0.9931010604777848, "1": 0.0, "2": 0.0}, "chi_high": null, "beta_low": 0.41641712032988215}