{"R": 40.0, "wi": 2, "di": 2, "delta": 1.0, "gamma": {"0": 1.4254551365910877, "1": 1.013218443892705, "2": 0.6625803412533461}, "mu": {"0": 1.14796484985815, "1": 1.0594505536857788, "2": 1.0581084343814842}, "phi": {"0": 0.9260714932743422, "1": 0.3706717771015364, "2": 0.13368327367000266}, "psi": {"0": 0.5319219692790466, "1": 0.6409979305668645, "2": 0.5429780098048004}, "sigma": {"0": 0.6030882124575019, "1": 0.9060503693422519, "2": 0.0}, "chi_high": null, "beta_low": null}