{"R": 40.0, "wi": 1, "di": 2, "delta": 1.0, "gamma": {"0": 1.0202982783418626, "1": 1.1834911338585585, "2": 0.843263769707376}, "mu": {"0": 1.1289782292718171, "1": 1.1171246872215805, "2": 1.0492003838985853}, "phi": {"0": 0.8398420025092515, "1": 0.7410512255633755, "2": 0.24772630143214347}, "psi": {"0": 1.067188474540922, "1": 1.069612490713788, "2": 0.6388391170884855}, "sigma": {"0": 0.8344509998363578, "1": 0.0, "2": 0.0}, "chi_high": null, "beta_low": 0.45430485300499857}