{"R": 40.0, "wi": 3, "di": 2, "delta": 1.0, "gamma": {"0": 0.6157870005135994, "1": 0.9713110802159286, "2": 0.8203670196024222}, "mu": {"0": 1.0239141517550112, "1": 1.0770560084755578, "2": 1.0062514625708663}, "phi": {"0": 0.016892738487362058, "1": 0.43273861737080876, "2": 0.12837892933509243}, "psi": {"0": 0.9934289681328516, "1": 1.1685929432991409, "2": 0.7510282841919427}, "sigma": {"0": 0.5247579969657281, "1": 0.7251208767568239, "2": 0.0}, "chi_high": 0.46699166744664244, "beta_low": null}