{"R": 40.0, "wi": 0, "di": 2, "delta": 1.0, "gamma": {"0": 1.3136891629015734, "1": 0.836020759738956, "2": 1.4301973747459291}, "mu": {"0": 1.050529610621842, "1": 1.072536529508178, "2": 1.0498487555168265}, "phi": {"0": 0.6449029690061676, "1": 0.12853372206184122, "2": 0.04863776644441864}, "psi": {"0": 0.5414907867354966, "1": 1.0476496463284688, "2": 0.916625382005649}, "sigma": {"0": 0.719187735734212, "1": 0.7213554691890465, "2": 0.0}, "chi_high": 0.02568234709387489, "beta_low": 0.27465588599400914}