{"R": 40.0, "wi": 2, "di": 0, "delta": 1.0, "gamma": {"0": 0.5557663481771099, "1": 0.6770831769608178, "2": 0.9552626513160182}, "mu": {"0": 1.0517698044456036, "1": 1.120292407989747, "2": 1.0926326386969505}, "phi": {"0": 0.35748711490776885, "1": 0.7240891434306416, "2": 0.8171129705992866}, "psi": {"0": 1.2116075886026851, "1": 1.4503459151334468, "2": 1.0169893103228211}, "sigma": {"0": 0.7721447158995698, "1": 0.5287808427681698, "2": 0.0}, "chi_high": null, "beta_low": null}