{"R": 40.0, "wi": 3, "di": 0, "delta": 1.0, "gamma": {"0": 0.6564629194318009, "1": 1.3117268758588136, "2": 0.847978892827995}, "mu": {"0": 1.0888636050216784, "1": 1.0217034724733005, "2": 1.1229752004228477}, "phi": {"0": 0.7801986399382722, "1": 0.9910833411495913, "2": 0.41954754963301377}, "psi": {"0": 1.198876385825468, "1": 1.0224705785321466, "2": 0.9452751553693916}, "sigma": {"0": 0.8390074761711322, "1": 0.6830200695089624, "2": 0.0}, "chi_high": 0.22494038899142668, "beta_low": null}