{"R": 40.0, "wi": 0, "di": 1, "delta": 1.0, "gamma": {"0": 0.7314554602430787, "1": 1.306766496937974, "2": 0.7508884471026508}, "mu": {"0": 1.1124980787206473, "1": 1.141674461300683, "2": 1.0012751398344018}, "phi": {"0": 0.19259424514389645, "1": 0.2832138968308636, "2": 0.9907712130625991}, "psi": {"0": 1.01473863528842, "1": 0.6571115122800248, "2": 1.1651778545355107}, "sigma": {"0": 0.7014275186339001, "1": 0.7897351592209894, "2": 0.0}, "chi_high": 0.8576874290030875, "beta_low": 0.845212471990727}