{"R": 40.0, "wi": 3, "di": 2, "delta": 1.0, "gamma": {"0": 0.5006267209143441, "1": 1.1488465251140922, "2": 0.6193475734544632}, "mu": {"0": 1.1199300085618298, "1": 1.1339693401268789, "2": 1.0814116869267183}, "phi": {"0": 0.2600065523957752, "1": 0.9114651398781296, "2": 0.8572154800061688}, "psi": {"0": 0.7685048337341702, "1": 1.429270211509429, "2": 1.4114287677538808}, "sigma": {"0": 0.8480114196428941, "1": 0.8108594165966744, "2": 0.0}, "chi_high": 0.3789459505305997, "beta_low": null}