{"R": 40.0, "wi": 1, "di": 0, "delta": 1.0, "gamma": {"0": 1.2499618707786169, "1": 0.7233995581399367, "2": 0.7743212990190363}, "mu": {"0": 1.0334756280405881, "1": 1.1294293484320024, "2": 1.027190638537988}, "phi": {"0": 0.6031041491593517, "1": 0.9003503615577901, "2": 0.8685877535895814}, "psi": {"0": 0.5052798433872615, "1": 0.9474154684487925, "2": 1.4211887407297645}, "sigma": {"0": 0.9519704126933273, "1": 0.0, "2": 0.0}, "chi_high": null, "beta_low": 0.42244250787772414}