{"R": 40.0, "wi": 1, "di": 0, "delta": 1.0, "gamma": {"0": 1.4716485056038455, "1": 1.4307519440962562, "2": 1.1861172038335215}, "mu": {"0": 1.0072808639842725, "1": 1.002796833424199, "2": 1.087633637027152}, "phi": {"0": 0.11582398271220307, "1": 0.9491903667521816, "2": 0.08345141440344406}, "psi": {"0": 1.0272918653565641, "1": 0.8381164964170698, "2": 1.2509171106779344}, "sigma": {"0": 0.5223733647285205, "1": 0.0, "2": 0.0}, "chi_high": null, "beta_low": 0.5597587280921217}