{"R": 40.0, "wi": 3, "di": 0, "delta": 1.0, "gamma": {"0": 1.2033489523238132, "1": 0.5951143677094486, "2": 1.077925586501049}, "mu": {"0": 1.1240208315443447, "1": 1.0169001628672174, "2": 1.0834515684193395}, "phi": {"0": 0.6247954559079574, "1": 0.2518412409839903, "2": 0.18073825206780114}, "psi": {"0": 1.0339992899527632, "1": 0.8694164050613915, "2": 1.155508848378423}, "sigma": {"0": 0.8676721183332259, "1": 0.7974966596207258, "2": 0.0}, "chi_high": 0.1752128208999086, "beta_low": null}