{"R": 40.0, "wi": 1, "di": 2, "delta": 1.0, "gamma": {"0": 0.7717248900938989, "1": 0.6423554180971137, "2": 1.382543568910681}, "mu": {"0": 1.07909241955976, "1": 1.1223034427104268, "2": 1.0256488477722483}, "phi": {"0": 0.6630253136157178, "1": 0.23992080042958275, "2": 0.1875356216859413}, "psi": {"0": 1.1472055446603369, "1": 1.0811847011068532, "2": 1.0963954189504577}, "sigma": {"0": 0.939248835869618, "1": 0.0, "2": 0.0}, "chi_high": null, "beta_low": 0.06687971128179451}