{"R": 40.0, "wi": 0, "di": 2, "delta": 1.0, "gamma": {"0": 0.5268306639389752, "1": 1.1864588847912387, "2": 1.4930862682802992}, "mu": {"0": 1.1116256659284336, "1": 1.1014740473414673, "2": 1.0548419509719749}, "phi": {"0": 0.9780463794064207, "1": 0.13894828159550898, "2": 0.526502964811613}, "psi": {"0": 1.1361667500709114, "1": 0.9607788698928847, "2": 0.7272588912651657}, "sigma": {"0": 0.8572045702753841, "1": 0.5654008345781204, "2": 0.0}, "chi_high": 0.01912507892292487, "beta_low": 0.5236404045842342}