{"R": 40.0, "wi": 0, "di": 2, "delta": 1.0, "gamma": {"0": 0.661030892422787, "1": 0.8654100733627739, "2": 1.1366662798602376}, "mu": {"0": 1.0586348715936822, "1": 1.0744363151362126, "2": 1.1156487536867417}, "phi": {"0": 0.9683057682312493, "1": 0.21324234523358454, "2": 0.48165045552844965}, "psi": {"0": 0.5633442049980568, "1": 1.4232318902927412, "2": 0.9346145871549729}, "sigma": {"0": 0.8226923408632266, "1": 0.9876628150121197, "2": 0.0}, "chi_high": 0.8683735884873469, "beta_low": 0.646404176801319}