{"R": 40.0, "wi": 1, "di": 0, "delta": 1.0, "gamma": {"0": 1.0360628898177202, "1": 0.9789940095683014, "2": 1.1129146485589536}, "mu": {"0": 1.1373899147418112, "1": 1.135098626117588, "2": 1.0008691705431751}, "phi": {"0": 0.009268881083734137, "1": 0.8410145112802323, "2": 0.02822158982007772}, "psi": {"0": 0.972297259227718, "1": 0.6465514706003477, "2": 0.54388044882547}, "sigma": {"0": 0.7763749178038054, "1": 0.0, "2": 0.0}, "chi_high": null, "beta_low": 0.5165567987281838}