{"R": 40.0, "wi": 0, "di": 0, "delta": 1.0, "gamma": {"0": 1.1141347102969779, "1": 0.9402297405706384, "2": 0.9718605548045915}, "mu": {"0": 1.0596817623451507, "1": 1.1285800650645383, "2": 1.104590578493687}, "phi": {"0": 0.30426578010698946, "1": 0.24742690703536607, "2": 0.4973819885006998}, "psi": {"0": 1.4658354554264426, "1": 0.6770487901817278, "2": 1.2459568048735186}, "sigma": {"0": 0.7096493171794522, "1": 0.9073098787448963, "2": 0.0}, "chi_high": 0.35393986787999776, "beta_low": 0.2407415691695087}