{"R": 40.0, "wi": 0, "di": 2, "delta": 1.0, "gamma": {"0": 0.7809744515278342, "1": 1.4599737840205993, "2": 1.396881488921072}, "mu": {"0": 1.0791615594692774, "1": 1.081122345297115, "2": 1.1317052022121559}, "phi": {"0": 0.1473329441300293, "1": 0.6391111684973874, "2": 0.9258366523922047}, "psi": {"0": 0.9209928876488652, "1": 0.8017543471687257, "2": 0.6628120168405698}, "sigma": {"0": 0.6210258808660123, "1": 0.7177091936553391, "2": 0.0}, "chi_high": 0.06243543948048511, "beta_low": 0.28050864649191315}