{"R": 40.0, "wi": 2, "di": 1, "delta": 1.0, "gamma": {"0": 0.974191972695426, "1": 1.2966913747706204, "2": 1.3933977497727368}, "mu": {"0": 1.1131908021606156, "1": 1.0255907562630535, "2": 1.0652677278275202}, "phi": {"0": 0.2954194975016535, "1": 0.4981464305573988, "2": 0.05890547358931464}, "psi": {"0": 0.7511150359786801, "1": 1.291276867440578, "2": 0.6436352487104977}, "sigma": {"0": 0.6395080461332476, "1": 0.7647595781991927, "2": 0.0}, "chi_high": null, "beta_low": null}