{"R": 40.0, "wi": 0, "di": 2, "delta": 1.0, "gamma": {"0": 0.9480282337051652, "1": 0.5142543243840482, "2": 0.665679984766043}, "mu": {"0": 1.0140937966472139, "1": 1.0609193325548079, "2": 1.1325934662158108}, "phi": {"0": 0.3024658954359275, "1": 0.04424529361194607, "2": 0.5849758555020512}, "psi": {"0": 1.3697503502040296, "1": 1.1060241744299597, "2": 1.1897640301558834}, "sigma": {"0": 0.6154635709665626, "1": 0.74560032774928, "2": 0.0}, "chi_high": 0.2843334397381286, "beta_low": 0.42564747119459473}