{"R": 40.0, "wi": 2, "di": 1, "delta": 1.0, "gamma": {"0": 1.4829953713689572, "1": 0.6100165314029614, "2": 1.4462625815775385}, "mu": {"0": 1.0537506660437084, "1": 1.014736650990834, "2": 1.1260879866918005}, "phi": {"0": 0.06688370940475963, "1": 0.8640440835280194, "2": 0.4134530576859602}, "psi": {"0": 1.3156574159204801, "1": 1.483188217926971, "2": 0.9989613712355763}, "sigma": {"0": 0.7510651966277742, "1": 0.7251201532190308, "2": 0.0}, "chi_high": null, "beta_low": null}