{"R": 40.0, "wi": 2, "di": 0, "delta": 1.0, "gamma": {"0": 0.8683528256876791, "1": 1.0657352235279933, "2": 1.373977694016146}, "mu": {"0": 1.108275169789507, "1": 1.041796009513807, "2": 1.0352349382384314}, "phi": {"0": 0.1709562710756215, "1": 0.18517043764281782, "2": 0.23691756303753642}, "psi": {"0": 0.6360979334400033, "1": 1.0351985539643471, "2": 1.4624960660647228}, "sigma": {"0": 0.5151781187420159, "1": 0.8209589636933132, "2": 0.0}, "chi_high": null, "beta_low": null}