{"R": 40.0, "wi": 1, "di": 0, "delta": 1.0, "gamma": {"0": 1.4971797692781443, "1": 1.0514006030524894, "2": 0.8868224208650152}, "mu": {"0": 1.076338380970453, "1": 1.0919695617158047, "2": 1.0671028070623625}, "phi": {"0": 0.22849304163166229, "1": 0.7145377490028114, "2": 0.38063658751528995}, "psi": {"0": 1.4469782082310372, "1": 0.8412155285752424, "2": 1.233375019219634}, "sigma": {"0": 0.7473690723431906, "1": 0.0, "2": 0.0}, "chi_high": null, "beta_low": 0.4883586322713772}