{"R": 40.0, "wi": 3, "di": 1, "delta": 1.0, "gamma": {"0": 1.2620951549214352, "1": 0.6348625187940937, "2": 1.2284124472229945}, "mu": {"0": 1.0909239830886268, "1": 1.1102793047177908, "2": 1.1239076269555048}, "phi": {"0": 0.9817608380417518, "1": 0.9817418453071934, "2": 0.8269449868016999}, "psi": {"0": 0.7218758981722929, "1": 1.4214876738849984, "2": 1.4899651979019057}, "sigma": {"0": 0.5432711706199516, "1": 0.6995418582986057, "2": 0.0}, "chi_high": 0.24474871830032227, "beta_low": null}