{"R": 40.0, "wi": 2, "di": 0, "delta": 1.0, "gamma": {"0": 0.8481894440079378, "1": 0.7855066471683615, "2": 1.4060283455047156}, "mu": {"0": 1.0476274533198924, "1": 1.0888431707598434, "2": 1.014758301022293}, "phi": {"0": 0.4894983756402018, "1": 0.6056282758496777, "2": 0.3480408956818277}, "psi": {"0": 1.0519259350236978, "1": 0.5795334865503741, "2": 0.5062384668778237}, "sigma": {"0": 0.9213162284857326, "1": 0.5418604534339163, "2": 0.0}, "chi_high": null, "beta_low": null}