{"R": 40.0, "wi": 2, "di": 0, "delta": 1.0, "gamma": {"0": 1.1654291473538991, "1": 1.257505649030397, "2": 1.051719608237656}, "mu": {"0": 1.1098643920092433, "1": 1.0047281518346607, "2": 1.1070574850784671}, "phi": {"0": 0.5602794566300989, "1": 0.7697006920386258, "2": 0.6022959334685598}, "psi": {"0": 0.9365745919535906, "1": 0.9030506300882122, "2": 0.7489974535063919}, "sigma": {"0": 0.5630520261551171, "1": 0.6585720178146439, "2": 0.0}, "chi_high": null, "beta_low": null}