{"R": 40.0, "wi": 3, "di": 2, "delta": 1.0, "gamma": {"0": 0.5885670383170659, "1": 1.2638601927444775, "2": 1.4732281988906664}, "mu": {"0": 1.035587368868692, "1": 1.0502108041763731, "2": 1.0142195256770752}, "phi": {"0": 0.7488473255984249, "1": 0.35408758412077335, "2": 0.8216962907753319}, "psi": {"0": 0.9556516009570638, "1": 1.3045179890800902, "2": 1.1779239933691703}, "sigma": {"0": 0.905011988640598, "1": 0.7466199648869932, "2": 0.0}, "chi_high": 0.7457697580789755, "beta_low": null}