{"R": 40.0, "wi": 1, "di": 2, "delta": 1.0, "gamma": {"0": 1.0502655201959792, "1": 1.4889609843178304, "2": 1.061129419621587}, "mu": {"0": 1.1384544860817523, "1": 1.103248909104921, "2": 1.0230459520032722}, "phi": {"0": 0.6933810302583086, "1": 0.9813329050930549, "2": 0.6954265649855702}, "psi": {"0": 1.1913117200534968, "1": 0.6311672170617468, "2": 0.8793829905157878}, "sigma": {"0": 0.755480528213853, "1": 0.0, "2": 0.0}, "chi_high": null, "beta_low": 0.11895157067569075}