{"R": 40.0, "wi": 1, "di": 1, "delta": 1.0, "gamma": {"0": 1.0595255383793607, "1": 0.8294847198898886, "2": 0.7907921933897558}, "mu": {"0": 1.0453191709616527, "1": 1.114588727081873, "2": 1.0936848631280016}, "phi": {"0": 0.577966800589328, "1": 0.024099829129359485, "2": 0.76476905999912}, "psi": {"0": 0.5367599953709176, "1": 0.5114606188382116, "2": 0.7639419106110741}, "sigma": {"0": 0.8193662729692268, "1": 0.0, "2": 0.0}, "chi_high": null, "beta_low": 0.5840042802900135}