{"R": 40.0, "wi": 3, "di": 0, "delta": 1.0, "gamma": {"0": 0.614535567351974, "1": 1.2855513965109167, "2": 0.9517429069267225}, "mu": {"0": 1.098217827435474, "1": 1.1126648501093142, "2": 1.1249944233109639}, "phi": {"0": 0.45536855459156556, "1": 0.3038649244048671, "2": 0.6949867186516125}, "psi": {"0": 0.5073746142687706, "1": 1.2318300073291166, "2": 1.4839586439328716}, "sigma": {"0": 0.5268726131291902, "1": 0.9506718447117144, "2": 0.0}, "chi_high": 0.10187264762870576, "beta_low": null}