{"R": 40.0, "wi": 3, "di": 1, "delta": 1.0, "gamma": {"0": 0.5365070802368099, "1": 0.573681145210399, "2": 1.2698622393251202}, "mu": {"0": 1.0443945066443432, "1": 1.0169404704747529, "2": 1.0236906863242285}, "phi": {"0": 0.9449868274454485, "1": 0.8088051658949096, "2": 0.6099047465126736}, "psi": {"0": 0.8078049769823956, "1": 1.3813997873310067, "2": 0.5065245808378551}, "sigma": {"0": 0.774853131542474, "1": 0.9618797099313905, "2": 0.0}, "chi_high": 0.6685602596709734, "beta_low": null}