{"R": 40.0, "wi": 3, "di": 2, "delta": 1.0, "gamma": {"0": 0.5910566367615486, "1": 0.8718051256077952, "2": 0.9370558689637838}, "mu": {"0": 1.0327655758098333, "1": 1.1057048569457042, "2": 1.0827188907152743}, "phi": {"0": 0.00031006223934360033, "1": 0.10197641062482998, "2": 0.6052454504174951}, "psi": {"0": 1.2741380229515902, "1": 1.3353031453364093, "2": 1.4399929055945904}, "sigma": {"0": 0.6206885231934429, "1": 0.8969554010199179, "2": 0.0}, "chi_high": 0.9644520706020591, "beta_low": null}