{"R": 40.0, "wi": 0, "di": 2, "delta": 1.0, "gamma": {"0": 1.4085380823989584, "1": 1.344635946012636, "2": 0.7628195634221715}, "mu": {"0": 1.106824632051948, "1": 1.0187148186948776, "2": 1.0403225260589635}, "phi": {"0": 0.3675997858669462, "1": 0.7448242725278007, "2": 0.020034689425674657}, "psi": {"0": 0.568333654602681, "1": 0.5562487793712574, "2": 0.7550799289922271}, "sigma": {"0": 0.8735672549142035, "1": 0.68536600857546, "2": 0.0}, "chi_high": 0.4850631052476376, "beta_low": 0.48385035916120755}