{"R": 40.0, "wi": 1, "di": 1, "delta": 1.0, "gamma": {"0": 1.2044682781321647, "1": 0.5747587387967532, "2": 1.4385495866895166}, "mu": {"0": 1.0257278403895547, "1": 1.1004217500413331, "2": 1.037989639716415}, "phi": {"0": 0.12465656155521887, "1": 0.5051762745941453, "2": 0.0993906753985363}, "psi": {"0": 1.2895328560265638, "1": 1.4530611412702719, "2": 1.2853632866976294}, "sigma": {"0": 0.9193134480108691, "1": 0.0, "2": 0.0}, "chi_high": null, "beta_low": 0.5854956591492485}