{"R": 40.0, "wi": 0, "di": 0, "delta": 1.0, "gamma": {"0": 1.2872483143034943, "1": 0.6860881084119881, "2": 1.01537316581891}, "mu": {"0": 1.107043028611681, "1": 1.120007600429013, "2": 1.1380068776215038}, "phi": {"0": 0.5385078628623364, "1": 0.7171062582751063, "2": 0.9327120794308795}, "psi": {"0": 1.1719155725060548, "1": 0.7606559841471094, "2": 0.5339467520442724}, "sigma": {"0": 0.5089986849554351, "1": 0.8024353852159449, "2": 0.0}, "chi_high": 0.9391682960311535, "beta_low": 0.4763144332306232}