{"R": 40.0, "wi": 0, "di": 2, "delta": 1.0, "gamma": {"0": 1.0747965837503308, "1": 0.9775593823961104, "2": 1.077906547765449}, "mu": {"0": 1.138679065502042, "1": 1.1089078375379715, "2": 1.0051910866766094}, "phi": {"0": 0.7371839686765493, "1": 0.2408566259304088, "2": 0.550829903874891}, "psi": {"0": 0.5301910649334264, "1": 1.1903321555598068, "2": 0.7733871157591456}, "sigma": {"0": 0.5047713180518989, "1": 0.6592151444668992, "2": 0.0}, "chi_high": 0.019833950925123127, "beta_low": 0.46007949817058313}