{"R": 40.0, "wi": 1, "di": 1, "delta": 1.0, "gamma": {"0": 1.446678790936844, "1": 0.6477284196422578, "2": 0.8571530750675265}, "mu": {"0": 1.0342284266897168, "1": 1.0375299491319268, "2": 1.0262234094508411}, "phi": {"0": 0.9726422228457643, "1": 0.20520509574937962, "2": 0.4050774213302375}, "psi": {"0": 0.9076937700496138, "1": 0.9633984497230853, "2": 0.9918275103588609}, "sigma": {"0": 0.7000106266935554, "1": 0.0, "2": 0.0}, "chi_high": null, "beta_low": 0.2808830011409434}