{"R": 40.0, "wi": 2, "di": 1, "delta": 1.0, "gamma": {"0": 0.5720164191949284, "1": 0.646001001814726, "2": 1.120144861128649}, "mu": {"0": 1.033135291991592, "1": 1.0091238277122916, "2": 1.131021721281266}, "phi": {"0": 0.7433876339960991, "1": 0.5020734990033076, "2": 0.10967014754969961}, "psi": {"0": 1.3475648845224406, "1": 0.7182014566341971, "2": 0.6151597235850581}, "sigma": {"0": 0.6589377689596043, "1": 0.7026477166236283, "2": 0.0}, "chi_high": null, "beta_low": null}