{"R": 40.0, "wi": 1, "di": 0, "delta": 1.0, "gamma": {"0": 1.1955740833653934, "1": 0.712959968203591, "2": 0.6746618294135289}, "mu": {"0": 1.0698734648358472, "1": 1.0092539853576286, "2": 1.1481261329640775}, "phi": {"0": 0.8153598130344548, "1": 0.5467035308983036, "2": 0.3797725835145115}, "psi": {"0": 1.4071151318402444, "1": 1.0551293709087184, "2": 0.8022834017090643}, "sigma": {"0": 0.925562897223365, "1": 0.0, "2": 0.0}, "chi_high": null, "beta_low": 0.7596952620055752}