{"R": 40.0, "wi": 3, "di": 2, "delta": 1.0, "gamma": {"0": 0.9980827066822743, "1": 1.1250405106163508, "2": 1.472393680775853}, "mu": {"0": 1.100800234280973, "1": 1.1266047485132318, "2": 1.0433014756074603}, "phi": {"0": 0.7904953660531303, "1": 0.7457838898400789, "2": 0.5006829300307185}, "psi": {"0": 0.7136436597250542, "1": 1.0176465214749146, "2": 0.6019242877340535}, "sigma": {"0": 0.8646422441930456, "1": 0.9279424080305936, "2": 0.0}, "chi_high": 0.47262103886514273, "beta_low": null}