{"R": 40.0, "wi": 1, "di": 0, "delta": 1.0, "gamma": {"0": 0.9649557647363296, "1": 0.9994632829261839, "2": 0.7358738454264854}, "mu": {"0": 1.0766354265310443, "1": 1.035310258626594, "2": 1.0970563054857996}, "phi": {"0": 0.7789425493016007, "1": 0.24440921535607152, "2": 0.14380281834261244}, "psi": {"0": 1.256752312514939, "1": 1.1332142142960535, "2": 0.8825153920668182}, "sigma": {"0": 0.9591139472922743, "1": 0.0, "2": 0.0}, "chi_high": null, "beta_low": 0.7094003003479373}