{"R": 40.0, "wi": 0, "di": 0, "delta": 1.0, "gamma": {"0": 0.6103521419106303, "1": 0.7818333400405094, "2": 0.9125043406929503}, "mu": {"0": 1.0927133553076744, "1": 1.0284206293937788, "2": 1.0322250387574925}, "phi": {"0": 0.7798494225582664, "1": 0.16095558616497962, "2": 0.16060584433631886}, "psi": {"0": 1.1581508004519434, "1": 0.5625016531997554, "2": 0.8215283793817223}, "sigma": {"0": 0.5933164602573694, "1": 0.9428744306377632, "2": 0.0}, "chi_high": 0.1723101406707508, "beta_low": 0.9214308967328187}