{"R": 40.0, "wi": 1, "di": 0, "delta": 1.0, "gamma": {"0": 1.1953835431528348, "1": 0.8189131706943049, "2": 1.2578043748420988}, "mu": {"0": 1.0641620864862735, "1": 1.1159757310644787, "2": 1.0028138695795041}, "phi": {"0": 0.926612503004419, "1": 0.5996790558616099, "2": 0.15802746034570125}, "psi": {"0": 1.1885437124299165, "1": 1.3966469450279977, "2": 1.4270070191894542}, "sigma": {"0": 0.9315181968127766, "1": 0.0, "2": 0.0}, "chi_high": null, "beta_low": 0.15573382320619972}