{"R": 40.0, "wi": 2, "di": 1, "delta": 1.0, "gamma": {"0": 0.7923343698756178, "1": 1.0275013910019606, "2": 1.3688690230741307}, "mu": {"0": 1.1174401100165052, "1": 1.1095379465917794, "2": 1.0776160051131412}, "phi": {"0": 0.9992125186698971, "1": 0.3699959106545988, "2": 0.4984425722852437}, "psi": {"0": 0.8376275507092076, "1": 0.5867801387441344, "2": 0.7514365937735707}, "sigma": {"0": 0.6974083468116528, "1": 0.7551060145629749, "2": 0.0}, "chi_high": null, "beta_low": null}