{"R": 40.0, "wi": 3, "di": 1, "delta": 1.0, "gamma": {"0": 1.3482059244156916, "1": 1.1634112975878335, "2": 1.4984754360693904}, "mu": {"0": 1.0839080837812898, "1": 1.0353100863247842, "2": 1.036039859051805}, "phi": {"0": 0.7568243769574691, "1": 0.5495953935751328, "2": 0.6854048555328033}, "psi": {"0": 0.5518910766364603, "1": 1.446512811865658, "2": 0.7181750377572271}, "sigma": {"0": 0.5818322377310252, "1": 0.6213013483467245, "2": 0.0}, "chi_high": 0.4462527821389919, "beta_low": null}