{"R": 40.0, "wi": 2, "di": 0, "delta": 1.0, "gamma": {"0": 1.4986862022358853, "1": 1.3304414571929284, "2": 1.1218693975875078}, "mu": {"0": 1.0102340654138477, "1": 1.062023493170031, "2": 1.0732398916420973}, "phi": {"0": 0.6411045918405058, "1": 0.09834274006912913, "2": 0.48676723118775955}, "psi": {"0": 1.0049996103912036, "1": 0.677010077303022, "2": 0.8782127323755596}, "sigma": {"0": 0.7408866684134257, "1": 0.8726570692416618, "2": 0.0}, "chi_high": null, "beta_low": null}