{"R": 40.0, "wi": 1, "di": 2, "delta": 1.0, "gamma": {"0": 1.2350271264698218, "1": 0.7060735489717977, "2": 0.9299793716215593}, "mu": {"0": 1.0434298174690284, "1": 1.0972661006482447, "2": 1.0865966326267678}, "phi": {"0": 0.7010533802454015, "1": 0.8483908745200117, "2": 0.286665838570186}, "psi": {"0": 0.9054086003063283, "1": 1.0189442616312658, "2": 0.702363864662852}, "sigma": {"0": 0.9263797238004953, "1": 0.0, "2": 0.0}, "chi_high": null, "beta_low": 0.9276617721627131}