{"R": 40.0, "wi": 0, "di": 1, "delta": 1.0, "gamma": {"0": 0.5729005448959507, "1": 1.4928547649622712, "2": 1.2489391641256122}, "mu": {"0": 1.0481986104388252, "1": 1.1290656600699052, "2": 1.1285099329851596}, "phi": {"0": 0.26884248610472783, "1": 0.3595398365445074, "2": 0.37246407860476183}, "psi": {"0": 1.226983436389677, "1": 1.0019170311077765, "2": 1.1865357087068937}, "sigma": {"0": 0.979503718187567, "1": 0.8810467840548537, "2": 0.0}, "chi_high": 0.35554348035747163, "beta_low": 0.9464177864997882}