{"R": 40.0, "wi": 1, "di": 0, "delta": 1.0, "gamma": {"0": 1.2236246609698538, "1": 0.5769195104331325, "2": 0.6603343500129927}, "mu": {"0": 1.10862189286803, "1": 1.0563793286943874, "2": 1.116271890876906}, "phi": {"0": 0.022912043908132285, "1": 0.21503648455426594, "2": 0.3496353845513268}, "psi": {"0": 1.0419557965073174, "1": 0.5510020218152829, "2": 1.1885102141487323}, "sigma": {"0": 0.846579284318919, "1": 0.0, "2": 0.0}, "chi_high": null, "beta_low": 0.21866292559926917}