{"R": 40.0, "wi": 2, "di": 2, "delta": 1.0, "gamma": {"0": 0.9361251185858913, "1": 0.5523294873877228, "2": 0.8884753100862751}, "mu": {"0": 1.0154463615361258, "1": 1.0213771139705472, "2": 1.044816222415071}, "phi": {"0": 0.0976880459080055, "1": 0.010910639292834978, "2": 0.0672486334133301}, "psi": {"0": 1.4032566289322497, "1": 0.8299354377148435, "2": 1.4351169384856246}, "sigma": {"0": 0.9831854073692723, "1": 0.8433535697072931, "2": 0.0}, "chi_high": null, "beta_low": null}