{"R": 40.0, "wi": 0, "di": 1, "delta": 1.0, "gamma": {"0": 0.8595932475365704, "1": 1.1605503322100077, "2": 1.110068054226093}, "mu": {"0": 1.0636730759781952, "1": 1.0627244051981057, "2": 1.0553849309830643}, "phi": {"0": 0.4005187318935445, "1": 0.8839056976818707, "2": 0.6174981982723481}, "psi": {"0": 1.4395040429732067, "1": 0.5102036888432241, "2": 1.4688483321823762}, "sigma": {"0": 0.9183211660236209, "1": 0.8946552412587605, "2": 0.0}, "chi_high": 0.3259727051475997, "beta_low": 0.0295741882131999}