{"R": 40.0, "wi": 0, "di": 0, "delta": 1.0, "gamma": {"0": 1.4930814617505181, "1": 0.5387753060439332, "2": 1.0583944416303255}, "mu": {"0": 1.064881352154967, "1": 1.1062664374058742, "2": 1.0939814233296798}, "phi": {"0": 0.8664387344164495, "1": 0.14765834167799252, "2": 0.35507609332834456}, "psi": {"0": 0.6119781195342777, "1": 0.612376392751126, "2": 0.9711883381361366}, "sigma": {"0": 0.7373996772555163, "1": 0.5519854243587061, "2": 0.0}, "chi_high": 0.7135436384420473, "beta_low": 0.4877914920401923}