{"R": 40.0, "wi": 3, "di": 1, "delta": 1.0, "gamma": {"0": 1.0977336578185384, "1": 0.5689581345282093, "2": 1.4385317368868284}, "mu": {"0": 1.0486874832991502, "1": 1.0269679566406567, "2": 1.0015496555163166}, "phi": {"0": 0.9711184046803171, "1": 0.16010978419309307, "2": 0.9188618987300782}, "psi": {"0": 0.8192700508541201, "1": 0.7559650463794851, "2": 1.4712408720438224}, "sigma": {"0": 0.8360423800046675, "1": 0.6004088847487099, "2": 0.0}, "chi_high": 0.9297897137064436, "beta_low": null}