{"R": 40.0, "wi": 1, "di": 2, "delta": 1.0, "gamma": {"0": 0.9723196893861493, "1": 0.8702949806860832, "2": 0.961551094557301}, "mu": {"0": 1.144910437653693, "1": 1.0352140296875363, "2": 1.0601062927112308}, "phi": {"0": 0.904544509603564, "1": 0.5643499854061597, "2": 0.6561536211297733}, "psi": {"0": 0.554482530284019, "1": 0.5116426889093486, "2": 0.5625447158124006}, "sigma": {"0": 0.820014905582065, "1": 0.0, "2": 0.0}, "chi_high": null, "beta_low": 0.8913181372244835}