{"R": 40.0, "wi": 2, "di": 1, "delta": 1.0, "gamma": {"0": 1.0065896405271917, "1": 1.1810096411672149, "2": 1.4430629592809887}, "mu": {"0": 1.0337103229526683, "1": 1.0478476556149379, "2": 1.0206749339418875}, "phi": {"0": 0.17290715720434657, "1": 0.5845219058061175, "2": 0.3070589647531158}, "psi": {"0": 1.075775871125729, "1": 0.7682699227763151, "2": 1.1143352286358301}, "sigma": {"0": 0.8597701485876348, "1": 0.6641730515493791, "2": 0.0}, "chi_high": null, "beta_low": null}