{"R": 40.0, "wi": 1, "di": 1, "delta": 1.0, "gamma": {"0": 1.035847711193354, "1": 0.831614367390941, "2": 1.3752276554589626}, "mu": {"0": 1.069936418079759, "1": 1.13665767400469, "2": 1.0668247361533258}, "phi": {"0": 0.38565068207818864, "1": 0.7460771968264367, "2": 0.623466371853757}, "psi": {"0": 1.3234255803069392, "1": 1.1953643098163382, "2": 0.768778546046725}, "sigma": {"0": 0.5341804528099132, "1": 0.0, "2": 0.0}, "chi_high": null, "beta_low": 0.4734486282344776}