{"R": 40.0, "wi": 0, "di": 1, "delta": 1.0, "gamma": {"0": 1.1101767787698158, "1": 0.6498347982501462, "2": 0.945427814121344}, "mu": {"0": 1.0876040587583578, "1": 1.0916534830831097, "2": 1.1066591058440252}, "phi": {"0": 0.4224362561187587, "1": 0.6696584802926815, "2": 0.023348068690983492}, "psi": {"0": 0.5580051302046194, "1": 0.8698479878755596, "2": 1.213198581178558}, "sigma": {"0": 0.5301840788280512, "1": 0.6666865466830789, "2": 0.0}, "chi_high": 0.8210552612522721, "beta_low": 0.6244350681771385}