{"R": 40.0, "wi": 2, "di": 1, "delta": 1.0, "gamma": {"0": 0.9026606455871158, "1": 0.7617937194248433, "2": 1.3480997378236599}, "mu": {"0": 1.0231213085917845, "1": 1.116033041016813, "2": 1.099353630946001}, "phi": {"0": 0.8295569025097046, "1": 0.7115805695022333, "2": 0.9217392466626904}, "psi": {"0": 1.4653682729629673, "1": 0.7383719491321803, "2": 0.9439848486203342}, "sigma": {"0": 0.9357584013594576, "1": 0.6571743344295603, "2": 0.0}, "chi_high": null, "beta_low": null}