{"R": 40.0, "wi": 0, "di": 2, "delta": 1.0, "gamma": {"0": 1.0176683320701243, "1": 1.2227369677249191, "2": 1.4487873071884998}, "mu": {"0": 1.0136272820289403, "1": 1.0198471980884758, "2": 1.0219705908023862}, "phi": {"0": 0.45057205875660555, "1": 0.7999975912490892, "2": 0.3317727367192267}, "psi": {"0": 0.5341149913114007, "1": 0.8819014555553271, "2": 1.07616305954219}, "sigma": {"0": 0.9925854757014628, "1": 0.5114798247705588, "2": 0.0}, "chi_high": 0.786316616936181, "beta_low": 0.8055280615574677}