{"R": 40.0, "wi": 3, "di": 2, "delta": 1.0, "gamma": {"0": 0.8317193759967835, "1": 0.8774362443798936, "2": 0.5718577013249394}, "mu": {"0": 1.027857423017234, "1": 1.0791126473091133, "2": 1.1076016325084008}, "phi": {"0": 0.8647811367341154, "1": 0.15657062512442244, "2": 0.031048766112121706}, "psi": {"0": 0.5383337767768477, "1": 0.7585537627396474, "2": 1.1091756035563223}, "sigma": {"0": 0.9592053484740876, "1": 0.8372669643518247, "2": 0.0}, "chi_high": 0.8782283282593457, "beta_low": null}