{"R": 40.0, "wi": 0, "di": 0, "delta": 1.0, "gamma": {"0": 1.0263991581737733, "1": 1.032776343417448, "2": 0.7553362542518803}, "mu": {"0": 1.0695776823847383, "1": 1.0426688133495559, "2": 1.0080604430188613}, "phi": {"0": 0.2750691414248734, "1": 0.3844969730198041, "2": 0.882270379736139}, "psi": {"0": 1.3942655789538607, "1": 0.7161476265838084, "2": 0.7243405247274216}, "sigma": {"0": 0.8060728607979473, "1": 0.8967107963440855, "2": 0.0}, "chi_high": 0.7657734975843564, "beta_low": 0.8269480094824263}