{"R": 40.0, "wi": 3, "di": 2, "delta": 1.0, "gamma": {"0": 0.6677303189141766, "1": 0.6199370342634983, "2": 0.841590591724846}, "mu": {"0": 1.1409227781635913, "1": 1.0155279486638238, "2": 1.0444369454642173}, "phi": {"0": 0.25362896788986067, "1": 0.13058150214983233, "2": 0.05771330839056721}, "psi": {"0": 1.2250844680302544, "1": 1.2336838109005024, "2": 0.9839598735815491}, "sigma": {"0": 0.8163000510947679, "1": 0.529039838985664, "2": 0.0}, "chi_high": 0.10785378422417319, "beta_low": null}