{"R": 40.0, "wi": 1, "di": 1, "delta": 1.0, "gamma": {"0": 0.7834870687813846, "1": 0.6024187735453194, "2": 1.1483072733993103}, "mu": {"0": 1.024905068017366, "1": 1.0702238206457724, "2": 1.0778334407944972}, "phi": {"0": 0.9069907170505466, "1": 0.2605006518790619, "2": 0.06090809030651467}, "psi": {"0": 0.572366504813507, "1": 0.6519751547582682, "2": 0.5672159728020469}, "sigma": {"0": 0.7243658248451892, "1": 0.0, "2": 0.0}, "chi_high": null, "beta_low": 0.9897958405264727}