{"R": 40.0, "wi": 2, "di": 2, "delta": 1.0, "gamma": {"0": 1.353809109892158, "1": 1.3528819851804443, "2": 1.157022095193195}, "mu": {"0": 1.1117455880912706, "1": 1.134130748384813, "2": 1.11969807331495}, "phi": {"0": 0.8372194188730744, "1": 0.23442023065982232, "2": 0.8355413074371815}, "psi": {"0": 1.2473613338261098, "1": 1.1050192964553327, "2": 0.7269463757304208}, "sigma": {"0": 0.9413898136061125, "1": 0.6088217841029094, "2": 0.0}, "chi_high": null, "beta_low": null}