{"R": 40.0, "wi": 2, "di": 1, "delta": 1.0, "gamma": {"0": 1.3779504677130936, "1": 0.8398394069617818, "2": 0.536825736118652}, "mu": {"0": 1.0931172136184129, "1": 1.0102701514376462, "2": 1.0596954625208235}, "phi": {"0": 0.20251179168569267, "1": 0.7196349030348597, "2": 0.22547115878858703}, "psi": {"0": 1.0485345738480856, "1": 0.6965638869657488, "2": 1.4969091037686317}, "sigma": {"0": 0.6984859185447805, "1": 0.5583540483759895, "2": 0.0}, "chi_high": null, "beta_low": null}