{"R": 40.0, "wi": 1, "di": 0, "delta": 1.0, "gamma": {"0": 1.2058792179554652, "1": 1.4509515542085887, "2": 1.313150130927549}, "mu": {"0": 1.0538031085575632, "1": 1.005408333417745, "2": 1.1047837552813848}, "phi": {"0": 0.11921255180539214, "1": 0.43549419541933976, "2": 0.44100726611219543}, "psi": {"0": 0.8348607841067939, "1": 1.4234932387466186, "2": 1.1897363510945553}, "sigma": {"0": 0.5973532486641804, "1": 0.0, "2": 0.0}, "chi_high": null, "beta_low": 0.20190772319639871}