{"R": 40.0, "wi": 0, "di": 1, "delta": 1.0, "gamma": {"0": 1.3711303334575753, "1": 1.2949250205352922, "2": 0.55966862936155}, "mu": {"0": 1.1071270414068775, "1": 1.022102095338725, "2": 1.0247951856825266}, "phi": {"0": 0.4119285831063838, "1": 0.1665306554668301, "2": 0.6468328264546669}, "psi": {"0": 1.4446517928533718, "1": 1.4883272463552895, "2": 0.8812949236326795}, "sigma": {"0": 0.5351606673625, "1": 0.6005281833337622, "2": 0.0}, "chi_high": 0.36164805729102567, "beta_low": 0.08641217540760425}