{"R": 40.0, "wi": 1, "di": 1, "delta": 1.0, "gamma": {"0": 1.1348282818307651, "1": 1.4516470856645303, "2": 0.7022545546497612}, "mu": {"0": 1.031939450048681, "1": 1.119176428823539, "2": 1.0245143810276522}, "phi": {"0": 0.1879067774299672, "1": 0.0863631958029265, "2": 0.007520516725593285}, "psi": {"0": 1.3543777552452514, "1": 1.1896455621411879, "2": 0.8316458456097694}, "sigma": {"0": 0.8396915744861734, "1": 0.0, "2": 0.0}, "chi_high": null, "beta_low": 0.12840801354440848}