{"R": 40.0, "wi": 1, "di": 0, "delta": 1.0, "gamma": {"0": 1.445894135173389, "1": 0.9033314159311814, "2": 0.9881245839705537}, "mu": {"0": 1.1213721039523776, "1": 1.0727897055360012, "2": 1.0227786206333263}, "phi": {"0": 0.42794749182925473, "1": 0.7943238938934907, "2": 0.3641911978214567}, "psi": {"0": 1.3035556717627288, "1": 1.0026696844114182, "2": 1.017436169218459}, "sigma": {"0": 0.8490272988711731, "1": 0.0, "2": 0.0}, "chi_high": null, "beta_low": 0.7850956004602885}