{"R": 40.0, "wi": 0, "di": 2, "delta": 1.0, "gamma": {"0": 0.551942301178198, "1": 0.7433346862574218, "2": 1.2293389246744466}, "mu": {"0": 1.0820637220831482, "1": 1.056356922945046, "2": 1.0815957817169988}, "phi": {"0": 0.7864864289194086, "1": 0.6678082608490785, "2": 0.4310073818210224}, "psi": {"0": 0.9674221073173939, "1": 0.6529579095519188, "2": 1.3071456423722858}, "sigma": {"0": 0.7352515581945301, "1": 0.5741846167683962, "2": 0.0}, "chi_high": 0.1042981449212845, "beta_low": 0.20247357287585452}