{"R": 40.0, "wi": 1, "di": 1, "delta": 1.0, "gamma": {"0": 1.3479604871673798, "1": 0.5833975925483816, "2": 0.5645166566016876}, "mu": {"0": 1.1371435217608732, "1": 1.072902807346244, "2": 1.116039719346262}, "phi": {"0": 0.05285576443052187, "1": 0.25656486341982887, "2": 0.5671069244607062}, "psi": {"0": 1.272196284997957, "1": 1.45386016135148, "2": 0.8598810537072274}, "sigma": {"0": 0.9613181021906373, "1": 0.0, "2": 0.0}, "chi_high": null, "beta_low": 0.2635199291634414}