{"R": 40.0, "wi": 1, "di": 2, "delta": 1.0, "gamma": {"0": 0.5695766433584095, "1": 1.1312167638420285, "2": 1.0513385064817715}, "mu": {"0": 1.1360165109131244, "1": 1.098334275922787, "2": 1.0818948319720636}, "phi": {"0": 0.1923596959063062, "1": 0.10653564961770268, "2": 0.7927315804635908}, "psi": {"0": 1.2209008695239096, "1": 1.3377365870452627, "2": 1.4789329876558917}, "sigma": {"0": 0.7626415839558055, "1": 0.0, "2": 0.0}, "chi_high": null, "beta_low": 0.9304716045354671}