{"R": 40.0, "wi": 1, "di": 2, "delta": 1.0, "gamma": {"0": 0.5831936566962934, "1": 1.355473637603621, "2": 0.514923228868869}, "mu": {"0": 1.108180847326238, "1": 1.1303620498642377, "2": 1.1020140654461512}, "phi": {"0": 0.671481027273943, "1": 0.8501663523576857, "2": 0.6059599749726403}, "psi": {"0": 1.069365758845223, "1": 1.1429004552563893, "2": 0.7889915729246203}, "sigma": {"0": 0.5008749177082088, "1": 0.0, "2": 0.0}, "chi_high": null, "beta_low": 0.24829773414278736}