{"R": 40.0, "wi": 3, "di": 2, "delta": 1.0, "gamma": {"0": 0.6591733926694884, "1": 0.6544579713579373, "2": 1.0027100463159537}, "mu": {"0": 1.0987443560800945, "1": 1.117566432649134, "2": 1.0177341794353763}, "phi": {"0": 0.5549858208331299, "1": 0.004853987869450682, "2": 0.5289036570614029}, "psi": {"0": 1.2981670063217199, "1": 1.2283147889337522, "2": 1.1058154806878775}, "sigma": {"0": 0.782031143126978, "1": 0.9890810426658471, "2": 0.0}, "chi_high": 0.3807328216305739, "beta_low": null}