{"R": 40.0, "wi": 2, "di": 0, "delta": 1.0, "gamma": {"0": 1.2931001134837916, "1": 1.2030230874989676, "2": 0.7882778190621106}, "mu": {"0": 1.016265982020059, "1": 1.141030387053568, "2": 1.1269287076021823}, "phi": {"0": 0.9781690281100228, "1": 0.9195081303772428, "2": 0.5180854020709427}, "psi": {"0": 1.1568772560218858, "1": 0.8467397126979543, "2": 0.7886213508749094}, "sigma": {"0": 0.7965511920138009, "1": 0.7155631535609744, "2": 0.0}, "chi_high": null, "beta_low": null}