{"R": 40.0, "wi": 1, "di": 2, "delta": 1.0, "gamma": {"0": 0.5270083126286933, "1": 1.1080512109625045, "2": 1.3968581329809509}, "mu": {"0": 1.044276006149776, "1": 1.0745023476392968, "2": 1.1032002396521288}, "phi": {"0": 0.010868383122659475, "1": 0.6232830466353588, "2": 0.11168099327090109}, "psi": {"0": 1.0315902399575836, "1": 0.571691585107655, "2": 1.3271577915415533}, "sigma": {"0": 0.8762450704942424, "1": 0.0, "2": 0.0}, "chi_high": null, "beta_low": 0.17570372788035846}