{"R": 40.0, "wi": 2, "di": 2, "delta": 1.0, "gamma": {"0": 0.936860804687192, "1": 0.6377313454349482, "2": 1.1323089653813256}, "mu": {"0": 1.1468920406738026, "1": 1.0720444900471158, "2": 1.1229228641179563}, "phi": {"0": 0.42638850567478825, "1": 0.5773357450191451, "2": 0.5824802955036477}, "psi": {"0": 1.1011066060913262, "1": 1.1133278161885172, "2": 0.9410624597159037}, "sigma": {"0": 0.7786189303970511, "1": 0.6308185908388455, "2": 0.0}, "chi_high": null, "beta_low": null}