{"R": 40.0, "wi": 3, "di": 2, "delta": 1.0, "gamma": {"0": 0.7704167943761411, "1": 0.6062637449387562, "2": 1.3542850195791254}, "mu": {"0": 1.0346589489973823, "1": 1.0756268418487938, "2": 1.0528988717397734}, "phi": {"0": 0.11638463938253707, "1": 0.48768053249920784, "2": 0.03790871238366589}, "psi": {"0": 1.0239396145114952, "1": 1.1161475890208805, "2": 1.3426325147618952}, "sigma": {"0": 0.8945812631696908, "1": 0.6048079206764365, "2": 0.0}, "chi_high": 0.9395922347724877, "beta_low": null}