{"R": 40.0, "wi": 3, "di": 0, "delta": 1.0, "gamma": {"0": 0.8233974740865971, "1": 1.073568774473642, "2": 0.8506871605546354}, "mu": {"0": 1.051849361805203, "1": 1.0481808331788205, "2": 1.0677756197071837}, "phi": {"0": 0.9785787160725, "1": 0.3645006919333664, "2": 0.44431485806556426}, "psi": {"0": 1.4404399584744656, "1": 1.3654589038916982, "2": 1.3986672077994409}, "sigma": {"0": 0.6392138681185191, "1": 0.6293636990073619, "2": 0.0}, "chi_high": 0.8482669127918379, "beta_low": null}