{"R": 40.0, "wi": 1, "di": 2, "delta": 1.0, "gamma": {"0": 1.0718952587502486, "1": 1.1281428746714175, "2": 0.678990888260048}, "mu": {"0": 1.1096116864373906, "1": 1.147251872224095, "2": 1.1245881059544214}, "phi": {"0": 0.4709226980071015, "1": 0.36004472577002966, "2": 0.3652655931877369}, "psi": {"0": 0.6161012850483324, "1": 1.2390148645026537, "2": 0.7475158658908422}, "sigma": {"0": 0.9369174686391767, "1": 0.0, "2": 0.0}, "chi_high": null, "beta_low": 0.029575622238180936}