{"R": 40.0, "wi": 2, "di": 0, "delta": 1.0, "gamma": {"0": 0.9222718884655872, "1": 1.4194900359670308, "2": 1.269098684004706}, "mu": {"0": 1.0053003302042494, "1": 1.1241420223016105, "2": 1.1044974773458036}, "phi": {"0": 0.8767762282970978, "1": 0.4427524666402214, "2": 0.285715245611037}, "psi": {"0": 0.850459772345993, "1": 0.504581268990226, "2": 1.4601510656252832}, "sigma": {"0": 0.7441375885510322, "1": 0.9669374457843495, "2": 0.0}, "chi_high": null, "beta_low": null}