{"R": 40.0, "wi": 3, "di": 0, "delta": 1.0, "gamma": {"0": 0.6393438800002722, "1": 1.1878863412146958, "2": 0.6477920323378018}, "mu": {"0": 1.0574410026350651, "1": 1.0409425196335276, "2": 1.1257033481555019}, "phi": {"0": 0.8944733974076216, "1": 0.6766182462992867, "2": 0.09235309415179793}, "psi": {"0": 1.3617952996587837, "1": 1.0010143453059341, "2": 0.9048592138142736}, "sigma": {"0": 0.7238282806294083, "1": 0.9616419700265292, "2": 0.0}, "chi_high": 0.18149788767048317, "beta_low": null}