{"R": 40.0, "wi": 1, "di": 0, "delta": 1.0, "gamma": {"0": 0.7394485537868604, "1": 1.0814071345994818, "2": 0.5963057855685302}, "mu": {"0": 1.0372768882452659, "1": 1.0171804760766452, "2": 1.030147806522346}, "phi": {"0": 0.0638128198050033, "1": 0.9347516350529018, "2": 0.4554880257562668}, "psi": {"0": 1.0231421339864788, "1": 1.2328851411490382, "2": 0.6376209316142963}, "sigma": {"0": 0.5330077304486796, "1": 0.0, "2": 0.0}, "chi_high": null, "beta_low": 0.37703660842214504}