{"R": 40.0, "wi": 2, "di": 1, "delta": 1.0, "gamma": {"0": 1.3018462156623092, "1": 0.8870471355902231, "2": 0.9159832263325324}, "mu": {"0": 1.107281620812847, "1": 1.0951782636667224, "2": 1.1327565517803515}, "phi": {"0": 0.3913593975209503, "1": 0.8809555558097444, "2": 0.637203483685265}, "psi": {"0": 0.8558544391278539, "1": 1.339768572210938, "2": 1.403798722218818}, "sigma": {"0": 0.6988489746127915, "1": 0.5221020738305886, "2": 0.0}, "chi_high": null, "beta_low": null}