{"R": 40.0, "wi": 2, "di": 0, "delta": 1.0, "gamma": {"0": 0.849465205675169, "1": 0.6871561764758756, "2": 1.2321707380194566}, "mu": {"0": 1.0605570186721303, "1": 1.0674090896142603, "2": 1.1309433438093324}, "phi": {"0": 0.5249116454887627, "1": 0.33896908663727277, "2": 0.2760561320653734}, "psi": {"0": 0.9124207146282892, "1": 1.29517642800782, "2": 0.9025786664432551}, "sigma": {"0": 0.9767731390808712, "1": 0.7411664104466731, "2": 0.0}, "chi_high": null, "beta_low": null}