{"R": 40.0, "wi": 1, "di": 0, "delta": 1.0, "gamma": {"0": 1.4375103620095926, "1": 1.3189524059625324, "2": 0.5099393970750501}, "mu": {"0": 1.0155182541263479, "1": 1.0263151582901415, "2": 1.0235036797075696}, "phi": {"0": 0.1843707878298264, "1": 0.8943672526587618, "2": 0.22653247732385684}, "psi": {"0": 1.100546627129731, "1": 1.499223094027097, "2": 0.8826922534279658}, "sigma": {"0": 0.8473092154659281, "1": 0.0, "2": 0.0}, "chi_high": null, "beta_low": 0.7010878348972391}