{"R": 40.0, "wi": 2, "di": 2, "delta": 1.0, "gamma": {"0": 1.4218400839491228, "1": 0.9995771695196484, "2": 0.7696064116481004}, "mu": {"0": 1.0766069550861215, "1": 1.108418015086022, "2": 1.1026569694266881}, "phi": {"0": 0.19934752121524613, "1": 0.6645006360923802, "2": 0.7076344489839568}, "psi": {"0": 1.1000986233284569, "1": 0.653070649119036, "2": 0.817096486054091}, "sigma": {"0": 0.5019329005486236, "1": 0.7965363489075826, "2": 0.0}, "chi_high": null, "beta_low": null}