{"R": 40.0, "wi": 2, "di": 1, "delta": 1.0, "gamma": {"0": 0.7186245408227877, "1": 0.7843717041611956, "2": 1.1568595445356658}, "mu": {"0": 1.0587835682921898, "1": 1.1187629675210313, "2": 1.015678822362764}, "phi": {"0": 0.660296815264909, "1": 0.9722553458211364, "2": 0.4426762621088348}, "psi": {"0": 0.5920898730189705, "1": 0.607911356145211, "2": 1.3883459752697536}, "sigma": {"0": 0.7314594301807327, "1": 0.9271209869175396, "2": 0.0}, "chi_high": null, "beta_low": null}