{"R": 40.0, "wi": 1, "di": 2, "delta": 1.0, "gamma": {"0": 1.4111530266251395, "1": 1.3305974953204152, "2": 0.834220005838578}, "mu": {"0": 1.013914603707885, "1": 1.1336180617404288, "2": 1.0816498248821893}, "phi": {"0": 0.514623803625568, "1": 0.4817732860379482, "2": 0.9695958669532985}, "psi": {"0": 0.9904683210180364, "1": 1.0681722943162204, "2": 0.5253612138081151}, "sigma": {"0": 0.6807495458609738, "1": 0.0, "2": 0.0}, "chi_high": null, "beta_low": 0.7608029068445384}