{"R": 40.0, "wi": 0, "di": 0, "delta": 1.0, "gamma": {"0": 1.1976914812827042, "1": 1.327433345395042, "2": 1.3228527564443062}, "mu": {"0": 1.0100165502233116, "1": 1.0855778265294014, "2": 1.0721525909640792}, "phi": {"0": 0.41796386740175717, "1": 0.796274633241945, "2": 0.12129278846870295}, "psi": {"0": 0.9383816268407913, "1": 0.6187075557154023, "2": 1.2244871164986195}, "sigma": {"0": 0.5400736709401845, "1": 0.5529683301119315, "2": 0.0}, "chi_high": 0.1853792130963707, "beta_low": 0.2663106668637103}