{"R": 40.0, "wi": 1, "di": 1, "delta": 1.0, "gamma": {"0": 1.2039171038553103, "1": 1.4542880722608258, "2": 1.36043363450134}, "mu": {"0": 1.031503602958006, "1": 1.104710144063197, "2": 1.028495771350694}, "phi": {"0": 0.9663486272237602, "1": 0.8232949859135356, "2": 0.42106478810923587}, "psi": {"0": 0.6647492585368397, "1": 0.9792943407562444, "2": 0.6828788609042173}, "sigma": {"0": 0.8058164196052144, "1": 0.0, "2": 0.0}, "chi_high": null, "beta_low": 0.2648460339640535}