{"R": 40.0, "wi": 3, "di": 0, "delta": 1.0, "gamma": {"0": 0.8918636955087127, "1": 0.9664523090233518, "2": 1.0699430223732422}, "mu": {"0": 1.008155227270047, "1": 1.0666370846852242, "2": 1.1260906263197095}, "phi": {"0": 0.5752494354820153, "1": 0.5035987472197262, "2": 0.8686520426785705}, "psi": {"0": 1.2176409803226602, "1": 1.0937773909173285, "2": 1.4662520941871744}, "sigma": {"0": 0.8275698809185892, "1": 0.9430945482160717, "2": 0.0}, "chi_high": 0.6080295801186262, "beta_low": null}