{"R": 40.0, "wi": 1, "di": 0, "delta": 1.0, "gamma": {"0": 0.649599076727783, "1": 0.7717367863583668, "2": 1.3793764283005783}, "mu": {"0": 1.0977439104576616, "1": 1.108422233670438, "2": 1.0942681921847845}, "phi": {"0": 0.14921811143424835, "1": 0.10976065904238741, "2": 0.7917239519582903}, "psi": {"0": 0.8056119599409619, "1": 1.1961387018959182, "2": 1.2280562826768555}, "sigma": {"0": 0.7079686872443325, "1": 0.0, "2": 0.0}, "chi_high": null, "beta_low": 0.8724046952911639}