{"R": 40.0, "wi": 1, "di": 1, "delta": 1.0, "gamma": {"0": 0.8028812937128748, "1": 0.6482611558844272, "2": 1.3865831532730386}, "mu": {"0": 1.0687684009710763, "1": 1.111869741588422, "2": 1.1450810035073824}, "phi": {"0": 0.49114221175883144, "1": 0.1754121288508642, "2": 0.7929783900238164}, "psi": {"0": 0.5826103135702155, "1": 1.2860005490589026, "2": 0.9863103789918979}, "sigma": {"0": 0.6238716372640571, "1": 0.0, "2": 0.0}, "chi_high": null, "beta_low": 0.30637852846214914}