{"R": 40.0, "wi": 0, "di": 0, "delta": 1.0, "gamma": {"0": 1.4452382344092267, "1": 0.5142600773839211, "2": 1.232946674597886}, "mu": {"0": 1.048325464785591, "1": 1.0030630375908418, "2": 1.0150381290691792}, "phi": {"0": 0.6098074893848675, "1": 0.3078937329887944, "2": 0.1556751213724189}, "psi": {"0": 0.687419797009662, "1": 0.5548120389254951, "2": 0.809135350470374}, "sigma": {"0": 0.987701906636886, "1": 0.7424158917006796, "2": 0.0}, "chi_high": 0.722028516371085, "beta_low": 0.6191873959287593}