{"R": 40.0, "wi": 1, "di": 1, "delta": 1.0, "gamma": {"0": 0.9673380373635534, "1": 1.3110371103841802, "2": 0.987725086975199}, "mu": {"0": 1.0013943871255835, "1": 1.0730577180335503, "2": 1.116670998997627}, "phi": {"0": 0.2789461962914819, "1": 0.09602023303808915, "2": 0.9457529392374477}, "psi": {"0": 1.0484125693554862, "1": 0.5786219899222835, "2": 1.1537461511723814}, "sigma": {"0": 0.7671410757346302, "1": 0.0, "2": 0.0}, "chi_high": null, "beta_low": 0.4832533078320356}