{"R": 40.0, "wi": 2, "di": 2, "delta": 1.0, "gamma": {"0": 0.6056446848983545, "1": 1.3981642650539947, "2": 1.4289214239775718}, "mu": {"0": 1.0133051125222639, "1": 1.0199350812619616, "2": 1.060570726071582}, "phi": {"0": 0.8531859088332908, "1": 0.5117264628198375, "2": 0.7883585681968024}, "psi": {"0": 0.8120460253717173, "1": 0.8221384421290376, "2": 1.0998440848464397}, "sigma": {"0": 0.7962866441208709, "1": 0.717324973950544, "2": 0.0}, "chi_high": null, "beta_low": null}