{"R": 40.0, "wi": 0, "di": 2, "delta": 1.0, "gamma": {"0": 0.5570283151901255, "1": 0.767384612102228, "2": 0.9110928534239138}, "mu": {"0": 1.135974067419854, "1": 1.1217044922261497, "2": 1.0929066618065444}, "phi": {"0": 0.5200755659957889, "1": 0.202179145426422, "2": 0.5215714794103752}, "psi": {"0": 0.530696231748514, "1": 1.438920309823653, "2": 1.221277054149014}, "sigma": {"0": 0.9825129899897299, "1": 0.678096775711158, "2": 0.0}, "chi_high": 0.8868385876884679, "beta_low": 0.028721843168506653}