{"R": 40.0, "wi": 1, "di": 2, "delta": 1.0, "gamma": {"0": 0.957778893060411, "1": 0.5880093170876268, "2": 0.8582645798756751}, "mu": {"0": 1.1337326028643984, "1": 1.132669186874356, "2": 1.0831939251480611}, "phi": {"0": 0.9970049374867801, "1": 0.07246671566536078, "2": 0.2250408026696582}, "psi": {"0": 0.7347167365705335, "1": 1.475883123259496, "2": 1.386335311948163}, "sigma": {"0": 0.7779468049040326, "1": 0.0, "2": 0.0}, "chi_high": null, "beta_low": 0.3346988880855908}