{"R": 40.0, "wi": 2, "di": 1, "delta": 1.0, "gamma": {"0": 1.0402933210689216, "1": 1.1663004384553641, "2": 1.2524880797542504}, "mu": {"0": 1.140323701085788, "1": 1.0271139014776915, "2": 1.051005698842926}, "phi": {"0": 0.581709153294338, "1": 0.7457464542548031, "2": 0.3296142284603051}, "psi": {"0": 1.012947650777926, "1": 1.4699812317665106, "2": 0.9189402371561229}, "sigma": {"0": 0.6564758170287672, "1": 0.7691507218291533, "2": 0.0}, "chi_high": null, "beta_low": null}