{"R": 40.0, "wi": 0, "di": 2, "delta": 1.0, "gamma": {"0": 1.3095213537353283, "1": 0.5409259755435563, "2": 1.416693508588414}, "mu": {"0": 1.1133114330328824, "1": 1.0643794215401803, "2": 1.0064316811126202}, "phi": {"0": 0.4509570678702104, "1": 0.10622433931225272, "2": 0.7876044352123012}, "psi": {"0": 0.824817662461584, "1": 0.9265377461365407, "2": 1.0867129847513066}, "sigma": {"0": 0.6192598978320154, "1": 0.7000799229080539, "2": 0.0}, "chi_high": 0.3282613323757687, "beta_low": 0.6585607491202338}