{"R": 40.0, "wi": 2, "di": 1, "delta": 1.0, "gamma": {"0": 1.1369826936693648, "1": 0.7199112025612936, "2": 1.1089546020669712}, "mu": {"0": 1.1013022879056162, "1": 1.0173828627935257, "2": 1.0341606964718721}, "phi": {"0": 0.6095572433969862, "1": 0.4367298032513105, "2": 0.34851536750788703}, "psi": {"0": 0.9155269510256372, "1": 0.5752174542163305, "2": 1.248559961998306}, "sigma": {"0": 0.8456838170114437, "1": 0.7262906809719565, "2": 0.0}, "chi_high": null, "beta_low": null}