{"R": 40.0, "wi": 3, "di": 1, "delta": 1.0, "gamma": {"0": 0.6159415706760695, "1": 1.0339809310355097, "2": 1.4768952631236048}, "mu": {"0": 1.0050945590883642, "1": 1.1447551525074038, "2": 1.1408354303347823}, "phi": {"0": 0.4594851677641565, "1": 0.5580493660438844, "2": 0.5756956399328655}, "psi": {"0": 0.9772000285871375, "1": 1.3213519118620072, "2": 0.9731887206326572}, "sigma": {"0": 0.822582998778288, "1": 0.6992643538053249, "2": 0.0}, "chi_high": 0.3472329702120971, "beta_low": null}