{"R": 40.0, "wi": 2, "di": 1, "delta": 1.0, "gamma": {"0": 0.549033585841075, "1": 1.1645814973042095, "2": 0.8632533480085162}, "mu": {"0": 1.1234608652847253, "1": 1.0510445706649, "2": 1.0952005217582255}, "phi": {"0": 0.7158489990087111, "1": 0.5065543629691484, "2": 0.6418797281578217}, "psi": {"0": 1.2924105764131344, "1": 0.9865487530801463, "2": 1.1795583094023154}, "sigma": {"0": 0.9016710726466077, "1": 0.8931115585433466, "2": 0.0}, "chi_high": null, "beta_low": null}