{"R": 40.0, "wi": 0, "di": 0, "delta": 1.0, "gamma": {"0": 1.176693844090935, "1": 1.053959449433719, "2": 1.1352014704977647}, "mu": {"0": 1.0178031919668864, "1": 1.0383641920064726, "2": 1.133613947736935}, "phi": {"0": 0.5139724121536826, "1": 0.0024989278160229, "2": 0.9703392866528079}, "psi": {"0": 1.4707625233998032, "1": 1.2186207476667996, "2": 1.0244507950034927}, "sigma": {"0": 0.629821795934661, "1": 0.6117603371820808, "2": 0.0}, "chi_high": 0.06982166773280998, "beta_low": 0.7169768405924399}