{"R": 40.0, "wi": 0, "di": 0, "delta": 1.0, "gamma": {"0": 0.5232799505503558, "1": 1.054710488988367, "2": 1.2340587353790755}, "mu": {"0": 1.0161475607588701, "1": 1.0177574746302538, "2": 1.028322472888233}, "phi": {"0": 0.9692553897620926, "1": 0.8541802030928543, "2": 0.37380330651210203}, "psi": {"0": 1.4122080635836691, "1": 1.1042361259710987, "2": 0.5332725255048477}, "sigma": {"0": 0.6256702684285774, "1": 0.5602001847705271, "2": 0.0}, "chi_high": 0.1355911099408085, "beta_low": 0.3136629579029943}