{"R": 40.0, "wi": 2, "di": 1, "delta": 1.0, "gamma": {"0": 0.6778925756447788, "1": 0.663111797029446, "2": 1.1720394358043422}, "mu": {"0": 1.1234525619567444, "1": 1.0867068670507045, "2": 1.0231381085246358}, "phi": {"0": 0.06934569548995051, "1": 0.44320800229988766, "2": 0.7608302665763461}, "psi": {"0": 0.9527466888150239, "1": 0.7173148482525087, "2": 0.5288442970029741}, "sigma": {"0": 0.9543480700476772, "1": 0.9636159942920686, "2": 0.0}, "chi_high": null, "beta_low": null}