{"R": 40.0, "wi": 1, "di": 0, "delta": 1.0, "gamma": {"0": 1.3280655004443207, "1": 0.7483396188292464, "2": 1.1308408119479114}, "mu": {"0": 1.051720657559576, "1": 1.0242253390437024, "2": 1.0011198931556406}, "phi": {"0": 0.6112993431293997, "1": 0.12325273053428387, "2": 0.299234419672718}, "psi": {"0": 0.8049155531674892, "1": 1.3317864770891714, "2": 1.4024712709526228}, "sigma": {"0": 0.5090430607296325, "1": 0.0, "2": 0.0}, "chi_high": null, "beta_low": 0.23677382308610576}