{"R": 40.0, "wi": 0, "di": 1, "delta": 1.0, "gamma": {"0": 0.8810939575208976, "1": 0.7110910191073192, "2": 0.9261395731988704}, "mu": {"0": 1.0235940413392006, "1": 1.1328813127931296, "2": 1.0538558420495248}, "phi": {"0": 0.8339211189967144, "1": 0.7589743844399226, "2": 0.7673140893165163}, "psi": {"0": 0.7316676758800077, "1": 1.1558872413163295, "2": 1.4831561866841176}, "sigma": {"0": 0.501262601356839, "1": 0.5093097002331679, "2": 0.0}, "chi_high": 0.3060688861378078, "beta_low": 0.7271204183255696}