{"R": 40.0, "wi": 1, "di": 2, "delta": 1.0, "gamma": {"0": 0.6294396899279611, "1": 1.1739744277459097, "2": 1.2117271041288498}, "mu": {"0": 1.0281849000664245, "1": 1.091882135786757, "2": 1.129618397743504}, "phi": {"0": 0.43036556558742667, "1": 0.8915297502337328, "2": 0.695085395397886}, "psi": {"0": 1.4307747105955277, "1": 0.5183815189678119, "2": 1.0391395483765817}, "sigma": {"0": 0.5637770930864657, "1": 0.0, "2": 0.0}, "chi_high": null, "beta_low": 0.33561738000020575}