{"R": 40.0, "wi": 3, "di": 0, "delta": 1.0, "gamma": {"0": 1.4228693792425433, "1": 0.9169791772494456, "2": 0.7422657342188096}, "mu": {"0": 1.0286340526618707, "1": 1.143593964609425, "2": 1.0629898711113692}, "phi": {"0": 0.41468332660733453, "1": 0.32092598159770636, "2": 0.5839822284722324}, "psi": {"0": 1.4799333711500742, "1": 1.1644603881386557, "2": 0.6039446697537222}, "sigma": {"0": 0.5501678732431938, "1": 0.7199137680964465, "2": 0.0}, "chi_high": 0.5851191306992936, "beta_low": null}