{"R": 40.0, "wi": 1, "di": 0, "delta": 1.0, "gamma": {"0": 1.2154817712509616, "1": 0.6475933752577903, "2": 0.909657134052275}, "mu": {"0": 1.064863481824958, "1": 1.1281542508010531, "2": 1.0901935796563327}, "phi": {"0": 0.808472520875062, "1": 0.22681835704861442, "2": 0.7150494673750284}, "psi": {"0": 1.478238187862758, "1": 0.5041025107445497, "2": 1.28829827032586}, "sigma": {"0": 0.6228756793984618, "1": 0.0, "2": 0.0}, "chi_high": null, "beta_low": 0.5174837973207997}