{"R": 40.0, "wi": 0, "di": 0, "delta": 1.0, "gamma": {"0": 0.511049485064537, "1": 0.924070786468348, "2": 0.5983195258866143}, "mu": {"0": 1.0453712894464984, "1": 1.038901689525989, "2": 1.0788094182371761}, "phi": {"0": 0.3341232076041152, "1": 0.7434273944998006, "2": 0.6914134791412652}, "psi": {"0": 0.6824862725017623, "1": 1.116897668676223, "2": 0.5196528970756599}, "sigma": {"0": 0.6668083643503554, "1": 0.712234459666717, "2": 0.0}, "chi_high": 0.15928784525305392, "beta_low": 0.4682824956267805}