{"R": 40.0, "wi": 2, "di": 0, "delta": 1.0, "gamma": {"0": 1.1462965903633635, "1": 1.4705485404259826, "2": 1.0828694607529257}, "mu": {"0": 1.0387563000226465, "1": 1.029011967819048, "2": 1.0991914413954296}, "phi": {"0": 0.5268297282424426, "1": 0.8746397583004877, "2": 0.5060868429107411}, "psi": {"0": 1.2593682624000488, "1": 0.7815297495277576, "2": 1.393857902823155}, "sigma": {"0": 0.9306515953054966, "1": 0.9916755138582953, "2": 0.0}, "chi_high": null, "beta_low": null}