{"R": 40.0, "wi": 1, "di": 1, "delta": 1.0, "gamma": {"0": 1.1095963037126828, "1": 1.019359243026873, "2": 1.1161375837062515}, "mu": {"0": 1.077864765068823, "1": 1.0636502534506806, "2": 1.0334858124492896}, "phi": {"0": 0.2100180433872455, "1": 0.07880417629987901, "2": 0.16782695618668253}, "psi": {"0": 1.0240507736475113, "1": 0.6364569654651575, "2": 0.504502073868871}, "sigma": {"0": 0.5919616140897472, "1": 0.0, "2": 0.0}, "chi_high": null, "beta_low": 0.23118191374172045}