{"R": 40.0, "wi": 0, "di": 2, "delta": 1.0, "gamma": {"0": 0.6220135313266875, "1": 1.4740894169855494, "2": 0.5262212891746608}, "mu": {"0": 1.017647733097642, "1": 1.0502577885399296, "2": 1.0991593397448103}, "phi": {"0": 0.6300527061804542, "1": 0.44486859296011716, "2": 0.13302198566067291}, "psi": {"0": 1.0311380778105113, "1": 0.5382420929149875, "2": 1.262398700547819}, "sigma": {"0": 0.914400186229023, "1": 0.5604776841157388, "2": 0.0}, "chi_high": 0.6990129062709508, "beta_low": 0.5674673883310456}