{"R": 40.0, "wi": 0, "di": 2, "delta": 1.0, "gamma": {"0": 0.9904408240599217, "1": 1.498536716349294, "2": 0.9268122237445565}, "mu": {"0": 1.0222158102412293, "1": 1.0599854203759151, "2": 1.0144320269119966}, "phi": {"0": 0.7420141958868501, "1": 0.8452609348967092, "2": 0.2688161182564226}, "psi": {"0": 1.1405001698565935, "1": 0.7984156522996374, "2": 0.6426200479495344}, "sigma": {"0": 0.9055048481647519, "1": 0.8888168144550961, "2": 0.0}, "chi_high": 0.5237951928502155, "beta_low": 0.6799626192955252}