{"R": 40.0, "wi": 1, "di": 0, "delta": 1.0, "gamma": {"0": 0.7258108954625363, "1": 0.8099799252379798, "2": 1.417056165557173}, "mu": {"0": 1.0008138372948987, "1": 1.0450834671690759, "2": 1.056829255320954}, "phi": {"0": 0.7999589682724041, "1": 0.4972758245688832, "2": 0.44325837204094376}, "psi": {"0": 0.6562754394597226, "1": 0.7926123672867015, "2": 0.9160099601115811}, "sigma": {"0": 0.7985182308554726, "1": 0.0, "2": 0.0}, "chi_high": null, "beta_low": 0.989922592196225}