{"R": 40.0, "wi": 3, "di": 0, "delta": 1.0, "gamma": {"0": 1.020004839114896, "1": 1.4076499645507057, "2": 0.9688313922966636}, "mu": {"0": 1.0335301333716478, "1": 1.1029076743836121, "2": 1.1225013546443816}, "phi": {"0": 0.30695536572376647, "1": 0.5058903203374575, "2": 0.30095414952931065}, "psi": {"0": 0.5910355821706624, "1": 0.8358285407367188, "2": 1.4583620624997344}, "sigma": {"0": 0.5451530312220829, "1": 0.5055762457280766, "2": 0.0}, "chi_high": 0.47378436964453635, "beta_low": null}