{"R": 40.0, "wi": 3, "di": 1, "delta": 1.0, "gamma": {"0": 1.1852391738438235, "1": 0.6856533370989916, "2": 0.5177173537944839}, "mu": {"0": 1.064008864109798, "1": 1.0212330468518225, "2": 1.018024389741063}, "phi": {"0": 0.3135211568937244, "1": 0.6210417549802064, "2": 0.8501186961986331}, "psi": {"0": 0.5021701058774003, "1": 0.7423008242852068, "2": 0.7346688123338343}, "sigma": {"0": 0.69181087564486, "1": 0.7726601420335447, "2": 0.0}, "chi_high": 0.15176218121285776, "beta_low": null}