{"R": 40.0, "wi": 1, "di": 2, "delta": 1.0, "gamma": {"0": 0.6590287821028973, "1": 0.6517030042231325, "2": 0.9684973632340976}, "mu": {"0": 1.0518111452966517, "1": 1.0098058276781794, "2": 1.1207887726315318}, "phi": {"0": 0.8965333068828015, "1": 0.30647752724120103, "2": 0.05067335652470295}, "psi": {"0": 0.5085316989595344, "1": 0.5946852127383723, "2": 1.2104729550725293}, "sigma": {"0": 0.7297791082850632, "1": 0.0, "2": 0.0}, "chi_high": null, "beta_low": 0.9748032209502075}