{"R": 40.0, "wi": 2, "di": 2, "delta": 1.0, "gamma": {"0": 1.3512911058156813, "1": 1.3801944329151878, "2": 0.8208035666560145}, "mu": {"0": 1.0183851518638196, "1": 1.1382202648169517, "2": 1.0339609792290547}, "phi": {"0": 0.5568326127132273, "1": 0.49602011675526936, "2": 0.36759058121531085}, "psi": {"0": 0.5145171674856166, "1": 0.9936103784483038, "2": 0.8691829492225898}, "sigma": {"0": 0.9088766212884085, "1": 0.8404206241891863, "2": 0.0}, "chi_high": null, "beta_low": null}