{"R": 40.0, "wi": 0, "di": 2, "delta": 1.0, "gamma": {"0": 0.8797319525303289, "1": 0.6533725204076533, "2": 1.4909158578186943}, "mu": {"0": 1.0324775586756847, "1": 1.024675280767995, "2": 1.102557429447884}, "phi": {"0": 0.42547775782446984, "1": 0.8712931518849669, "2": 0.21113695095882046}, "psi": {"0": 1.1055950892856234, "1": 0.6700785760122231, "2": 1.0646687799265038}, "sigma": {"0": 0.8566542556779474, "1": 0.7464076135598614, "2": 0.0}, "chi_high": 0.1861981087197294, "beta_low": 0.39558994574458156}