{"R": 40.0, "wi": 1, "di": 0, "delta": 1.0, "gamma": {"0": 1.0342836762178762, "1": 1.2178118315364483, "2": 0.8931996106369499}, "mu": {"0": 1.0066316845455756, "1": 1.029064186679066, "2": 1.1139333904243123}, "phi": {"0": 0.4973279725716877, "1": 0.16067271396409377, "2": 0.7642818975937695}, "psi": {"0": 1.2850701739567154, "1": 0.7924074965356417, "2": 1.070772223754103}, "sigma": {"0": 0.6192175605286767, "1": 0.0, "2": 0.0}, "chi_high": null, "beta_low": 0.26699474465521433}