{"R": 40.0, "wi": 1, "di": 1, "delta": 1.0, "gamma": {"0": 1.0120240773491909, "1": 0.8174230343251438, "2": 1.3016200531499138}, "mu": {"0": 1.0379418144773287, "1": 1.0696300444866802, "2": 1.1298305135446272}, "phi": {"0": 0.1147727301260909, "1": 0.5632920246577057, "2": 0.42088750489775895}, "psi": {"0": 0.6341816744860528, "1": 1.0065557236303033, "2": 0.5565301734172982}, "sigma": {"0": 0.7667106884910604, "1": 0.0, "2": 0.0}, "chi_high": null, "beta_low": 0.21707228797594275}