{"R": 40.0, "wi": 0, "di": 0, "delta": 1.0, "gamma": {"0": 0.6470592080782294, "1": 1.3475455850299807, "2": 1.404489082708958}, "mu": {"0": 1.0828993448325348, "1": 1.1158984590641081, "2": 1.0426911317086032}, "phi": {"0": 0.8730568986969723, "1": 0.5486987828621562, "2": 0.0322550849568487}, "psi": {"0": 1.3315528766284772, "1": 0.717010161939306, "2": 1.1966218933755703}, "sigma": {"0": 0.6290161094524616, "1": 0.634310395772671, "2": 0.0}, "chi_high": 0.18819354855377593, "beta_low": 0.6084472948693254}