{"R": 40.0, "wi": 1, "di": 1, "delta": 1.0, "gamma": {"0": 0.6825160920035755, "1": 0.7557529556394904, "2": 0.6390532969674526}, "mu": {"0": 1.0854951266983537, "1": 1.0403429992042008, "2": 1.1082544422462943}, "phi": {"0": 0.11304588447203434, "1": 0.22399157335273712, "2": 0.16030842233680487}, "psi": {"0": 1.1043072326537782, "1": 1.119320648005889, "2": 0.5268214401858401}, "sigma": {"0": 0.7865689011293209, "1": 0.0, "2": 0.0}, "chi_high": null, "beta_low": 0.7836062337122387}