{"R": 40.0, "wi": 2, "di": 1, "delta": 1.0, "gamma": {"0": 1.089049920495294, "1": 0.8864543085488178, "2": 0.9722507855596827}, "mu": {"0": 1.0743968270489426, "1": 1.0612259740305683, "2": 1.0083761627185892}, "phi": {"0": 0.7819214356965762, "1": 0.7938242451602244, "2": 0.6407060204583477}, "psi": {"0": 1.0348302018415618, "1": 1.4573458163898136, "2": 1.4581888172446384}, "sigma": {"0": 0.6701541354797124, "1": 0.508851103512743, "2": 0.0}, "chi_high": null, "beta_low": null}