{"R": 40.0, "wi": 0, "di": 1, "delta": 1.0, "gamma": {"0": 0.5281999246036049, "1": 0.8502691686105662, "2": 1.2176690675037012}, "mu": {"0": 1.1466738883837433, "1": 1.074376295533947, "2": 1.0681821202954895}, "phi": {"0": 0.13184941301257702, "1": 0.763685691950351, "2": 0.8364728538968503}, "psi": {"0": 0.8371316446361403, "1": 0.8295892382699358, "2": 1.4302655188162672}, "sigma": {"0": 0.9588449373063088, "1": 0.572399751568401, "2": 0.0}, "chi_high": 0.9820548579135262, "beta_low": 0.11490628650011782}