{"R": 40.0, "wi": 2, "di": 0, "delta": 1.0, "gamma": {"0": 1.0461317715052716, "1": 0.5667717416013587, "2": 0.5659855220005552}, "mu": {"0": 1.0858650613363867, "1": 1.1218129349875112, "2": 1.1086737465668934}, "phi": {"0": 0.07321215048698848, "1": 0.7603739345781801, "2": 0.8408549543515088}, "psi": {"0": 1.195154135683499, "1": 1.4585016665502977, "2": 1.3586142672874135}, "sigma": {"0": 0.5597410744691884, "1": 0.5096846135090061, "2": 0.0}, "chi_high": null, "beta_low": null}