{"R": 40.0, "wi": 1, "di": 2, "delta": 1.0, "gamma": {"0": 1.4409997788246676, "1": 1.1838223126816965, "2": 1.3400777296680628}, "mu": {"0": 1.1023561191446813, "1": 1.023726259345542, "2": 1.0151849915973}, "phi": {"0": 0.5932920738819113, "1": 0.8748634791066758, "2": 0.39698112504039385}, "psi": {"0": 0.898612505092086, "1": 1.2407645607525426, "2": 0.9545353734986365}, "sigma": {"0": 0.9421462740042141, "1": 0.0, "2": 0.0}, "chi_high": null, "beta_low": 0.6817153192513763}