{"R": 40.0, "wi": 0, "di": 1, "delta": 1.0, "gamma": {"0": 1.4906794172170281, "1": 1.1087655114025865, "2": 1.1420777456930602}, "mu": {"0": 1.144488002804501, "1": 1.05836909446281, "2": 1.1362230408132263}, "phi": {"0": 0.12743249653717958, "1": 0.9922843979373027, "2": 0.07649895751307223}, "psi": {"0": 0.7484577316997144, "1": 1.105443817680929, "2": 0.7540994312195554}, "sigma": {"0": 0.6061715866860936, "1": 0.5877460879190041, "2": 0.0}, "chi_high": 0.6258636300206265, "beta_low": 0.5413063337662849}