{"R": 40.0, "wi": 3, "di": 2, "delta": 1.0, "gamma": {"0": 0.8890116151420288, "1": 0.785932113050414, "2": 0.8231131350788418}, "mu": {"0": 1.1403076013447875, "1": 1.1220002286221387, "2": 1.0114831410235507}, "phi": {"0": 0.7048456425587083, "1": 0.9454888460703228, "2": 0.3396820509118632}, "psi": {"0": 1.4724189802686096, "1": 1.444775273233879, "2": 1.3806248674134596}, "sigma": {"0": 0.5992911018792136, "1": 0.5071953977060085, "2": 0.0}, "chi_high": 0.5742218281489954, "beta_low": null}