{"R": 40.0, "wi": 3, "di": 0, "delta": 1.0, "gamma": {"0": 1.3576051173608832, "1": 0.9800215908741896, "2": 0.5003337282865696}, "mu": {"0": 1.085764828704288, "1": 1.1008127737189743, "2": 1.1165419233484979}, "phi": {"0": 0.7624439086170792, "1": 0.9303800660683998, "2": 0.9562343190028308}, "psi": {"0": 1.1448839818058443, "1": 1.1561538673840612, "2": 1.2366891408303888}, "sigma": {"0": 0.6646670369810684, "1": 0.738313723386063, "2": 0.0}, "chi_high": 0.46293463870484697, "beta_low": null}