{"R": 40.0, "wi": 3, "di": 1, "delta": 1.0, "gamma": {"0": 1.1995987678654225, "1": 1.0536773164231525, "2": 0.6757674577838287}, "mu": {"0": 1.080696869288852, "1": 1.029494380603283, "2": 1.14699390231669}, "phi": {"0": 0.5282029424696778, "1": 0.614400817394923, "2": 0.0841132889644517}, "psi": {"0": 0.5585970354800855, "1": 1.1490851730355462, "2": 1.0386376581187768}, "sigma": {"0": 0.8435672266315946, "1": 0.9070871363764444, "2": 0.0}, "chi_high": 0.9574221095496583, "beta_low": null}