{"R": 40.0, "wi": 1, "di": 0, "delta": 1.0, "gamma": {"0": 1.2778864831086294, "1": 1.4335415711653092, "2": 0.7662338224620324}, "mu": {"0": 1.067099305454793, "1": 1.0853381959594561, "2": 1.0615873930820876}, "phi": {"0": 0.6508202656179632, "1": 0.9768297303998011, "2": 0.3857480699380147}, "psi": {"0": 0.7428187997364514, "1": 1.3115105116688563, "2": 0.5089518697111791}, "sigma": {"0": 0.9472712180127096, "1": 0.0, "2": 0.0}, "chi_high": null, "beta_low": 0.5330014036260258}