{"R": 40.0, "wi": 0, "di": 1, "delta": 1.0, "gamma": {"0": 0.5029900537719764, "1": 1.1001520030842387, "2": 1.4904956368405597}, "mu": {"0": 1.0497530927897891, "1": 1.0484510232679793, "2": 1.087325440413716}, "phi": {"0": 0.9639305987514872, "1": 0.9605659723138151, "2": 0.3041416214593988}, "psi": {"0": 1.3570375741185978, "1": 0.5359814899813328, "2": 0.5757090787575052}, "sigma": {"0": 0.6999482098964988, "1": 0.6182934871472558, "2": 0.0}, "chi_high": 0.38576228148666525, "beta_low": 0.2930804455351657}