{"R": 40.0, "wi": 3, "di": 2, "delta": 1.0, "gamma": {"0": 1.4011693316607472, "1": 1.3736328586653375, "2": 1.3423030148290769}, "mu": {"0": 1.0129744407988697, "1": 1.0644944953045117, "2": 1.0205994009599182}, "phi": {"0": 0.223364604103649, "1": 0.9434516544407099, "2": 0.14046301288262342}, "psi": {"0": 1.3201942912773936, "1": 0.5035567082704325, "2": 0.7076079040216915}, "sigma": {"0": 0.5767625294920089, "1": 0.5821734622744166, "2": 0.0}, "chi_high": 0.5835567964489963, "beta_low": null}