{"R": 40.0, "wi": 1, "di": 1, "delta": 1.0, "gamma": {"0": 1.1103929383689883, "1": 1.315430846891775, "2": 1.464764112089215}, "mu": {"0": 1.1496277056515645, "1": 1.1006076571210184, "2": 1.0405271211247786}, "phi": {"0": 0.41125643967779957, "1": 0.4882070345323315, "2": 0.2489014118024815}, "psi": {"0": 0.691776141747797, "1": 1.1337549032707692, "2": 0.6479314535367976}, "sigma": {"0": 0.9679316747331569, "1": 0.0, "2": 0.0}, "chi_high": null, "beta_low": 0.34559355745827364}