{"R": 40.0, "wi": 3, "di": 2, "delta": 1.0, "gamma": {"0": 1.3647734234897952, "1": 1.2598018694230708, "2": 1.230880362479407}, "mu": {"0": 1.0947060053249669, "1": 1.0212987646044633, "2": 1.0410619483087322}, "phi": {"0": 0.22555012401289365, "1": 0.04798101260438137, "2": 0.32836402507972307}, "psi": {"0": 0.943597868170863, "1": 1.2532410283000468, "2": 0.6213588743685499}, "sigma": {"0": 0.6274000375885501, "1": 0.8162479548174628, "2": 0.0}, "chi_high": 0.44450636566367746, "beta_low": null}