{"R": 40.0, "wi": 1, "di": 0, "delta": 1.0, "gamma": {"0": 1.3604555642059522, "1": 0.9798875743117924, "2": 0.5577142781758408}, "mu": {"0": 1.1166815354556527, "1": 1.0778810764659765, "2": 1.0966577819313263}, "phi": {"0": 0.6204203132934165, "1": 0.6917623329689598, "2": 0.9038081902929919}, "psi": {"0": 0.7303083554278965, "1": 1.044479879447009, "2": 1.493125834715255}, "sigma": {"0": 0.7279690434929321, "1": 0.0, "2": 0.0}, "chi_high": null, "beta_low": 0.06781549558322836}