{"R": 40.0, "wi": 3, "di": 1, "delta": 1.0, "gamma": {"0": 0.5133979310161477, "1": 1.0208222586766877, "2": 1.2139183015924702}, "mu": {"0": 1.1014631416946803, "1": 1.1054906970323932, "2": 1.0678445548077449}, "phi": {"0": 0.31969097365422583, "1": 0.6602106079386537, "2": 0.3660754803485369}, "psi": {"0": 0.6180062445556247, "1": 0.8052542980075804, "2": 0.7310318878397953}, "sigma": {"0": 0.7755724328918783, "1": 0.9725690640021922, "2": 0.0}, "chi_high": 0.15715930304719916, "beta_low": null}