{"R": 40.0, "wi": 0, "di": 2, "delta": 1.0, "gamma": {"0": 0.9171505726709067, "1": 1.4097267988906594, "2": 0.8300727619951472}, "mu": {"0": 1.1055804534220293, "1": 1.105773662402528, "2": 1.0205303308239817}, "phi": {"0": 0.8636094661633813, "1": 0.7285714956747388, "2": 0.565901010564179}, "psi": {"0": 0.6698068324708506, "1": 0.6009210327140979, "2": 0.8180247136692141}, "sigma": {"0": 0.5597014369914165, "1": 0.7519223797993937, "2": 0.0}, "chi_high": 0.6702800367619552, "beta_low": 0.04668757367399382}