{"R": 40.0, "wi": 3, "di": 1, "delta": 1.0, "gamma": {"0": 0.7306869624564637, "1": 1.0491399621879653, "2": 1.039205126125859}, "mu": {"0": 1.0721226286760799, "1": 1.0408217545952112, "2": 1.0791045744356025}, "phi": {"0": 0.9595477113518798, "1": 0.6670042463426444, "2": 0.3011332447090318}, "psi": {"0": 0.6883395669028891, "1": 1.4279871819096863, "2": 0.8541235996401426}, "sigma": {"0": 0.5601510730612984, "1": 0.9911892322317064, "2": 0.0}, "chi_high": 0.8879447901495867, "beta_low": null}