{"R": 40.0, "wi": 2, "di": 2, "delta": 1.0, "gamma": {"0": 0.7598218729833792, "1": 1.2728349825465535, "2": 0.7921628683277652}, "mu": {"0": 1.0675376018327654, "1": 1.0584197678077552, "2": 1.132401772110334}, "phi": {"0": 0.48593477778260574, "1": 0.9862943333203225, "2": 0.4915693965140032}, "psi": {"0": 0.8897844566778107, "1": 0.8405792967962274, "2": 0.5659785675854618}, "sigma": {"0": 0.6915540223988579, "1": 0.9006269062018201, "2": 0.0}, "chi_high": null, "beta_low": null}