{"R": 40.0, "wi": 0, "di": 1, "delta": 1.0, "gamma": {"0": 0.5321445116862253, "1": 1.2584323481813562, "2": 0.6719299314220212}, "mu": {"0": 1.132464944751773, "1": 1.1357904445943954, "2": 1.1045927003957867}, "phi": {"0": 0.24015378622739292, "1": 0.2927066294511811, "2": 0.9282033480477152}, "psi": {"0": 0.5410571548613116, "1": 0.5012113851130904, "2": 1.4670988077251632}, "sigma": {"0": 0.598769940782198, "1": 0.9851660397949176, "2": 0.0}, "chi_high": 0.47661381584526014, "beta_low": 0.05897318878336601}