{"R": 40.0, "wi": 3, "di": 1, "delta": 1.0, "gamma": {"0": 1.1198547873465112, "1": 0.9086895246386196, "2": 0.8573985382547583}, "mu": {"0": 1.026188808264697, "1": 1.0994183613466924, "2": 1.1375020631416932}, "phi": {"0": 0.5998127322803559, "1": 0.676084768074745, "2": 0.003326961437765674}, "psi": {"0": 1.0855664534076033, "1": 1.498413677900456, "2": 1.0485823160527592}, "sigma": {"0": 0.7343849384306622, "1": 0.8942118988388306, "2": 0.0}, "chi_high": 0.9492168751282335, "beta_low": null}