{"R": 40.0, "wi": 0, "di": 0, "delta": 1.0, "gamma": {"0": 0.7603343748283669, "1": 1.2742537538552448, "2": 0.9779975437021076}, "mu": {"0": 1.1462524253561357, "1": 1.1020673913951118, "2": 1.0214232580786449}, "phi": {"0": 0.9987744347335691, "1": 0.7196767387959442, "2": 0.4643734266207026}, "psi": {"0": 1.4382791259797338, "1": 0.5158259275733955, "2": 1.1909156755107442}, "sigma": {"0": 0.8483580085902669, "1": 0.9483056824915522, "2": 0.0}, "chi_high": 0.07238931316080194, "beta_low": 0.10866874086835951}