{"R": 40.0, "wi": 2, "di": 1, "delta": 1.0, "gamma": {"0": 0.6775865946579733, "1": 0.9066478891543202, "2": 1.0428087128223207}, "mu": {"0": 1.1284876923970117, "1": 1.089860027708683, "2": 1.064093494426842}, "phi": {"0": 0.062207872335799275, "1": 0.5415658947707748, "2": 0.38637162836468175}, "psi": {"0": 1.4729624077811803, "1": 1.0908205475586854, "2": 0.9856992940681859}, "sigma": {"0": 0.7854848917707978, "1": 0.682970876492818, "2": 0.0}, "chi_high": null, "beta_low": null}