{"R": 40.0, "wi": 3, "di": 2, "delta": 1.0, "gamma": {"0": 0.555282366204102, "1": 1.2680588863257052, "2": 0.5429460401168991}, "mu": {"0": 1.0301935788823515, "1": 1.1182145010549616, "2": 1.1313732468694542}, "phi": {"0": 0.19603681453828337, "1": 0.20970278998815894, "2": 0.28520932784034814}, "psi": {"0": 0.9885994631735612, "1": 1.473360056438395, "2": 1.2630130885283046}, "sigma": {"0": 0.7313835967193826, "1": 0.6243302684950047, "2": 0.0}, "chi_high": 0.5148531985564018, "beta_low": null}