{"R": 40.0, "wi": 2, "di": 0, "delta": 1.0, "gamma": {"0": 0.5900994299095206, "1": 0.5593722374179249, "2": 0.5887942074614068}, "mu": {"0": 1.0988455012188065, "1": 1.1124796945743176, "2": 1.0356937852666124}, "phi": {"0": 0.4016505598949417, "1": 0.23179071191281664, "2": 0.9229701923690207}, "psi": {"0": 1.2658982404313248, "1": 0.5482495454100254, "2": 0.5902560095354058}, "sigma": {"0": 0.5145298378925502, "1": 0.6627877191637059, "2": 0.0}, "chi_high": null, "beta_low": null}