{"R": 40.0, "wi": 0, "di": 0, "delta": 1.0, "gamma": {"0": 0.6885774936177764, "1": 1.0870257929085816, "2": 1.473912718627933}, "mu": {"0": 1.0242587293632355, "1": 1.1302109903840305, "2": 1.1245903033886104}, "phi": {"0": 0.40060749074944146, "1": 0.2991466669998373, "2": 0.37560572702368344}, "psi": {"0": 1.4372896721203032, "1": 1.0443582712813342, "2": 1.4135267574538555}, "sigma": {"0": 0.8704888100489427, "1": 0.5067822827880348, "2": 0.0}, "chi_high": 0.600696734975126, "beta_low": 0.5957332921457821}