{"R": 40.0, "wi": 1, "di": 2, "delta": 1.0, "gamma": {"0": 1.0689800986123668, "1": 0.7882025849780351, "2": 1.2810207387569192}, "mu": {"0": 1.0816266751874877, "1": 1.074521671598135, "2": 1.100079799123055}, "phi": {"0": 0.12389681937867314, "1": 0.8633053062306565, "2": 0.3589496748802785}, "psi": {"0": 1.310091924133443, "1": 1.2132331365787996, "2": 0.9808951027132535}, "sigma": {"0": 0.7411073860664449, "1": 0.0, "2": 0.0}, "chi_high": null, "beta_low": 0.7141273892616093}