{"R": 40.0, "wi": 0, "di": 1, "delta": 1.0, "gamma": {"0": 0.9738003391469264, "1": 1.3659405998433651, "2": 0.7248201307702071}, "mu": {"0": 1.022920256434271, "1": 1.0516016817459282, "2": 1.0765906980764803}, "phi": {"0": 0.9974502406584085, "1": 0.00043261211951273193, "2": 0.8788713793034196}, "psi": {"0": 0.8284769614861666, "1": 0.8553248346534758, "2": 1.3816790715319056}, "sigma": {"0": 0.8455978803076445, "1": 0.5473160196289506, "2": 0.0}, "chi_high": 0.15649513601105905, "beta_low": 0.15912568554963433}