{"R": 40.0, "wi": 3, "di": 1, "delta": 1.0, "gamma": {"0": 1.2298185172476424, "1": 1.4536712249768589, "2": 1.0189710729503265}, "mu": {"0": 1.0631794634739538, "1": 1.007485497654439, "2": 1.088484585285603}, "phi": {"0": 0.4745702286578578, "1": 0.5929767626869943, "2": 0.1739604624641089}, "psi": {"0": 1.3715623989234964, "1": 1.182426151261997, "2": 1.2033565486728022}, "sigma": {"0": 0.6865448067318949, "1": 0.8362458435262844, "2": 0.0}, "chi_high": 0.7536932174997876, "beta_low": null}