{"R": 40.0, "wi": 2, "di": 1, "delta": 1.0, "gamma": {"0": 1.2570674180251142, "1": 0.6354162137590659, "2": 1.1807654810085748}, "mu": {"0": 1.068938410893267, "1": 1.1385815294436008, "2": 1.0271571404096966}, "phi": {"0": 0.7271944867973762, "1": 0.8588916845130355, "2": 0.9217694152344222}, "psi": {"0": 0.8988547012034643, "1": 0.7924683357629942, "2": 1.182283401852036}, "sigma": {"0": 0.8325478821045323, "1": 0.6598710541597504, "2": 0.0}, "chi_high": null, "beta_low": null}