{"R": 40.0, "wi": 1, "di": 1, "delta": 1.0, "gamma": {"0": 0.774627187067657, "1": 1.4191344079612804, "2": 1.2333091106981042}, "mu": {"0": 1.0966371007837978, "1": 1.0254811217136321, "2": 1.0508695408799502}, "phi": {"0": 0.08516308234544112, "1": 0.7187524933352339, "2": 0.33872584109120685}, "psi": {"0": 1.0930524687311685, "1": 1.0412166727709626, "2": 0.532741506695301}, "sigma": {"0": 0.5512926032675325, "1": 0.0, "2": 0.0}, "chi_high": null, "beta_low": 0.3104028886732045}