{"R": 40.0, "wi": 0, "di": 0, "delta": 1.0, "gamma": {"0": 0.8785157006784525, "1": 1.3061548342932099, "2": 1.2046443624433032}, "mu": {"0": 1.146793069499607, "1": 1.1470861973148845, "2": 1.0963954701758245}, "phi": {"0": 0.38648179687873574, "1": 0.004367389983139902, "2": 0.7117769138101666}, "psi": {"0": 0.9798564386083908, "1": 0.5727926898239745, "2": 1.4431176126058256}, "sigma": {"0": 0.6665732357950982, "1": 0.6023346652075342, "2": 0.0}, "chi_high": 0.38795640849145796, "beta_low": 0.8784427010174796}