{"R": 40.0, "wi": 3, "di": 2, "delta": 1.0, "gamma": {"0": 1.2778241536263333, "1": 0.7691039543807399, "2": 1.2585144927115808}, "mu": {"0": 1.083568561468763, "1": 1.0338121422273459, "2": 1.0780817028197907}, "phi": {"0": 0.2414479951153765, "1": 0.032355891945538784, "2": 0.6994223898064806}, "psi": {"0": 1.0431698252907655, "1": 0.5793010371714976, "2": 1.2044632127038475}, "sigma": {"0": 0.8205501384937683, "1": 0.6443509042545237, "2": 0.0}, "chi_high": 0.06891720751007921, "beta_low": null}