{"R": 40.0, "wi": 1, "di": 0, "delta": 1.0, "gamma": {"0": 0.8991380066850178, "1": 1.357651327929926, "2": 1.1953317324163748}, "mu": {"0": 1.035387257610249, "1": 1.0778566069025577, "2": 1.1389866073148716}, "phi": {"0": 0.2499644786421824, "1": 0.43355205564634713, "2": 0.767092942047427}, "psi": {"0": 1.2162660455022558, "1": 1.3995104800062408, "2": 0.8366831596524268}, "sigma": {"0": 0.9648700046025804, "1": 0.0, "2": 0.0}, "chi_high": null, "beta_low": 0.5670786102136276}