{"R": 40.0, "wi": 2, "di": 1, "delta": 1.0, "gamma": {"0": 0.7007730242443891, "1": 0.688403622914085, "2": 1.1436745299501023}, "mu": {"0": 1.023414529970174, "1": 1.0460734730291428, "2": 1.0665083398185977}, "phi": {"0": 0.5552236731558883, "1": 0.40664513898322474, "2": 0.2913768456695619}, "psi": {"0": 1.1517296304471611, "1": 0.5642006798063549, "2": 1.3612999080093902}, "sigma": {"0": 0.7641451377165445, "1": 0.9865701084590325, "2": 0.0}, "chi_high": null, "beta_low": null}