{"R": 40.0, "wi": 2, "di": 0, "delta": 1.0, "gamma": {"0": 1.4445305842405682, "1": 1.04805478213399, "2": 0.6914998724651951}, "mu": {"0": 1.1058210864279459, "1": 1.0503604912877238, "2": 1.0918131600154664}, "phi": {"0": 0.5824710296968532, "1": 0.8570663692600908, "2": 0.62564264047095}, "psi": {"0": 0.9833822721561014, "1": 1.1442441020452039, "2": 1.3237956408553146}, "sigma": {"0": 0.9811789833229141, "1": 0.6028500974187458, "2": 0.0}, "chi_high": null, "beta_low": null}