{"R": 40.0, "wi": 0, "di": 1, "delta": 1.0, "gamma": {"0": 1.4841274885728644, "1": 0.5024214860974399, "2": 0.9451992607556157}, "mu": {"0": 1.064526992513244, "1": 1.1367329222395854, "2": 1.0544376086274172}, "phi": {"0": 0.0490342080898557, "1": 0.45503438531562057, "2": 0.5843975846047416}, "psi": {"0": 1.30029167265264, "1": 1.053716572418768, "2": 0.5255771172780942}, "sigma": {"0": 0.6088518596817414, "1": 0.5203221593173868, "2": 0.0}, "chi_high": 0.9693298873468389, "beta_low": 0.3370213563405929}