{"R": 40.0, "wi": 1, "di": 1, "delta": 1.0, "gamma": {"0": 0.7076883944283177, "1": 0.9005864218155973, "2": 1.1372565188907613}, "mu": {"0": 1.08556588799063, "1": 1.0951313039918644, "2": 1.134685954888177}, "phi": {"0": 0.0511018169463221, "1": 0.5598041870003414, "2": 0.4436500015095164}, "psi": {"0": 0.6710052161468482, "1": 0.7177239060073547, "2": 0.712516948647521}, "sigma": {"0": 0.6606603608333148, "1": 0.0, "2": 0.0}, "chi_high": null, "beta_low": 0.5948993030561401}