{"R": 40.0, "wi": 2, "di": 1, "delta": 1.0, "gamma": {"0": 1.4658128350366821, "1": 1.1835683601651845, "2": 0.8726725219135281}, "mu": {"0": 1.0325315356588338, "1": 1.0676237183544066, "2": 1.057853492702602}, "phi": {"0": 0.5489610258019211, "1": 0.3000433690476617, "2": 0.38847624270252534}, "psi": {"0": 1.2737717655042022, "1": 0.7787370179392201, "2": 1.0428538674648915}, "sigma": {"0": 0.5558570652915225, "1": 0.8091250081245496, "2": 0.0}, "chi_high": null, "beta_low": null}