{"R": 40.0, "wi": 0, "di": 0, "delta": 1.0, "gamma": {"0": 0.8187587917532222, "1": 0.9510015946529617, "2": 0.8660859501157177}, "mu": {"0": 1.0260199034779547, "1": 1.0248799253109704, "2": 1.1487204226960737}, "phi": {"0": 0.35036162473359334, "1": 0.40808521848264057, "2": 0.6616040306302476}, "psi": {"0": 0.810145858910456, "1": 1.2281430208611703, "2": 1.4776879404140983}, "sigma": {"0": 0.9644983417571136, "1": 0.8358954379822467, "2": 0.0}, "chi_high": 0.11702951134378696, "beta_low": 0.12341330663526763}