{"R": 40.0, "wi": 3, "di": 2, "delta": 1.0, "gamma": {"0": 0.7735894284880972, "1": 1.4306890641672676, "2": 1.0302705720427905}, "mu": {"0": 1.0164365783831824, "1": 1.1467565186532949, "2": 1.0928127501689193}, "phi": {"0": 0.39918170027220246, "1": 0.010466612263924091, "2": 0.07174166456534914}, "psi": {"0": 1.4437269430777224, "1": 1.4595518158979817, "2": 0.6533822212852222}, "sigma": {"0": 0.735363894603881, "1": 0.6421237758432363, "2": 0.0}, "chi_high": 0.5393244164356593, "beta_low": null}