{"R": 40.0, "wi": 0, "di": 2, "delta": 1.0, "gamma": {"0": 1.1680979675743834, "1": 0.9050982442550294, "2": 1.1600000085025026}, "mu": {"0": 1.0066523655515978, "1": 1.1207256011814775, "2": 1.0410943268264634}, "phi": {"0": 0.5362013024181885, "1": 0.32752851196776633, "2": 0.8151533165393963}, "psi": {"0": 0.8452479706559342, "1": 1.3761295930131276, "2": 0.5686129362231009}, "sigma": {"0": 0.5292726992314678, "1": 0.9213423092023435, "2": 0.0}, "chi_high": 0.29655719525253327, "beta_low": 0.5889914881516833}