{"R": 40.0, "wi": 0, "di": 0, "delta": 1.0, "gamma": {"0": 0.7721999197377349, "1": 0.5555203450049767, "2": 0.6901487573575544}, "mu": {"0": 1.0813503990638855, "1": 1.0903707879004982, "2": 1.1248573212125468}, "phi": {"0": 0.957262816293303, "1": 0.499243943354969, "2": 0.15736630744210744}, "psi": {"0": 0.5023876002224049, "1": 0.7609816001666366, "2": 0.9342310555878733}, "sigma": {"0": 0.9573476693312954, "1": 0.95228115724564, "2": 0.0}, "chi_high": 0.5186411091326077, "beta_low": 0.5398059668963102}