{"R": 40.0, "wi": 3, "di": 1, "delta": 1.0, "gamma": {"0": 0.9594676826432408, "1": 1.1450323466149843, "2": 1.4691786642116593}, "mu": {"0": 1.0380969731704102, "1": 1.1336378294264189, "2": 1.0729391904975143}, "phi": {"0": 0.15278313782263953, "1": 0.08463616898944393, "2": 0.040238848401738414}, "psi": {"0": 0.8400246347510592, "1": 0.617629923179915, "2": 0.9076507270801778}, "sigma": {"0": 0.508568797774755, "1": 0.8494193882796117, "2": 0.0}, "chi_high": 0.7930730503425755, "beta_low": null}