{"R": 40.0, "wi": 3, "di": 2, "delta": 1.0, "gamma": {"0": 0.8219122149971406, "1": 0.6047732609375819, "2": 1.224652456175455}, "mu": {"0": 1.0669009244543033, "1": 1.0528197222961484, "2": 1.1141998374351803}, "phi": {"0": 0.5945240785177573, "1": 0.5899204607024663, "2": 0.5021213452973903}, "psi": {"0": 1.3127349519026508, "1": 0.7619037379897016, "2": 1.2327030425907903}, "sigma": {"0": 0.6705440107362044, "1": 0.8639280378055236, "2": 0.0}, "chi_high": 0.2846230862337685, "beta_low": null}