{"R": 40.0, "wi": 0, "di": 0, "delta": 1.0, "gamma": {"0": 1.2538378599618425, "1": 0.5729208165990767, "2": 0.6471156716102257}, "mu": {"0": 1.136960054235974, "1": 1.0097821390537498, "2": 1.0437482707696708}, "phi": {"0": 0.8755511308003331, "1": 0.7344159439934568, "2": 0.208207965367757}, "psi": {"0": 0.5137869423137367, "1": 1.1695019012548231, "2": 1.424829177446023}, "sigma": {"0": 0.6910782876218797, "1": 0.6721931180994308, "2": 0.0}, "chi_high": 0.29477096664486496, "beta_low": 0.7072987377126734}