{"R": 40.0, "wi": 1, "di": 1, "delta": 1.0, "gamma": {"0": 1.1956411344343492, "1": 1.0408461574515453, "2": 0.6234860652500833}, "mu": {"0": 1.0793226896338903, "1": 1.1118838980742007, "2": 1.0200506974240664}, "phi": {"0": 0.7512440428894559, "1": 0.8759855864582711, "2": 0.5768727756689818}, "psi": {"0": 0.6330006335664321, "1": 1.2849737500452396, "2": 1.0842770229583318}, "sigma": {"0": 0.8162586926343314, "1": 0.0, "2": 0.0}, "chi_high": null, "beta_low": 0.661598085465267}