{"R": 40.0, "wi": 3, "di": 0, "delta": 1.0, "gamma": {"0": 1.0412813655093622, "1": 1.4696296186797877, "2": 0.9447666173148014}, "mu": {"0": 1.0768539603948677, "1": 1.085624733150253, "2": 1.0812233655803432}, "phi": {"0": 0.8608275048809604, "1": 0.16400817714334703, "2": 0.47327114672839654}, "psi": {"0": 0.6450074333293974, "1": 0.5688455012663234, "2": 0.7343404798433607}, "sigma": {"0": 0.9821992350553503, "1": 0.8617213845134377, "2": 0.0}, "chi_high": 0.3805412044593299, "beta_low": null}