{"R": 40.0, "wi": 2, "di": 0, "delta": 1.0, "gamma": {"0": 0.5398510790274405, "1": 1.3241481580894146, "2": 1.4940317878985763}, "mu": {"0": 1.1346463825077682, "1": 1.0554428038297226, "2": 1.1303859231502333}, "phi": {"0": 0.9836167895293716, "1": 0.12205119161423639, "2": 0.850713470491325}, "psi": {"0": 1.092312970877233, "1": 1.1287602351125163, "2": 0.9328252756836326}, "sigma": {"0": 0.9005457082588553, "1": 0.5534123402222095, "2": 0.0}, "chi_high": null, "beta_low": null}