{"R": 40.0, "wi": 1, "di": 0, "delta": 1.0, "gamma": {"0": 0.7174590621757204, "1": 0.716177247181824, "2": 1.0139094839476628}, "mu": {"0": 1.0420498202694315, "1": 1.0549082944412058, "2": 1.0731088199467758}, "phi": {"0": 0.641008472568722, "1": 0.7048583722891644, "2": 0.2053926607409694}, "psi": {"0": 0.7257238564436502, "1": 0.8517591242344784, "2": 1.026793080501195}, "sigma": {"0": 0.9963064555852643, "1": 0.0, "2": 0.0}, "chi_high": null, "beta_low": 0.2781627300254826}