{"R": 40.0, "wi": 2, "di": 1, "delta": 1.0, "gamma": {"0": 0.585379176379265, "1": 1.0667478951892186, "2": 0.5290395247740155}, "mu": {"0": 1.0935114664520966, "1": 1.0085911436852584, "2": 1.0593614159149174}, "phi": {"0": 0.4735900974998015, "1": 0.7078338583924162, "2": 0.14176604081821664}, "psi": {"0": 1.0066236352788156, "1": 1.0847405343701286, "2": 1.1666021495785026}, "sigma": {"0": 0.6119095823422664, "1": 0.7415753747871501, "2": 0.0}, "chi_high": null, "beta_low": null}