{"R": 40.0, "wi": 0, "di": 1, "delta": 1.0, "gamma": {"0": 0.588239654715605, "1": 0.8993990077395195, "2": 1.1127787911640854}, "mu": {"0": 1.092104628853641, "1": 1.0497344821280155, "2": 1.0450149829053208}, "phi": {"0": 0.8674502140430386, "1": 0.5978321982381519, "2": 0.43549847082351}, "psi": {"0": 1.0607127099946922, "1": 1.4115489078474341, "2": 0.6562702007167196}, "sigma": {"0": 0.9332158462310082, "1": 0.5196065221981425, "2": 0.0}, "chi_high": 0.25035867546323115, "beta_low": 0.37874119061907685}