{"R": 40.0, "wi": 0, "di": 0, "delta": 1.0, "gamma": {"0": 1.3199209339414282, "1": 0.9413281261565934, "2": 0.7404365840110272}, "mu": {"0": 1.1275802720888357, "1": 1.147259509361634, "2": 1.0075707073373346}, "phi": {"0": 0.2705397703948106, "1": 0.9884590766856837, "2": 0.26117333169811996}, "psi": {"0": 0.5305260106716059, "1": 0.821760227768809, "2": 0.6319793389073689}, "sigma": {"0": 0.5343153005536347, "1": 0.7540878136922681, "2": 0.0}, "chi_high": 0.03659836392209587, "beta_low": 0.8563296076647211}