{"R": 40.0, "wi": 3, "di": 1, "delta": 1.0, "gamma": {"0": 1.3762047261967558, "1": 1.3989602717186544, "2": 0.9273760854272122}, "mu": {"0": 1.1003726008722339, "1": 1.0289512167532362, "2": 1.0197545298745754}, "phi": {"0": 0.6303014366759835, "1": 0.6171638145349704, "2": 0.7689296548654301}, "psi": {"0": 0.7203373691291286, "1": 1.3292992058376698, "2": 1.2767931272031547}, "sigma": {"0": 0.8174408400916479, "1": 0.6755598123390529, "2": 0.0}, "chi_high": 0.07284192779272967, "beta_low": null}