{"R": 40.0, "wi": 1, "di": 2, "delta": 1.0, "gamma": {"0": 0.9509709679315599, "1": 1.0763669930068176, "2": 0.8007285713091546}, "mu": {"0": 1.0722057309675568, "1": 1.0774526097060488, "2": 1.0394138602516574}, "phi": {"0": 0.8908075060488371, "1": 0.7698521251276076, "2": 0.5928520146371732}, "psi": {"0": 1.1679356031122448, "1": 0.6087549036020268, "2": 0.8234449892906015}, "sigma": {"0": 0.803857961089167, "1": 0.0, "2": 0.0}, "chi_high": null, "beta_low": 0.27103594516917245}