{"R": 40.0, "wi": 0, "di": 1, "delta": 1.0, "gamma": {"0": 1.1964635644897466, "1": 0.984861922826737, "2": 0.9044050187498502}, "mu": {"0": 1.079763968598055, "1": 1.0060696902956292, "2": 1.0571264157491915}, "phi": {"0": 0.28492047956156663, "1": 0.9572508211499164, "2": 0.22572692096662084}, "psi": {"0": 1.4345018389020914, "1": 1.4385053921325097, "2": 1.1192121129385915}, "sigma": {"0": 0.5275283850404677, "1": 0.8471919635442391, "2": 0.0}, "chi_high": 0.190057101572735, "beta_low": 0.94021811109573}