{"R": 40.0, "wi": 2, "di": 0, "delta": 1.0, "gamma": {"0": 0.8053402356965251, "1": 1.2122374945412804, "2": 1.4396745713298498}, "mu": {"0": 1.115939760514285, "1": 1.0906417627838216, "2": 1.0017364251453074}, "phi": {"0": 0.6869845061980852, "1": 0.07224459779991588, "2": 0.5967197862093448}, "psi": {"0": 0.7393149751276499, "1": 1.0789421369381818, "2": 0.8557827628568172}, "sigma": {"0": 0.6391515041510474, "1": 0.6602814987048056, "2": 0.0}, "chi_high": null, "beta_low": null}