{"R": 40.0, "wi": 1, "di": 0, "delta": 1.0, "gamma": {"0": 1.1951602757593331, "1": 1.0164063144292776, "2": 0.7294855534874515}, "mu": {"0": 1.0091043138673617, "1": 1.1155944545747758, "2": 1.0366898278990633}, "phi": {"0": 0.14048628941589214, "1": 0.9223376471420041, "2": 0.2842326247774749}, "psi": {"0": 1.4160348435950079, "1": 0.7389209714998944, "2": 1.2312626731352463}, "sigma": {"0": 0.8095319952725596, "1": 0.0, "2": 0.0}, "chi_high": null, "beta_low": 0.4358868163712049}