{"R": 40.0, "wi": 1, "di": 0, "delta": 1.0, "gamma": {"0": 1.4161185478877427, "1": 0.8521633955463959, "2": 1.0645603424825354}, "mu": {"0": 1.035201068591823, "1": 1.1207957364704297, "2": 1.0124744237950387}, "phi": {"0": 0.6410069276896593, "1": 0.07266471521154139, "2": 0.25755146367714743}, "psi": {"0": 1.0753129597503226, "1": 1.1165777703687336, "2": 0.7268969405960012}, "sigma": {"0": 0.5642030012438857, "1": 0.0, "2": 0.0}, "chi_high": null, "beta_low": 0.6833732179763529}