{"R": 40.0, "wi": 1, "di": 2, "delta": 1.0, "gamma": {"0": 1.1424647721825874, "1": 0.6873201000829139, "2": 0.8074305155689694}, "mu": {"0": 1.100580289791443, "1": 1.0519799657046986, "2": 1.1115389230906596}, "phi": {"0": 0.1324122350290159, "1": 0.9501115774399028, "2": 0.7953569896357535}, "psi": {"0": 0.8125075489402123, "1": 0.9607002245521619, "2": 1.2496480120629347}, "sigma": {"0": 0.7812823680584601, "1": 0.0, "2": 0.0}, "chi_high": null, "beta_low": 0.5482914645284553}