{"R": 40.0, "wi": 0, "di": 2, "delta": 1.0, "gamma": {"0": 0.8848241288364117, "1": 0.8250740221322501, "2": 0.7821971674976775}, "mu": {"0": 1.1374075155564822, "1": 1.0413317590987783, "2": 1.1048201120345866}, "phi": {"0": 0.9056452323032643, "1": 0.891104535722988, "2": 0.9989545637254161}, "psi": {"0": 0.994432813182865, "1": 0.9851063298409852, "2": 0.5264067580406369}, "sigma": {"0": 0.9585301398616572, "1": 0.51459378869602, "2": 0.0}, "chi_high": 0.7270291700107001, "beta_low": 0.7694680930869517}