{"R": 40.0, "wi": 1, "di": 2, "delta": 1.0, "gamma": {"0": 0.8967183563043142, "1": 0.9098850817428658, "2": 1.3924373109226558}, "mu": {"0": 1.0954726466898255, "1": 1.069232888844548, "2": 1.1464635018149856}, "phi": {"0": 0.8455790719669559, "1": 0.5899823932018524, "2": 0.03217149998547708}, "psi": {"0": 0.8872125987198572, "1": 0.8294075470816209, "2": 0.5857617924161252}, "sigma": {"0": 0.6253908699908701, "1": 0.0, "2": 0.0}, "chi_high": null, "beta_low": 0.0997980900796682}