{"R": 40.0, "wi": 3, "di": 2, "delta": 1.0, "gamma": {"0": 0.6704057827643793, "1": 0.5134003332454976, "2": 1.2496807745571124}, "mu": {"0": 1.0698714721578897, "1": 1.0640337872832906, "2": 1.003578936884202}, "phi": {"0": 0.5413096672706065, "1": 0.5511234253830045, "2": 0.19474497160579618}, "psi": {"0": 1.0793394410571588, "1": 1.1112166816017925, "2": 0.9297912905207155}, "sigma": {"0": 0.6281288898458499, "1": 0.7787578338018832, "2": 0.0}, "chi_high": 0.9687890792392007, "beta_low": null}