{"R": 40.0, "wi": 1, "di": 0, "delta": 1.0, "gamma": {"0": 1.429549292095552, "1": 0.7140341043000165, "2": 0.827690239148331}, "mu": {"0": 1.0893425684230205, "1": 1.0526937694811056, "2": 1.096978874489315}, "phi": {"0": 0.24404280184346006, "1": 0.881536473846084, "2": 0.6019639615678153}, "psi": {"0": 0.9886192535123375, "1": 0.7842442424094644, "2": 0.6544976392294685}, "sigma": {"0": 0.7254579336503124, "1": 0.0, "2": 0.0}, "chi_high": null, "beta_low": 0.8957115748999349}