{"R": 40.0, "wi": 1, "di": 1, "delta": 1.0, "gamma": {"0": 0.5960761712136503, "1": 0.9918187170206038, "2": 1.4087182098620226}, "mu": {"0": 1.064613460850085, "1": 1.1182376796862006, "2": 1.0392029725723744}, "phi": {"0": 0.05042876241940675, "1": 0.0243287536736293, "2": 0.04876833161351668}, "psi": {"0": 0.9950135302602271, "1": 1.1189502463786831, "2": 1.448412824090076}, "sigma": {"0": 0.7931978186342171, "1": 0.0, "2": 0.0}, "chi_high": null, "beta_low": 0.08747820306377398}