{"R": 40.0, "wi": 0, "di": 0, "delta": 1.0, "gamma": {"0": 0.8698748376160654, "1": 1.4245016842169589, "2": 1.3189160004995455}, "mu": {"0": 1.102471633336355, "1": 1.1306486078755313, "2": 1.0338808852435328}, "phi": {"0": 0.8872553866681497, "1": 0.8799636804991184, "2": 0.45848884667699463}, "psi": {"0": 1.319687972126776, "1": 1.0336860144450877, "2": 1.3343485288760686}, "sigma": {"0": 0.9835465237180793, "1": 0.6873010500850962, "2": 0.0}, "chi_high": 0.9709646794752084, "beta_low": 0.8626058583692974}