{"R": 40.0, "wi": 1, "di": 0, "delta": 1.0, "gamma": {"0": 1.24959677343197, "1": 0.723848391834426, "2": 1.039480550000291}, "mu": {"0": 1.0574829897777505, "1": 1.0284958073751524, "2": 1.0559991485874682}, "phi": {"0": 0.0706219248462212, "1": 0.4376627080988661, "2": 0.5118811594252282}, "psi": {"0": 0.5234604817837685, "1": 0.9413808767510838, "2": 1.0801130091398436}, "sigma": {"0": 0.5406741553172323, "1": 0.0, "2": 0.0}, "chi_high": null, "beta_low": 0.3455847988987302}