{"R": 40.0, "wi": 3, "di": 0, "delta": 1.0, "gamma": {"0": 1.2680804176454168, "1": 0.7818658101802515, "2": 0.9002628233288457}, "mu": {"0": 1.0846837473677962, "1": 1.0553538517601022, "2": 1.0176113940439981}, "phi": {"0": 0.7941713751739334, "1": 0.3821364021642414, "2": 0.7092063238805181}, "psi": {"0": 0.6973922012630934, "1": 1.294705565112527, "2": 1.2133064423410589}, "sigma": {"0": 0.8306665569565946, "1": 0.8341669538420005, "2": 0.0}, "chi_high": 0.8168863426346568, "beta_low": null}