{"R": 40.0, "wi": 1, "di": 1, "delta": 1.0, "gamma": {"0": 1.1705259002317039, "1": 1.1953060208903348, "2": 0.8872369332201063}, "mu": {"0": 1.0248922033928751, "1": 1.1052038260080346, "2": 1.024882761182253}, "phi": {"0": 0.7648368377424601, "1": 0.7404977725840192, "2": 0.4471392914543544}, "psi": {"0": 0.7298994424588582, "1": 0.8165222052869322, "2": 1.2315872835593527}, "sigma": {"0": 0.9910828462307963, "1": 0.0, "2": 0.0}, "chi_high": null, "beta_low": 0.6212815489793063}