{"R": 40.0, "wi": 2, "di": 0, "delta": 1.0, "gamma": {"0": 0.6108410139340662, "1": 1.1375170406573396, "2": 1.152652585769594}, "mu": {"0": 1.0652209163667177, "1": 1.0284604056752076, "2": 1.104470103507541}, "phi": {"0": 0.7315318741791897, "1": 0.9054295889640346, "2": 0.6518131790058728}, "psi": {"0": 0.8115136396718061, "1": 1.1504530623193083, "2": 1.4736169344622396}, "sigma": {"0": 0.5129350922925042, "1": 0.7995536878604927, "2": 0.0}, "chi_high": null, "beta_low": null}