{"R": 40.0, "wi": 0, "di": 0, "delta": 1.0, "gamma": {"0": 0.7734757533490753, "1": 1.3324741499372106, "2": 1.1537215722372562}, "mu": {"0": 1.0646412982265683, "1": 1.0626711006942684, "2": 1.0334464232297231}, "phi": {"0": 0.41343413852550226, "1": 0.10179528197907062, "2": 0.07786794619937654}, "psi": {"0": 1.191225075779276, "1": 1.0222396485704421, "2": 0.7494546919722695}, "sigma": {"0": 0.9461605664768336, "1": 0.6976646610988836, "2": 0.0}, "chi_high": 0.9339540153911223, "beta_low": 0.9412036901729269}