{"R": 40.0, "wi": 3, "di": 1, "delta": 1.0, "gamma": {"0": 1.2765007789645197, "1": 0.8228567100513923, "2": 0.9099500439836489}, "mu": {"0": 1.0259801188354154, "1": 1.0149729074314253, "2": 1.0962162966271554}, "phi": {"0": 0.12965400945351901, "1": 0.1848416514056649, "2": 0.6847753092448238}, "psi": {"0": 0.9577051598092425, "1": 1.2797437690810245, "2": 0.9379182431096539}, "sigma": {"0": 0.9242918295860989, "1": 0.7350233210314838, "2": 0.0}, "chi_high": 0.5932195762940246, "beta_low": null}