{"R": 40.0, "wi": 2, "di": 0, "delta": 1.0, "gamma": {"0": 0.5380291131072875, "1": 0.8137892755398494, "2": 1.316424051381205}, "mu": {"0": 1.0918431846667311, "1": 1.1226887190780364, "2": 1.0295015550791342}, "phi": {"0": 0.9380071087978786, "1": 0.7933260987965094, "2": 0.27629760225673883}, "psi": {"0": 0.7253122014810865, "1": 0.6467583262702885, "2": 1.3153522297652493}, "sigma": {"0": 0.51922182640908, "1": 0.5497595084077282, "2": 0.0}, "chi_high": null, "beta_low": null}