{"R": 40.0, "wi": 0, "di": 0, "delta": 1.0, "gamma": {"0": 0.8836515934750092, "1": 0.6580362585410331, "2": 0.5397927766897302}, "mu": {"0": 1.0949626942212318, "1": 1.0688475604471548, "2": 1.1345242804594988}, "phi": {"0": 0.5377264447382869, "1": 0.5805968082024588, "2": 0.6840189805080196}, "psi": {"0": 1.2781342288688191, "1": 0.8186252296413266, "2": 0.9569846040089035}, "sigma": {"0": 0.5612183377528703, "1": 0.817590732398221, "2": 0.0}, "chi_high": 0.12152242918584942, "beta_low": 0.9643892536958873}