{"R": 40.0, "wi": 3, "di": 1, "delta": 1.0, "gamma": {"0": 0.9441495022968294, "1": 0.6987287122821941, "2": 0.9438794551369223}, "mu": {"0": 1.0833242721619647, "1": 1.1203760984263709, "2": 1.0349553346234706}, "phi": {"0": 0.07089337009090291, "1": 0.20783747315299173, "2": 0.49501647163881335}, "psi": {"0": 0.5560165597852125, "1": 0.9306837664810566, "2": 0.9119431536103031}, "sigma": {"0": 0.5776136534716172, "1": 0.9716025758667028, "2": 0.0}, "chi_high": 0.1664487263021337, "beta_low": null}