{"R": 40.0, "wi": 1, "di": 2, "delta": 1.0, "gamma": {"0": 1.2218172955597923, "1": 1.0622248136669548, "2": 1.3195283132875208}, "mu": {"0": 1.1112045107405466, "1": 1.1249776916978287, "2": 1.121243182659612}, "phi": {"0": 0.4081321791950081, "1": 0.9732548230381004, "2": 0.8393927473417526}, "psi": {"0": 0.6079217232088201, "1": 0.6148668032005411, "2": 0.9473767000714908}, "sigma": {"0": 0.9409161764852031, "1": 0.0, "2": 0.0}, "chi_high": null, "beta_low": 0.44636209545099925}