{"R": 40.0, "wi": 0, "di": 0, "delta": 1.0, "gamma": {"0": 0.8055979037911823, "1": 0.643976281338547, "2": 0.9420137874608326}, "mu": {"0": 1.124664336926946, "1": 1.058010322210249, "2": 1.0776968012744959}, "phi": {"0": 0.018422435493914535, "1": 0.9616048193736947, "2": 0.19893129339998772}, "psi": {"0": 1.4627972448901678, "1": 1.2182162150730425, "2": 0.7620596265139349}, "sigma": {"0": 0.5700813101274746, "1": 0.8843133038383704, "2": 0.0}, "chi_high": 0.5803418212457264, "beta_low": 0.8696173123497174}