{"R": 40.0, "wi": 0, "di": 1, "delta": 1.0, "gamma": {"0": 1.2059609458667284, "1": 0.7773595830123563, "2": 0.797779219913111}, "mu": {"0": 1.081312679088514, "1": 1.0629836997890063, "2": 1.0750638328153912}, "phi": {"0": 0.018737730229146266, "1": 0.17559943303998538, "2": 0.05348199575113377}, "psi": {"0": 0.5637745360165585, "1": 0.6227598594930788, "2": 1.0637966660135911}, "sigma": {"0": 0.5071774549451941, "1": 0.8910472385523744, "2": 0.0}, "chi_high": 0.6266170464728755, "beta_low": 0.4636418724848938}