{"R": 40.0, "wi": 3, "di": 0, "delta": 1.0, "gamma": {"0": 0.6927278869755462, "1": 0.899874144490041, "2": 0.8690782356246792}, "mu": {"0": 1.018439036115841, "1": 1.0054841671412482, "2": 1.13243475443541}, "phi": {"0": 0.804833755721432, "1": 0.005899981867963366, "2": 0.691259027980112}, "psi": {"0": 0.8258624056926784, "1": 0.9502728623930246, "2": 1.342605978465712}, "sigma": {"0": 0.6427415112527932, "1": 0.9243327765831503, "2": 0.0}, "chi_high": 0.05366859398320685, "beta_low": null}