{"R": 40.0, "wi": 0, "di": 2, "delta": 1.0, "gamma": {"0": 0.8118640257599918, "1": 1.2255607010792748, "2": 0.8866835769642594}, "mu": {"0": 1.0614549912254205, "1": 1.0754527017449993, "2": 1.0018830039031323}, "phi": {"0": 0.31976138427910894, "1": 0.038478499917760534, "2": 0.706374753861552}, "psi": {"0": 0.7309544012517514, "1": 1.4829652499627537, "2": 1.3384812308821772}, "sigma": {"0": 0.6949601928949333, "1": 0.7291551906864782, "2": 0.0}, "chi_high": 0.5055401967656217, "beta_low": 0.1213177074532173}