{"R": 40.0, "wi": 0, "di": 0, "delta": 1.0, "gamma": {"0": 0.5160389661626845, "1": 0.9494372492619425, "2": 1.1203211573080551}, "mu": {"0": 1.091098988396714, "1": 1.0827625650640205, "2": 1.0458760949415817}, "phi": {"0": 0.705160806567707, "1": 0.4908923740345327, "2": 0.06579843858001178}, "psi": {"0": 1.267146426674779, "1": 1.008511627477993, "2": 1.3146279249802961}, "sigma": {"0": 0.9286944278881626, "1": 0.5915514584618022, "2": 0.0}, "chi_high": 0.6038814748110695, "beta_low": 0.16295543381072905}