{"R": 40.0, "wi": 1, "di": 1, "delta": 1.0, "gamma": {"0": 0.7756286658918818, "1": 0.6093930382901961, "2": 1.3660487403788544}, "mu": {"0": 1.0149437374408057, "1": 1.1496121926574183, "2": 1.038531450075203}, "phi": {"0": 0.882518308738773, "1": 0.6333849490929787, "2": 0.16689363764863985}, "psi": {"0": 0.9058311777834147, "1": 1.1142329491326561, "2": 1.0891396103764368}, "sigma": {"0": 0.6659209590199688, "1": 0.0, "2": 0.0}, "chi_high": null, "beta_low": 0.8482055961392084}