{"R": 40.0, "wi": 1, "di": 0, "delta": 1.0, "gamma": {"0": 0.7305098738308103, "1": 1.314171763307718, "2": 0.5156924463544516}, "mu": {"0": 1.050304158812285, "1": 1.0068048906734328, "2": 1.0084279808164118}, "phi": {"0": 0.2238336548878329, "1": 0.850622942100819, "2": 0.9698248314770319}, "psi": {"0": 0.5421518887674383, "1": 0.6512398854094761, "2": 0.8094449441520469}, "sigma": {"0": 0.9392577394597312, "1": 0.0, "2": 0.0}, "chi_high": null, "beta_low": 0.640342953834377}