{"R": 40.0, "wi": 0, "di": 2, "delta": 1.0, "gamma": {"0": 0.6666267485693603, "1": 0.9133325737694677, "2": 1.2219351489854529}, "mu": {"0": 1.0346035272903948, "1": 1.0290348077218412, "2": 1.0876654056876425}, "phi": {"0": 0.29145101320483646, "1": 0.6510512299292234, "2": 0.22077500539223593}, "psi": {"0": 0.5011972335468742, "1": 0.7935835804817607, "2": 0.5854287710535647}, "sigma": {"0": 0.7868052674879911, "1": 0.9585716093227514, "2": 0.0}, "chi_high": 0.8881163145654507, "beta_low": 0.5687755993987935}