{"R": 40.0, "wi": 0, "di": 0, "delta": 1.0, "gamma": {"0": 1.0980753853123768, "1": 0.8275437460120629, "2": 0.6862385277523522}, "mu": {"0": 1.0180821984160802, "1": 1.082773250464923, "2": 1.020444929512028}, "phi": {"0": 0.8176171356158818, "1": 0.8128272960874932, "2": 0.7836078924788312}, "psi": {"0": 1.307113243971838, "1": 0.7529835102665591, "2": 1.1810104310204879}, "sigma": {"0": 0.9440093288781815, "1": 0.6026976814259368, "2": 0.0}, "chi_high": 0.8811544170222041, "beta_low": 0.34171303840316425}