{"R": 40.0, "wi": 0, "di": 1, "delta": 1.0, "gamma": {"0": 0.6077609147065568, "1": 1.2558243939680582, "2": 0.8373940260655303}, "mu": {"0": 1.0078793145944502, "1": 1.1371240230725783, "2": 1.149689984486405}, "phi": {"0": 0.37039064722986736, "1": 0.21311577445763374, "2": 0.3340038085896464}, "psi": {"0": 1.239238623351306, "1": 0.7589328659206869, "2": 1.0747786461373119}, "sigma": {"0": 0.7004548425766479, "1": 0.7694905114465905, "2": 0.0}, "chi_high": 0.778985236885568, "beta_low": 0.5014327599334844}