{"R": 40.0, "wi": 3, "di": 1, "delta": 1.0, "gamma": {"0": 0.9101988155524211, "1": 1.2984116223550153, "2": 1.3869186402387252}, "mu": {"0": 1.0039976436758635, "1": 1.134094148307394, "2": 1.1322688393939104}, "phi": {"0": 0.13117202442124853, "1": 0.42659761222435333, "2": 0.26909051319982713}, "psi": {"0": 1.1275749719404595, "1": 1.1850869855143036, "2": 1.1958156258685613}, "sigma": {"0": 0.9176197531211772, "1": 0.5615714136863017, "2": 0.0}, "chi_high": 0.8876548925505159, "beta_low": null}