{"R": 40.0, "wi": 3, "di": 1, "delta": 1.0, "gamma": {"0": 0.9075035935103648, "1": 1.4121264281907702, "2": 1.0275567653365978}, "mu": {"0": 1.049520818087378, "1": 1.0151221744030974, "2": 1.0204093761731499}, "phi": {"0": 0.9517175275036088, "1": 0.2549694511764379, "2": 0.10119220639289828}, "psi": {"0": 1.3304463696461344, "1": 0.7851670704475809, "2": 0.8221332934096992}, "sigma": {"0": 0.6893999527226247, "1": 0.5120919908138013, "2": 0.0}, "chi_high": 0.11070785857769162, "beta_low": null}