{"R": 40.0, "wi": 3, "di": 1, "delta": 1.0, "gamma": {"0": 1.3706994083318442, "1": 1.3955585594551638, "2": 0.510640573930837}, "mu": {"0": 1.0457814931677993, "1": 1.0986310381556488, "2": 1.0764532355509266}, "phi": {"0": 0.3890709019907359, "1": 0.9170652090933531, "2": 0.5162628967179143}, "psi": {"0": 0.5159172380741679, "1": 1.4173559464001824, "2": 1.497467478261521}, "sigma": {"0": 0.8713094748628899, "1": 0.5108839221912415, "2": 0.0}, "chi_high": 0.1923755435756459, "beta_low": null}