{"R": 40.0, "wi": 2, "di": 2, "delta": 1.0, "gamma": {"0": 0.8773161423729399, "1": 0.8429456580474967, "2": 0.9806808816095703}, "mu": {"0": 1.145801908134508, "1": 1.1252940981132051, "2": 1.0888896479727792}, "phi": {"0": 0.011845255726898873, "1": 0.15513637524392654, "2": 0.05379100309042728}, "psi": {"0": 1.2214022305735717, "1": 1.1236678924134043, "2": 0.6564656701865605}, "sigma": {"0": 0.9976740185550009, "1": 0.8635947701104054, "2": 0.0}, "chi_high": null, "beta_low": null}