{"R": 40.0, "wi": 3, "di": 1, "delta": 1.0, "gamma": {"0": 1.2431821291499874, "1": 0.6717877425657502, "2": 0.5426272929409236}, "mu": {"0": 1.1280130435006281, "1": 1.0587714989934238, "2": 1.0283173324068415}, "phi": {"0": 0.5520290617401045, "1": 0.23080709701558977, "2": 0.4162008150049358}, "psi": {"0": 1.4867114856434387, "1": 1.1680666421526302, "2": 0.9201053772044088}, "sigma": {"0": 0.9914402044228864, "1": 0.6041908677374098, "2": 0.0}, "chi_high": 0.21084233483041478, "beta_low": null}