{"R": 40.0, "wi": 1, "di": 1, "delta": 1.0, "gamma": {"0": 0.9465775206938639, "1": 1.4853395902694229, "2": 0.6400976724458995}, "mu": {"0": 1.0678752078289995, "1": 1.0706065458948444, "2": 1.1206450184397998}, "phi": {"0": 0.014065891615637094, "1": 0.7032392406883857, "2": 0.1283629208634709}, "psi": {"0": 0.8798255030617945, "1": 1.4617805623207123, "2": 0.9613746672996796}, "sigma": {"0": 0.8837565187518486, "1": 0.0, "2": 0.0}, "chi_high": null, "beta_low": 0.5670053419215799}