{"R": 40.0, "wi": 2, "di": 1, "delta": 1.0, "gamma": {"0": 1.3982182518329034, "1": 1.2620189297869078, "2": 0.5978927997875841}, "mu": {"0": 1.049121447819322, "1": 1.0011862471456927, "2": 1.0505568652579294}, "phi": {"0": 0.397378704811286, "1": 0.4131922767250107, "2": 0.853113694703364}, "psi": {"0": 1.1608735990153076, "1": 1.2489274249098652, "2": 0.6620739881043943}, "sigma": {"0": 0.6372678647831373, "1": 0.5805365252350912, "2": 0.0}, "chi_high": null, "beta_low": null}