{"R": 40.0, "wi": 1, "di": 1, "delta": 1.0, "gamma": {"0": 0.8488811390519879, "1": 0.8405705610096, "2": 1.4644685326470506}, "mu": {"0": 1.1233829239839654, "1": 1.0080049515274654, "2": 1.1272786718738164}, "phi": {"0": 0.2714573496661533, "1": 0.6074149398270643, "2": 0.1436059630809985}, "psi": {"0": 0.7418883124639218, "1": 0.8375139805616201, "2": 0.9781442326250864}, "sigma": {"0": 0.5340600129584677, "1": 0.0, "2": 0.0}, "chi_high": null, "beta_low": 0.14119219323774804}