{"R": 40.0, "wi": 2, "di": 1, "delta": 1.0, "gamma": {"0": 1.0205534430453551, "1": 1.4593237268271626, "2": 1.1886314262410709}, "mu": {"0": 1.131304431223901, "1": 1.1306378544065043, "2": 1.1403528097721283}, "phi": {"0": 0.48227094103136003, "1": 0.37011857740927534, "2": 0.5649516843830759}, "psi": {"0": 0.630341268911435, "1": 1.421514951707449, "2": 1.374683555180782}, "sigma": {"0": 0.9572309468130107, "1": 0.8782855595213885, "2": 0.0}, "chi_high": null, "beta_low": null}