{"R": 40.0, "wi": 1, "di": 0, "delta": 1.0, "gamma": {"0": 0.9278957708896066, "1": 0.7745454209198016, "2": 0.6197397817896999}, "mu": {"0": 1.1448672709232097, "1": 1.0057879397783618, "2": 1.1146974115144208}, "phi": {"0": 0.34501729815196225, "1": 0.3370844924435471, "2": 0.4768582247096629}, "psi": {"0": 0.6592343993440297, "1": 0.7671173686325015, "2": 1.1410272178318386}, "sigma": {"0": 0.7518503035050736, "1": 0.0, "2": 0.0}, "chi_high": null, "beta_low": 0.9408193904294445}