{"R": 40.0, "wi": 2, "di": 1, "delta": 1.0, "gamma": {"0": 0.5580606170440328, "1": 1.3346950065083742, "2": 0.7693912606966654}, "mu": {"0": 1.1463198020502685, "1": 1.1051741022428734, "2": 1.0560482829535351}, "phi": {"0": 0.01025807973759052, "1": 0.29463147379244903, "2": 0.9516429696985078}, "psi": {"0": 0.8077862512061028, "1": 0.8195401121740958, "2": 0.9603200283134614}, "sigma": {"0": 0.531775188052411, "1": 0.9874416781282565, "2": 0.0}, "chi_high": null, "beta_low": null}