{"R": 40.0, "wi": 0, "di": 0, "delta": 1.0, "gamma": {"0": 1.0302910176033224, "1": 0.6679118966292942, "2": 0.6744106783682334}, "mu": {"0": 1.081024335919519, "1": 1.133123100521128, "2": 1.054075272562176}, "phi": {"0": 0.575728865142394, "1": 0.6284273593566401, "2": 0.583721643380542}, "psi": {"0": 1.1429040714387146, "1": 0.5130858433716028, "2": 1.1499577136279855}, "sigma": {"0": 0.7829429782046566, "1": 0.5091781393374122, "2": 0.0}, "chi_high": 0.5266913200249717, "beta_low": 0.21201912579039872}