{"R": 40.0, "wi": 0, "di": 1, "delta": 1.0, "gamma": {"0": 1.3493089979880555, "1": 1.2207992551036795, "2": 1.4870412827081765}, "mu": {"0": 1.0364357582836359, "1": 1.0901690932471444, "2": 1.0399161730337894}, "phi": {"0": 0.7846202905488664, "1": 0.6308340766429279, "2": 0.5285950133829143}, "psi": {"0": 0.9521916595279788, "1": 0.6009481134231583, "2": 1.3551037262107077}, "sigma": {"0": 0.9040178730131967, "1": 0.5545815582285467, "2": 0.0}, "chi_high": 0.09144395424540414, "beta_low": 0.12913204598322642}