{"R": 40.0, "wi": 2, "di": 0, "delta": 1.0, "gamma": {"0": 0.7788769736277295, "1": 0.7466018190615449, "2": 1.1602795194299316}, "mu": {"0": 1.0465322889811017, "1": 1.0362486806637765, "2": 1.0834558747164529}, "phi": {"0": 0.298842328087512, "1": 0.8523123702651502, "2": 0.17698614260753276}, "psi": {"0": 0.5160928321353888, "1": 1.4631063336774954, "2": 0.9518151592281358}, "sigma": {"0": 0.9300457526762531, "1": 0.7982468911634879, "2": 0.0}, "chi_high": null, "beta_low": null}