{"R": 40.0, "wi": 3, "di": 1, "delta": 1.0, "gamma": {"0": 1.3742158292213373, "1": 1.0032770592151934, "2": 1.2726018322077963}, "mu": {"0": 1.0261682175818936, "1": 1.1355999466917535, "2": 1.0858470057680132}, "phi": {"0": 0.0338337018115582, "1": 0.09147250941027907, "2": 0.7967654114190263}, "psi": {"0": 1.045001702963327, "1": 1.3971935601235859, "2": 1.1120867218830999}, "sigma": {"0": 0.5081246205399019, "1": 0.817400670327007, "2": 0.0}, "chi_high": 0.49787377158718454, "beta_low": null}