{"R": 40.0, "wi": 0, "di": 1, "delta": 1.0, "gamma": {"0": 1.3893876763282533, "1": 1.3890978850677689, "2": 0.7640819056696305}, "mu": {"0": 1.089189213282624, "1": 1.138797962730482, "2": 1.071325336600731}, "phi": {"0": 0.6012395183260484, "1": 0.34974458467105596, "2": 0.057194434255984694}, "psi": {"0": 0.5176077194352076, "1": 0.743683815418437, "2": 0.8068748114219346}, "sigma": {"0": 0.9563732394216143, "1": 0.5685536592673313, "2": 0.0}, "chi_high": 0.40777190020958, "beta_low": 0.5772685553205806}