{"R": 40.0, "wi": 0, "di": 0, "delta": 1.0, "gamma": {"0": 0.8317891009582261, "1": 0.858336018920166, "2": 0.5633518759153684}, "mu": {"0": 1.0998646966886245, "1": 1.050269650050596, "2": 1.0830347698982}, "phi": {"0": 0.6596388073062457, "1": 0.8454470553585092, "2": 0.9590905189176827}, "psi": {"0": 0.7165199611454235, "1": 1.1082836630717654, "2": 0.8486306302308771}, "sigma": {"0": 0.5449755544677886, "1": 0.8850917607951898, "2": 0.0}, "chi_high": 0.3842583753860763, "beta_low": 0.6983587887148259}