{"R": 40.0, "wi": 2, "di": 0, "delta": 1.0, "gamma": {"0": 0.8128267487096845, "1": 0.7160288350991363, "2": 0.927070247860449}, "mu": {"0": 1.042179450171176, "1": 1.0929940617061085, "2": 1.0795563242609894}, "phi": {"0": 0.9177828038929483, "1": 0.8086993431100684, "2": 0.9357249512785637}, "psi": {"0": 0.5397754248420241, "1": 1.4662755892998987, "2": 0.9091324627245433}, "sigma": {"0": 0.7473275998415415, "1": 0.9332129575496351, "2": 0.0}, "chi_high": null, "beta_low": null}