{"R": 40.0, "wi": 1, "di": 1, "delta": 1.0, "gamma": {"0": 0.8191375229257433, "1": 1.2099185832206356, "2": 1.1470987379246433}, "mu": {"0": 1.078641122355368, "1": 1.0136575809576587, "2": 1.1474744540132131}, "phi": {"0": 0.9355199137261647, "1": 0.8793624770440506, "2": 0.6046110642728639}, "psi": {"0": 0.5019717999451806, "1": 1.1340438372340031, "2": 1.3396031805859367}, "sigma": {"0": 0.6731383021863608, "1": 0.0, "2": 0.0}, "chi_high": null, "beta_low": 0.3156802842852233}