{"R": 40.0, "wi": 0, "di": 1, "delta": 1.0, "gamma": {"0": 0.721382490940346, "1": 0.6792796235231782, "2": 1.293242033062382}, "mu": {"0": 1.099612284115482, "1": 1.089054314751233, "2": 1.0164380470769003}, "phi": {"0": 0.7642172291177012, "1": 0.8222502737093543, "2": 0.9094381059058753}, "psi": {"0": 0.9667177797059819, "1": 0.7856242258460585, "2": 1.4266342646083108}, "sigma": {"0": 0.8889895490901103, "1": 0.7962837475269136, "2": 0.0}, "chi_high": 0.9872629785463451, "beta_low": 0.5871676079688493}