{"R": 40.0, "wi": 0, "di": 0, "delta": 1.0, "gamma": {"0": 1.1583775906966074, "1": 1.2801747656685434, "2": 0.539707563023034}, "mu": {"0": 1.125270637904824, "1": 1.1366565387961, "2": 1.115666844655091}, "phi": {"0": 0.565100037458457, "1": 0.4955878465622795, "2": 0.3328483465523231}, "psi": {"0": 1.2497213854395304, "1": 1.2212246887902598, "2": 1.4263246558543674}, "sigma": {"0": 0.6578830447473543, "1": 0.7499677440237386, "2": 0.0}, "chi_high": 0.1675018174390564, "beta_low": 0.3772109733347869}