{"R": 40.0, "wi": 0, "di": 1, "delta": 1.0, "gamma": {"0": 0.9900886112057081, "1": 1.2564824778913875, "2": 1.1586730338872857}, "mu": {"0": 1.0813569795615905, "1": 1.0318306402214734, "2": 1.1128802043704573}, "phi": {"0": 0.47770737261876295, "1": 0.04831928303230626, "2": 0.4628880422743251}, "psi": {"0": 0.6553355237669386, "1": 1.0546808684197226, "2": 1.2944965173027883}, "sigma": {"0": 0.8056602943673736, "1": 0.7317956612663041, "2": 0.0}, "chi_high": 0.1707086109275175, "beta_low": 0.6416669193953473}