{"R": 40.0, "wi": 2, "di": 2, "delta": 1.0, "gamma": {"0": 0.717943678183593, "1": 0.8263254476034325, "2": 0.6313860515545655}, "mu": {"0": 1.1467591616951356, "1": 1.1463999612388942, "2": 1.065577976770797}, "phi": {"0": 0.08570301738805264, "1": 0.4352186504827503, "2": 0.6977825278109601}, "psi": {"0": 0.9331463507099419, "1": 1.1461596491487012, "2": 0.8932210593797353}, "sigma": {"0": 0.957844248487997, "1": 0.9515749038345879, "2": 0.0}, "chi_high": null, "beta_low": null}