{"R": 40.0, "wi": 2, "di": 0, "delta": 1.0, "gamma": {"0": 1.3518488384180332, "1": 0.8217815516256791, "2": 0.8515244771098871}, "mu": {"0": 1.1178567214432107, "1": 1.110233054913154, "2": 1.1043896643033428}, "phi": {"0": 0.8175012013434826, "1": 0.18094166958435054, "2": 0.22937980030335026}, "psi": {"0": 1.2528431127098316, "1": 1.437164287886784, "2": 1.1289216541026077}, "sigma": {"0": 0.7758191630230383, "1": 0.6168908600883145, "2": 0.0}, "chi_high": null, "beta_low": null}