{"R": 40.0, "wi": 3, "di": 0, "delta": 1.0, "gamma": {"0": 0.5973379794836831, "1": 1.139224009973515, "2": 1.4291923033685632}, "mu": {"0": 1.0100893238149011, "1": 1.0968161228600506, "2": 1.118320981052671}, "phi": {"0": 0.2483889759448653, "1": 0.7811884247390052, "2": 0.1945583892890813}, "psi": {"0": 0.9968591533448462, "1": 0.8626766636432831, "2": 0.7648555719466077}, "sigma": {"0": 0.5709761187724665, "1": 0.7768869319599759, "2": 0.0}, "chi_high": 0.3008338862250299, "beta_low": null}