{"R": 40.0, "wi": 0, "di": 1, "delta": 1.0, "gamma": {"0": 1.1920767721892935, "1": 0.5536388042942022, "2": 0.9444595878640298}, "mu": {"0": 1.0262094373767878, "1": 1.036293196582118, "2": 1.007239746240654}, "phi": {"0": 0.8515655798260713, "1": 0.24996396283771516, "2": 0.13962103366917522}, "psi": {"0": 1.3496195095834365, "1": 1.0721426409430312, "2": 1.3548627468560364}, "sigma": {"0": 0.9803733032051642, "1": 0.9847356739124842, "2": 0.0}, "chi_high": 0.40176351481794026, "beta_low": 0.6684598256204289}