{"R": 40.0, "wi": 0, "di": 1, "delta": 1.0, "gamma": {"0": 1.3040692136774525, "1": 1.3426512501845167, "2": 0.6533617602133636}, "mu": {"0": 1.002201763242215, "1": 1.1238630573719102, "2": 1.145050385960942}, "phi": {"0": 0.008243623044843607, "1": 0.9146158212501719, "2": 0.5966031531422927}, "psi": {"0": 1.0839683293803062, "1": 0.897259010718895, "2": 1.4055859282613323}, "sigma": {"0": 0.7787798586786405, "1": 0.8347286872919275, "2": 0.0}, "chi_high": 0.3132063530771945, "beta_low": 0.25222035886941024}