{"R": 40.0, "wi": 0, "di": 1, "delta": 1.0, "gamma": {"0": 0.6644430300481953, "1": 0.7748993895015931, "2": 1.362388058927817}, "mu": {"0": 1.0590779062862528, "1": 1.0870981507150985, "2": 1.1375114610755903}, "phi": {"0": 0.08329597261686017, "1": 0.8735200923939295, "2": 0.6648676893763699}, "psi": {"0": 0.7111073336600543, "1": 1.0770719489337002, "2": 1.0002977549178822}, "sigma": {"0": 0.950514354737855, "1": 0.8280940151499078, "2": 0.0}, "chi_high": 0.44727353498115313, "beta_low": 0.47653393106553144}