{"R": 40.0, "wi": 2, "di": 1, "delta": 1.0, "gamma": {"0": 1.2841044976803517, "1": 1.302726474685767, "2": 1.2741262934787252}, "mu": {"0": 1.146010908895549, "1": 1.0656131343621964, "2": 1.0401943322115756}, "phi": {"0": 0.04560758607159976, "1": 0.6554793305347361, "2": 0.990670768516038}, "psi": {"0": 0.5776828474445608, "1": 1.2146403156900245, "2": 1.447971120068237}, "sigma": {"0": 0.6408796730800984, "1": 0.6659856997450098, "2": 0.0}, "chi_high": null, "beta_low": null}