{"R": 40.0, "wi": 2, "di": 0, "delta": 1.0, "gamma": {"0": 1.132470403456996, "1": 0.9596184024264491, "2": 0.9555675274177211}, "mu": {"0": 1.0247122205368546, "1": 1.0331931934514742, "2": 1.1295280466273685}, "phi": {"0": 0.9395872268647681, "1": 0.7717853660385385, "2": 0.5217764406853853}, "psi": {"0": 1.4505079028584236, "1": 1.0145514939170743, "2": 0.742966385498175}, "sigma": {"0": 0.7719545727382849, "1": 0.6462261234666815, "2": 0.0}, "chi_high": null, "beta_low": null}