{"R": 40.0, "wi": 3, "di": 1, "delta": 1.0, "gamma": {"0": 0.9327768219684942, "1": 1.3660719068977283, "2": 1.1231835657210656}, "mu": {"0": 1.004320979761862, "1": 1.113376900406529, "2": 1.01364117741099}, "phi": {"0": 0.07163396507949693, "1": 0.835025917418717, "2": 0.7261605812668345}, "psi": {"0": 0.8960409491845505, "1": 0.9475633663236482, "2": 1.3805010510407503}, "sigma": {"0": 0.5975886887915474, "1": 0.991304268412871, "2": 0.0}, "chi_high": 0.25182517691583683, "beta_low": null}