{"R": 40.0, "wi": 0, "di": 2, "delta": 1.0, "gamma": {"0": 0.8680296118441692, "1": 1.3158434303678095, "2": 1.0118926996838238}, "mu": {"0": 1.1228591458338366, "1": 1.0395238562887958, "2": 1.0039395736110552}, "phi": {"0": 0.2464645326254542, "1": 0.7407299889010308, "2": 0.3333850732553041}, "psi": {"0": 0.57679912047328, "1": 0.944245249999112, "2": 0.8051582740395246}, "sigma": {"0": 0.9729998913632676, "1": 0.8532467138272835, "2": 0.0}, "chi_high": 0.7915145529783472, "beta_low": 0.512883761515162}