{"R": 40.0, "wi": 1, "di": 1, "delta": 1.0, "gamma": {"0": 1.320318292431426, "1": 1.4113341571834104, "2": 1.3224034809887788}, "mu": {"0": 1.1434615782525168, "1": 1.0943700119361361, "2": 1.1274829994699493}, "phi": {"0": 0.2218384945738806, "1": 0.22977514252951248, "2": 0.6927848719413628}, "psi": {"0": 1.4476829995144125, "1": 0.97898004495707, "2": 0.8420387385360054}, "sigma": {"0": 0.5372900084296415, "1": 0.0, "2": 0.0}, "chi_high": null, "beta_low": 0.9005321902578839}