{"R": 40.0, "wi": 1, "di": 1, "delta": 1.0, "gamma": {"0": 0.9737332925587302, "1": 1.311781810504395, "2": 1.1249715868859547}, "mu": {"0": 1.075316663460362, "1": 1.0256164970310666, "2": 1.1037122806347834}, "phi": {"0": 0.9524759695122816, "1": 0.25877478712004376, "2": 0.35935934203674824}, "psi": {"0": 1.292249403832971, "1": 1.0304007622452689, "2": 0.8720581526374217}, "sigma": {"0": 0.9256364994621487, "1": 0.0, "2": 0.0}, "chi_high": null, "beta_low": 0.7898343127859342}