{"R": 40.0, "wi": 2, "di": 2, "delta": 1.0, "gamma": {"0": 0.5849785426888284, "1": 0.5551901527277371, "2": 1.1116934112001973}, "mu": {"0": 1.0816448972486616, "1": 1.0846283001874388, "2": 1.1245840369655482}, "phi": {"0": 0.6415896238552005, "1": 0.09201752637455407, "2": 0.715422687029628}, "psi": {"0": 1.4268154766404089, "1": 0.763875254106035, "2": 0.7824030270310485}, "sigma": {"0": 0.6986342035832512, "1": 0.7043949432732566, "2": 0.0}, "chi_high": null, "beta_low": null}