{"R": 40.0, "wi": 2, "di": 0, "delta": 1.0, "gamma": {"0": 0.8203782039271262, "1": 1.4128183362867714, "2": 1.2425057614683217}, "mu": {"0": 1.016907891609172, "1": 1.0290374742097947, "2": 1.0715302180226225}, "phi": {"0": 0.6081190524860418, "1": 0.7594135339899325, "2": 0.471764970668487}, "psi": {"0": 1.45767913280953, "1": 0.714404941193118, "2": 0.6595976869963164}, "sigma": {"0": 0.7217026302210698, "1": 0.7619398355699901, "2": 0.0}, "chi_high": null, "beta_low": null}