{"R": 40.0, "wi": 2, "di": 2, "delta": 1.0, "gamma": {"0": 1.1670290582661247, "1": 0.5244022049299417, "2": 0.7724101922326811}, "mu": {"0": 1.1426712927009723, "1": 1.0268850343290332, "2": 1.1494134086007073}, "phi": {"0": 0.4599520977401288, "1": 0.3467144798391888, "2": 0.7129532844136757}, "psi": {"0": 1.4060928402068653, "1": 0.9639699244924125, "2": 0.6020039196208513}, "sigma": {"0": 0.6404817087001455, "1": 0.9172453668547333, "2": 0.0}, "chi_high": null, "beta_low": null}