{"R": 40.0, "wi": 0, "di": 0, "delta": 1.0, "gamma": {"0": 0.951036205703344, "1": 0.8186650886182931, "2": 1.3189206942782463}, "mu": {"0": 1.1079846419557022, "1": 1.1463812699475904, "2": 1.1373495620487277}, "phi": {"0": 0.021790092309876496, "1": 0.7830378737030167, "2": 0.6857126413617909}, "psi": {"0": 0.6574856521342505, "1": 1.007085179204024, "2": 1.1544729777445562}, "sigma": {"0": 0.8621563864232644, "1": 0.7843373886384183, "2": 0.0}, "chi_high": 0.3170372997603542, "beta_low": 0.8421818279761993}