{"R": 40.0, "wi": 3, "di": 1, "delta": 1.0, "gamma": {"0": 1.2936372473601232, "1": 0.617719597683287, "2": 1.4953544553326832}, "mu": {"0": 1.0345575812098424, "1": 1.0258235747270872, "2": 1.1188089030201804}, "phi": {"0": 0.26846764907437837, "1": 0.2854915355685137, "2": 0.9242724294510237}, "psi": {"0": 1.1233346538175013, "1": 0.8980979767005157, "2": 1.068521258030319}, "sigma": {"0": 0.8942379945109622, "1": 0.9076599718328449, "2": 0.0}, "chi_high": 0.21400336273913986, "beta_low": null}