{"R": 40.0, "wi": 2, "di": 2, "delta": 1.0, "gamma": {"0": 1.2927290383625665, "1": 1.260934506802177, "2": 0.8163718191444551}, "mu": {"0": 1.0245654374006465, "1": 1.0385089234450025, "2": 1.0214042139110158}, "phi": {"0": 0.7717040561229884, "1": 0.489228288790854, "2": 0.19361748789427313}, "psi": {"0": 1.2054940189089765, "1": 0.5602251059470881, "2": 0.690993583057819}, "sigma": {"0": 0.5051660466001209, "1": 0.9480918590452649, "2": 0.0}, "chi_high": null, "beta_low": null}