{"R": 40.0, "wi": 0, "di": 0, "delta": 1.0, "gamma": {"0": 0.7171204804978991, "1": 1.323890004637184, "2": 0.7651584700682599}, "mu": {"0": 1.0146343913498765, "1": 1.0900853500772452, "2": 1.1330240407755636}, "phi": {"0": 0.6886536836083601, "1": 0.2899241325392483, "2": 0.28061208447043207}, "psi": {"0": 0.6962091035887563, "1": 1.1185123525821572, "2": 1.1039522777024544}, "sigma": {"0": 0.8155940310035372, "1": 0.8189112426815618, "2": 0.0}, "chi_high": 0.451317289806743, "beta_low": 0.29433522460738304}