{"R": 40.0, "wi": 0, "di": 2, "delta": 1.0, "gamma": {"0": 0.6351589783546392, "1": 1.2515063836579947, "2": 1.3627817305788048}, "mu": {"0": 1.0535009355903673, "1": 1.0969547902273993, "2": 1.0942018938904818}, "phi": {"0": 0.8224777468275966, "1": 0.4756475246519617, "2": 0.49587133276721573}, "psi": {"0": 1.0812871851316974, "1": 1.4429571889492903, "2": 0.7523537346179908}, "sigma": {"0": 0.9312305988889886, "1": 0.9353756546910259, "2": 0.0}, "chi_high": 0.23721648431107903, "beta_low": 0.5833050858209986}