{"R": 40.0, "wi": 1, "di": 2, "delta": 1.0, "gamma": {"0": 1.4703374860726415, "1": 1.1697903120057662, "2": 0.6335561427654541}, "mu": {"0": 1.0983614114399698, "1": 1.1102789856135187, "2": 1.0595521123740073}, "phi": {"0": 0.5801922556830253, "1": 0.4753928114818249, "2": 0.3845171859415155}, "psi": {"0": 0.6723428299814224, "1": 1.3241742645654084, "2": 0.946631053701665}, "sigma": {"0": 0.6551019367202797, "1": 0.0, "2": 0.0}, "chi_high": null, "beta_low": 0.1090391479356808}