{"R": 40.0, "wi": 2, "di": 0, "delta": 1.0, "gamma": {"0": 1.0063391015423233, "1": 0.9867722976841089, "2": 1.1563382352173495}, "mu": {"0": 1.050576014493929, "1": 1.0645583600666482, "2": 1.0520545857503807}, "phi": {"0": 0.8616902836015636, "1": 0.9298559516295517, "2": 0.5692774317659478}, "psi": {"0": 1.0482304843706776, "1": 1.2827306689894156, "2": 1.4711224450310683}, "sigma": {"0": 0.6355179848783498, "1": 0.591384887518587, "2": 0.0}, "chi_high": null, "beta_low": null}