{"R": 40.0, "wi": 0, "di": 0, "delta": 1.0, "gamma": {"0": 1.1269404254389004, "1": 0.6378384297077437, "2": 1.133286572141768}, "mu": {"0": 1.148373536590319, "1": 1.1177788294298654, "2": 1.1487550536703015}, "phi": {"0": 0.2491763220024591, "1": 0.4529660881158074, "2": 0.8027332604849925}, "psi": {"0": 0.8349193706242918, "1": 0.71867037964631, "2": 1.3845632439766722}, "sigma": {"0": 0.8696072173566625, "1": 0.7830315574028348, "2": 0.0}, "chi_high": 0.9378306920820427, "beta_low": 0.3639498051569294}