{"R": 40.0, "wi": 2, "di": 0, "delta": 1.0, "gamma": {"0": 1.3003671810619069, "1": 1.2362126314234945, "2": 0.5138100373527698}, "mu": {"0": 1.0328078953062267, "1": 1.125317290469484, "2": 1.098183955085473}, "phi": {"0": 0.9438577387886095, "1": 0.9295931551429848, "2": 0.9161257634450347}, "psi": {"0": 0.9623140559641188, "1": 0.5912112681577747, "2": 1.2692103612071046}, "sigma": {"0": 0.9525569775142257, "1": 0.7693589788890896, "2": 0.0}, "chi_high": null, "beta_low": null}