{"R": 40.0, "wi": 3, "di": 2, "delta": 1.0, "gamma": {"0": 1.2612925619397433, "1": 0.5762953642389149, "2": 1.401266295399251}, "mu": {"0": 1.0743777424278067, "1": 1.0703754949162925, "2": 1.0925414033552703}, "phi": {"0": 0.9143263975016572, "1": 0.4023969045669773, "2": 0.27190188392893466}, "psi": {"0": 1.0231518158217252, "1": 1.2695615628032593, "2": 1.023542338805402}, "sigma": {"0": 0.9755604110822484, "1": 0.5564043592299528, "2": 0.0}, "chi_high": 0.07754393691522868, "beta_low": null}