{"R": 40.0, "wi": 2, "di": 0, "delta": 1.0, "gamma": {"0": 0.8821022961101298, "1": 0.5544195905502615, "2": 0.9143662870555651}, "mu": {"0": 1.0187856844604188, "1": 1.1381552420260037, "2": 1.0933187593285731}, "phi": {"0": 0.4609159916478188, "1": 0.3541121152414881, "2": 0.6668963159385918}, "psi": {"0": 0.6137440326761757, "1": 1.273654350676685, "2": 0.973169700724113}, "sigma": {"0": 0.7720929305953073, "1": 0.628529271985685, "2": 0.0}, "chi_high": null, "beta_low": null}