{"R": 40.0, "wi": 0, "di": 1, "delta": 1.0, "gamma": {"0": 1.1167516164282807, "1": 1.3088676727764548, "2": 1.136166642416638}, "mu": {"0": 1.0413633784952985, "1": 1.140505022471839, "2": 1.1051198979721584}, "phi": {"0": 0.05099398156602941, "1": 0.5932508825084709, "2": 0.8861043575611607}, "psi": {"0": 0.7166368779970568, "1": 0.5859140316114194, "2": 1.347323814130309}, "sigma": {"0": 0.7031817156760516, "1": 0.5000356460639463, "2": 0.0}, "chi_high": 0.435119946954852, "beta_low": 0.13596326576152357}