{"R": 40.0, "wi": 0, "di": 2, "delta": 1.0, "gamma": {"0": 0.7251366301853084, "1": 1.4068061183905338, "2": 0.5067706890998422}, "mu": {"0": 1.0125640535833131, "1": 1.1335496610407214, "2": 1.006984946840715}, "phi": {"0": 0.35693920624757125, "1": 0.013958135751708567, "2": 0.334296581456865}, "psi": {"0": 0.5691383870334593, "1": 0.6918408279885114, "2": 0.519687496292038}, "sigma": {"0": 0.5692199268416344, "1": 0.6376627988759082, "2": 0.0}, "chi_high": 0.2289318901878864, "beta_low": 0.022587118338203933}