{"R": 40.0, "wi": 1, "di": 2, "delta": 1.0, "gamma": {"0": 1.3760143590094764, "1": 0.7902726564148037, "2": 0.7220130531438255}, "mu": {"0": 1.0059768017943713, "1": 1.0259045207304665, "2": 1.1483389726200985}, "phi": {"0": 0.5864909943293815, "1": 0.6756136395061493, "2": 0.42088036104076865}, "psi": {"0": 1.170060954966444, "1": 1.1032632609994644, "2": 0.8739069338753943}, "sigma": {"0": 0.9556486793286618, "1": 0.0, "2": 0.0}, "chi_high": null, "beta_low": 0.8684001651349071}