{"R": 40.0, "wi": 2, "di": 0, "delta": 1.0, "gamma": {"0": 0.8527237818471991, "1": 1.1209121373346327, "2": 0.7868876150036573}, "mu": {"0": 1.0510804896219976, "1": 1.1409049963237399, "2": 1.036304053513302}, "phi": {"0": 0.813818651245433, "1": 0.8721347776552212, "2": 0.7853768746709358}, "psi": {"0": 0.9473529319560549, "1": 0.8077661382268222, "2": 0.5699149307626808}, "sigma": {"0": 0.8832223750635673, "1": 0.8602482141796446, "2": 0.0}, "chi_high": null, "beta_low": null}