{"R": 40.0, "wi": 0, "di": 1, "delta": 1.0, "gamma": {"0": 1.3733953950423796, "1": 1.4580484582201578, "2": 0.9165794251964521}, "mu": {"0": 1.079512808075726, "1": 1.128092024792689, "2": 1.0323015121569117}, "phi": {"0": 0.023460952198274154, "1": 0.2113668035154943, "2": 0.8730404450303225}, "psi": {"0": 1.4218498977544107, "1": 1.0878303841389076, "2": 0.9288797486613262}, "sigma": {"0": 0.8631862142162456, "1": 0.755105982654573, "2": 0.0}, "chi_high": 0.7107600310502137, "beta_low": 0.5656443468073352}