{"R": 40.0, "wi": 2, "di": 2, "delta": 1.0, "gamma": {"0": 0.934509899943236, "1": 1.412749040660929, "2": 0.5550685324100354}, "mu": {"0": 1.1251077847686126, "1": 1.0567347598167733, "2": 1.0187119475676558}, "phi": {"0": 0.312467229400367, "1": 0.9894183477478962, "2": 0.18236894622433708}, "psi": {"0": 1.076058466851323, "1": 0.9523221042497165, "2": 1.493681852521044}, "sigma": {"0": 0.9012150270902348, "1": 0.6789697295570412, "2": 0.0}, "chi_high": null, "beta_low": null}