{"R": 40.0, "wi": 2, "di": 2, "delta": 1.0, "gamma": {"0": 0.9787368508182434, "1": 0.6012346250779138, "2": 0.522323846129942}, "mu": {"0": 1.1163679577449934, "1": 1.0490907811861794, "2": 1.0520378477561216}, "phi": {"0": 0.9295224807696256, "1": 0.8440505745036172, "2": 0.9026358580159702}, "psi": {"0": 1.469477447757593, "1": 0.627758638510774, "2": 0.6819314803722284}, "sigma": {"0": 0.6611813888914868, "1": 0.5007659059914458, "2": 0.0}, "chi_high": null, "beta_low": null}