{"R": 40.0, "wi": 2, "di": 1, "delta": 1.0, "gamma": {"0": 0.8937666343464408, "1": 1.2367177770134632, "2": 0.51772276229014}, "mu": {"0": 1.0724690839943418, "1": 1.1055805660593616, "2": 1.02368201471554}, "phi": {"0": 0.6033827282918488, "1": 0.13402496663223518, "2": 0.6516435001556521}, "psi": {"0": 1.3211165177561985, "1": 1.104599307327058, "2": 0.5820515912590137}, "sigma": {"0": 0.9657343936338056, "1": 0.6176706258562192, "2": 0.0}, "chi_high": null, "beta_low": null}