{"R": 40.0, "wi": 1, "di": 2, "delta": 1.0, "gamma": {"0": 1.3806011000558187, "1": 1.1663860422004357, "2": 1.1077423412649443}, "mu": {"0": 1.0968363270859283, "1": 1.061186227245292, "2": 1.11884622903315}, "phi": {"0": 0.05313718735698769, "1": 0.34636079351138715, "2": 0.6902886270443097}, "psi": {"0": 1.4531911463603466, "1": 1.1657657989816799, "2": 0.8455040528612128}, "sigma": {"0": 0.5281955255822975, "1": 0.0, "2": 0.0}, "chi_high": null, "beta_low": 0.840003011305043}