{"R": 40.0, "wi": 0, "di": 0, "delta": 1.0, "gamma": {"0": 1.4759742933983646, "1": 1.386302623408005, "2": 0.7065826524944764}, "mu": {"0": 1.0124613168937362, "1": 1.0136279036666067, "2": 1.1196990382616288}, "phi": {"0": 0.1511597646810927, "1": 0.9446952314454419, "2": 0.8257541148546959}, "psi": {"0": 1.434666044403348, "1": 0.8804831258917556, "2": 1.3956801348154968}, "sigma": {"0": 0.5649998374223546, "1": 0.9714875398134999, "2": 0.0}, "chi_high": 0.38378068053517966, "beta_low": 0.652966746329805}