{"R": 40.0, "wi": 3, "di": 2, "delta": 1.0, "gamma": {"0": 0.5299397175487779, "1": 1.3697941443756436, "2": 0.654077565366047}, "mu": {"0": 1.0085884183350282, "1": 1.0863582486735122, "2": 1.1034192815026336}, "phi": {"0": 0.4454474445667218, "1": 0.9022876101900008, "2": 0.8628730187961133}, "psi": {"0": 0.9828912291084957, "1": 1.36398741684598, "2": 1.3956945643640388}, "sigma": {"0": 0.5982702645921172, "1": 0.7245664610756379, "2": 0.0}, "chi_high": 0.13544095300537945, "beta_low": null}