{"R": 40.0, "wi": 1, "di": 1, "delta": 1.0, "gamma": {"0": 0.6173796883814875, "1": 0.9519788881222905, "2": 1.0762502753075824}, "mu": {"0": 1.0740346272275447, "1": 1.0584028518572617, "2": 1.024150808284301}, "phi": {"0": 0.2700954167084142, "1": 0.7731336979123715, "2": 0.6894505797237392}, "psi": {"0": 1.30888610264777, "1": 0.6445310491488618, "2": 0.5093021311537915}, "sigma": {"0": 0.8973589619157052, "1": 0.0, "2": 0.0}, "chi_high": null, "beta_low": 0.22854178686164411}