{"R": 40.0, "wi": 2, "di": 1, "delta": 1.0, "gamma": {"0": 1.0266991842392703, "1": 1.1968460522257576, "2": 0.8267834435834941}, "mu": {"0": 1.079623750476308, "1": 1.0524179721101297, "2": 1.1067099344070246}, "phi": {"0": 0.8186607369362888, "1": 0.9372500691490376, "2": 0.018205508592246122}, "psi": {"0": 1.1478651101339525, "1": 1.4916259120099822, "2": 0.7739564114560668}, "sigma": {"0": 0.8155768934663317, "1": 0.5235687014646859, "2": 0.0}, "chi_high": null, "beta_low": null}