{"R": 40.0, "wi": 0, "di": 0, "delta": 1.0, "gamma": {"0": 1.361703283548132, "1": 1.3774304155661148, "2": 1.2272507200026315}, "mu": {"0": 1.064711209356133, "1": 1.0100619987392734, "2": 1.1202829950803546}, "phi": {"0": 0.8022838953247841, "1": 0.3034665037290146, "2": 0.5365344751586529}, "psi": {"0": 1.371209750003767, "1": 1.4602836095945662, "2": 0.566620601824762}, "sigma": {"0": 0.864927761841251, "1": 0.7234357910014952, "2": 0.0}, "chi_high": 0.7134746173769874, "beta_low": 0.5948084529460879}