{"R": 40.0, "wi": 0, "di": 2, "delta": 1.0, "gamma": {"0": 1.0557180708613483, "1": 1.4355794569506073, "2": 0.7919849418217431}, "mu": {"0": 1.0220812991737078, "1": 1.0863587236511745, "2": 1.0307767368567973}, "phi": {"0": 0.5417702105642263, "1": 0.06103804664664403, "2": 0.08827402502409742}, "psi": {"0": 1.0406927354010307, "1": 0.7897501801869633, "2": 0.7826633802676668}, "sigma": {"0": 0.5538601580355991, "1": 0.5314696105091128, "2": 0.0}, "chi_high": 0.2891292113308682, "beta_low": 0.24273574553881033}