{"R": 40.0, "wi": 1, "di": 0, "delta": 1.0, "gamma": {"0": 1.4272137770875983, "1": 0.7612267367592913, "2": 0.6424642790936999}, "mu": {"0": 1.008803379412974, "1": 1.0840814776155268, "2": 1.0033311486344567}, "phi": {"0": 0.42173187729033135, "1": 0.12696621996078195, "2": 0.11054225901235637}, "psi": {"0": 0.6468303806338712, "1": 1.3469481069992, "2": 1.0101327925633163}, "sigma": {"0": 0.9745452543077318, "1": 0.0, "2": 0.0}, "chi_high": null, "beta_low": 0.6421876129086079}