{"R": 40.0, "wi": 3, "di": 0, "delta": 1.0, "gamma": {"0": 1.2054848025754006, "1": 0.5858889259561771, "2": 1.3598302137899632}, "mu": {"0": 1.0493974134174848, "1": 1.0354031165752076, "2": 1.106229050413643}, "phi": {"0": 0.9911897345179982, "1": 0.6842339767032342, "2": 0.6442045691475098}, "psi": {"0": 0.500861075070915, "1": 0.8925287593296706, "2": 0.8304278668508236}, "sigma": {"0": 0.9473970717260396, "1": 0.5679090163190953, "2": 0.0}, "chi_high": 0.742614197957069, "beta_low": null}