{"R": 40.0, "wi": 1, "di": 1, "delta": 1.0, "gamma": {"0": 1.3907480616364047, "1": 1.2764314228765903, "2": 1.3622740626842993}, "mu": {"0": 1.0863864049173033, "1": 1.0545105879712415, "2": 1.0644498076371998}, "phi": {"0": 0.43456454714547776, "1": 0.12268602548120189, "2": 0.39515028289111676}, "psi": {"0": 0.7717512702173756, "1": 1.3425228196416699, "2": 1.1434854467987114}, "sigma": {"0": 0.8607487580268165, "1": 0.0, "2": 0.0}, "chi_high": null, "beta_low": 0.7790553332869103}