{"R": 40.0, "wi": 1, "di": 1, "delta": 1.0, "gamma": {"0": 0.9180163903450266, "1": 1.1146026997230662, "2": 0.589890201289725}, "mu": {"0": 1.0638869509635152, "1": 1.1160981061803004, "2": 1.091549256268761}, "phi": {"0": 0.6792118509067924, "1": 0.5811132022836621, "2": 0.7848559152176318}, "psi": {"0": 0.7985126870247763, "1": 1.3071685077532988, "2": 1.219166589179586}, "sigma": {"0": 0.7268460837978027, "1": 0.0, "2": 0.0}, "chi_high": null, "beta_low": 0.5237606616188246}