{"R": 40.0, "wi": 1, "di": 1, "delta": 1.0, "gamma": {"0": 1.435919949959911, "1": 0.6781474727460168, "2": 0.8293027001581639}, "mu": {"0": 1.015290194222469, "1": 1.1479213317588064, "2": 1.0394207148320336}, "phi": {"0": 0.6035466256724399, "1": 0.39289478606690453, "2": 0.08846528566135026}, "psi": {"0": 0.6262505766371843, "1": 1.0270988949195616, "2": 0.5590812764488785}, "sigma": {"0": 0.5906970251843016, "1": 0.0, "2": 0.0}, "chi_high": null, "beta_low": 0.7307663861883239}