{"R": 40.0, "wi": 0, "di": 2, "delta": 1.0, "gamma": {"0": 1.4350572305938618, "1": 0.9151738673706457, "2": 1.4628073027722075}, "mu": {"0": 1.0379748125279349, "1": 1.0061578216624119, "2": 1.1284211424644306}, "phi": {"0": 0.409785717873131, "1": 0.7051364211892079, "2": 0.42477354326061845}, "psi": {"0": 1.4114391847681587, "1": 1.208654073975206, "2": 1.1979142606795854}, "sigma": {"0": 0.839546795819027, "1": 0.7315034072177071, "2": 0.0}, "chi_high": 0.025361150549878232, "beta_low": 0.022449195504595485}