{"R": 40.0, "wi": 0, "di": 0, "delta": 1.0, "gamma": {"0": 1.418410744314044, "1": 1.0728028789346218, "2": 1.0712693121502799}, "mu": {"0": 1.0022362865079621, "1": 1.00208034591001, "2": 1.1451048991437518}, "phi": {"0": 0.7869571380819212, "1": 0.002805398522985003, "2": 0.8494886079042084}, "psi": {"0": 0.5472080082262162, "1": 0.5057562398193021, "2": 1.1312567239193014}, "sigma": {"0": 0.6516133611998338, "1": 0.5146041258048648, "2": 0.0}, "chi_high": 0.6086224788164978, "beta_low": 0.05843438821852825}