{"R": 40.0, "wi": 3, "di": 2, "delta": 1.0, "gamma": {"0": 1.1099297207928576, "1": 1.0423769862280383, "2": 0.7667630884932929}, "mu": {"0": 1.06984839691248, "1": 1.119705177323231, "2": 1.039317683265362}, "phi": {"0": 0.9430822256701117, "1": 0.9748132305525224, "2": 0.8289142353143926}, "psi": {"0": 0.9575137452555497, "1": 1.062529360825084, "2": 1.4653958964506637}, "sigma": {"0": 0.6670793860807969, "1": 0.8668396662479995, "2": 0.0}, "chi_high": 0.7033823316390492, "beta_low": null}