{"R": 40.0, "wi": 0, "di": 1, "delta": 1.0, "gamma": {"0": 0.862820278002257, "1": 1.115705113650073, "2": 1.3082233023463623}, "mu": {"0": 1.0379642386558374, "1": 1.1047924964466067, "2": 1.015390743682081}, "phi": {"0": 0.007832880620920246, "1": 0.8142065331803815, "2": 0.006209429675066325}, "psi": {"0": 1.2957959593948125, "1": 0.8002542484557593, "2": 1.1595389506823717}, "sigma": {"0": 0.7885947291666007, "1": 0.6332055853578364, "2": 0.0}, "chi_high": 0.9492948533473938, "beta_low": 0.4641861944653363}