{"R": 40.0, "wi": 1, "di": 0, "delta": 1.0, "gamma": {"0": 0.7902935096629412, "1": 0.7395389017520354, "2": 0.6064795151805882}, "mu": {"0": 1.0972601931801969, "1": 1.0877696253844509, "2": 1.0057563089438835}, "phi": {"0": 0.2349751406179239, "1": 0.9212075178515925, "2": 0.5559005067749183}, "psi": {"0": 1.149802249707633, "1": 0.8105096791642581, "2": 1.3150398487654347}, "sigma": {"0": 0.5172341050924496, "1": 0.0, "2": 0.0}, "chi_high": null, "beta_low": 0.33348203030704276}