{"R": 40.0, "wi": 3, "di": 0, "delta": 1.0, "gamma": {"0": 1.3190489663436382, "1": 0.5789190086909979, "2": 0.7776589077927684}, "mu": {"0": 1.0976311232275866, "1": 1.1190743740420652, "2": 1.1333493455917525}, "phi": {"0": 0.8826475316980219, "1": 0.9560499762346957, "2": 0.25847440760930707}, "psi": {"0": 1.1246207611603682, "1": 1.2604041681802527, "2": 0.5222468774292811}, "sigma": {"0": 0.8761514860858817, "1": 0.815142717101772, "2": 0.0}, "chi_high": 0.8434267911349933, "beta_low": null}