{"R": 40.0, "wi": 1, "di": 1, "delta": 1.0, "gamma": {"0": 1.0155056728994443, "1": 0.8159820591135134, "2": 0.7819075747064029}, "mu": {"0": 1.0453293443308045, "1": 1.0955166579112277, "2": 1.118624140615416}, "phi": {"0": 0.9781305954038517, "1": 0.16062683440008407, "2": 0.23545406277469005}, "psi": {"0": 1.4185212881194018, "1": 1.4061722498768974, "2": 1.0462749267351041}, "sigma": {"0": 0.8886856463753368, "1": 0.0, "2": 0.0}, "chi_high": null, "beta_low": 0.38664695820272976}