{"R": 40.0, "wi": 2, "di": 1, "delta": 1.0, "gamma": {"0": 1.117659580281206, "1": 0.5436664239698162, "2": 0.6999351010912644}, "mu": {"0": 1.0287536288844372, "1": 1.0640450980452965, "2": 1.0607274765739907}, "phi": {"0": 0.21646460262968592, "1": 0.11302581620724605, "2": 0.5258421977530788}, "psi": {"0": 0.5350910228112709, "1": 0.8322325534344065, "2": 0.5027355674769173}, "sigma": {"0": 0.9420149257730468, "1": 0.6540371185493505, "2": 0.0}, "chi_high": null, "beta_low": null}