{"R": 40.0, "wi": 3, "di": 1, "delta": 1.0, "gamma": {"0": 1.0994653740427298, "1": 1.1659863532599477, "2": 1.4624492392844084}, "mu": {"0": 1.1406135256521772, "1": 1.0157019513138599, "2": 1.1092717042130937}, "phi": {"0": 0.24005804801248598, "1": 0.7599131428139877, "2": 0.18299417081667946}, "psi": {"0": 1.3349808266746703, "1": 0.5510107295772576, "2": 0.5911177536388557}, "sigma": {"0": 0.8107159891088689, "1": 0.83073619056498, "2": 0.0}, "chi_high": 0.4813939059949223, "beta_low": null}