{"R": 40.0, "wi": 1, "di": 2, "delta": 1.0, "gamma": {"0": 1.4341903275791226, "1": 1.280963228804363, "2": 0.8049398675822907}, "mu": {"0": 1.0185628052378732, "1": 1.0639152443342867, "2": 1.026035804712816}, "phi": {"0": 0.0446625233920932, "1": 0.4795617398488995, "2": 0.38853009763691315}, "psi": {"0": 1.1828742885122814, "1": 1.212027535061718, "2": 1.4623608904440109}, "sigma": {"0": 0.7293107593472514, "1": 0.0, "2": 0.0}, "chi_high": null, "beta_low": 0.3435291653993052}