{"R": 40.0, "wi": 3, "di": 0, "delta": 1.0, "gamma": {"0": 0.900162107802276, "1": 1.0452314104671023, "2": 0.526299630349949}, "mu": {"0": 1.0057667298189836, "1": 1.0211882086433128, "2": 1.0710306796939073}, "phi": {"0": 0.18232334009891205, "1": 0.7617093195067597, "2": 0.09323523213427942}, "psi": {"0": 1.2996711372249792, "1": 0.669864330147206, "2": 1.3829221602559323}, "sigma": {"0": 0.7709057536416448, "1": 0.5212701561527436, "2": 0.0}, "chi_high": 0.5751713915005853, "beta_low": null}