{"R": 40.0, "wi": 1, "di": 1, "delta": 1.0, "gamma": {"0": 1.346769530591653, "1": 1.2585571345383606, "2": 1.2056212239740405}, "mu": {"0": 1.1305322261736652, "1": 1.034641361160851, "2": 1.0243450880360998}, "phi": {"0": 0.26681980896078994, "1": 0.7855471089836039, "2": 0.0791476376697372}, "psi": {"0": 1.3675376118529576, "1": 1.280783609164345, "2": 0.5405233644394405}, "sigma": {"0": 0.9369004341644576, "1": 0.0, "2": 0.0}, "chi_high": null, "beta_low": 0.4967225587040589}