{"R": 40.0, "wi": 1, "di": 0, "delta": 1.0, "gamma": {"0": 0.5344634535495654, "1": 0.5305148680194313, "2": 0.5235170870263813}, "mu": {"0": 1.1327670795527942, "1": 1.1382607742233235, "2": 1.0212226315769342}, "phi": {"0": 0.7783716392194788, "1": 0.1130021129727149, "2": 0.31327947583541915}, "psi": {"0": 0.5119169943452117, "1": 1.060866445920559, "2": 1.335750088456611}, "sigma": {"0": 0.7364571742087946, "1": 0.0, "2": 0.0}, "chi_high": null, "beta_low": 0.14278598511747184}