{"R": 40.0, "wi": 2, "di": 0, "delta": 1.0, "gamma": {"0": 0.5015138224562694, "1": 1.2891729691067604, "2": 1.3648863207078197}, "mu": {"0": 1.0664764649344551, "1": 1.147357316222509, "2": 1.0503556800404712}, "phi": {"0": 0.3674689769361832, "1": 0.40067199978007884, "2": 0.5572650015393398}, "psi": {"0": 0.8040253812588936, "1": 1.060779834584991, "2": 0.5396016289475757}, "sigma": {"0": 0.962682741232008, "1": 0.8580694381526404, "2": 0.0}, "chi_high": null, "beta_low": null}