{"R": 40.0, "wi": 0, "di": 0, "delta": 1.0, "gamma": {"0": 0.5992564153204798, "1": 1.4786863983013347, "2": 1.4727178889862702}, "mu": {"0": 1.0768110811486253, "1": 1.0635117921442006, "2": 1.1438362101353077}, "phi": {"0": 0.37615378766099106, "1": 0.03552723036406946, "2": 0.37582994278619397}, "psi": {"0": 1.199333505402146, "1": 0.9705495545933062, "2": 1.11715367840704}, "sigma": {"0": 0.6878882094581553, "1": 0.7924688365976876, "2": 0.0}, "chi_high": 0.9022539693344596, "beta_low": 0.9097971476172119}