{"R": 40.0, "wi": 3, "di": 1, "delta": 1.0, "gamma": {"0": 0.9595157976221566, "1": 0.9044929862313418, "2": 1.2183063716989584}, "mu": {"0": 1.1210110845721357, "1": 1.0518127820851029, "2": 1.0820819751751973}, "phi": {"0": 0.7583100055806238, "1": 0.9746112233589237, "2": 0.927310099761562}, "psi": {"0": 1.4189301540253392, "1": 0.843629265358578, "2": 1.2705240705375975}, "sigma": {"0": 0.9380234098436713, "1": 0.8392025490923096, "2": 0.0}, "chi_high": 0.5256600200852113, "beta_low": null}