{"R": 40.0, "wi": 3, "di": 0, "delta": 1.0, "gamma": {"0": 0.7831857139186512, "1": 1.1497767151313392, "2": 0.8988185588245587}, "mu": {"0": 1.0885570610993625, "1": 1.1327650701110237, "2": 1.1012434840492744}, "phi": {"0": 0.7147671832411809, "1": 0.20892303438569726, "2": 0.8410013520708961}, "psi": {"0": 0.8481530597231375, "1": 0.9103192344208049, "2": 1.3448744885156474}, "sigma": {"0": 0.8695759505739336, "1": 0.6610710608777136, "2": 0.0}, "chi_high": 0.8083565713909674, "beta_low": null}