{"R": 40.0, "wi": 2, "di": 0, "delta": 1.0, "gamma": {"0": 0.8437536257946768, "1": 1.2357559022060927, "2": 0.9880119935768619}, "mu": {"0": 1.0274707846367446, "1": 1.009163305769051, "2": 1.050662630300977}, "phi": {"0": 0.8017752331011812, "1": 0.47650386430102276, "2": 0.19400805407752242}, "psi": {"0": 1.37140197914356, "1": 1.0667283723982401, "2": 0.6058898241688423}, "sigma": {"0": 0.7569901060048845, "1": 0.9187067552072506, "2": 0.0}, "chi_high": null, "beta_low": null}