{"R": 40.0, "wi": 3, "di": 0, "delta": 1.0, "gamma": {"0": 0.6918454156874118, "1": 1.3939663617109495, "2": 1.1363543675921912}, "mu": {"0": 1.1101938473273028, "1": 1.0030452243187518, "2": 1.061905435682668}, "phi": {"0": 0.424550882287961, "1": 0.8143495311165072, "2": 0.1504448157192132}, "psi": {"0": 1.2132447966011757, "1": 1.0624867403407827, "2": 0.5284535159259287}, "sigma": {"0": 0.6924514368158239, "1": 0.9747692602113918, "2": 0.0}, "chi_high": 0.6587114858087605, "beta_low": null}