{"R": 40.0, "wi": 1, "di": 1, "delta": 1.0, "gamma": {"0": 1.2915716016520165, "1": 0.5682474781842155, "2": 0.621061253960009}, "mu": {"0": 1.1284725112560028, "1": 1.0241141817198671, "2": 1.0506372932658865}, "phi": {"0": 0.28178735259553267, "1": 0.6759291108257922, "2": 0.11270485493138993}, "psi": {"0": 0.6074077678692728, "1": 0.6451223820446287, "2": 1.3021479544345387}, "sigma": {"0": 0.8560375369303097, "1": 0.0, "2": 0.0}, "chi_high": null, "beta_low": 0.13100340576229386}