{"R": 40.0, "wi": 0, "di": 0, "delta": 1.0, "gamma": {"0": 0.7393199680692505, "1": 0.8544689424343874, "2": 1.2467186528939842}, "mu": {"0": 1.075105578273756, "1": 1.0031501777040905, "2": 1.079840853650127}, "phi": {"0": 0.9974652159483762, "1": 0.512074730379679, "2": 0.8955422987949334}, "psi": {"0": 0.7966785644302729, "1": 0.6406502058020898, "2": 0.5641968489120653}, "sigma": {"0": 0.9630723158244253, "1": 0.8145501399363119, "2": 0.0}, "chi_high": 0.15934429427230362, "beta_low": 0.6741249059162474}