{"R": 40.0, "wi": 3, "di": 1, "delta": 1.0, "gamma": {"0": 0.6376356041278095, "1": 1.4552155431936746, "2": 0.8844761357769393}, "mu": {"0": 1.055499077518992, "1": 1.0017861511335917, "2": 1.1325037369795428}, "phi": {"0": 0.8045339442966817, "1": 0.7770558892702357, "2": 0.06876335412793055}, "psi": {"0": 1.2761358386920327, "1": 1.0490028658365604, "2": 1.0937860271419941}, "sigma": {"0": 0.864194568987817, "1": 0.5228350450901345, "2": 0.0}, "chi_high": 0.036970804246157896, "beta_low": null}