{"R": 40.0, "wi": 2, "di": 1, "delta": 1.0, "gamma": {"0": 1.2383778468399007, "1": 0.7174923375156578, "2": 1.1274661950503715}, "mu": {"0": 1.1112466162511472, "1": 1.077954525157753, "2": 1.0585861261371983}, "phi": {"0": 0.6702941861595454, "1": 0.4044707782238883, "2": 0.03711220296912321}, "psi": {"0": 0.6894929794336405, "1": 1.388742943183414, "2": 0.8995558570195368}, "sigma": {"0": 0.5455370042791139, "1": 0.7915774648935494, "2": 0.0}, "chi_high": null, "beta_low": null}