{"R": 40.0, "wi": 3, "di": 0, "delta": 1.0, "gamma": {"0": 0.776849549671342, "1": 1.3980695272692287, "2": 0.60465029944157}, "mu": {"0": 1.1049556927551838, "1": 1.1082642402055922, "2": 1.0238446560568442}, "phi": {"0": 0.9567360206513676, "1": 0.42738159834919787, "2": 0.43446893401349895}, "psi": {"0": 0.689263092908294, "1": 0.5793606087961225, "2": 0.5703881572638155}, "sigma": {"0": 0.9843164017366948, "1": 0.9797239250718659, "2": 0.0}, "chi_high": 0.5804531108012038, "beta_low": null}