{"R": 40.0, "wi": 1, "di": 2, "delta": 1.0, "gamma": {"0": 1.3720812621576632, "1": 1.1368806028959004, "2": 0.795508027264034}, "mu": {"0": 1.1042958382126982, "1": 1.046004112751361, "2": 1.0735830735585432}, "phi": {"0": 0.3837846820952884, "1": 0.861223408751059, "2": 0.2529768895253788}, "psi": {"0": 0.9873702071726257, "1": 0.97812511481319, "2": 0.7575726670379793}, "sigma": {"0": 0.9604494674637896, "1": 0.0, "2": 0.0}, "chi_high": null, "beta_low": 0.6128867030869904}