{"R": 40.0, "wi": 1, "di": 1, "delta": 1.0, "gamma": {"0": 0.5433561686807661, "1": 1.4926509550246865, "2": 0.8160514320843084}, "mu": {"0": 1.1188276078419446, "1": 1.0909370041590727, "2": 1.0416960974126093}, "phi": {"0": 0.7521926705525502, "1": 0.565652519581234, "2": 0.1090879471904842}, "psi": {"0": 0.7946099671288139, "1": 1.2688794967163086, "2": 0.6525945020337117}, "sigma": {"0": 0.5004520263997103, "1": 0.0, "2": 0.0}, "chi_high": null, "beta_low": 0.3139353535003815}