{"R": 40.0, "wi": 1, "di": 1, "delta": 1.0, "gamma": {"0": 1.0328413928469686, "1": 1.3676796958653448, "2": 0.643819861620688}, "mu": {"0": 1.0938017687794925, "1": 1.0219940646678212, "2": 1.130064510815262}, "phi": {"0": 0.4974340913284512, "1": 0.43452977696399864, "2": 0.8938275598791106}, "psi": {"0": 1.3541788851708993, "1": 0.9442102946947148, "2": 0.659566045439747}, "sigma": {"0": 0.7148788154627399, "1": 0.0, "2": 0.0}, "chi_high": null, "beta_low": 0.6936672171017603}