{"R": 40.0, "wi": 1, "di": 2, "delta": 1.0, "gamma": {"0": 0.6380860476763992, "1": 0.7928646325529182, "2": 1.4380981770570687}, "mu": {"0": 1.1498367352329264, "1": 1.1242037635670585, "2": 1.0987961786064426}, "phi": {"0": 0.8133650459157626, "1": 0.12055785858047485, "2": 0.23609955325762677}, "psi": {"0": 0.7357908434144786, "1": 0.815190198062414, "2": 1.4931901074666134}, "sigma": {"0": 0.5930820445294291, "1": 0.0, "2": 0.0}, "chi_high": null, "beta_low": 0.913413431924658}