{"R": 40.0, "wi": 0, "di": 0, "delta": 1.0, "gamma": {"0": 1.1339107748551744, "1": 0.767830540079748, "2": 0.6676971168533383}, "mu": {"0": 1.0725400757288468, "1": 1.0289400580043055, "2": 1.0807246896623166}, "phi": {"0": 0.9028159063990969, "1": 0.9437663642189564, "2": 0.0544811283486879}, "psi": {"0": 1.3011660955238884, "1": 0.9079223668109851, "2": 0.9117980000793937}, "sigma": {"0": 0.5742090409088434, "1": 0.9617082417974311, "2": 0.0}, "chi_high": 0.23137148664783833, "beta_low": 0.5274510138547996}