{"R": 40.0, "wi": 3, "di": 2, "delta": 1.0, "gamma": {"0": 0.8369174744744378, "1": 1.477535012553414, "2": 0.8572285583567486}, "mu": {"0": 1.0249267823941606, "1": 1.1124426841993362, "2": 1.0968595702437571}, "phi": {"0": 0.3596475968309155, "1": 0.7578592553217856, "2": 0.20679101959069457}, "psi": {"0": 1.2869832525441667, "1": 0.8624648141053483, "2": 0.5222422453852057}, "sigma": {"0": 0.8432337463208792, "1": 0.8897085007214691, "2": 0.0}, "chi_high": 0.94251685210557, "beta_low": null}