{"R": 40.0, "wi": 1, "di": 1, "delta": 1.0, "gamma": {"0": 0.7998354429932618, "1": 0.9925962992362053, "2": 1.3470489492923154}, "mu": {"0": 1.0601569085109996, "1": 1.0457316328485156, "2": 1.0752459227415796}, "phi": {"0": 0.7938165531070812, "1": 0.9894391826286163, "2": 0.7390546200715475}, "psi": {"0": 1.3026975111659345, "1": 0.6258639772648745, "2": 1.0927115897173256}, "sigma": {"0": 0.9211114417483605, "1": 0.0, "2": 0.0}, "chi_high": null, "beta_low": 0.12257438907553041}