{"R": 40.0, "wi": 2, "di": 1, "delta": 1.0, "gamma": {"0": 1.0064795987299275, "1": 1.132959940455553, "2": 1.31953742720974}, "mu": {"0": 1.0570232237581538, "1": 1.1306641355995004, "2": 1.1471578703827459}, "phi": {"0": 0.9035727233548728, "1": 0.8902371430579505, "2": 0.10284188838229369}, "psi": {"0": 0.6837226166445206, "1": 0.8605497670014408, "2": 1.4186061181249154}, "sigma": {"0": 0.9695319933849822, "1": 0.5068654990309266, "2": 0.0}, "chi_high": null, "beta_low": null}