{"R": 40.0, "wi": 1, "di": 2, "delta": 1.0, "gamma": {"0": 1.4857846416024396, "1": 0.7956597819092328, "2": 1.1879364333707225}, "mu": {"0": 1.052637792350481, "1": 1.0313751435948173, "2": 1.0492004140849795}, "phi": {"0": 0.45881083592171823, "1": 0.2612419965764202, "2": 0.9884457059978459}, "psi": {"0": 1.1189883644891676, "1": 0.5560164639120391, "2": 1.4227936369703293}, "sigma": {"0": 0.8611473895374269, "1": 0.0, "2": 0.0}, "chi_high": null, "beta_low": 0.9338636612156566}