{"R": 40.0, "wi": 1, "di": 2, "delta": 1.0, "gamma": {"0": 1.048550313712985, "1": 1.3207785007115744, "2": 0.6521703936820639}, "mu": {"0": 1.1065442918520645, "1": 1.0780239400575249, "2": 1.0964293462471264}, "phi": {"0": 0.5685725970659627, "1": 0.05667768275677154, "2": 0.17531347236463435}, "psi": {"0": 0.9708971164601408, "1": 1.3957024048281657, "2": 1.0763138994356534}, "sigma": {"0": 0.5030148620826477, "1": 0.0, "2": 0.0}, "chi_high": null, "beta_low": 0.7256966902425085}