{"R": 40.0, "wi": 3, "di": 1, "delta": 1.0, "gamma": {"0": 0.5537526141418108, "1": 1.1807631601586004, "2": 1.2007529018113872}, "mu": {"0": 1.0501027510739616, "1": 1.039413252372694, "2": 1.0147841734635104}, "phi": {"0": 0.43198937293548967, "1": 0.4851455185544127, "2": 0.5079895405771111}, "psi": {"0": 1.1438814832747055, "1": 0.53523045952096, "2": 1.1598536314624481}, "sigma": {"0": 0.9036787323684001, "1": 0.8762767411474868, "2": 0.0}, "chi_high": 0.46691739540207605, "beta_low": null}