{"R": 40.0, "wi": 1, "di": 2, "delta": 1.0, "gamma": {"0": 0.5840238002597571, "1": 0.691328628099217, "2": 1.1845214005254912}, "mu": {"0": 1.0062450736108473, "1": 1.0847573503279972, "2": 1.1104525624130686}, "phi": {"0": 0.5298893283530712, "1": 0.4662497053069333, "2": 0.4187892491585702}, "psi": {"0": 0.6855477737594148, "1": 1.4069189961825046, "2": 0.8624014279051845}, "sigma": {"0": 0.5708986026658934, "1": 0.0, "2": 0.0}, "chi_high": null, "beta_low": 0.8587968598141692}