{"R": 40.0, "wi": 3, "di": 1, "delta": 1.0, "gamma": {"0": 1.2158822930989244, "1": 0.9253874870030698, "2": 0.5995290805519085}, "mu": {"0": 1.0404014535365689, "1": 1.0707100682424073, "2": 1.00992041294612}, "phi": {"0": 0.5519692846941598, "1": 0.9127731651891576, "2": 0.7748155893886279}, "psi": {"0": 1.0665186411034941, "1": 1.0866729817916068, "2": 0.9418844444501401}, "sigma": {"0": 0.9955696654884523, "1": 0.9814324283582438, "2": 0.0}, "chi_high": 0.3326937265811559, "beta_low": null}