{"R": 40.0, "wi": 0, "di": 2, "delta": 1.0, "gamma": {"0": 0.5556298978003414, "1": 1.024367207646576, "2": 0.7106151958396592}, "mu": {"0": 1.1091811236884146, "1": 1.0412810103666033, "2": 1.0654989881253827}, "phi": {"0": 0.13096072751471077, "1": 0.8163130576115538, "2": 0.7875844692730409}, "psi": {"0": 0.9445693970710914, "1": 1.4938295080902164, "2": 0.6295052080826202}, "sigma": {"0": 0.5050571998251547, "1": 0.802009344307532, "2": 0.0}, "chi_high": 0.7460799033764627, "beta_low": 0.38841603800703556}