{"R": 40.0, "wi": 3, "di": 0, "delta": 1.0, "gamma": {"0": 0.7686337869908265, "1": 0.7107847418223756, "2": 1.238184714151644}, "mu": {"0": 1.0616018372289888, "1": 1.09357545809469, "2": 1.120986001451895}, "phi": {"0": 0.5694701873409974, "1": 0.297512182978092, "2": 0.4335235335053841}, "psi": {"0": 0.9088773673469999, "1": 1.486802586179575, "2": 1.3413260955871218}, "sigma": {"0": 0.7763210626316861, "1": 0.7726395525323704, "2": 0.0}, "chi_high": 0.5932137510706705, "beta_low": null}