{"R": 40.0, "wi": 3, "di": 0, "delta": 1.0, "gamma": {"0": 0.6861202155213646, "1": 1.3185349435260454, "2": 0.8846145094913902}, "mu": {"0": 1.130597923577065, "1": 1.1366807015475997, "2": 1.1126847748868682}, "phi": {"0": 0.3586121129892842, "1": 0.9638493252316768, "2": 0.8621928345194789}, "psi": {"0": 0.8736245348580255, "1": 0.7452305753772416, "2": 1.1643221492263858}, "sigma": {"0": 0.9183838706756513, "1": 0.9568357419639673, "2": 0.0}, "chi_high": 0.49202311104017704, "beta_low": null}