{"R": 40.0, "wi": 1, "di": 0, "delta": 1.0, "gamma": {"0": 0.7216546982040988, "1": 0.7534117599063255, "2": 1.2716429900412485}, "mu": {"0": 1.0400952244848334, "1": 1.0877698640850486, "2": 1.1371511615884853}, "phi": {"0": 0.14454618478720427, "1": 0.7667164277866039, "2": 0.3945782951526402}, "psi": {"0": 1.2054903350088353, "1": 1.4945065474306947, "2": 0.795675085182329}, "sigma": {"0": 0.8116091105340726, "1": 0.0, "2": 0.0}, "chi_high": null, "beta_low": 0.542464338073027}