{"R": 40.0, "wi": 3, "di": 2, "delta": 1.0, "gamma": {"0": 0.5024948270600407, "1": 1.2889212233459029, "2": 0.7051727631119313}, "mu": {"0": 1.115575566988101, "1": 1.0158803817029571, "2": 1.1198932958261902}, "phi": {"0": 0.8001245026460566, "1": 0.030222666733907833, "2": 0.006190735252382007}, "psi": {"0": 0.8983580212334151, "1": 0.5372699689099371, "2": 1.241429107382325}, "sigma": {"0": 0.8900321233444213, "1": 0.5278878557541633, "2": 0.0}, "chi_high": 0.06997936700742403, "beta_low": null}