{"R": 40.0, "wi": 3, "di": 0, "delta": 1.0, "gamma": {"0": 0.7684274581735077, "1": 1.4060879478385409, "2": 1.4889799728110593}, "mu": {"0": 1.1297169084531158, "1": 1.0679849653810034, "2": 1.097382634401693}, "phi": {"0": 0.44692427815847624, "1": 0.3377687181265967, "2": 0.07268161771918669}, "psi": {"0": 1.0332713358752776, "1": 0.6601433310688566, "2": 1.3209528105088895}, "sigma": {"0": 0.8944276517312549, "1": 0.6503697470021822, "2": 0.0}, "chi_high": 0.862286193626889, "beta_low": null}