{"R": 40.0, "wi": 2, "di": 0, "delta": 1.0, "gamma": {"0": 0.5276196258322415, "1": 1.2304857226916426, "2": 0.683808665510085}, "mu": {"0": 1.0744549531537384, "1": 1.0790690943150074, "2": 1.1261045522036308}, "phi": {"0": 0.8493687149892554, "1": 0.7825889036602997, "2": 0.2888123966353493}, "psi": {"0": 1.4699218408086625, "1": 0.7116350593315315, "2": 0.8668743399433794}, "sigma": {"0": 0.5406411686493757, "1": 0.8563538648315852, "2": 0.0}, "chi_high": null, "beta_low": null}