{"R": 40.0, "wi": 1, "di": 0, "delta": 1.0, "gamma": {"0": 0.6031629910725967, "1": 0.8655259023700163, "2": 0.7888358480853532}, "mu": {"0": 1.0247188864882233, "1": 1.1487549324322766, "2": 1.112933621934046}, "phi": {"0": 0.5375846827801218, "1": 0.20032612797076965, "2": 0.6368555843803696}, "psi": {"0": 1.0986157772812097, "1": 1.2545557673691263, "2": 1.485593018809801}, "sigma": {"0": 0.8947556779947992, "1": 0.0, "2": 0.0}, "chi_high": null, "beta_low": 0.6575210862151893}