{"R": 40.0, "wi": 3, "di": 2, "delta": 1.0, "gamma": {"0": 0.6110302044535335, "1": 1.0916751461757406, "2": 0.9543552464201311}, "mu": {"0": 1.1293735926589201, "1": 1.110608780834588, "2": 1.1286341405812632}, "phi": {"0": 0.7298132428396434, "1": 0.5074193155525387, "2": 0.3511054843631476}, "psi": {"0": 1.2253244476155358, "1": 1.2675164261128673, "2": 1.2894789181136486}, "sigma": {"0": 0.9041540551253799, "1": 0.777780349507552, "2": 0.0}, "chi_high": 0.5755669515343699, "beta_low": null}