{"R": 40.0, "wi": 2, "di": 0, "delta": 1.0, "gamma": {"0": 0.9304372957238914, "1": 0.9835069761670928, "2": 1.2729691857404108}, "mu": {"0": 1.0237157634059424, "1": 1.1333642261308994, "2": 1.10765035713627}, "phi": {"0": 0.5742237900455223, "1": 0.45977578638406047, "2": 0.42579860465439034}, "psi": {"0": 1.2309848790102262, "1": 1.0110408810655178, "2": 0.7510488583006989}, "sigma": {"0": 0.7245305023339055, "1": 0.807759951407627, "2": 0.0}, "chi_high": null, "beta_low": null}