{"R": 40.0, "wi": 0, "di": 2, "delta": 1.0, "gamma": {"0": 1.4763070218691798, "1": 1.4422671879387878, "2": 1.1670905714383775}, "mu": {"0": 1.0842046410415225, "1": 1.0220073724920367, "2": 1.0460082174026004}, "phi": {"0": 0.5740271222640153, "1": 0.7003376376296038, "2": 0.7241672590764384}, "psi": {"0": 1.4061107364102254, "1": 1.3806037494784373, "2": 1.2513500987938615}, "sigma": {"0": 0.5230243150859033, "1": 0.8285814966552418, "2": 0.0}, "chi_high": 0.4143086032919902, "beta_low": 0.5758486729735245}