{"R": 40.0, "wi": 1, "di": 1, "delta": 1.0, "gamma": {"0": 0.889643804416541, "1": 1.1451972054129755, "2": 1.3148781052691871}, "mu": {"0": 1.1184414440704755, "1": 1.0437317153433778, "2": 1.0735862884450593}, "phi": {"0": 0.521417075049052, "1": 0.10101570388319303, "2": 0.6654701607154133}, "psi": {"0": 1.0313351368222543, "1": 1.3274829019752015, "2": 0.5353145868433864}, "sigma": {"0": 0.6027649098139373, "1": 0.0, "2": 0.0}, "chi_high": null, "beta_low": 0.7320714351767776}