{"R": 40.0, "wi": 0, "di": 2, "delta": 1.0, "gamma": {"0": 0.7515271415935523, "1": 1.4030359671154233, "2": 0.7432031455217221}, "mu": {"0": 1.1017254779406518, "1": 1.1216927451424041, "2": 1.0327679300233092}, "phi": {"0": 0.5940565460084377, "1": 0.6642215412222167, "2": 0.4638147261523886}, "psi": {"0": 1.466049635690392, "1": 0.7813529167199607, "2": 0.7692344874906846}, "sigma": {"0": 0.9707071518560041, "1": 0.7145389183054711, "2": 0.0}, "chi_high": 0.721921766870884, "beta_low": 0.4334556361116189}