{"R": 40.0, "wi": 3, "di": 2, "delta": 1.0, "gamma": {"0": 0.9178610813798281, "1": 1.3846706492284875, "2": 1.058118127542169}, "mu": {"0": 1.1180369162991541, "1": 1.0067978345960946, "2": 1.0226062972407985}, "phi": {"0": 0.99972814382303, "1": 0.3116396848408298, "2": 0.8985946546973728}, "psi": {"0": 0.7237210288648157, "1": 1.1981781988757152, "2": 0.907735553199928}, "sigma": {"0": 0.7017016123195475, "1": 0.7391431743641799, "2": 0.0}, "chi_high": 0.8407492834956397, "beta_low": null}