{"R": 40.0, "wi": 1, "di": 1, "delta": 1.0, "gamma": {"0": 1.2931459275698352, "1": 0.5971396918529847, "2": 0.9773156197343479}, "mu": {"0": 1.1206694259334489, "1": 1.0204393640622453, "2": 1.110965585402445}, "phi": {"0": 0.30036287022381636, "1": 0.044506051391521306, "2": 0.4054767427492768}, "psi": {"0": 1.1418994647925518, "1": 0.6870292251858054, "2": 0.8904209148795935}, "sigma": {"0": 0.7736622630242243, "1": 0.0, "2": 0.0}, "chi_high": null, "beta_low": 0.42696682518579093}