{"R": 40.0, "wi": 1, "di": 1, "delta": 1.0, "gamma": {"0": 0.7619854015454232, "1": 1.350789873139297, "2": 0.69220856068076}, "mu": {"0": 1.0898274006474058, "1": 1.1082161964676618, "2": 1.111281830732115}, "phi": {"0": 0.6148620108520545, "1": 0.9827200585594775, "2": 0.9653258269414098}, "psi": {"0": 0.5719100271971431, "1": 0.7549515386008961, "2": 1.3406824839398772}, "sigma": {"0": 0.8682810916154675, "1": 0.0, "2": 0.0}, "chi_high": null, "beta_low": 0.5251362142846834}