{"R": 40.0, "wi": 0, "di": 0, "delta": 1.0, "gamma": {"0": 0.8285580222105293, "1": 0.9606496830598655, "2": 0.7138433010260277}, "mu": {"0": 1.051866597760347, "1": 1.14825808853369, "2": 1.0183721508608783}, "phi": {"0": 0.843298047184309, "1": 0.12373092727179036, "2": 0.39748822912956827}, "psi": {"0": 1.398140354742196, "1": 0.5447729855276704, "2": 0.8506758970401781}, "sigma": {"0": 0.5297350271408309, "1": 0.641197389854252, "2": 0.0}, "chi_high": 0.8511149942130287, "beta_low": 0.36729597117926766}