{"R": 40.0, "wi": 3, "di": 2, "delta": 1.0, "gamma": {"0": 1.196879366157305, "1": 1.095072583564809, "2": 1.1877215058972166}, "mu": {"0": 1.031246206378368, "1": 1.1459296398980674, "2": 1.0706464205606274}, "phi": {"0": 0.19796817527189503, "1": 0.9166228338148654, "2": 0.8793867064140068}, "psi": {"0": 0.5661746717620915, "1": 1.0163562384808746, "2": 1.3226003038932763}, "sigma": {"0": 0.8287407199158199, "1": 0.9232164897093353, "2": 0.0}, "chi_high": 0.7179168732267909, "beta_low": null}