{"R": 40.0, "wi": 3, "di": 1, "delta": 1.0, "gamma": {"0": 1.172595752340541, "1": 0.7624654671194792, "2": 1.1516582526103845}, "mu": {"0": 1.1341603373723705, "1": 1.0979105773771383, "2": 1.1293129301762013}, "phi": {"0": 0.0019223431902947175, "1": 0.9936368402036128, "2": 0.5667749106947748}, "psi": {"0": 1.414621237454492, "1": 1.1286190514850634, "2": 0.8724663205390106}, "sigma": {"0": 0.6292535757246209, "1": 0.6504857000642745, "2": 0.0}, "chi_high": 0.8979657061687474, "beta_low": null}