{"R": 40.0, "wi": 0, "di": 2, "delta": 1.0, "gamma": {"0": 1.3227759163763113, "1": 0.8545149808569463, "2": 0.5243836678529216}, "mu": {"0": 1.1063757420296563, "1": 1.0658735235597279, "2": 1.1180408282562757}, "phi": {"0": 0.5953234312145461, "1": 0.03610811771767086, "2": 0.39115652255450895}, "psi": {"0": 0.5860607112813342, "1": 0.6481671625184982, "2": 0.9001428078792958}, "sigma": {"0": 0.7765444663690984, "1": 0.7476209566763716, "2": 0.0}, "chi_high": 0.6147997208521563, "beta_low": 0.7910867399115293}