{"R": 40.0, "wi": 3, "di": 0, "delta": 1.0, "gamma": {"0": 0.8920186431553646, "1": 1.0056260526025822, "2": 0.7637871919397127}, "mu": {"0": 1.1164352141126217, "1": 1.1365032241567516, "2": 1.0604069189505432}, "phi": {"0": 0.3038892772307016, "1": 0.02740307952060217, "2": 0.612425328438629}, "psi": {"0": 0.8345991976103562, "1": 1.449383959525773, "2": 0.970196073491094}, "sigma": {"0": 0.9822401207932961, "1": 0.8059716470136824, "2": 0.0}, "chi_high": 0.35478357090243606, "beta_low": null}