{"R": 40.0, "wi": 0, "di": 2, "delta": 1.0, "gamma": {"0": 1.3131025374795156, "1": 1.2661001047754854, "2": 0.6932900291548056}, "mu": {"0": 1.1199909157533898, "1": 1.01343915988544, "2": 1.1329051333237277}, "phi": {"0": 0.7436805453545584, "1": 0.5663095666159152, "2": 0.16093711753971718}, "psi": {"0": 1.130596770034168, "1": 0.6417061094467855, "2": 1.4477611727768491}, "sigma": {"0": 0.6538074800168763, "1": 0.9411236160318313, "2": 0.0}, "chi_high": 0.26650079214691547, "beta_low": 0.7936758702412147}