{"R": 40.0, "wi": 0, "di": 0, "delta": 1.0, "gamma": {"0": 0.7099084707632674, "1": 0.969850820204566, "2": 1.0641328593770356}, "mu": {"0": 1.0952847646454922, "1": 1.076025995396709, "2": 1.1304935955759672}, "phi": {"0": 0.04108010189997957, "1": 0.4489393468153221, "2": 0.23941087976139708}, "psi": {"0": 1.280630485053642, "1": 0.7922189749858142, "2": 1.4765509550069513}, "sigma": {"0": 0.5345538091791561, "1": 0.9711383316826395, "2": 0.0}, "chi_high": 0.5680894104756639, "beta_low": 0.9100369024962626}