{"R": 40.0, "wi": 1, "di": 1, "delta": 1.0, "gamma": {"0": 1.2223716135413558, "1": 1.3308684096278927, "2": 0.7907434697132505}, "mu": {"0": 1.1280390676594478, "1": 1.0108605057862095, "2": 1.0894723792742202}, "phi": {"0": 0.9912476102142918, "1": 0.12508203874927393, "2": 0.7483570327622467}, "psi": {"0": 0.8355136818183513, "1": 1.0363243922678884, "2": 1.3005015931474215}, "sigma": {"0": 0.9440634985086321, "1": 0.0, "2": 0.0}, "chi_high": null, "beta_low": 0.42090436931379105}