{"R": 40.0, "wi": 2, "di": 2, "delta": 1.0, "gamma": {"0": 1.2901845545253996, "1": 1.2814493763203223, "2": 0.9349855630498181}, "mu": {"0": 1.0718722514901584, "1": 1.1066072540909162, "2": 1.1201193661922242}, "phi": {"0": 0.49813748870533203, "1": 0.2693803063338607, "2": 0.12499274005142846}, "psi": {"0": 1.224231918615474, "1": 0.8110996554501942, "2": 0.7886326894697933}, "sigma": {"0": 0.574832737502044, "1": 0.5171323032086786, "2": 0.0}, "chi_high": null, "beta_low": null}