{"R": 40.0, "wi": 3, "di": 1, "delta": 1.0, "gamma": {"0": 1.3317119369442805, "1": 0.5747664709004747, "2": 1.464601908067526}, "mu": {"0": 1.1419820210015723, "1": 1.0163288743646495, "2": 1.086829378425881}, "phi": {"0": 0.2628195468095249, "1": 0.15080081356742558, "2": 0.16528301265947454}, "psi": {"0": 0.8032637584422058, "1": 1.2618639494782502, "2": 0.8322658725562608}, "sigma": {"0": 0.867687525182086, "1": 0.6988244918254465, "2": 0.0}, "chi_high": 0.9471928716148997, "beta_low": null}