{"R": 40.0, "wi": 3, "di": 1, "delta": 1.0, "gamma": {"0": 1.0094088153390555, "1": 0.6192479220508216, "2": 1.158171123377667}, "mu": {"0": 1.10724078219201, "1": 1.135024940630264, "2": 1.1499457306285554}, "phi": {"0": 0.055393944661862426, "1": 0.6327463640984965, "2": 0.8283749539838101}, "psi": {"0": 1.1134468735889955, "1": 1.003867323309819, "2": 0.5138973345229473}, "sigma": {"0": 0.6512197423270587, "1": 0.5713845702066724, "2": 0.0}, "chi_high": 0.8527645683484718, "beta_low": null}