{"R": 40.0, "wi": 0, "di": 2, "delta": 1.0, "gamma": {"0": 1.350710869716261, "1": 0.6632294467713711, "2": 1.0286399591240767}, "mu": {"0": 1.0845260070980953, "1": 1.0511070144162793, "2": 1.0118993879531173}, "phi": {"0": 0.17885630222052407, "1": 0.6444556635957893, "2": 0.03897237066359893}, "psi": {"0": 0.926349080431636, "1": 0.9145966688535653, "2": 1.087177186384475}, "sigma": {"0": 0.8020200820640575, "1": 0.8840795881336558, "2": 0.0}, "chi_high": 0.7169121901167353, "beta_low": 0.5337304386953534}