{"R": 40.0, "wi": 2, "di": 2, "delta": 1.0, "gamma": {"0": 1.3960706137018755, "1": 0.6215905856240244, "2": 0.5132729827124346}, "mu": {"0": 1.0576228618732584, "1": 1.122140531102801, "2": 1.010970187740486}, "phi": {"0": 0.6602136425764474, "1": 0.3623338242832064, "2": 0.9924837485270768}, "psi": {"0": 0.887091632247468, "1": 0.5580871592760933, "2": 0.5144009613488468}, "sigma": {"0": 0.7560437710306578, "1": 0.5633871997351145, "2": 0.0}, "chi_high": null, "beta_low": null}