{"R": 40.0, "wi": 3, "di": 1, "delta": 1.0, "gamma": {"0": 0.6675310238848438, "1": 1.4526773294099542, "2": 0.7673781735303141}, "mu": {"0": 1.0322023938625582, "1": 1.0857102208838567, "2": 1.0599060104641542}, "phi": {"0": 0.4735865316284159, "1": 0.4173102638193352, "2": 0.8135838092596476}, "psi": {"0": 0.6935568170991976, "1": 1.0363401295576398, "2": 1.3266768122239396}, "sigma": {"0": 0.881678064871634, "1": 0.860375279673384, "2": 0.0}, "chi_high": 0.1704181531126602, "beta_low": null}