{"R": 40.0, "wi": 3, "di": 0, "delta": 1.0, "gamma": {"0": 1.4232080173846442, "1": 1.1463274350837476, "2": 1.2887825429708428}, "mu": {"0": 1.0540082754379112, "1": 1.1468514461739763, "2": 1.1377370719613658}, "phi": {"0": 0.9853487544131911, "1": 0.6142268586935224, "2": 0.7117227187139828}, "psi": {"0": 0.8009796980954682, "1": 1.152195990586649, "2": 0.5095917546437434}, "sigma": {"0": 0.5524110547062867, "1": 0.9629523284309416, "2": 0.0}, "chi_high": 0.6601637438727297, "beta_low": null}