{"R": 40.0, "wi": 2, "di": 2, "delta": 1.0, "gamma": {"0": 0.5404290243235241, "1": 1.3912767933978119, "2": 0.6036858259448309}, "mu": {"0": 1.1339075906294274, "1": 1.0669716290200202, "2": 1.0708216048264871}, "phi": {"0": 0.43229130950397365, "1": 0.8060642061550809, "2": 0.7893404805262041}, "psi": {"0": 1.06144827248084, "1": 1.1826858464132708, "2": 0.9981319095360538}, "sigma": {"0": 0.506770980266653, "1": 0.6939633602017256, "2": 0.0}, "chi_high": null, "beta_low": null}