{"R": 40.0, "wi": 2, "di": 0, "delta": 1.0, "gamma": {"0": 1.0496396270091264, "1": 0.704394306545489, "2": 0.5199693212497722}, "mu": {"0": 1.0686725434558455, "1": 1.056114490583175, "2": 1.0006169986696423}, "phi": {"0": 0.5280395265489145, "1": 0.5999835638630993, "2": 0.7611924111708763}, "psi": {"0": 0.6516200232502062, "1": 1.4877535038201701, "2": 0.5562669792645598}, "sigma": {"0": 0.5057656980120736, "1": 0.7200795548806735, "2": 0.0}, "chi_high": null, "beta_low": null}