{"R": 40.0, "wi": 1, "di": 0, "delta": 1.0, "gamma": {"0": 0.9068753860554785, "1": 1.3803759299087535, "2": 0.8052226530358976}, "mu": {"0": 1.1157252833865094, "1": 1.1019273595219925, "2": 1.083281904771489}, "phi": {"0": 0.922842261113513, "1": 0.43577673648070137, "2": 0.9789727418059346}, "psi": {"0": 0.6350836201792996, "1": 1.1451764380627298, "2": 0.9856268449252131}, "sigma": {"0": 0.5463167635066573, "1": 0.0, "2": 0.0}, "chi_high": null, "beta_low": 0.7820203603486859}