{"R": 40.0, "wi": 3, "di": 0, "delta": 1.0, "gamma": {"0": 1.2691465324997429, "1": 1.4535217509160716, "2": 0.8367236148384893}, "mu": {"0": 1.1384126452069172, "1": 1.0329620170474556, "2": 1.1013732692443392}, "phi": {"0": 0.014197938467415239, "1": 0.1524306007318167, "2": 0.463085194722036}, "psi": {"0": 0.7028953341926678, "1": 1.3322470107565683, "2": 0.8569722734536985}, "sigma": {"0": 0.5284448581699744, "1": 0.9947054866583096, "2": 0.0}, "chi_high": 0.5354317597673295, "beta_low": null}