{"R": 40.0, "wi": 2, "di": 2, "delta": 1.0, "gamma": {"0": 1.0529933840173442, "1": 0.7616633214069572, "2": 0.6840716348994444}, "mu": {"0": 1.0569534414153796, "1": 1.04331364718425, "2": 1.023415740861233}, "phi": {"0": 0.14082804607753252, "1": 0.6200595079134046, "2": 0.9035471002355504}, "psi": {"0": 0.6520282753270948, "1": 1.2108847172006083, "2": 1.153758679692722}, "sigma": {"0": 0.5131558649077167, "1": 0.5109059387659602, "2": 0.0}, "chi_high": null, "beta_low": null}