{"R": 40.0, "wi": 2, "di": 0, "delta": 1.0, "gamma": {"0": 0.6756294215150769, "1": 0.6730099686541019, "2": 0.5604056673953851}, "mu": {"0": 1.1042296023840577, "1": 1.0820316567597592, "2": 1.140797823921622}, "phi": {"0": 0.2982072008639236, "1": 0.7475580442684281, "2": 0.9622193246533981}, "psi": {"0": 0.6706956903207819, "1": 0.7776314410918633, "2": 0.6531195994914579}, "sigma": {"0": 0.6684935539088699, "1": 0.9159398335735502, "2": 0.0}, "chi_high": null, "beta_low": null}