{"R": 40.0, "wi": 2, "di": 1, "delta": 1.0, "gamma": {"0": 1.0991507335153483, "1": 1.265301971058835, "2": 0.763673574443541}, "mu": {"0": 1.0012783723219947, "1": 1.0303041937532575, "2": 1.0226804442089283}, "phi": {"0": 0.0903887435128351, "1": 0.8821261146932462, "2": 0.888643949037392}, "psi": {"0": 1.1210701157499119, "1": 0.639783347112036, "2": 0.6733023807210564}, "sigma": {"0": 0.8085900319699526, "1": 0.9569979133584379, "2": 0.0}, "chi_high": null, "beta_low": null}