{"R": 40.0, "wi": 2, "di": 0, "delta": 1.0, "gamma": {"0": 0.9231064046428884, "1": 0.5184407234221173, "2": 1.4150337407413855}, "mu": {"0": 1.0269174341665088, "1": 1.1397074961701767, "2": 1.1039664353431007}, "phi": {"0": 0.03675526450465938, "1": 0.9685903593610843, "2": 0.2230239006671222}, "psi": {"0": 1.341818974200049, "1": 1.0064866056927952, "2": 1.0654891876277137}, "sigma": {"0": 0.8717209552374275, "1": 0.8946452512475025, "2": 0.0}, "chi_high": null, "beta_low": null}