{"R": 40.0, "wi": 3, "di": 2, "delta": 1.0, "gamma": {"0": 0.8593149018264974, "1": 0.9931492661856095, "2": 1.4030726409252714}, "mu": {"0": 1.1452404651966004, "1": 1.0586482445219068, "2": 1.003376149135228}, "phi": {"0": 0.7184617906864019, "1": 0.0683799173344587, "2": 0.38132981521012155}, "psi": {"0": 0.5051035830396177, "1": 1.15195923940513, "2": 1.1831336656812184}, "sigma": {"0": 0.536424675307628, "1": 0.6804011537219621, "2": 0.0}, "chi_high": 0.6174944320326379, "beta_low": null}