{"R": 40.0, "wi": 2, "di": 1, "delta": 1.0, "gamma": {"0": 1.3742162568710892, "1": 1.3492759305159754, "2": 1.3079704646295482}, "mu": {"0": 1.0220513706009875, "1": 1.1091595924414517, "2": 1.05818486621214}, "phi": {"0": 0.1649925915457764, "1": 0.6359167399791634, "2": 0.8279632015841708}, "psi": {"0": 0.5123187307807157, "1": 1.0222444943604068, "2": 0.740033215625378}, "sigma": {"0": 0.7928959957670066, "1": 0.6839397966554375, "2": 0.0}, "chi_high": null, "beta_low": null}