{"R": 40.0, "wi": 3, "di": 1, "delta": 1.0, "gamma": {"0": 1.1498356865348227, "1": 1.281014022004852, "2": 0.6781783941895968}, "mu": {"0": 1.071488781257885, "1": 1.055982158653834, "2": 1.144014081449169}, "phi": {"0": 0.992288681983053, "1": 0.485336195931369, "2": 0.17141747339206337}, "psi": {"0": 1.0332563097124712, "1": 0.9359587986965408, "2": 1.3144806107289506}, "sigma": {"0": 0.7199562262577817, "1": 0.9993063691808394, "2": 0.0}, "chi_high": 0.6368691915435943, "beta_low": null}