{"R": 40.0, "wi": 2, "di": 1, "delta": 1.0, "gamma": {"0": 1.4689472324998114, "1": 0.5241104693757582, "2": 0.9378877361183626}, "mu": {"0": 1.1474960519366475, "1": 1.1479289972429199, "2": 1.0757401330716008}, "phi": {"0": 0.8273698998878299, "1": 0.7393801515150895, "2": 0.4896444543335534}, "psi": {"0": 1.3510116258844955, "1": 1.0404126526511166, "2": 1.2502434116668448}, "sigma": {"0": 0.8962537615766839, "1": 0.7332908227913344, "2": 0.0}, "chi_high": null, "beta_low": null}