{"R": 40.0, "wi": 2, "di": 1, "delta": 1.0, "gamma": {"0": 1.0747834570397674, "1": 1.0199052949537109, "2": 0.88991698166295}, "mu": {"0": 1.1303656670388798, "1": 1.0988347741987325, "2": 1.1283767464849224}, "phi": {"0": 0.4462826094718808, "1": 0.6231509724040037, "2": 0.15655648637309016}, "psi": {"0": 0.8719459338096198, "1": 0.890963918951231, "2": 1.0474389836846325}, "sigma": {"0": 0.7984897576494363, "1": 0.6241987441352492, "2": 0.0}, "chi_high": null, "beta_low": null}