{"R": 40.0, "wi": 0, "di": 2, "delta": 1.0, "gamma": {"0": 1.1716508331446018, "1": 1.0619524300228695, "2": 0.7880326499723838}, "mu": {"0": 1.1387161726245538, "1": 1.137779369032509, "2": 1.0636564181776895}, "phi": {"0": 0.9459259898466074, "1": 0.3790624224027074, "2": 0.7902479640945768}, "psi": {"0": 1.4169238652380045, "1": 0.747052601768202, "2": 0.8602254108130165}, "sigma": {"0": 0.5461480580342668, "1": 0.6382073297133779, "2": 0.0}, "chi_high": 0.4446444052877738, "beta_low": 0.25355474098676967}