{"R": 40.0, "wi": 0, "di": 1, "delta": 1.0, "gamma": {"0": 0.7864579681203656, "1": 1.36958601830408, "2": 1.2567895016698865}, "mu": {"0": 1.0530147273984192, "1": 1.1340470646057956, "2": 1.106825325651535}, "phi": {"0": 0.6143256215519655, "1": 0.37980352991419863, "2": 0.508088584592283}, "psi": {"0": 0.6256722855487362, "1": 0.8911414872408062, "2": 1.0810705341961309}, "sigma": {"0": 0.8600543193378842, "1": 0.6140174912248457, "2": 0.0}, "chi_high": 0.13273311059603754, "beta_low": 0.35242851075624154}