{"R": 40.0, "wi": 2, "di": 2, "delta": 1.0, "gamma": {"0": 1.2251225170540079, "1": 0.8429012081579494, "2": 0.7561717052362374}, "mu": {"0": 1.1302951831828443, "1": 1.0088078651533976, "2": 1.07827255105324}, "phi": {"0": 0.6407217783324127, "1": 0.5446710436789873, "2": 0.7919405618437805}, "psi": {"0": 0.7925642532909898, "1": 0.831809798028606, "2": 0.693686435000101}, "sigma": {"0": 0.8390360184139409, "1": 0.9692384167726036, "2": 0.0}, "chi_high": null, "beta_low": null}