{"R": 40.0, "wi": 1, "di": 0, "delta": 1.0, "gamma": {"0": 0.5178589916787516, "1": 0.5220428608685126, "2": 0.5349834427033237}, "mu": {"0": 1.1383235398416318, "1": 1.1002054571145166, "2": 1.009799663961411}, "phi": {"0": 0.22194399690280275, "1": 0.7006896553497992, "2": 0.8881222588944477}, "psi": {"0": 1.1548724911904968, "1": 0.7136903971722923, "2": 0.7904277807355679}, "sigma": {"0": 0.6299800209949966, "1": 0.0, "2": 0.0}, "chi_high": null, "beta_low": 0.23320617854106565}