{"R": 40.0, "wi": 3, "di": 0, "delta": 1.0, "gamma": {"0": 0.8706829260960088, "1": 1.3153992524948908, "2": 0.955540646811235}, "mu": {"0": 1.0633545426337143, "1": 1.137028137119271, "2": 1.0192387854305074}, "phi": {"0": 0.4073597930049503, "1": 0.7436298417501953, "2": 0.9604312556221737}, "psi": {"0": 1.2969379520764637, "1": 1.4073365724978435, "2": 0.9124998485337721}, "sigma": {"0": 0.5720994911577151, "1": 0.9240935552113108, "2": 0.0}, "chi_high": 0.027271616765573662, "beta_low": null}