{"R": 40.0, "wi": 0, "di": 0, "delta": 1.0, "gamma": {"0": 0.7518023943800279, "1": 1.267889861832019, "2": 0.6485157665431683}, "mu": {"0": 1.0511013210090387, "1": 1.0890464745786435, "2": 1.0158621387549605}, "phi": {"0": 0.15760699896252084, "1": 0.7553919373332253, "2": 0.20068130467534706}, "psi": {"0": 1.1907943107508663, "1": 0.9240792257130027, "2": 0.5522133070337022}, "sigma": {"0": 0.8979948846821764, "1": 0.627724768745457, "2": 0.0}, "chi_high": 0.017174399083404176, "beta_low": 0.8189366356316726}