{"R": 40.0, "wi": 2, "di": 2, "delta": 1.0, "gamma": {"0": 1.374316971634169, "1": 1.4846321456942166, "2": 1.2939296987910343}, "mu": {"0": 1.0348541697079108, "1": 1.0163030222193363, "2": 1.0603822943065404}, "phi": {"0": 0.7258128162699131, "1": 0.31259955310734, "2": 0.14620993272127458}, "psi": {"0": 0.6189665100522938, "1": 1.0589050803714601, "2": 0.7094199027515073}, "sigma": {"0": 0.8659059765669537, "1": 0.6353655099641189, "2": 0.0}, "chi_high": null, "beta_low": null}