{"R": 40.0, "wi": 0, "di": 1, "delta": 1.0, "gamma": {"0": 1.205721465555394, "1": 1.384095419604751, "2": 1.4894392152971712}, "mu": {"0": 1.139240065102193, "1": 1.0050466035414773, "2": 1.0023840970388547}, "phi": {"0": 0.780562933220302, "1": 0.07021786165113453, "2": 0.5865891052380882}, "psi": {"0": 1.051848124878204, "1": 1.1565012412888502, "2": 1.0287617296633935}, "sigma": {"0": 0.9248555991409941, "1": 0.6346913753922763, "2": 0.0}, "chi_high": 0.13562689689661894, "beta_low": 0.8787601806044582}