{"R": 40.0, "wi": 0, "di": 0, "delta": 1.0, "gamma": {"0": 0.9545164271115678, "1": 0.8750078629699248, "2": 1.1082464717390692}, "mu": {"0": 1.1128245116519473, "1": 1.108508670245726, "2": 1.1100907560066529}, "phi": {"0": 0.668231212520703, "1": 0.2642079790388825, "2": 0.6969802579638359}, "psi": {"0": 0.9305891669012986, "1": 0.8409169073986714, "2": 0.8603543504559531}, "sigma": {"0": 0.6214780744329469, "1": 0.6393972999189423, "2": 0.0}, "chi_high": 0.43361300247501, "beta_low": 0.804587342063767}