{"R": 40.0, "wi": 1, "di": 0, "delta": 1.0, "gamma": {"0": 1.2425273280458955, "1": 0.7279585986389863, "2": 1.3642120962235842}, "mu": {"0": 1.1341137622299071, "1": 1.0246532401302697, "2": 1.036677364385833}, "phi": {"0": 0.14621095160071262, "1": 0.2530202425166038, "2": 0.9298784111834676}, "psi": {"0": 1.0217001909987056, "1": 1.2660931839167062, "2": 0.9782436156289541}, "sigma": {"0": 0.7857024575442987, "1": 0.0, "2": 0.0}, "chi_high": null, "beta_low": 0.2654486485881328}