{"R": 40.0, "wi": 2, "di": 1, "delta": 1.0, "gamma": {"0": 1.0475941259106563, "1": 0.5864849625038583, "2": 1.3873763841495315}, "mu": {"0": 1.0699331046448575, "1": 1.0370695851496121, "2": 1.0279261253943894}, "phi": {"0": 0.1774003999827034, "1": 0.2454026181979735, "2": 0.8441855669760243}, "psi": {"0": 1.133340728885208, "1": 0.7906975834053619, "2": 0.9025512251998141}, "sigma": {"0": 0.9667976459117067, "1": 0.5953476593832431, "2": 0.0}, "chi_high": null, "beta_low": null}