{"R": 40.0, "wi": 1, "di": 1, "delta": 1.0, "gamma": {"0": 1.415658352221998, "1": 1.1389690621834174, "2": 0.5455581699300893}, "mu": {"0": 1.0635929486851563, "1": 1.1364765265010655, "2": 1.1069457516212922}, "phi": {"0": 0.7539188238836773, "1": 0.5758001258174446, "2": 0.15644645201713148}, "psi": {"0": 1.236945074291261, "1": 0.9628119944307779, "2": 1.0634210202950238}, "sigma": {"0": 0.8270650532238029, "1": 0.0, "2": 0.0}, "chi_high": null, "beta_low": 0.7366982139375073}