{"R": 40.0, "wi": 1, "di": 0, "delta": 1.0, "gamma": {"0": 1.1246592117979248, "1": 0.5234505910443205, "2": 0.905088965620777}, "mu": {"0": 1.1490708758202608, "1": 1.0069586987219183, "2": 1.1295871735597085}, "phi": {"0": 0.8257599137169964, "1": 0.3618054095337627, "2": 0.6990214933704011}, "psi": {"0": 0.6322308269206907, "1": 0.5230909751990568, "2": 0.5513948538749108}, "sigma": {"0": 0.9189317556420566, "1": 0.0, "2": 0.0}, "chi_high": null, "beta_low": 0.7619948965836474}