{"R": 40.0, "wi": 1, "di": 2, "delta": 1.0, "gamma": {"0": 0.7102342341611401, "1": 1.0758425774273777, "2": 1.0212739855733581}, "mu": {"0": 1.1034289690458174, "1": 1.0054686364986671, "2": 1.0088372892277204}, "phi": {"0": 0.26289440876462933, "1": 0.7676802968961904, "2": 0.6328415762609754}, "psi": {"0": 1.3755622409306774, "1": 1.1816370280283635, "2": 1.482995457660703}, "sigma": {"0": 0.964205683763748, "1": 0.0, "2": 0.0}, "chi_high": null, "beta_low": 0.35298427080748407}