{"R": 40.0, "wi": 1, "di": 1, "delta": 1.0, "gamma": {"0": 1.1882618574223596, "1": 1.3457349629172057, "2": 0.5182228530436713}, "mu": {"0": 1.1367013939344939, "1": 1.030674716877507, "2": 1.0225607034043358}, "phi": {"0": 0.23022038522571642, "1": 0.209866753268516, "2": 0.9276132362254622}, "psi": {"0": 1.269812820602803, "1": 0.6882172201879145, "2": 1.0028371415183164}, "sigma": {"0": 0.5239934105774907, "1": 0.0, "2": 0.0}, "chi_high": null, "beta_low": 0.7633741180078726}