{"R": 40.0, "wi": 2, "di": 2, "delta": 1.0, "gamma": {"0": 1.034416012153872, "1": 0.9467403983426156, "2": 0.5974430578232758}, "mu": {"0": 1.1323802825023872, "1": 1.119905515594377, "2": 1.0467305803350824}, "phi": {"0": 0.17268082380751926, "1": 0.6391008570655367, "2": 0.9034290683619141}, "psi": {"0": 1.1842428524132766, "1": 0.5322881004397265, "2": 1.4918651320763363}, "sigma": {"0": 0.7486796438821934, "1": 0.5558400550325482, "2": 0.0}, "chi_high": null, "beta_low": null}