{"R": 40.0, "wi": 0, "di": 1, "delta": 1.0, "gamma": {"0": 0.7845887199392123, "1": 1.43757898804868, "2": 1.1520200068261117}, "mu": {"0": 1.0071371649010021, "1": 1.0442794971533034, "2": 1.1142120150613881}, "phi": {"0": 0.024379905468875585, "1": 0.6726840311600846, "2": 0.29517529928639064}, "psi": {"0": 1.3865298773371255, "1": 1.1335701262192723, "2": 0.5136191160005797}, "sigma": {"0": 0.7518158824896901, "1": 0.6229540466848271, "2": 0.0}, "chi_high": 0.37325104717496066, "beta_low": 0.21545125388167077}