{"R": 40.0, "wi": 1, "di": 2, "delta": 1.0, "gamma": {"0": 1.3398891808970954, "1": 0.8758208865321813, "2": 0.5781152395148502}, "mu": {"0": 1.1413900362279354, "1": 1.0910532933377692, "2": 1.0964454351702793}, "phi": {"0": 0.820811229719366, "1": 0.47776146978223255, "2": 0.696958272052077}, "psi": {"0": 1.4260728447981756, "1": 1.238372521233371, "2": 1.2257831340399696}, "sigma": {"0": 0.7071801474951068, "1": 0.0, "2": 0.0}, "chi_high": null, "beta_low": 0.5575166768236638}