{"R": 40.0, "wi": 2, "di": 0, "delta": 1.0, "gamma": {"0": 1.1187589766612112, "1": 1.0027906577832861, "2": 0.7066660756196962}, "mu": {"0": 1.007935189767715, "1": 1.1149811407852361, "2": 1.0978186540652228}, "phi": {"0": 0.4523333573739218, "1": 0.18666912644307743, "2": 0.6676913094415298}, "psi": {"0": 1.255549146436468, "1": 1.018691956451312, "2": 1.1188229912121317}, "sigma": {"0": 0.9467741251856113, "1": 0.7105234171850002, "2": 0.0}, "chi_high": null, "beta_low": null}