{"R": 40.0, "wi": 0, "di": 1, "delta": 1.0, "gamma": {"0": 1.306970245285037, "1": 1.1599191582192088, "2": 0.677664431182364}, "mu": {"0": 1.0262305929006361, "1": 1.0188635928993162, "2": 1.0117781760599578}, "phi": {"0": 0.40298621722057026, "1": 0.4025775528977483, "2": 0.5388652436249959}, "psi": {"0": 1.3030699023394572, "1": 1.0324647534307785, "2": 1.139855062489588}, "sigma": {"0": 0.7590881305309463, "1": 0.5215902189191493, "2": 0.0}, "chi_high": 0.9556935737680469, "beta_low": 0.6475400690587267}