{"R": 40.0, "wi": 2, "di": 1, "delta": 1.0, "gamma": {"0": 1.3782700559099548, "1": 1.0879121351833585, "2": 1.3727418639246105}, "mu": {"0": 1.0549367208081304, "1": 1.0072834872682517, "2": 1.065461555865207}, "phi": {"0": 0.9935440629079006, "1": 0.38643344971333526, "2": 0.15993590932332602}, "psi": {"0": 0.6770176255198523, "1": 1.4339985331049618, "2": 0.9651155429482774}, "sigma": {"0": 0.6949641305400873, "1": 0.549456462548046, "2": 0.0}, "chi_high": null, "beta_low": null}