{"R": 40.0, "wi": 3, "di": 0, "delta": 1.0, "gamma": {"0": 0.6150175018038327, "1": 1.3446597810610488, "2": 0.8581494645257008}, "mu": {"0": 1.027464310605651, "1": 1.1178396774123505, "2": 1.149659062182072}, "phi": {"0": 0.9530870513228802, "1": 0.1244685640033697, "2": 0.5615219255365754}, "psi": {"0": 0.5097372779220672, "1": 1.2978011314456719, "2": 1.1192878344466748}, "sigma": {"0": 0.8441837636292279, "1": 0.8164808911153305, "2": 0.0}, "chi_high": 0.49986734617328643, "beta_low": null}