{"R": 40.0, "wi": 2, "di": 2, "delta": 1.0, "gamma": {"0": 0.7040088479093775, "1": 0.5446595335341573, "2": 0.6696460655302711}, "mu": {"0": 1.110839940430855, "1": 1.0873282023337973, "2": 1.0083585723638198}, "phi": {"0": 0.6913366135949961, "1": 0.30132149992714485, "2": 0.3858730663049805}, "psi": {"0": 1.055903020325042, "1": 0.5741695491149136, "2": 1.3303964669481254}, "sigma": {"0": 0.7532893014245328, "1": 0.9189976917267466, "2": 0.0}, "chi_high": null, "beta_low": null}