{"R": 40.0, "wi": 0, "di": 2, "delta": 1.0, "gamma": {"0": 0.635274608688674, "1": 1.3774392846770716, "2": 1.4140097359391541}, "mu": {"0": 1.0497473556911887, "1": 1.1069582226677488, "2": 1.0797005967802886}, "phi": {"0": 0.9033310892274595, "1": 0.3916741979889101, "2": 0.6672792328819461}, "psi": {"0": 1.4323442099739463, "1": 0.8704148214338561, "2": 0.7936061261113478}, "sigma": {"0": 0.9599334581539741, "1": 0.900945785150097, "2": 0.0}, "chi_high": 0.34442171039142766, "beta_low": 0.5328130080680775}