{"R": 40.0, "wi": 3, "di": 2, "delta": 1.0, "gamma": {"0": 1.3073614049990188, "1": 1.4139391446448029, "2": 1.0386993224780219}, "mu": {"0": 1.121111860380466, "1": 1.0604555435537892, "2": 1.0105832014792313}, "phi": {"0": 0.5673272101386043, "1": 0.986799429343433, "2": 0.29130278387795283}, "psi": {"0": 0.5116420384324808, "1": 0.9227181291247508, "2": 1.0956121645981751}, "sigma": {"0": 0.5727107658150574, "1": 0.9912758910161108, "2": 0.0}, "chi_high": 0.19053460938468672, "beta_low": null}