{"R": 40.0, "wi": 3, "di": 2, "delta": 1.0, "gamma": {"0": 0.8311871711072599, "1": 0.9263121156799994, "2": 0.5382503502500717}, "mu": {"0": 1.07285771705522, "1": 1.1006677256318613, "2": 1.1277195701644007}, "phi": {"0": 0.5432074415802473, "1": 0.3852994835066962, "2": 0.5137147111950365}, "psi": {"0": 1.2114070753673527, "1": 0.5276637572678443, "2": 1.4738781621017263}, "sigma": {"0": 0.7570923380410357, "1": 0.6133194513666917, "2": 0.0}, "chi_high": 0.3772717609171546, "beta_low": null}