{"R": 40.0, "wi": 0, "di": 2, "delta": 1.0, "gamma": {"0": 0.7061192728138828, "1": 0.6048248508054959, "2": 1.4100457516165488}, "mu": {"0": 1.0598182796235371, "1": 1.0151055842420291, "2": 1.1041948759215134}, "phi": {"0": 0.8319369033856034, "1": 0.09890436489111698, "2": 0.7490434592761247}, "psi": {"0": 1.341224282587095, "1": 1.4474134386203874, "2": 1.1046906045011124}, "sigma": {"0": 0.7961190853075386, "1": 0.8679303090872066, "2": 0.0}, "chi_high": 0.3018622540282869, "beta_low": 0.4443927688132526}