{"R": 40.0, "wi": 0, "di": 0, "delta": 1.0, "gamma": {"0": 0.6879649901255758, "1": 1.1407933901673055, "2": 0.7658648835645677}, "mu": {"0": 1.0098252881121876, "1": 1.067412016845506, "2": 1.0433755088686711}, "phi": {"0": 0.47417511028243287, "1": 0.7332833239803018, "2": 0.5396416346212644}, "psi": {"0": 0.9251138076635965, "1": 1.4236050424418616, "2": 1.195888027603047}, "sigma": {"0": 0.8061375628755756, "1": 0.8094733868021329, "2": 0.0}, "chi_high": 0.5548238583271513, "beta_low": 0.6176253243589888}