{"R": 40.0, "wi": 0, "di": 0, "delta": 1.0, "gamma": {"0": 1.1770056981019899, "1": 0.6876241282199613, "2": 0.8836915879401827}, "mu": {"0": 1.045766550928977, "1": 1.0232225997267732, "2": 1.1084679047584145}, "phi": {"0": 0.25452254705599264, "1": 0.8535862471240966, "2": 0.6774937287410997}, "psi": {"0": 1.368929064810652, "1": 0.6650628726564052, "2": 1.2647386269703182}, "sigma": {"0": 0.5119214535412899, "1": 0.7830489751935666, "2": 0.0}, "chi_high": 0.3633115861653052, "beta_low": 0.8753367866023362}