{"R": 40.0, "wi": 2, "di": 1, "delta": 1.0, "gamma": {"0": 1.0423546984851604, "1": 0.5671687375690937, "2": 1.3424217235443352}, "mu": {"0": 1.0342025808397977, "1": 1.080542490074731, "2": 1.088375235338917}, "phi": {"0": 0.9981719812056442, "1": 0.5095618369592321, "2": 0.5856667384495887}, "psi": {"0": 1.3512061774702717, "1": 1.0162751721581378, "2": 0.7364834171464274}, "sigma": {"0": 0.7550531834206174, "1": 0.9050683795915018, "2": 0.0}, "chi_high": null, "beta_low": null}