{"R": 40.0, "wi": 3, "di": 0, "delta": 1.0, "gamma": {"0": 1.1554908997591014, "1": 1.3243779192472203, "2": 1.2515818545193609}, "mu": {"0": 1.1223937913454707, "1": 1.0227742027429212, "2": 1.0064478041413976}, "phi": {"0": 0.20969610377245873, "1": 0.996409866750266, "2": 0.0015771153545418581}, "psi": {"0": 1.2947408890467282, "1": 0.8182727737616482, "2": 1.3320230805057318}, "sigma": {"0": 0.5732685198098936, "1": 0.8211733373499861, "2": 0.0}, "chi_high": 0.8044567612706067, "beta_low": null}