{"R": 40.0, "wi": 0, "di": 0, "delta": 1.0, "gamma": {"0": 1.4497638505757293, "1": 1.3976015621554563, "2": 0.5418645854672401}, "mu": {"0": 1.1007962847857997, "1": 1.0123375485314914, "2": 1.0735001420008141}, "phi": {"0": 0.857229284048018, "1": 0.8935717272464324, "2": 0.15739117324351637}, "psi": {"0": 0.7911666483509374, "1": 1.4394343295028356, "2": 1.3033061001121227}, "sigma": {"0": 0.6457621748742524, "1": 0.7366485168743613, "2": 0.0}, "chi_high": 0.8521368829983055, "beta_low": 0.5892858956418483}