{"R": 40.0, "wi": 1, "di": 2, "delta": 1.0, "gamma": {"0": 1.2074211281510014, "1": 1.2533230000395843, "2": 1.0047661942885124}, "mu": {"0": 1.0293142703825178, "1": 1.03243825586139, "2": 1.0341546657223557}, "phi": {"0": 0.515178889776264, "1": 0.23221620490306782, "2": 0.0055223679238571854}, "psi": {"0": 1.1197383800923615, "1": 0.9569884491429466, "2": 0.8902364019605825}, "sigma": {"0": 0.5168764256778111, "1": 0.0, "2": 0.0}, "chi_high": null, "beta_low": 0.6060884925061575}