{"R": 40.0, "wi": 2, "di": 0, "delta": 1.0, "gamma": {"0": 0.7351489663603954, "1": 1.4467081372010098, "2": 1.4712881994178084}, "mu": {"0": 1.1084704858929064, "1": 1.044423670359388, "2": 1.076240249402257}, "phi": {"0": 0.9734288711330092, "1": 0.19525771701674055, "2": 0.23431122502105672}, "psi": {"0": 0.6991027355711696, "1": 1.2362446293411646, "2": 1.4930018809515992}, "sigma": {"0": 0.901367472603096, "1": 0.792347734286083, "2": 0.0}, "chi_high": null, "beta_low": null}