{"R": 40.0, "wi": 1, "di": 2, "delta": 1.0, "gamma": {"0": 1.3437328130672301, "1": 1.1630828291136899, "2": 0.541898750477526}, "mu": {"0": 1.0927621510021295, "1": 1.0410440264017295, "2": 1.0837761945696172}, "phi": {"0": 0.7608298505943584, "1": 0.62636096505734, "2": 0.08305053473311108}, "psi": {"0": 0.7881601352423656, "1": 0.9929050113266892, "2": 0.551731695239595}, "sigma": {"0": 0.7616332853857302, "1": 0.0, "2": 0.0}, "chi_high": null, "beta_low": 0.276570183416197}