{"R": 40.0, "wi": 1, "di": 0, "delta": 1.0, "gamma": {"0": 1.1143210049560777, "1": 0.5574941267358728, "2": 1.0393281175186213}, "mu": {"0": 1.0031267311232848, "1": 1.1038440141024766, "2": 1.0372579984936987}, "phi": {"0": 0.470780657856543, "1": 0.43309284354288424, "2": 0.14178271366611395}, "psi": {"0": 1.4715192873492027, "1": 1.139059882776578, "2": 0.7024609190272513}, "sigma": {"0": 0.8505186718193078, "1": 0.0, "2": 0.0}, "chi_high": null, "beta_low": 0.6556427230714886}