{"R": 40.0, "wi": 0, "di": 1, "delta": 1.0, "gamma": {"0": 0.922217139408986, "1": 1.4463912856570262, "2": 0.6024164198721119}, "mu": {"0": 1.1305665576631738, "1": 1.1132070448147666, "2": 1.0186709924089812}, "phi": {"0": 0.1406658636223722, "1": 0.6091634271572447, "2": 0.39855692115938246}, "psi": {"0": 0.6837691499757129, "1": 0.9791389304838942, "2": 0.8221529530517008}, "sigma": {"0": 0.7805860633038653, "1": 0.5199782640169316, "2": 0.0}, "chi_high": 0.6255238307573421, "beta_low": 0.6070082020268995}