{"R": 40.0, "wi": 3, "di": 1, "delta": 1.0, "gamma": {"0": 0.5749519864273195, "1": 0.7807941658953413, "2": 0.5506875508192176}, "mu": {"0": 1.0761442457706683, "1": 1.0188649480075487, "2": 1.032035785180202}, "phi": {"0": 0.20551727809763765, "1": 0.465864505461281, "2": 0.6419490104588242}, "psi": {"0": 0.8718042076507934, "1": 1.3739230470579231, "2": 0.5096883523001078}, "sigma": {"0": 0.6900944677750009, "1": 0.7715002162887178, "2": 0.0}, "chi_high": 0.8744418993936783, "beta_low": null}