{"R": 40.0, "wi": 2, "di": 1, "delta": 1.0, "gamma": {"0": 1.3724738471679792, "1": 1.425884301352367, "2": 0.7436908225288583}, "mu": {"0": 1.1195120779316228, "1": 1.0978288879624112, "2": 1.0038536531388929}, "phi": {"0": 0.5050130658509207, "1": 0.6695575594047368, "2": 0.8055484437401407}, "psi": {"0": 1.2961577961651574, "1": 1.0167663776146378, "2": 1.1251866717032004}, "sigma": {"0": 0.7780105422605053, "1": 0.8147348426927976, "2": 0.0}, "chi_high": null, "beta_low": null}