{"R": 40.0, "wi": 2, "di": 0, "delta": 1.0, "gamma": {"0": 0.9327066920153874, "1": 0.8492070477447135, "2": 0.9881009634606217}, "mu": {"0": 1.0021496347635808, "1": 1.0638754218948732, "2": 1.1099375022244689}, "phi": {"0": 0.2630924346668545, "1": 0.8497497104385776, "2": 0.615238003168833}, "psi": {"0": 1.0160526123006426, "1": 0.7763649118676693, "2": 1.439514117308346}, "sigma": {"0": 0.8346607305810769, "1": 0.9868980358709089, "2": 0.0}, "chi_high": null, "beta_low": null}