{"R": 40.0, "wi": 3, "di": 0, "delta": 1.0, "gamma": {"0": 1.0100195719854277, "1": 0.790307631791276, "2": 1.223847900683148}, "mu": {"0": 1.0987722619779117, "1": 1.125444029678925, "2": 1.1042599355512654}, "phi": {"0": 0.49235802804100504, "1": 0.25450529026041446, "2": 0.5447968100711188}, "psi": {"0": 0.5804709424023835, "1": 1.2947013089437536, "2": 1.3293020401129758}, "sigma": {"0": 0.764134408055526, "1": 0.7258154216552324, "2": 0.0}, "chi_high": 0.7277133611682042, "beta_low": null}