{"R": 40.0, "wi": 0, "di": 2, "delta": 1.0, "gamma": {"0": 1.1030553620868124, "1": 1.0613037858366319, "2": 1.128606670763607}, "mu": {"0": 1.1490157825385923, "1": 1.0108190480609485, "2": 1.062180269516976}, "phi": {"0": 0.8548170055749637, "1": 0.8026724622566823, "2": 0.12758683202663545}, "psi": {"0": 1.2767625579158803, "1": 0.7735982314096461, "2": 0.5632767869297123}, "sigma": {"0": 0.7311681604921549, "1": 0.590785072266843, "2": 0.0}, "chi_high": 0.6539563792091495, "beta_low": 0.5492469231537871}