{"R": 40.0, "wi": 1, "di": 2, "delta": 1.0, "gamma": {"0": 0.6538272048278618, "1": 1.386344111693199, "2": 1.237907853379638}, "mu": {"0": 1.100384257479864, "1": 1.0217063280031684, "2": 1.0241315837567782}, "phi": {"0": 0.48688495914759833, "1": 0.8664196877760295, "2": 0.7460852466956728}, "psi": {"0": 0.7320889605051266, "1": 1.179810493872115, "2": 0.7268910715719717}, "sigma": {"0": 0.604950909264417, "1": 0.0, "2": 0.0}, "chi_high": null, "beta_low": 0.18686905208676816}