{"R": 40.0, "wi": 0, "di": 2, "delta": 1.0, "gamma": {"0": 1.4970354679356084, "1": 1.2306726199207256, "2": 1.150049615907049}, "mu": {"0": 1.0061087849025363, "1": 1.072592153843677, "2": 1.092605805777942}, "phi": {"0": 0.006669897115275547, "1": 0.3854570342349738, "2": 0.12038433446296226}, "psi": {"0": 1.2748735469134214, "1": 0.7700968961894268, "2": 1.2306542520632724}, "sigma": {"0": 0.9595460296773539, "1": 0.8920740947995895, "2": 0.0}, "chi_high": 0.6008894651900618, "beta_low": 0.7437864313679543}