{"R": 40.0, "wi": 1, "di": 1, "delta": 1.0, "gamma": {"0": 1.3077338814593051, "1": 1.4365463317561442, "2": 0.9260617755826811}, "mu": {"0": 1.074936230740568, "1": 1.1355639958018213, "2": 1.0093008614823453}, "phi": {"0": 0.6558976821932205, "1": 0.621804512483883, "2": 0.6856256300472098}, "psi": {"0": 1.1189870359092544, "1": 0.9063873762440415, "2": 0.988167430174865}, "sigma": {"0": 0.8550072569196855, "1": 0.0, "2": 0.0}, "chi_high": null, "beta_low": 0.45866905149239906}