{"R": 40.0, "wi": 3, "di": 1, "delta": 1.0, "gamma": {"0": 1.1136225200570358, "1": 0.7612550836096317, "2": 0.8969267438433}, "mu": {"0": 1.0590979555239688, "1": 1.0820744642810105, "2": 1.0743253546529308}, "phi": {"0": 0.5818437186225485, "1": 0.09152492544453261, "2": 0.8000269566714834}, "psi": {"0": 1.1813750119405961, "1": 1.1312919153001872, "2": 0.7159506380152899}, "sigma": {"0": 0.6120526689714068, "1": 0.6440426790344624, "2": 0.0}, "chi_high": 0.19543380788833112, "beta_low": null}