{"R": 40.0, "wi": 2, "di": 2, "delta": 1.0, "gamma": {"0": 1.3462328908011787, "1": 0.503111183385649, "2": 1.3744425222815155}, "mu": {"0": 1.1162515904011674, "1": 1.1470890306193782, "2": 1.0857180983725507}, "phi": {"0": 0.8238510135245435, "1": 0.4787338562878176, "2": 0.2938255087575754}, "psi": {"0": 0.8175636951914382, "1": 0.9371880599615176, "2": 1.1958966058250131}, "sigma": {"0": 0.9065111889498614, "1": 0.8397448171151567, "2": 0.0}, "chi_high": null, "beta_low": null}