{"R": 40.0, "wi": 0, "di": 1, "delta": 1.0, "gamma": {"0": 1.203666563554997, "1": 1.3020420733714866, "2": 0.7926229230102908}, "mu": {"0": 1.053136178801476, "1": 1.0398094004047986, "2": 1.0702069230557332}, "phi": {"0": 0.03893972954396718, "1": 0.2708368601996517, "2": 0.08485769504499863}, "psi": {"0": 1.4295248527746702, "1": 1.087081276105774, "2": 1.025253200829029}, "sigma": {"0": 0.8705949484400869, "1": 0.7158903695604835, "2": 0.0}, "chi_high": 0.29954042681551274, "beta_low": 0.6553734476503174}