{"R": 40.0, "wi": 2, "di": 1, "delta": 1.0, "gamma": {"0": 1.176206716072747, "1": 0.6991539069315859, "2": 0.8933143942583321}, "mu": {"0": 1.0594079195522845, "1": 1.1058246115119226, "2": 1.0971591407492969}, "phi": {"0": 0.5848546085323267, "1": 0.9209131797204356, "2": 0.19777186994553797}, "psi": {"0": 1.1561740470802455, "1": 0.930972425441012, "2": 1.1820832176107565}, "sigma": {"0": 0.6384827386118294, "1": 0.5438566963563658, "2": 0.0}, "chi_high": null, "beta_low": null}