{"R": 40.0, "wi": 1, "di": 2, "delta": 1.0, "gamma": {"0": 0.761028297024267, "1": 0.5122525439195516, "2": 1.1210411584636002}, "mu": {"0": 1.130841570210235, "1": 1.0143411284884805, "2": 1.0964408454032208}, "phi": {"0": 0.8920200919861676, "1": 0.3427247574867379, "2": 0.6059514381668593}, "psi": {"0": 0.5238105901642013, "1": 1.136519433144985, "2": 0.725709793114838}, "sigma": {"0": 0.7349804262323791, "1": 0.0, "2": 0.0}, "chi_high": null, "beta_low": 0.9648420918920705}