{"R": 40.0, "wi": 2, "di": 1, "delta": 1.0, "gamma": {"0": 0.7998727874261218, "1": 1.1732414367385358, "2": 0.5097107042796567}, "mu": {"0": 1.0191483138254545, "1": 1.0940366833181063, "2": 1.1408298714830534}, "phi": {"0": 0.9911917684136604, "1": 0.9408496197200497, "2": 0.2490984895321442}, "psi": {"0": 1.3114449600442848, "1": 1.4012787348004188, "2": 0.5880076283002829}, "sigma": {"0": 0.9796639222465143, "1": 0.7169423855979873, "2": 0.0}, "chi_high": null, "beta_low": null}