{"R": 40.0, "wi": 3, "di": 2, "delta": 1.0, "gamma": {"0": 0.7179654165338165, "1": 0.7211709544913598, "2": 0.7004834462649854}, "mu": {"0": 1.0930262204946024, "1": 1.0478021520189027, "2": 1.0099156057820868}, "phi": {"0": 0.7422597590779931, "1": 0.43485797283911665, "2": 0.9579221222292269}, "psi": {"0": 1.218007501268808, "1": 0.5859597814955027, "2": 0.8774410198081909}, "sigma": {"0": 0.9372855083807602, "1": 0.8242010569083036, "2": 0.0}, "chi_high": 0.5611145944121253, "beta_low": null}