{"R": 40.0, "wi": 2, "di": 1, "delta": 1.0, "gamma": {"0": 1.169415779313037, "1": 0.709420616602889, "2": 1.1889618317738442}, "mu": {"0": 1.1284884091303555, "1": 1.1362152394520728, "2": 1.0601886269283527}, "phi": {"0": 0.8830428948893986, "1": 0.07826313038720512, "2": 0.43481957365631785}, "psi": {"0": 1.206646210423684, "1": 0.631756820375819, "2": 1.3457390172643984}, "sigma": {"0": 0.9649664023734243, "1": 0.974674222281878, "2": 0.0}, "chi_high": null, "beta_low": null}