{"R": 40.0, "wi": 0, "di": 1, "delta": 1.0, "gamma": {"0": 1.4613642555155162, "1": 1.179618357657077, "2": 1.111681690559882}, "mu": {"0": 1.1290390014477887, "1": 1.0619820095945072, "2": 1.0251651613141486}, "phi": {"0": 0.5966530112160244, "1": 0.22745085859205116, "2": 0.708076228716219}, "psi": {"0": 0.6678122887082539, "1": 0.7073436003707092, "2": 1.091232087605695}, "sigma": {"0": 0.7132396784582328, "1": 0.8468311367428596, "2": 0.0}, "chi_high": 0.8987247249168471, "beta_low": 0.2380372709955106}