{"R": 40.0, "wi": 0, "di": 1, "delta": 1.0, "gamma": {"0": 1.4377255599481296, "1": 0.5460223836133632, "2": 0.8974255949566593}, "mu": {"0": 1.058861962001353, "1": 1.0183961936005328, "2": 1.0425707965043904}, "phi": {"0": 0.7729785951943847, "1": 0.9100136317974656, "2": 0.6486174889814826}, "psi": {"0": 0.5212805368086114, "1": 0.567580230180293, "2": 0.7586223082159981}, "sigma": {"0": 0.5004787082377894, "1": 0.7873740782950501, "2": 0.0}, "chi_high": 0.780671447053589, "beta_low": 0.01761737626871681}