{"R": 40.0, "wi": 1, "di": 2, "delta": 1.0, "gamma": {"0": 1.3727769036746817, "1": 1.4391160351028036, "2": 0.582470170492489}, "mu": {"0": 1.1276230149558049, "1": 1.1429616276163417, "2": 1.0307275244125704}, "phi": {"0": 0.5944303083030528, "1": 0.1815264776757367, "2": 0.6479572497954655}, "psi": {"0": 1.1716302957200497, "1": 1.221662088788658, "2": 0.6710948633183037}, "sigma": {"0": 0.701506517026371, "1": 0.0, "2": 0.0}, "chi_high": null, "beta_low": 0.6416416084566902}