{"R": 40.0, "wi": 2, "di": 0, "delta": 1.0, "gamma": {"0": 1.4418617234078415, "1": 1.0665066472073432, "2": 1.1545657054576126}, "mu": {"0": 1.1076541461276264, "1": 1.078613595271746, "2": 1.143865392400588}, "phi": {"0": 0.1585071410418022, "1": 0.7205940492271059, "2": 0.6922909692922535}, "psi": {"0": 0.5726983418112794, "1": 0.6859595305448984, "2": 0.7859310601638474}, "sigma": {"0": 0.8599519295901517, "1": 0.7819690290014466, "2": 0.0}, "chi_high": null, "beta_low": null}