{"R": 40.0, "wi": 0, "di": 0, "delta": 1.0, "gamma": {"0": 1.0008909201434024, "1": 1.0723775845887817, "2": 0.9743627156208511}, "mu": {"0": 1.005647144524486, "1": 1.0131913166334383, "2": 1.109579330972497}, "phi": {"0": 0.8420088474268298, "1": 0.44933147881106317, "2": 0.9538595526872503}, "psi": {"0": 1.2940745951983352, "1": 0.68838552709568, "2": 0.9234053510813961}, "sigma": {"0": 0.8031132118794595, "1": 0.6526805353444893, "2": 0.0}, "chi_high": 0.6758283399554552, "beta_low": 0.43817431283116903}