{"R": 40.0, "wi": 3, "di": 0, "delta": 1.0, "gamma": {"0": 1.410300541639144, "1": 1.011780133206755, "2": 0.8498857317544478}, "mu": {"0": 1.0277769641231964, "1": 1.0531242397866403, "2": 1.0774523925441237}, "phi": {"0": 0.019858935523768273, "1": 0.7684644923760425, "2": 0.757578388060476}, "psi": {"0": 0.9076334090488297, "1": 1.4205603263696318, "2": 0.8558791467763904}, "sigma": {"0": 0.6861832114533521, "1": 0.8032492632595126, "2": 0.0}, "chi_high": 0.8038506961230384, "beta_low": null}