{"R": 40.0, "wi": 3, "di": 0, "delta": 1.0, "gamma": {"0": 0.877941583819595, "1": 0.6476327342723595, "2": 1.3134013764718766}, "mu": {"0": 1.1071674831965503, "1": 1.0719084275884292, "2": 1.0225660391006126}, "phi": {"0": 0.32286841950908884, "1": 0.37458120907498527, "2": 0.3256545677439293}, "psi": {"0": 0.702196467337881, "1": 0.8787855900371886, "2": 1.164371289869825}, "sigma": {"0": 0.6622131190673692, "1": 0.5159814635426416, "2": 0.0}, "chi_high": 0.8449993377792916, "beta_low": null}