{"R": 40.0, "wi": 3, "di": 1, "delta": 1.0, "gamma": {"0": 0.5866259807006227, "1": 1.2607787694404626, "2": 0.6146768081548571}, "mu": {"0": 1.0115217559621545, "1": 1.006738149972114, "2": 1.0385469193435828}, "phi": {"0": 0.1746170685242482, "1": 0.322582927297684, "2": 0.5406694907824792}, "psi": {"0": 0.6793827515061077, "1": 0.8408544330150517, "2": 0.8821097297630217}, "sigma": {"0": 0.9545289392339431, "1": 0.8309736743118893, "2": 0.0}, "chi_high": 0.68303537702504, "beta_low": null}