{"R": 40.0, "wi": 2, "di": 2, "delta": 1.0, "gamma": {"0": 0.5314399740391531, "1": 0.7990741376512611, "2": 0.8337082894656155}, "mu": {"0": 1.06214956596112, "1": 1.0983551194710428, "2": 1.0001634076099886}, "phi": {"0": 0.44259820125421345, "1": 0.747252604043046, "2": 0.8673209990652102}, "psi": {"0": 1.3248228095408758, "1": 1.1406513580237974, "2": 1.4715578897823882}, "sigma": {"0": 0.9855687971269484, "1": 0.591413074250154, "2": 0.0}, "chi_high": null, "beta_low": null}