{"R": 40.0, "wi": 0, "di": 1, "delta": 1.0, "gamma": {"0": 0.9585076626808574, "1": 1.2995219862046845, "2": 1.328731692026531}, "mu": {"0": 1.0610745937573078, "1": 1.138827108154827, "2": 1.1315076036040017}, "phi": {"0": 0.6915765417820007, "1": 0.8917400533440117, "2": 0.7003837797942013}, "psi": {"0": 1.2570912389279763, "1": 0.7516155723267719, "2": 1.0116540152713043}, "sigma": {"0": 0.8091771949943287, "1": 0.649515296619773, "2": 0.0}, "chi_high": 0.0412804258368602, "beta_low": 0.3573920883338574}