{"R": 40.0, "wi": 2, "di": 0, "delta": 1.0, "gamma": {"0": 0.9514960954063909, "1": 1.4555024353929014, "2": 1.1521903265644653}, "mu": {"0": 1.1242664667644555, "1": 1.1454480725819436, "2": 1.1170411928032162}, "phi": {"0": 0.22096020033328323, "1": 0.8787133350169773, "2": 0.7344748039353081}, "psi": {"0": 1.3898559123993548, "1": 0.766758479929201, "2": 1.3690065106047888}, "sigma": {"0": 0.6942238832472846, "1": 0.7395459086021946, "2": 0.0}, "chi_high": null, "beta_low": null}