{"R": 40.0, "wi": 0, "di": 2, "delta": 1.0, "gamma": {"0": 0.7342547363910278, "1": 1.2082103693293433, "2": 1.4255431412776067}, "mu": {"0": 1.1060166057253507, "1": 1.1139056238719962, "2": 1.060375305492926}, "phi": {"0": 0.4675838163235272, "1": 0.9494815280061802, "2": 0.1305208532713502}, "psi": {"0": 0.5718884581889325, "1": 1.0199185193377551, "2": 0.8824401202231645}, "sigma": {"0": 0.7793222577172796, "1": 0.5120259791072781, "2": 0.0}, "chi_high": 0.7158344182679689, "beta_low": 0.04153986845571404}