{"R": 40.0, "wi": 2, "di": 2, "delta": 1.0, "gamma": {"0": 0.6553566205900925, "1": 0.5295655360114604, "2": 0.8618952065002797}, "mu": {"0": 1.087858460100209, "1": 1.0523335697744414, "2": 1.0332566381086419}, "phi": {"0": 0.2549254157393811, "1": 0.1760393966404098, "2": 0.5034005326862533}, "psi": {"0": 0.8286007133795392, "1": 0.6466285805579707, "2": 1.4578737885940223}, "sigma": {"0": 0.7749379393781841, "1": 0.9870331307793546, "2": 0.0}, "chi_high": null, "beta_low": null}