{"R": 40.0, "wi": 3, "di": 0, "delta": 1.0, "gamma": {"0": 1.1761472998152058, "1": 1.2011841302716748, "2": 0.5673014501554043}, "mu": {"0": 1.112183193436975, "1": 1.064691292153963, "2": 1.0716050490744744}, "phi": {"0": 0.915621345246977, "1": 0.013612589557566501, "2": 0.5878236218351622}, "psi": {"0": 0.6041286291156966, "1": 1.226483194421886, "2": 0.6292489150619007}, "sigma": {"0": 0.6185436493251288, "1": 0.8043520458562796, "2": 0.0}, "chi_high": 0.7520455423709042, "beta_low": null}