{"R": 40.0, "wi": 0, "di": 1, "delta": 1.0, "gamma": {"0": 1.0203311577780725, "1": 0.8117870284280966, "2": 1.3449406098645924}, "mu": {"0": 1.0853879132201092, "1": 1.0160370889242059, "2": 1.1174691646078105}, "phi": {"0": 0.800026870565647, "1": 0.93877624888472, "2": 0.2136882344339418}, "psi": {"0": 0.521128709589927, "1": 1.167486105235208, "2": 1.2858099478585723}, "sigma": {"0": 0.863255411987339, "1": 0.5186487955241272, "2": 0.0}, "chi_high": 0.2807072552575686, "beta_low": 0.2747065649688279}