{"R": 40.0, "wi": 2, "di": 0, "delta": 1.0, "gamma": {"0": 0.5077895614352766, "1": 0.6667565433037832, "2": 1.3910037546098675}, "mu": {"0": 1.144709938483429, "1": 1.106801345420513, "2": 1.0063330877506502}, "phi": {"0": 0.0002165447787872976, "1": 0.144657905669207, "2": 0.9459840249839219}, "psi": {"0": 1.4544695560636152, "1": 0.7715035420052675, "2": 0.7739534396938992}, "sigma": {"0": 0.6278149523611793, "1": 0.8187223071770862, "2": 0.0}, "chi_high": null, "beta_low": null}