{"R": 40.0, "wi": 3, "di": 1, "delta": 1.0, "gamma": {"0": 0.7631646076771391, "1": 0.5451222360219226, "2": 1.005915220236868}, "mu": {"0": 1.1149073087161652, "1": 1.031353441717764, "2": 1.03944344906664}, "phi": {"0": 0.5770769365167004, "1": 0.22763765967049587, "2": 0.8668944019936506}, "psi": {"0": 1.2295737294033606, "1": 1.3588411366113728, "2": 1.0868354575536343}, "sigma": {"0": 0.964895038927549, "1": 0.7850473519881553, "2": 0.0}, "chi_high": 0.6163833852733684, "beta_low": null}