{"R": 40.0, "wi": 1, "di": 2, "delta": 1.0, "gamma": {"0": 1.1290838806494112, "1": 0.8102954407897339, "2": 0.5522428633032466}, "mu": {"0": 1.12947151693164, "1": 1.056974104903764, "2": 1.1022078734483172}, "phi": {"0": 0.9695325606784826, "1": 0.40642933297438266, "2": 0.31489672833559723}, "psi": {"0": 0.7593420607184543, "1": 1.142704970717321, "2": 1.4723524620282227}, "sigma": {"0": 0.6242059552297043, "1": 0.0, "2": 0.0}, "chi_high": null, "beta_low": 0.09172613853870368}