{"R": 40.0, "wi": 3, "di": 1, "delta": 1.0, "gamma": {"0": 1.0883753402779344, "1": 0.9421985084231128, "2": 0.6460950189973569}, "mu": {"0": 1.0980677332003914, "1": 1.0388752839879394, "2": 1.0822438563085715}, "phi": {"0": 0.4156939958704563, "1": 0.26117242452531186, "2": 0.9062116040918193}, "psi": {"0": 0.7842779019178973, "1": 0.6259252581945162, "2": 1.1790012820702065}, "sigma": {"0": 0.9394675424736639, "1": 0.5015228575768436, "2": 0.0}, "chi_high": 0.9743715458275288, "beta_low": null}