{"R": 40.0, "wi": 1, "di": 0, "delta": 1.0, "gamma": {"0": 0.99867109643796, "1": 0.5358758681107122, "2": 0.6889953749228177}, "mu": {"0": 1.0381543583085844, "1": 1.0766236932025683, "2": 1.0362022077147373}, "phi": {"0": 0.9742269430826953, "1": 0.7326606702480184, "2": 0.8106926026671624}, "psi": {"0": 1.4188339849998202, "1": 1.0493840426592396, "2": 1.255988168167174}, "sigma": {"0": 0.8903062837672573, "1": 0.0, "2": 0.0}, "chi_high": null, "beta_low": 0.4515947398061159}