{"R": 40.0, "wi": 0, "di": 0, "delta": 1.0, "gamma": {"0": 0.938730937350822, "1": 0.7080751548214662, "2": 1.2784268172377633}, "mu": {"0": 1.1299607551349629, "1": 1.1348183579094502, "2": 1.033415457791351}, "phi": {"0": 0.16231562279059042, "1": 0.4548285730113225, "2": 0.5895395060608869}, "psi": {"0": 0.7289613160671591, "1": 0.7480289894165197, "2": 1.4902889194202413}, "sigma": {"0": 0.7614309799798888, "1": 0.6263963963243435, "2": 0.0}, "chi_high": 0.4629204218616689, "beta_low": 0.8141009121350543}