{"R": 40.0, "wi": 0, "di": 0, "delta": 1.0, "gamma": {"0": 1.121965899829849, "1": 0.7245271512810836, "2": 0.5638109013966265}, "mu": {"0": 1.0759942745043234, "1": 1.0206097703221035, "2": 1.1028827809357784}, "phi": {"0": 0.06501599694733051, "1": 0.6177360272369591, "2": 0.8313476974044113}, "psi": {"0": 1.2140826269208511, "1": 0.5203681588659796, "2": 0.7757742333362745}, "sigma": {"0": 0.9054128032151496, "1": 0.8631656728260209, "2": 0.0}, "chi_high": 0.10398928525860095, "beta_low": 0.3369955784356882}