{"R": 40.0, "wi": 0, "di": 2, "delta": 1.0, "gamma": {"0": 0.8827141588580196, "1": 1.1456941381286199, "2": 0.5762859838085478}, "mu": {"0": 1.0761537433821713, "1": 1.1131836259280428, "2": 1.0251793279363435}, "phi": {"0": 0.9428268462606358, "1": 0.5876454681374219, "2": 0.04373791043007624}, "psi": {"0": 0.979764035951067, "1": 1.0755031390406087, "2": 1.481949732207726}, "sigma": {"0": 0.5611753646044086, "1": 0.5579179841158589, "2": 0.0}, "chi_high": 0.6590044034077608, "beta_low": 0.7701165211637808}