{"R": 40.0, "wi": 2, "di": 0, "delta": 1.0, "gamma": {"0": 0.5496046968989488, "1": 1.4622615720969694, "2": 1.2107082034543732}, "mu": {"0": 1.0342520708539207, "1": 1.0892760242626562, "2": 1.038574084091765}, "phi": {"0": 0.5027210601333777, "1": 0.8785590042535595, "2": 0.8762577772062036}, "psi": {"0": 1.4397543343023012, "1": 1.45732838371138, "2": 1.1782287457709186}, "sigma": {"0": 0.6523433047376429, "1": 0.6460715451417729, "2": 0.0}, "chi_high": null, "beta_low": null}