{"R": 40.0, "wi": 3, "di": 2, "delta": 1.0, "gamma": {"0": 1.36399754783221, "1": 0.6033338909255007, "2": 1.430083314159985}, "mu": {"0": 1.1194736712373694, "1": 1.0349650309572849, "2": 1.0242563358835914}, "phi": {"0": 0.8553163311719771, "1": 0.7993059490225947, "2": 0.5665674959037049}, "psi": {"0": 1.3232663238325342, "1": 0.5603499590727995, "2": 1.25502309676302}, "sigma": {"0": 0.9549453149300926, "1": 0.9926084067115166, "2": 0.0}, "chi_high": 0.8103318910911715, "beta_low": null}