{"R": 40.0, "wi": 3, "di": 2, "delta": 1.0, "gamma": {"0": 1.317922636460268, "1": 0.8957864958541388, "2": 1.3635156549781635}, "mu": {"0": 1.0663000974106196, "1": 1.0500933833253348, "2": 1.082071693189348}, "phi": {"0": 0.8423854804926781, "1": 0.9655031621459761, "2": 0.779454063135162}, "psi": {"0": 1.4123545039941332, "1": 1.1604895636379045, "2": 1.4305983737345724}, "sigma": {"0": 0.8507187239790435, "1": 0.9704492953593495, "2": 0.0}, "chi_high": 0.7291687077266448, "beta_low": null}