{"R": 40.0, "wi": 0, "di": 1, "delta": 1.0, "gamma": {"0": 0.5367205587353929, "1": 1.077741133621429, "2": 0.7437370698071886}, "mu": {"0": 1.0451621077094764, "1": 1.087001035998962, "2": 1.069449330519354}, "phi": {"0": 0.1412159509557962, "1": 0.1143374382272192, "2": 0.3485522040557363}, "psi": {"0": 1.2290512471453243, "1": 1.0965575061692459, "2": 0.7787308172046226}, "sigma": {"0": 0.5572747953204773, "1": 0.9315503227858741, "2": 0.0}, "chi_high": 0.015219725014660375, "beta_low": 0.24139787138237448}