{"R": 40.0, "wi": 3, "di": 1, "delta": 1.0, "gamma": {"0": 1.2745287358373416, "1": 1.2262114434987874, "2": 1.279665077191702}, "mu": {"0": 1.0228449765491356, "1": 1.1222156352408212, "2": 1.1354050344984437}, "phi": {"0": 0.6123839527025391, "1": 0.7962101257665132, "2": 0.10434196983403843}, "psi": {"0": 0.9073069688637121, "1": 0.5122914833071672, "2": 1.190194025447666}, "sigma": {"0": 0.9118520175889078, "1": 0.6085739329741076, "2": 0.0}, "chi_high": 0.8802950022500159, "beta_low": null}