{"R": 40.0, "wi": 2, "di": 2, "delta": 1.0, "gamma": {"0": 1.2868993754120153, "1": 0.6046297614444427, "2": 1.490729258232628}, "mu": {"0": 1.075248108643147, "1": 1.0037412998485882, "2": 1.0667135087658193}, "phi": {"0": 0.22822607395649208, "1": 0.19168693447126772, "2": 0.41732125491966277}, "psi": {"0": 1.063301810259163, "1": 0.5745754940785154, "2": 0.7830917490676093}, "sigma": {"0": 0.6867830352986303, "1": 0.5590001839549559, "2": 0.0}, "chi_high": null, "beta_low": null}