{"R": 40.0, "wi": 2, "di": 0, "delta": 1.0, "gamma": {"0": 0.8339472557628201, "1": 0.8907442495351044, "2": 1.3774286576133106}, "mu": {"0": 1.0677988132000764, "1": 1.0298265090901073, "2": 1.0786275815677708}, "phi": {"0": 0.27618378894108875, "1": 0.6743315504005584, "2": 0.2755356812007572}, "psi": {"0": 1.1491698860409134, "1": 0.6479030837452268, "2": 0.5184507858584739}, "sigma": {"0": 0.5377851048292945, "1": 0.9078709299423171, "2": 0.0}, "chi_high": null, "beta_low": null}