{"R": 40.0, "wi": 1, "di": 1, "delta": 1.0, "gamma": {"0": 1.0518934922537118, "1": 0.6415434751718179, "2": 0.6187063389580768}, "mu": {"0": 1.0750637935480205, "1": 1.146920417223263, "2": 1.1249526606258347}, "phi": {"0": 0.9179149123023628, "1": 0.6841914914358243, "2": 0.17352057679614696}, "psi": {"0": 0.7878371741628767, "1": 0.8057233675771881, "2": 1.011326175994269}, "sigma": {"0": 0.5036162731532638, "1": 0.0, "2": 0.0}, "chi_high": null, "beta_low": 0.6771988183481154}