{"R": 40.0, "wi": 1, "di": 2, "delta": 1.0, "gamma": {"0": 1.3903731748113217, "1": 0.8300028978943429, "2": 1.0384081830640661}, "mu": {"0": 1.1188432200525418, "1": 1.055097011782728, "2": 1.0015437634224107}, "phi": {"0": 0.8371056102716311, "1": 0.7072379380032286, "2": 0.27203441843944787}, "psi": {"0": 1.4514950841796557, "1": 1.4028330792618156, "2": 1.43174322053502}, "sigma": {"0": 0.6788134726602374, "1": 0.0, "2": 0.0}, "chi_high": null, "beta_low": 0.09294125704808907}