{"R": 40.0, "wi": 0, "di": 1, "delta": 1.0, "gamma": {"0": 0.6464731387482816, "1": 0.618141826629484, "2": 0.6048823784390026}, "mu": {"0": 1.1328695441004044, "1": 1.0631487015402052, "2": 1.1044695064790837}, "phi": {"0": 0.4675105305276509, "1": 0.2698220291029615, "2": 0.46644886813886743}, "psi": {"0": 1.3186955476331998, "1": 0.7332519199743963, "2": 1.4461232480334658}, "sigma": {"0": 0.8135124813891415, "1": 0.7283826202259851, "2": 0.0}, "chi_high": 0.2620120464924319, "beta_low": 0.2586707882932971}