{"R": 40.0, "wi": 0, "di": 2, "delta": 1.0, "gamma": {"0": 1.2555393607965084, "1": 1.0246151900748945, "2": 0.6562063214754084}, "mu": {"0": 1.1376820740106663, "1": 1.1165145037801671, "2": 1.0531160400176245}, "phi": {"0": 0.944415217633514, "1": 0.5865102937730162, "2": 0.09755680535186251}, "psi": {"0": 1.3369064633508336, "1": 1.493464975594736, "2": 0.6050409279662575}, "sigma": {"0": 0.7325259926293932, "1": 0.7154384658401407, "2": 0.0}, "chi_high": 0.3368601397677197, "beta_low": 0.33990059077969237}