{"R": 40.0, "wi": 1, "di": 2, "delta": 1.0, "gamma": {"0": 0.5783420954278287, "1": 1.0584505597534446, "2": 0.9819153978450508}, "mu": {"0": 1.1225681974253916, "1": 1.0710875829972244, "2": 1.1455969640046393}, "phi": {"0": 0.9077868206071371, "1": 0.6206156092100505, "2": 0.6205005477616604}, "psi": {"0": 1.4754937711493317, "1": 1.2712713821120616, "2": 0.8650754824122316}, "sigma": {"0": 0.919904154305018, "1": 0.0, "2": 0.0}, "chi_high": null, "beta_low": 0.1086947771259261}