{"R": 40.0, "wi": 2, "di": 0, "delta": 1.0, "gamma": {"0": 1.2587251134077868, "1": 1.4623560027953966, "2": 1.3950177643109847}, "mu": {"0": 1.115565822799685, "1": 1.0014318003589409, "2": 1.1488191088352504}, "phi": {"0": 0.41073708648247353, "1": 0.8870559309909285, "2": 0.9480869900041885}, "psi": {"0": 1.2234701653021682, "1": 1.142776599994253, "2": 1.4387758707495868}, "sigma": {"0": 0.7971714149394569, "1": 0.8144825702116448, "2": 0.0}, "chi_high": null, "beta_low": null}