{"R": 40.0, "wi": 0, "di": 0, "delta": 1.0, "gamma": {"0": 1.0871387809794069, "1": 1.251739581245738, "2": 1.323684160223623}, "mu": {"0": 1.0747993382595589, "1": 1.1119611991190617, "2": 1.12868030139684}, "phi": {"0": 0.014578015401312316, "1": 0.29059112733092163, "2": 0.7139320165757141}, "psi": {"0": 1.3310841637550266, "1": 0.7681123293213327, "2": 0.9251266775054766}, "sigma": {"0": 0.6823085152745841, "1": 0.8966401647032389, "2": 0.0}, "chi_high": 0.08626278572335618, "beta_low": 0.14582607138565992}