{"R": 40.0, "wi": 3, "di": 0, "delta": 1.0, "gamma": {"0": 1.3732967901116597, "1": 0.8678719629343964, "2": 1.278258609496017}, "mu": {"0": 1.123939190092186, "1": 1.0124728865049122, "2": 1.047414167079002}, "phi": {"0": 0.9149126255878611, "1": 0.9659387706188631, "2": 0.34232170653384975}, "psi": {"0": 1.3510579957249516, "1": 1.2951503971664156, "2": 1.2412810288988823}, "sigma": {"0": 0.5255382794572845, "1": 0.6091906591348256, "2": 0.0}, "chi_high": 0.6847437179092359, "beta_low": null}