{"R": 40.0, "wi": 1, "di": 1, "delta": 1.0, "gamma": {"0": 0.8392550391290072, "1": 0.5447379062765164, "2": 1.1122132115164325}, "mu": {"0": 1.0346203014489121, "1": 1.0135913932670508, "2": 1.1250462947285507}, "phi": {"0": 0.1876605651663651, "1": 0.24934088564556622, "2": 0.6657490597105237}, "psi": {"0": 0.6682933668023212, "1": 0.8821530291440555, "2": 1.4685167564639356}, "sigma": {"0": 0.6082913643642726, "1": 0.0, "2": 0.0}, "chi_high": null, "beta_low": 0.802662792832844}