{"R": 40.0, "wi": 0, "di": 2, "delta": 1.0, "gamma": {"0": 0.8324859690187026, "1": 0.6014050218265433, "2": 1.3321608036133952}, "mu": {"0": 1.0623769204799944, "1": 1.0970458802593408, "2": 1.1128349211898865}, "phi": {"0": 0.9364867550138706, "1": 0.8416912458689242, "2": 0.31364705678623384}, "psi": {"0": 0.6227503455906354, "1": 0.8831944051554715, "2": 1.014955797010302}, "sigma": {"0": 0.6680630683992677, "1": 0.8322849740200844, "2": 0.0}, "chi_high": 0.7769778228050551, "beta_low": 0.7648831463477}