{"R": 40.0, "wi": 0, "di": 1, "delta": 1.0, "gamma": {"0": 0.570780923240612, "1": 1.1254520539678503, "2": 0.5066527978089417}, "mu": {"0": 1.0339050537442516, "1": 1.0389579952210724, "2": 1.0720963013449931}, "phi": {"0": 0.7791748003516172, "1": 0.7230651269857824, "2": 0.9770575874438976}, "psi": {"0": 1.3422069428915715, "1": 1.1191573391915488, "2": 1.1065847172548497}, "sigma": {"0": 0.6473651297022179, "1": 0.5609652651297121, "2": 0.0}, "chi_high": 0.9196287441427897, "beta_low": 0.2796502540478795}