{"R": 40.0, "wi": 1, "di": 1, "delta": 1.0, "gamma": {"0": 0.6251332562061915, "1": 0.7075779324986545, "2": 0.968372544155985}, "mu": {"0": 1.0633770320236124, "1": 1.0475923100982008, "2": 1.0950624883314979}, "phi": {"0": 0.28253128678907824, "1": 0.8111555344836279, "2": 0.6450160852873724}, "psi": {"0": 1.4986511427479727, "1": 1.388245211375946, "2": 0.8300307052886946}, "sigma": {"0": 0.8545804846892696, "1": 0.0, "2": 0.0}, "chi_high": null, "beta_low": 0.26219997312538146}