{"R": 40.0, "wi": 2, "di": 1, "delta": 1.0, "gamma": {"0": 1.3029366255765011, "1": 1.0310171166154998, "2": 0.9322180114423864}, "mu": {"0": 1.125642999319521, "1": 1.1457735385967267, "2": 1.0940884089477374}, "phi": {"0": 0.10868991898591807, "1": 0.4414056840995402, "2": 0.876207292812779}, "psi": {"0": 1.1146998577614307, "1": 0.615233781560786, "2": 1.1007447663780594}, "sigma": {"0": 0.6117106562449481, "1": 0.5988005752705676, "2": 0.0}, "chi_high": null, "beta_low": null}