{"R": 40.0, "wi": 3, "di": 0, "delta": 1.0, "gamma": {"0": 1.1222556924581095, "1": 0.5042144069271256, "2": 0.5834593227438982}, "mu": {"0": 1.0479344389813272, "1": 1.1135156340192693, "2": 1.062046585300469}, "phi": {"0": 0.5892433086946015, "1": 0.2250539538926578, "2": 0.544838826320067}, "psi": {"0": 1.3817652913027865, "1": 0.6657981938348948, "2": 0.6134473363378283}, "sigma": {"0": 0.9829344242633802, "1": 0.9249272217773221, "2": 0.0}, "chi_high": 0.33308922379811823, "beta_low": null}