{"R": 40.0, "wi": 0, "di": 1, "delta": 1.0, "gamma": {"0": 1.307163480931552, "1": 0.7181216135443307, "2": 1.4197295026254522}, "mu": {"0": 1.0410554828807832, "1": 1.081755980234657, "2": 1.039416303625228}, "phi": {"0": 0.5992356354409034, "1": 0.5804744761446496, "2": 0.5030737801416263}, "psi": {"0": 1.2807791830683928, "1": 0.9383918230198905, "2": 1.0010881687369313}, "sigma": {"0": 0.5759834475028421, "1": 0.7018481835116488, "2": 0.0}, "chi_high": 0.4069250640718849, "beta_low": 0.12114491473599866}