{"R": 40.0, "wi": 0, "di": 1, "delta": 1.0, "gamma": {"0": 1.2291818838756545, "1": 0.8403153310123883, "2": 1.1027886600879269}, "mu": {"0": 1.1005397228565674, "1": 1.0686164625692434, "2": 1.0179137726155894}, "phi": {"0": 0.875764837364686, "1": 0.7662874331947277, "2": 0.8129475489668604}, "psi": {"0": 0.5684274544876137, "1": 0.8249215243561125, "2": 0.5559439951671209}, "sigma": {"0": 0.7328355196943523, "1": 0.730826562662089, "2": 0.0}, "chi_high": 0.9443903137660159, "beta_low": 0.9769379049671236}