{"R": 40.0, "wi": 3, "di": 2, "delta": 1.0, "gamma": {"0": 1.4211819927195293, "1": 0.6463687579131137, "2": 0.5070209819585367}, "mu": {"0": 1.1200538252315717, "1": 1.050844309291395, "2": 1.043601947905477}, "phi": {"0": 0.9475189760590805, "1": 0.5232322384991482, "2": 0.6376528148667585}, "psi": {"0": 1.0000571352047407, "1": 0.6715275656803009, "2": 1.328157642118683}, "sigma": {"0": 0.8829422896884641, "1": 0.9617105589832984, "2": 0.0}, "chi_high": 0.5456958822389214, "beta_low": null}