{"R": 40.0, "wi": 0, "di": 2, "delta": 1.0, "gamma": {"0": 0.8478627340479127, "1": 0.6263574166653465, "2": 1.4119919378422214}, "mu": {"0": 1.0356476950420277, "1": 1.1046663289278171, "2": 1.0352873679136143}, "phi": {"0": 0.1519030124343942, "1": 0.08078674173063949, "2": 0.8911061354022811}, "psi": {"0": 1.3616148435528466, "1": 1.3773979753279701, "2": 0.5972799526759216}, "sigma": {"0": 0.801760914291896, "1": 0.7600416357626034, "2": 0.0}, "chi_high": 0.9214225235320004, "beta_low": 0.8512388742407687}