{"R": 40.0, "wi": 0, "di": 1, "delta": 1.0, "gamma": {"0": 0.9019554459199595, "1": 0.8403185753207129, "2": 1.2128945085435952}, "mu": {"0": 1.0263265530281283, "1": 1.0901653891900758, "2": 1.1465519445005263}, "phi": {"0": 0.9814774415201989, "1": 0.9470099678142863, "2": 0.673662542532825}, "psi": {"0": 1.206658548689181, "1": 1.3512018296621813, "2": 1.3208282153865432}, "sigma": {"0": 0.6846706022041203, "1": 0.8153079725746012, "2": 0.0}, "chi_high": 0.923437197322028, "beta_low": 0.46934864762527956}