{"R": 40.0, "wi": 3, "di": 1, "delta": 1.0, "gamma": {"0": 0.5272340282217397, "1": 0.955870234946284, "2": 1.410410813405349}, "mu": {"0": 1.0344118594683291, "1": 1.0465987533720382, "2": 1.1451899541503023}, "phi": {"0": 0.5653704104682222, "1": 0.18307678507407632, "2": 0.1000068291581524}, "psi": {"0": 0.8134531867744419, "1": 1.0039271217774535, "2": 0.7461575730806538}, "sigma": {"0": 0.8240251045043755, "1": 0.9286608768475872, "2": 0.0}, "chi_high": 0.20074447460855424, "beta_low": null}