{"R": 40.0, "wi": 3, "di": 1, "delta": 1.0, "gamma": {"0": 0.8990748654662336, "1": 1.3339104938987383, "2": 0.5958696507580904}, "mu": {"0": 1.094775339992034, "1": 1.1195718883434878, "2": 1.1355523800675413}, "phi": {"0": 0.8517728469096775, "1": 0.1510719863733364, "2": 0.563592447418949}, "psi": {"0": 1.1388339318955416, "1": 0.9870508725249585, "2": 0.6598428083866521}, "sigma": {"0": 0.5581356147707182, "1": 0.8498478180443567, "2": 0.0}, "chi_high": 0.4737852057655175, "beta_low": null}