{"R": 40.0, "wi": 1, "di": 2, "delta": 1.0, "gamma": {"0": 1.493228427181133, "1": 1.1224552112871815, "2": 1.1486418438509571}, "mu": {"0": 1.0200905980857131, "1": 1.1304809929537258, "2": 1.007346654249667}, "phi": {"0": 0.2359380428200486, "1": 0.4446720637112298, "2": 0.047488249816330486}, "psi": {"0": 1.3625491558380878, "1": 1.3610650625812875, "2": 0.5880097973860026}, "sigma": {"0": 0.653867891671307, "1": 0.0, "2": 0.0}, "chi_high": null, "beta_low": 0.1508302338819798}