{"R": 40.0, "wi": 0, "di": 2, "delta": 1.0, "gamma": {"0": 1.2905614148557047, "1": 0.6004234186151916, "2": 1.094330415490019}, "mu": {"0": 1.0200044343095551, "1": 1.0307668732010622, "2": 1.0158131817014175}, "phi": {"0": 0.2713515763309807, "1": 0.768330279572609, "2": 0.09593996034962782}, "psi": {"0": 1.0293834045521306, "1": 1.1836070282439284, "2": 0.543812245816043}, "sigma": {"0": 0.8355794601702833, "1": 0.740461014598131, "2": 0.0}, "chi_high": 0.24566257800120045, "beta_low": 0.44187341057756563}