{"R": 40.0, "wi": 1, "di": 0, "delta": 1.0, "gamma": {"0": 1.1617410031394166, "1": 0.5286118190071581, "2": 0.6876135527641697}, "mu": {"0": 1.1131050407549516, "1": 1.0633457674303561, "2": 1.01786971442364}, "phi": {"0": 0.4104872081298465, "1": 0.06597976981905662, "2": 0.67352630727078}, "psi": {"0": 1.120680459847505, "1": 0.9574371893872234, "2": 0.9188387839915823}, "sigma": {"0": 0.7144298615983884, "1": 0.0, "2": 0.0}, "chi_high": null, "beta_low": 0.9018740597595494}