{"R": 40.0, "wi": 2, "di": 1, "delta": 1.0, "gamma": {"0": 1.339369174175221, "1": 1.1720263147602163, "2": 0.6224865386393134}, "mu": {"0": 1.1396794044956462, "1": 1.1455415475109514, "2": 1.1381026460969987}, "phi": {"0": 0.6576742653111666, "1": 0.5593125601393677, "2": 0.33045196499040586}, "psi": {"0": 0.575433824936053, "1": 1.1527284919613145, "2": 0.6553236974189446}, "sigma": {"0": 0.7594028875441773, "1": 0.8460736179895998, "2": 0.0}, "chi_high": null, "beta_low": null}