{"R": 40.0, "wi": 1, "di": 2, "delta": 1.0, "gamma": {"0": 0.962279872536704, "1": 1.0829180259676081, "2": 1.2746837236299826}, "mu": {"0": 1.12110261392971, "1": 1.0681852428716128, "2": 1.14067220026234}, "phi": {"0": 0.3324887064392301, "1": 0.17793601900113065, "2": 0.7341638662799079}, "psi": {"0": 1.2518551218687597, "1": 1.3674252771628888, "2": 0.553319285185894}, "sigma": {"0": 0.716282008824884, "1": 0.0, "2": 0.0}, "chi_high": null, "beta_low": 0.9232271848678255}