{"R": 40.0, "wi": 2, "di": 0, "delta": 1.0, "gamma": {"0": 0.6814737294463887, "1": 1.1932171220669145, "2": 0.7247097496110344}, "mu": {"0": 1.0162711244951275, "1": 1.0511542776974552, "2": 1.122904508075833}, "phi": {"0": 0.5163771406809538, "1": 0.009853528753211993, "2": 0.6779052527386492}, "psi": {"0": 0.7323177029562781, "1": 0.5868470024744595, "2": 1.29949058646472}, "sigma": {"0": 0.5845978628424084, "1": 0.6214354339542096, "2": 0.0}, "chi_high": null, "beta_low": null}