{"R": 40.0, "wi": 3, "di": 0, "delta": 1.0, "gamma": {"0": 0.5309680138399445, "1": 1.1067270445775539, "2": 1.161476067316613}, "mu": {"0": 1.0251202495546328, "1": 1.075689787829854, "2": 1.1141198107156587}, "phi": {"0": 0.8742205659217267, "1": 0.6681803567168226, "2": 0.14147090477594437}, "psi": {"0": 1.4294679736558082, "1": 1.0254629484691136, "2": 0.6119287815408615}, "sigma": {"0": 0.58121704494029, "1": 0.5662852569813661, "2": 0.0}, "chi_high": 0.7930372830774759, "beta_low": null}