{"R": 40.0, "wi": 3, "di": 0, "delta": 1.0, "gamma": {"0": 1.2877432506260804, "1": 0.998215927922568, "2": 0.9037383627445913}, "mu": {"0": 1.0616847494026989, "1": 1.1174688098034795, "2": 1.012043348957399}, "phi": {"0": 0.31126533260448486, "1": 0.045235001123260954, "2": 0.33549174234651646}, "psi": {"0": 1.050740661040626, "1": 0.5125571759836441, "2": 1.443308402019647}, "sigma": {"0": 0.6400615618759276, "1": 0.8767014770782697, "2": 0.0}, "chi_high": 0.36993658935278595, "beta_low": null}