{"R": 40.0, "wi": 3, "di": 1, "delta": 1.0, "gamma": {"0": 1.0713034111183775, "1": 0.683001349348915, "2": 1.0357285578570803}, "mu": {"0": 1.0179624894292887, "1": 1.0024357961799093, "2": 1.1422597159665075}, "phi": {"0": 0.5282248754920913, "1": 0.6948678981420553, "2": 0.5603194515716323}, "psi": {"0": 1.3425199512064565, "1": 1.3047188466056916, "2": 1.1268808365465988}, "sigma": {"0": 0.7478348419426935, "1": 0.9834032096036791, "2": 0.0}, "chi_high": 0.4742570578557825, "beta_low": null}