{"R": 40.0, "wi": 2, "di": 1, "delta": 1.0, "gamma": {"0": 1.4352504585020447, "1": 1.357517211532872, "2": 0.6603964204642317}, "mu": {"0": 1.0739370546878049, "1": 1.1165120408701303, "2": 1.0838777076606407}, "phi": {"0": 0.15904687586385535, "1": 0.6465147754484178, "2": 0.16447052991588695}, "psi": {"0": 1.1961481669165952, "1": 1.4612679675187517, "2": 1.0090127376737668}, "sigma": {"0": 0.740570804060195, "1": 0.808262864301305, "2": 0.0}, "chi_high": null, "beta_low": null}