{"R": 40.0, "wi": 1, "di": 0, "delta": 1.0, "gamma": {"0": 1.3609624395622135, "1": 1.4960025781702955, "2": 1.054558863034628}, "mu": {"0": 1.04457225108942, "1": 1.1313162561563126, "2": 1.0127005435710714}, "phi": {"0": 0.03334099676605318, "1": 0.7149229596816226, "2": 0.8679866002450816}, "psi": {"0": 1.4005777299037545, "1": 0.6494661235030766, "2": 1.2661486857986954}, "sigma": {"0": 0.5512961311475237, "1": 0.0, "2": 0.0}, "chi_high": null, "beta_low": 0.7882713043281555}