{"R": 40.0, "wi": 1, "di": 1, "delta": 1.0, "gamma": {"0": 0.925144710050354, "1": 0.8825981597623872, "2": 0.9805239752262475}, "mu": {"0": 1.0840226920444054, "1": 1.135762395729622, "2": 1.1403094312563706}, "phi": {"0": 0.08515674569595877, "1": 0.7864143270788735, "2": 0.8510108397201468}, "psi": {"0": 0.5102676741551025, "1": 0.5037779859981425, "2": 1.2391781657510217}, "sigma": {"0": 0.8910671042741068, "1": 0.0, "2": 0.0}, "chi_high": null, "beta_low": 0.9624167689468723}