{"R": 40.0, "wi": 0, "di": 0, "delta": 1.0, "gamma": {"0": 0.713982184151897, "1": 0.543528708966647, "2": 0.7318433945200931}, "mu": {"0": 1.0107820870410458, "1": 1.042096865291669, "2": 1.0207102619927817}, "phi": {"0": 0.8450987001967879, "1": 0.027497379453334525, "2": 0.9394896801113762}, "psi": {"0": 1.1871189040957668, "1": 1.128526884087733, "2": 0.6430854637179585}, "sigma": {"0": 0.5291803997494469, "1": 0.8501306122048011, "2": 0.0}, "chi_high": 0.6402438112423179, "beta_low": 0.8581748138569919}