{"R": 40.0, "wi": 3, "di": 0, "delta": 1.0, "gamma": {"0": 1.283620533237313, "1": 1.294572611654588, "2": 0.7439177338785197}, "mu": {"0": 1.0687339251046024, "1": 1.0396221383737791, "2": 1.0614165916627114}, "phi": {"0": 0.2808052067166824, "1": 0.41205647556662084, "2": 0.7505190128858511}, "psi": {"0": 0.9448500234041973, "1": 0.8047718636342731, "2": 0.5957792505271831}, "sigma": {"0": 0.8243244163290087, "1": 0.5060900934345495, "2": 0.0}, "chi_high": 0.1956535974102906, "beta_low": null}