{"R": 40.0, "wi": 3, "di": 1, "delta": 1.0, "gamma": {"0": 0.5941677423050159, "1": 0.9834469155883954, "2": 0.8605689925769888}, "mu": {"0": 1.063859529334685, "1": 1.1466346048138616, "2": 1.1011160164073253}, "phi": {"0": 0.023948516020665056, "1": 0.41492534233889233, "2": 0.7169204139985715}, "psi": {"0": 1.4756230621801114, "1": 1.3043510322180927, "2": 1.439293851921359}, "sigma": {"0": 0.8323816551286085, "1": 0.5040081183124192, "2": 0.0}, "chi_high": 0.31527761468437904, "beta_low": null}