{"R": 40.0, "wi": 2, "di": 1, "delta": 1.0, "gamma": {"0": 0.6760063953687283, "1": 1.4649672561087632, "2": 0.9895478163893772}, "mu": {"0": 1.0585306713065468, "1": 1.005991349244471, "2": 1.047387490825268}, "phi": {"0": 0.42284494053587784, "1": 0.8309263366847962, "2": 0.07877244008537887}, "psi": {"0": 1.3449081816323112, "1": 1.151817309079553, "2": 0.5030062786309465}, "sigma": {"0": 0.9793931049780786, "1": 0.9896504093474616, "2": 0.0}, "chi_high": null, "beta_low": null}