{"R": 40.0, "wi": 2, "di": 1, "delta": 1.0, "gamma": {"0": 1.1130238983572354, "1": 0.905925445155112, "2": 0.8962054805559274}, "mu": {"0": 1.13312536638162, "1": 1.141956350108014, "2": 1.002346806533624}, "phi": {"0": 0.5960425115384483, "1": 0.5160936827505208, "2": 0.39586832866791166}, "psi": {"0": 0.7456038441845557, "1": 1.048422484078377, "2": 0.8550176528550653}, "sigma": {"0": 0.9706442809198182, "1": 0.5328645757155805, "2": 0.0}, "chi_high": null, "beta_low": null}