{"R": 40.0, "wi": 2, "di": 2, "delta": 1.0, "gamma": {"0": 1.1825031437378566, "1": 1.167882245254885, "2": 0.8666370598140215}, "mu": {"0": 1.1386437245318435, "1": 1.0020829866531638, "2": 1.1479700889698752}, "phi": {"0": 0.4335514029318275, "1": 0.3495862604439278, "2": 0.14265108702212048}, "psi": {"0": 1.269296521425634, "1": 1.3726507493885096, "2": 1.0105549690892879}, "sigma": {"0": 0.6591930585782262, "1": 0.5738122369332387, "2": 0.0}, "chi_high": null, "beta_low": null}