{"R": 40.0, "wi": 3, "di": 1, "delta": 1.0, "gamma": {"0": 0.6449060711282193, "1": 1.0684080540680516, "2": 0.5132963590466113}, "mu": {"0": 1.1035620481165171, "1": 1.0515301139005013, "2": 1.100863822132686}, "phi": {"0": 0.7661926255950712, "1": 0.30207300123529146, "2": 0.2818083094514585}, "psi": {"0": 1.32516958276149, "1": 1.0967488958741787, "2": 0.5454104007994748}, "sigma": {"0": 0.824338390003283, "1": 0.959476098319666, "2": 0.0}, "chi_high": 0.06181929189741556, "beta_low": null}