{"R": 40.0, "wi": 3, "di": 2, "delta": 1.0, "gamma": {"0": 1.390491131263949, "1": 1.1402839585130016, "2": 1.39152464194512}, "mu": {"0": 1.0251532962781669, "1": 1.023659675176722, "2": 1.1275961090017363}, "phi": {"0": 0.37903972533297126, "1": 0.8944968299717723, "2": 0.24265971707145617}, "psi": {"0": 1.0375697280134384, "1": 1.3138153229488525, "2": 0.6355186975634607}, "sigma": {"0": 0.9284851092836912, "1": 0.9437648491640732, "2": 0.0}, "chi_high": 0.6404517847117022, "beta_low": null}