{"R": 40.0, "wi": 1, "di": 2, "delta": 1.0, "gamma": {"0": 1.0477569239739775, "1": 0.6383375247500372, "2": 1.15633975981389}, "mu": {"0": 1.0555060640076646, "1": 1.1180917057555269, "2": 1.0684546416880845}, "phi": {"0": 0.6010918787041886, "1": 0.2311714532227923, "2": 0.11089331802776581}, "psi": {"0": 0.7972068221205961, "1": 0.8121990301362493, "2": 0.7232634515146692}, "sigma": {"0": 0.515507577852774, "1": 0.0, "2": 0.0}, "chi_high": null, "beta_low": 0.5483119456942849}