{"R": 40.0, "wi": 0, "di": 1, "delta": 1.0, "gamma": {"0": 0.9971747242903607, "1": 0.6698633402919495, "2": 1.471539014679363}, "mu": {"0": 1.0529865360552926, "1": 1.1094619107144192, "2": 1.0970050393485975}, "phi": {"0": 0.5295938071774323, "1": 0.991903290287403, "2": 0.238588799247208}, "psi": {"0": 0.5402374586780718, "1": 0.510067675848258, "2": 0.9417385266407403}, "sigma": {"0": 0.7270871362685734, "1": 0.8799588343773781, "2": 0.0}, "chi_high": 0.764915667589976, "beta_low": 0.5301412929474326}