{"R": 40.0, "wi": 1, "di": 0, "delta": 1.0, "gamma": {"0": 1.4205239369661147, "1": 1.106252376975951, "2": 0.9973243987033933}, "mu": {"0": 1.0058420922859852, "1": 1.0013497758288856, "2": 1.0011305650976263}, "phi": {"0": 0.10624430945155905, "1": 0.5581146273364341, "2": 0.5392970355665108}, "psi": {"0": 1.2717868085444368, "1": 0.6789632220319732, "2": 1.316179936779375}, "sigma": {"0": 0.7249217558811453, "1": 0.0, "2": 0.0}, "chi_high": null, "beta_low": 0.2632904426274169}