{"R": 40.0, "wi": 2, "di": 1, "delta": 1.0, "gamma": {"0": 0.7336623068033291, "1": 0.6644168791560064, "2": 1.397659562378637}, "mu": {"0": 1.100347447823882, "1": 1.0150162197374686, "2": 1.1011636150998738}, "phi": {"0": 0.8300479872706238, "1": 0.4309391078345768, "2": 0.1443440275254807}, "psi": {"0": 0.5394860892493918, "1": 0.9623663863519819, "2": 0.6163716321033555}, "sigma": {"0": 0.9868186904137298, "1": 0.8109583602086092, "2": 0.0}, "chi_high": null, "beta_low": null}