{"R": 40.0, "wi": 2, "di": 2, "delta": 1.0, "gamma": {"0": 0.7171042999270651, "1": 0.8494950198510824, "2": 1.1213994880078788}, "mu": {"0": 1.0422719782477823, "1": 1.0869719912523867, "2": 1.1324324656347706}, "phi": {"0": 0.23665481516959075, "1": 0.5292175160545649, "2": 0.9189122630510553}, "psi": {"0": 0.5592300354923828, "1": 0.5210277609055908, "2": 1.0473212526516509}, "sigma": {"0": 0.9654882281328859, "1": 0.61118894803565, "2": 0.0}, "chi_high": null, "beta_low": null}