{"R": 40.0, "wi": 0, "di": 2, "delta": 1.0, "gamma": {"0": 1.2471073590986346, "1": 0.5222674611981855, "2": 1.2420152371772812}, "mu": {"0": 1.088433299332798, "1": 1.0417387572279835, "2": 1.0073565273397003}, "phi": {"0": 0.054742490505835906, "1": 0.5458201512835362, "2": 0.2880111967384039}, "psi": {"0": 0.5564941868607524, "1": 0.7419549905745356, "2": 0.7755369122474102}, "sigma": {"0": 0.6532722208001726, "1": 0.8668240529794057, "2": 0.0}, "chi_high": 0.6222382256583536, "beta_low": 0.7753628622559573}