{"R": 40.0, "wi": 3, "di": 1, "delta": 1.0, "gamma": {"0": 0.9767428996590358, "1": 0.6117121750539712, "2": 1.0827525986355837}, "mu": {"0": 1.0713109608400126, "1": 1.1125575486634647, "2": 1.135621665731221}, "phi": {"0": 0.0771565107327018, "1": 0.1963095172350039, "2": 0.7066485020344038}, "psi": {"0": 0.5886203548399334, "1": 1.028779595242803, "2": 1.050460824814839}, "sigma": {"0": 0.5864962367404907, "1": 0.6893773487252014, "2": 0.0}, "chi_high": 0.16809571939651713, "beta_low": null}