{"R": 40.0, "wi": 2, "di": 0, "delta": 1.0, "gamma": {"0": 1.4489369399587422, "1": 1.2032916096412491, "2": 0.9921675805337807}, "mu": {"0": 1.1323515866704061, "1": 1.003965022996012, "2": 1.07758032090071}, "phi": {"0": 0.31176144622315516, "1": 0.3696513703157477, "2": 0.9280103401089196}, "psi": {"0": 0.9906204160825498, "1": 0.5507415388310053, "2": 0.6046265994422427}, "sigma": {"0": 0.6356023757309397, "1": 0.6914631490457017, "2": 0.0}, "chi_high": null, "beta_low": null}