{"R": 40.0, "wi": 2, "di": 2, "delta": 1.0, "gamma": {"0": 1.435147153268431, "1": 1.0298858955010939, "2": 0.9170744114105821}, "mu": {"0": 1.1210023074571478, "1": 1.0800536792686093, "2": 1.0878072684620124}, "phi": {"0": 0.5114302771358591, "1": 0.29873166213074986, "2": 0.020700879023719643}, "psi": {"0": 1.1666512536365032, "1": 0.5887962660900518, "2": 1.2142303090986388}, "sigma": {"0": 0.7299158416898265, "1": 0.9215173858622459, "2": 0.0}, "chi_high": null, "beta_low": null}