{"R": 40.0, "wi": 2, "di": 0, "delta": 1.0, "gamma": {"0": 0.5184178794200967, "1": 1.345996726916118, "2": 1.4082376311081564}, "mu": {"0": 1.1169054049199951, "1": 1.0194682703692597, "2": 1.1227823616060966}, "phi": {"0": 0.4921353134009284, "1": 0.7543136412764445, "2": 0.5587710848024964}, "psi": {"0": 1.404607130005881, "1": 0.5608021886480373, "2": 1.4002675095146744}, "sigma": {"0": 0.7076118988263043, "1": 0.6783620991605096, "2": 0.0}, "chi_high": null, "beta_low": null}