{"R": 40.0, "wi": 0, "di": 0, "delta": 1.0, "gamma": {"0": 1.2176386209643457, "1": 1.3850579552711366, "2": 1.0182402031394597}, "mu": {"0": 1.119624353519355, "1": 1.1242347529178236, "2": 1.1007283868025863}, "phi": {"0": 0.2507756810170845, "1": 0.47141876025501184, "2": 0.8930023389434392}, "psi": {"0": 0.5215912280379486, "1": 0.6560158777455616, "2": 1.2811881747748208}, "sigma": {"0": 0.9047718545077191, "1": 0.6363279540918838, "2": 0.0}, "chi_high": 0.6687160226737561, "beta_low": 0.11894651752960442}