{"R": 40.0, "wi": 2, "di": 0, "delta": 1.0, "gamma": {"0": 1.2933142052694986, "1": 0.5047656033631126, "2": 1.377762378899234}, "mu": {"0": 1.0983302428680417, "1": 1.0686923331065556, "2": 1.023209444977499}, "phi": {"0": 0.5963252817940178, "1": 0.5204612467541749, "2": 0.8946119617789816}, "psi": {"0": 1.0291950928127962, "1": 1.016666590437925, "2": 1.4075886529465422}, "sigma": {"0": 0.8772738979213137, "1": 0.8626066597830848, "2": 0.0}, "chi_high": null, "beta_low": null}