{"R": 40.0, "wi": 0, "di": 0, "delta": 1.0, "gamma": {"0": 0.736944551351716, "1": 0.9889807613117129, "2": 1.009199145570212}, "mu": {"0": 1.0494806646182382, "1": 1.1273244024371452, "2": 1.1204713300990345}, "phi": {"0": 0.14948803793221543, "1": 0.8646391948361287, "2": 0.38997093747952283}, "psi": {"0": 1.2933011743230853, "1": 1.2606869877589428, "2": 1.03065443953331}, "sigma": {"0": 0.6984973194749651, "1": 0.9979007991370932, "2": 0.0}, "chi_high": 0.885486705813803, "beta_low": 0.2044495031894736}