{"R": 40.0, "wi": 2, "di": 0, "delta": 1.0, "gamma": {"0": 0.9054436609062888, "1": 1.3636749879683245, "2": 0.8618586497147773}, "mu": {"0": 1.122038454928804, "1": 1.044844371925626, "2": 1.069236877988849}, "phi": {"0": 0.16057673316466237, "1": 0.06806307596024797, "2": 0.6915739735326878}, "psi": {"0": 1.442415589054891, "1": 0.8964234537019387, "2": 0.6310998883917494}, "sigma": {"0": 0.8791701827481778, "1": 0.6364427329161009, "2": 0.0}, "chi_high": null, "beta_low": null}