{"R": 40.0, "wi": 3, "di": 2, "delta": 1.0, "gamma": {"0": 0.5678063623293953, "1": 0.5131065887459324, "2": 1.3241778772293777}, "mu": {"0": 1.1032307669221324, "1": 1.092305122681872, "2": 1.0189058832345033}, "phi": {"0": 0.1278304804160595, "1": 0.7163018987977431, "2": 0.9359785366786336}, "psi": {"0": 1.130219679505526, "1": 1.4789601392315135, "2": 1.3216776111393986}, "sigma": {"0": 0.572371996704414, "1": 0.6506750471943252, "2": 0.0}, "chi_high": 0.35068924169076554, "beta_low": null}