{"R": 40.0, "wi": 1, "di": 1, "delta": 1.0, "gamma": {"0": 0.6318187740333447, "1": 1.0559171354496921, "2": 0.8697382646525224}, "mu": {"0": 1.1477087868068359, "1": 1.01674300636256, "2": 1.137185384713025}, "phi": {"0": 0.9433530445264303, "1": 0.8082325872200411, "2": 0.04331181817715746}, "psi": {"0": 1.0342982164951529, "1": 0.9984356072576869, "2": 0.5613477153916547}, "sigma": {"0": 0.8486598561207639, "1": 0.0, "2": 0.0}, "chi_high": null, "beta_low": 0.23124981058932262}