{"R": 40.0, "wi": 3, "di": 2, "delta": 1.0, "gamma": {"0": 1.4715665587165883, "1": 0.5861765987307934, "2": 0.6432433478756456}, "mu": {"0": 1.137125998029569, "1": 1.0777732830433238, "2": 1.0216882274345176}, "phi": {"0": 0.039551735528939425, "1": 0.10786847840359892, "2": 0.26458856605637815}, "psi": {"0": 0.6892272147589585, "1": 0.8131344635901905, "2": 1.1121245384606269}, "sigma": {"0": 0.7176746405213976, "1": 0.5333030422601335, "2": 0.0}, "chi_high": 0.35276193589198496, "beta_low": null}