{"R": 40.0, "wi": 2, "di": 2, "delta": 1.0, "gamma": {"0": 0.6058519095332869, "1": 1.0184001495648105, "2": 1.2174781053625638}, "mu": {"0": 1.0236428870320717, "1": 1.1216473725420586, "2": 1.0260304994535174}, "phi": {"0": 0.9837477553725122, "1": 0.20850272772971556, "2": 0.46722512103348723}, "psi": {"0": 1.1549483154984026, "1": 1.2547825674971005, "2": 1.1178582799741648}, "sigma": {"0": 0.5924218167185347, "1": 0.5156676315693589, "2": 0.0}, "chi_high": null, "beta_low": null}