{"R": 40.0, "wi": 3, "di": 0, "delta": 1.0, "gamma": {"0": 1.2675132824900026, "1": 1.3543696208316898, "2": 1.0098365010242187}, "mu": {"0": 1.1366424558912112, "1": 1.1309002112389148, "2": 1.0576168508574886}, "phi": {"0": 0.17246085783718945, "1": 0.8473099460790185, "2": 0.006166356829188202}, "psi": {"0": 1.2624983116589514, "1": 1.4698479876681934, "2": 0.790204112961302}, "sigma": {"0": 0.6631060780064955, "1": 0.9852808490962048, "2": 0.0}, "chi_high": 0.9401647730894617, "beta_low": null}