{"R": 40.0, "wi": 2, "di": 2, "delta": 1.0, "gamma": {"0": 1.33210723542565, "1": 1.1428095458791625, "2": 0.6581978264501027}, "mu": {"0": 1.0848159212735553, "1": 1.0772732859528718, "2": 1.113079749799862}, "phi": {"0": 0.7183517400839242, "1": 0.19006278939655363, "2": 0.7471989174045007}, "psi": {"0": 0.5239048810634227, "1": 0.9184932680226563, "2": 0.6933618526953481}, "sigma": {"0": 0.5054911259729615, "1": 0.5700494978314761, "2": 0.0}, "chi_high": null, "beta_low": null}