{"R": 40.0, "wi": 3, "di": 1, "delta": 1.0, "gamma": {"0": 0.7116917306231744, "1": 1.0964584388761833, "2": 1.3821233410759128}, "mu": {"0": 1.1409234867698541, "1": 1.1312984034734608, "2": 1.0853045708741487}, "phi": {"0": 0.4757144886199317, "1": 0.8481494169691499, "2": 0.14830110098758198}, "psi": {"0": 1.186644968346059, "1": 1.481254584513809, "2": 1.3503697349845838}, "sigma": {"0": 0.5401699026182337, "1": 0.8894415597201133, "2": 0.0}, "chi_high": 0.4320273652747651, "beta_low": null}