{"R": 40.0, "wi": 3, "di": 2, "delta": 1.0, "gamma": {"0": 0.8092731367163709, "1": 0.5739012114617615, "2": 1.2109533368068566}, "mu": {"0": 1.134420078920834, "1": 1.0173937583373354, "2": 1.148400987138454}, "phi": {"0": 0.7923892645408732, "1": 0.900403136474576, "2": 0.9688836024330663}, "psi": {"0": 0.9676639372616096, "1": 1.47958943297265, "2": 1.0921625743706789}, "sigma": {"0": 0.5109988825506431, "1": 0.7377977013770618, "2": 0.0}, "chi_high": 0.03966343603052633, "beta_low": null}