{"R": 40.0, "wi": 3, "di": 1, "delta": 1.0, "gamma": {"0": 0.7264466034978357, "1": 0.7894529929592207, "2": 0.7014978887278036}, "mu": {"0": 1.132350649341771, "1": 1.0096628119772137, "2": 1.051745949278168}, "phi": {"0": 0.5951805809414005, "1": 0.10110153137749966, "2": 0.9902869947373794}, "psi": {"0": 0.7252181410447851, "1": 0.7380831145763631, "2": 0.8703701293714614}, "sigma": {"0": 0.6033909317815627, "1": 0.5751536021647523, "2": 0.0}, "chi_high": 0.5007600555772824, "beta_low": null}