{"R": 40.0, "wi": 2, "di": 0, "delta": 1.0, "gamma": {"0": 1.2950231908143006, "1": 0.609149239246636, "2": 1.0716651223648745}, "mu": {"0": 1.0550439770885998, "1": 1.029795185681406, "2": 1.02370089357938}, "phi": {"0": 0.5361571480121027, "1": 0.9673694202635998, "2": 0.5809304452643941}, "psi": {"0": 1.2827307635418088, "1": 1.3582297875696823, "2": 0.8973055189219835}, "sigma": {"0": 0.7714387114112415, "1": 0.9067719924625246, "2": 0.0}, "chi_high": null, "beta_low": null}