{"R": 40.0, "wi": 0, "di": 0, "delta": 1.0, "gamma": {"0": 1.305616942909387, "1": 1.4181037247280268, "2": 1.032641454997554}, "mu": {"0": 1.098931838133506, "1": 1.0637683496524566, "2": 1.1426461854405427}, "phi": {"0": 0.4601332090572272, "1": 0.18267949708733877, "2": 0.9517887714447504}, "psi": {"0": 1.2057229921484085, "1": 0.897483955701429, "2": 1.0934020153013218}, "sigma": {"0": 0.9295671352800774, "1": 0.570257363154218, "2": 0.0}, "chi_high": 0.582104313694499, "beta_low": 0.040291307771991414}