{"R": 40.0, "wi": 1, "di": 2, "delta": 1.0, "gamma": {"0": 1.4458999951141878, "1": 1.3497921611886001, "2": 1.2315581370434372}, "mu": {"0": 1.1336602837969953, "1": 1.133122212752997, "2": 1.035512756209178}, "phi": {"0": 0.8568479388510448, "1": 0.3873705400619851, "2": 0.8175471419765016}, "psi": {"0": 1.4792050035990691, "1": 1.498951467011049, "2": 0.8581701201215302}, "sigma": {"0": 0.9560676157835217, "1": 0.0, "2": 0.0}, "chi_high": null, "beta_low": 0.922788720426852}