{"R": 40.0, "wi": 3, "di": 2, "delta": 1.0, "gamma": {"0": 0.5870912553877, "1": 1.3865451211033348, "2": 1.2498735874206055}, "mu": {"0": 1.1239508543235235, "1": 1.0265549972191037, "2": 1.0609690305142259}, "phi": {"0": 0.1576559943774415, "1": 0.8437022032528291, "2": 0.5949594679682173}, "psi": {"0": 0.721859567957852, "1": 1.3114552709290435, "2": 1.0472126590567625}, "sigma": {"0": 0.7011811378462416, "1": 0.5673826709639342, "2": 0.0}, "chi_high": 0.24123285576681877, "beta_low": null}