{"R": 40.0, "wi": 2, "di": 2, "delta": 1.0, "gamma": {"0": 1.1388628818204563, "1": 1.1272467869553506, "2": 1.4562667769573272}, "mu": {"0": 1.1236928769307202, "1": 1.0463904314808743, "2": 1.0355983580398584}, "phi": {"0": 0.38452216837389885, "1": 0.13009826413792958, "2": 0.5622016135009776}, "psi": {"0": 1.4122724795235977, "1": 0.9762242359891318, "2": 1.2757747059103497}, "sigma": {"0": 0.7859135549587066, "1": 0.8941676025097525, "2": 0.0}, "chi_high": null, "beta_low": null}