{"R": 40.0, "wi": 3, "di": 2, "delta": 1.0, "gamma": {"0": 1.0460768231957664, "1": 1.1000200730768936, "2": 1.0545292495304812}, "mu": {"0": 1.0168228861506685, "1": 1.1416565355129937, "2": 1.047959445763697}, "phi": {"0": 0.8131820429387435, "1": 0.9523620275002245, "2": 0.3782425654860424}, "psi": {"0": 1.0548054205527104, "1": 0.7297445186388646, "2": 1.2326928673260662}, "sigma": {"0": 0.6482106812564145, "1": 0.9137199404852758, "2": 0.0}, "chi_high": 0.6275004112725984, "beta_low": null}