{"R": 40.0, "wi": 0, "di": 2, "delta": 1.0, "gamma": {"0": 0.9492999080526457, "1": 1.213619666157063, "2": 0.8780140636261309}, "mu": {"0": 1.0056917944817951, "1": 1.022230736843016, "2": 1.039283597363732}, "phi": {"0": 0.7841965563279671, "1": 0.6039702284556763, "2": 0.0007098522817121644}, "psi": {"0": 1.4654971395189027, "1": 0.8878276897320052, "2": 1.464471823690106}, "sigma": {"0": 0.8040680060413103, "1": 0.5279115372451275, "2": 0.0}, "chi_high": 0.36710916021603596, "beta_low": 0.6005203680654264}