{"R": 40.0, "wi": 1, "di": 2, "delta": 1.0, "gamma": {"0": 0.6652241135108836, "1": 1.418550081052301, "2": 1.1630650848992254}, "mu": {"0": 1.0946687287456536, "1": 1.0689724997254344, "2": 1.0619833733523036}, "phi": {"0": 0.3730135044463786, "1": 0.6962060268253331, "2": 0.9556244650538287}, "psi": {"0": 0.6848290058495243, "1": 0.6819279023865414, "2": 0.7866725717717247}, "sigma": {"0": 0.9050322450367745, "1": 0.0, "2": 0.0}, "chi_high": null, "beta_low": 0.40082285313406046}