{"R": 40.0, "wi": 2, "di": 1, "delta": 1.0, "gamma": {"0": 0.9667071796929372, "1": 0.8524377172930772, "2": 0.8093829772862843}, "mu": {"0": 1.0106423095235961, "1": 1.1018745745395315, "2": 1.083610981773986}, "phi": {"0": 0.3109559645528662, "1": 0.9970371189112407, "2": 0.6214295972486256}, "psi": {"0": 1.167943998561353, "1": 0.6983339204321898, "2": 1.2906197185299961}, "sigma": {"0": 0.5758875034611983, "1": 0.8090519924435102, "2": 0.0}, "chi_high": null, "beta_low": null}