{"R": 40.0, "wi": 1, "di": 0, "delta": 1.0, "gamma": {"0": 0.6316006315281933, "1": 0.5527880396667751, "2": 0.8063488159437688}, "mu": {"0": 1.0809913756738019, "1": 1.0355337595870777, "2": 1.0265565141397632}, "phi": {"0": 0.824978176010078, "1": 0.46574489851949197, "2": 0.053197352121909125}, "psi": {"0": 1.0861167155599414, "1": 0.6751519315767022, "2": 0.5119961888601468}, "sigma": {"0": 0.6003168034219666, "1": 0.0, "2": 0.0}, "chi_high": null, "beta_low": 0.410506731514059}