{"R": 40.0, "wi": 2, "di": 2, "delta": 1.0, "gamma": {"0": 1.3094157584377437, "1": 0.9180651404795015, "2": 0.6678885356642914}, "mu": {"0": 1.1149798181866175, "1": 1.092728445572744, "2": 1.0338256033787936}, "phi": {"0": 0.42280326276968383, "1": 0.1549245813117881, "2": 0.9728885735487263}, "psi": {"0": 1.0364254692220616, "1": 1.230139520280116, "2": 1.0476066820550234}, "sigma": {"0": 0.6932455878351717, "1": 0.6399681110540875, "2": 0.0}, "chi_high": null, "beta_low": null}