{"R": 40.0, "wi": 1, "di": 2, "delta": 1.0, "gamma": {"0": 0.8161841987642887, "1": 1.1366857415035305, "2": 1.4415448206090382}, "mu": {"0": 1.015002582829568, "1": 1.1134934475468448, "2": 1.1255571081807387}, "phi": {"0": 0.5794284429320343, "1": 0.3303576029820636, "2": 0.43039741652783914}, "psi": {"0": 0.9984992425027647, "1": 0.8807515292528559, "2": 1.440761005141329}, "sigma": {"0": 0.5271574300147495, "1": 0.0, "2": 0.0}, "chi_high": null, "beta_low": 0.28867558442085606}