{"R": 40.0, "wi": 0, "di": 2, "delta": 1.0, "gamma": {"0": 1.2395211176819267, "1": 1.1144211087773943, "2": 1.4495009726752681}, "mu": {"0": 1.0090913836640005, "1": 1.1333777288912181, "2": 1.0177520731519498}, "phi": {"0": 0.30999863846604425, "1": 0.2197198452848994, "2": 0.688310450699497}, "psi": {"0": 1.293012403461129, "1": 1.1232244599168508, "2": 1.4703436823368745}, "sigma": {"0": 0.8029761176179648, "1": 0.9651449634359899, "2": 0.0}, "chi_high": 0.04834094426602908, "beta_low": 0.9507334056415057}