{"R": 40.0, "wi": 3, "di": 2, "delta": 1.0, "gamma": {"0": 0.9026505091679472, "1": 1.444652988393757, "2": 0.7472176409932072}, "mu": {"0": 1.1316265076675058, "1": 1.0307893572191595, "2": 1.0870711458971938}, "phi": {"0": 0.8870969284811928, "1": 0.2563149019068397, "2": 0.81698838335642}, "psi": {"0": 1.1102659508693615, "1": 1.3700628333831641, "2": 1.453446184608613}, "sigma": {"0": 0.8875230131801268, "1": 0.600374973182888, "2": 0.0}, "chi_high": 0.8764122829004592, "beta_low": null}