{"R": 40.0, "wi": 1, "di": 0, "delta": 1.0, "gamma": {"0": 0.5904699049625729, "1": 1.0037441662000544, "2": 0.8435736167239197}, "mu": {"0": 1.0413733896006867, "1": 1.056218539457852, "2": 1.1370951997848349}, "phi": {"0": 0.9167821365533569, "1": 0.4971213264908443, "2": 0.7612922060281334}, "psi": {"0": 0.5748829750056561, "1": 0.8412045600969916, "2": 0.6444999507934842}, "sigma": {"0": 0.6813614506814829, "1": 0.0, "2": 0.0}, "chi_high": null, "beta_low": 0.19519194588756938}