{"R": 40.0, "wi": 1, "di": 2, "delta": 1.0, "gamma": {"0": 1.1639917769925143, "1": 1.3146339555211046, "2": 0.5328062636086192}, "mu": {"0": 1.114088516689966, "1": 1.1491496058457549, "2": 1.046009591864684}, "phi": {"0": 0.10165134386273189, "1": 0.250876539349733, "2": 0.5411620609925577}, "psi": {"0": 0.7839057566321489, "1": 0.9083861583566246, "2": 1.2856221472618694}, "sigma": {"0": 0.5241632678216952, "1": 0.0, "2": 0.0}, "chi_high": null, "beta_low": 0.31502461625213546}