{"R": 40.0, "wi": 0, "di": 0, "delta": 1.0, "gamma": {"0": 1.3883737676376522, "1": 1.3720507042073868, "2": 1.2416903068868619}, "mu": {"0": 1.0518809417371824, "1": 1.010862775719442, "2": 1.0810583298791987}, "phi": {"0": 0.04295064844304741, "1": 0.8616858216821683, "2": 0.6608834013515402}, "psi": {"0": 1.1241657083944618, "1": 0.609458860514675, "2": 0.8374123869985061}, "sigma": {"0": 0.8068513922263676, "1": 0.5121666430675091, "2": 0.0}, "chi_high": 0.2758617425406431, "beta_low": 0.05733917502549121}