{"R": 40.0, "wi": 0, "di": 0, "delta": 1.0, "gamma": {"0": 1.4482589275460502, "1": 1.178534933816081, "2": 0.7711961043124148}, "mu": {"0": 1.1318838237961864, "1": 1.0305173970212094, "2": 1.0691834909689029}, "phi": {"0": 0.1085539173346125, "1": 0.7964517687297101, "2": 0.4844100456998989}, "psi": {"0": 1.0543545867130493, "1": 1.2508645781935956, "2": 1.099507389546072}, "sigma": {"0": 0.8791537257271107, "1": 0.5072230281543553, "2": 0.0}, "chi_high": 0.8902359955593051, "beta_low": 0.18397743847643402}