{"R": 40.0, "wi": 0, "di": 2, "delta": 1.0, "gamma": {"0": 1.487076966914397, "1": 0.9230650287009431, "2": 1.4120254784249533}, "mu": {"0": 1.130737720554083, "1": 1.0041276149754692, "2": 1.1047464829219633}, "phi": {"0": 0.325509277857029, "1": 0.7168472008816292, "2": 0.11236465010678909}, "psi": {"0": 1.3680065869314944, "1": 0.8268112652067088, "2": 0.9189923970302463}, "sigma": {"0": 0.5738981053373162, "1": 0.8067050213154652, "2": 0.0}, "chi_high": 0.7379384490112806, "beta_low": 0.6092521691244145}