{"R": 40.0, "wi": 1, "di": 1, "delta": 1.0, "gamma": {"0": 1.1102825621705517, "1": 1.3096516095300723, "2": 0.6263161007704927}, "mu": {"0": 1.0712952605820227, "1": 1.043339872355741, "2": 1.0869382034300845}, "phi": {"0": 0.046695223898140736, "1": 0.5113173665274909, "2": 0.00974676410537545}, "psi": {"0": 1.1077512774904013, "1": 0.6159139655297979, "2": 0.7652780044677755}, "sigma": {"0": 0.7205063131824918, "1": 0.0, "2": 0.0}, "chi_high": null, "beta_low": 0.16555129133527474}