{"R": 40.0, "wi": 0, "di": 0, "delta": 1.0, "gamma": {"0": 0.9368848010760875, "1": 0.8841314997856661, "2": 1.110741355474521}, "mu": {"0": 1.130558965165798, "1": 1.0515212210588323, "2": 1.1209466907048717}, "phi": {"0": 0.33271851001513886, "1": 0.8592617567630418, "2": 0.5018768072924724}, "psi": {"0": 1.014612074570681, "1": 1.187520409294895, "2": 0.5430311108122795}, "sigma": {"0": 0.6348390941228037, "1": 0.5013846615835844, "2": 0.0}, "chi_high": 0.361628762140061, "beta_low": 0.9522958995271223}