{"R": 40.0, "wi": 3, "di": 1, "delta": 1.0, "gamma": {"0": 1.3054572014507366, "1": 0.9498152916789454, "2": 0.9062076385853909}, "mu": {"0": 1.1437536734926557, "1": 1.1006256254584068, "2": 1.057833848457397}, "phi": {"0": 0.9595788882877238, "1": 0.8851617684559572, "2": 0.5699426354182079}, "psi": {"0": 0.8761364385004375, "1": 0.5278226548230076, "2": 1.1836766279781648}, "sigma": {"0": 0.8402139104585664, "1": 0.6348045536189524, "2": 0.0}, "chi_high": 0.09674464521136324, "beta_low": null}