{"R": 40.0, "wi": 3, "di": 0, "delta": 1.0, "gamma": {"0": 0.5885241426350705, "1": 0.6145491210537, "2": 0.534138664960737}, "mu": {"0": 1.1142029404501264, "1": 1.0014677045945943, "2": 1.005080797903113}, "phi": {"0": 0.5156405618021588, "1": 0.7733588762929628, "2": 0.6148368803521864}, "psi": {"0": 1.401303226625701, "1": 0.5659143195194128, "2": 1.2019967680761865}, "sigma": {"0": 0.5102517003797115, "1": 0.8236979507468054, "2": 0.0}, "chi_high": 0.5662864810548788, "beta_low": null}