{"R": 40.0, "wi": 1, "di": 1, "delta": 1.0, "gamma": {"0": 0.75609644034807, "1": 1.1361495182687187, "2": 0.8601952628366527}, "mu": {"0": 1.1251426790741028, "1": 1.1078448639218403, "2": 1.0061362748844185}, "phi": {"0": 0.5119337377669883, "1": 0.7913935576038004, "2": 0.7134277583677676}, "psi": {"0": 0.8472681241485296, "1": 0.8000616501223418, "2": 0.7898938414944474}, "sigma": {"0": 0.8139330195358019, "1": 0.0, "2": 0.0}, "chi_high": null, "beta_low": 0.030164059687040425}