{"R": 40.0, "wi": 3, "di": 0, "delta": 1.0, "gamma": {"0": 0.5791556478592765, "1": 1.4708335073931045, "2": 0.5424016880159819}, "mu": {"0": 1.106241274067205, "1": 1.019030343479468, "2": 1.0220690499383234}, "phi": {"0": 0.5782841137744028, "1": 0.47930073517369687, "2": 0.5207123593923393}, "psi": {"0": 0.6541801557958579, "1": 0.8491888860808569, "2": 0.8923463254664407}, "sigma": {"0": 0.5776347309021528, "1": 0.6800039328885374, "2": 0.0}, "chi_high": 0.7017807131506822, "beta_low": null}