{"R": 40.0, "wi": 1, "di": 2, "delta": 1.0, "gamma": {"0": 1.2526000638792767, "1": 1.133917402221471, "2": 0.7216607855983233}, "mu": {"0": 1.0469143631619622, "1": 1.077744809076151, "2": 1.0927611616043214}, "phi": {"0": 0.1846622468149025, "1": 0.2563036674187129, "2": 0.20638580831845388}, "psi": {"0": 0.9362507973461784, "1": 0.7398470062144166, "2": 1.3303094875659265}, "sigma": {"0": 0.9077765802376652, "1": 0.0, "2": 0.0}, "chi_high": null, "beta_low": 0.7239256611768257}