{"R": 40.0, "wi": 2, "di": 2, "delta": 1.0, "gamma": {"0": 1.227649372428125, "1": 0.6413542908246469, "2": 1.46557012586874}, "mu": {"0": 1.0692144610604262, "1": 1.084152445586049, "2": 1.0191897281640576}, "phi": {"0": 0.03428678988267164, "1": 0.52548673079433, "2": 0.12964250621433526}, "psi": {"0": 0.983762025838227, "1": 1.2381343273261813, "2": 0.6290256369168474}, "sigma": {"0": 0.6771518389291601, "1": 0.9357547425259644, "2": 0.0}, "chi_high": null, "beta_low": null}