{"R": 40.0, "wi": 3, "di": 0, "delta": 1.0, "gamma": {"0": 1.2627342468176197, "1": 1.3592633140937298, "2": 0.6358668372026319}, "mu": {"0": 1.0981436526511825, "1": 1.0722905998724426, "2": 1.0212881346593303}, "phi": {"0": 0.30185587535002, "1": 0.5090935169491303, "2": 0.5932881207527398}, "psi": {"0": 1.0054891039853624, "1": 1.3014599890512029, "2": 1.0737869636603654}, "sigma": {"0": 0.9378930878743024, "1": 0.5729984714304039, "2": 0.0}, "chi_high": 0.9894555846520463, "beta_low": null}