{"R": 40.0, "wi": 3, "di": 1, "delta": 1.0, "gamma": {"0": 1.435445287836242, "1": 0.9318007468109256, "2": 1.0004045442454381}, "mu": {"0": 1.0550888864294192, "1": 1.020955430716385, "2": 1.1064289022334568}, "phi": {"0": 0.7953649420785518, "1": 0.6503490824032377, "2": 0.12583212392468157}, "psi": {"0": 1.177263349548991, "1": 0.813170609814272, "2": 1.274666528333786}, "sigma": {"0": 0.6162568271820621, "1": 0.5194253640744356, "2": 0.0}, "chi_high": 0.6020152090355517, "beta_low": null}