{"R": 40.0, "wi": 2, "di": 0, "delta": 1.0, "gamma": {"0": 1.0476369507137238, "1": 0.688426388373784, "2": 1.4589393481347495}, "mu": {"0": 1.0681951203495792, "1": 1.1162193016724027, "2": 1.1150988467532896}, "phi": {"0": 0.47506919943502945, "1": 0.8064209833926546, "2": 0.7445025188158715}, "psi": {"0": 1.2639620885494973, "1": 1.2273402822766766, "2": 0.8378229142955297}, "sigma": {"0": 0.6331160360336094, "1": 0.6211874283448338, "2": 0.0}, "chi_high": null, "beta_low": null}