{"R": 40.0, "wi": 1, "di": 1, "delta": 1.0, "gamma": {"0": 0.7844662808502364, "1": 0.8615643420429026, "2": 0.6597212505599381}, "mu": {"0": 1.020120072008105, "1": 1.0905723861064962, "2": 1.0181468486113994}, "phi": {"0": 0.3419010584655743, "1": 0.3163419044261756, "2": 0.06355863199844847}, "psi": {"0": 1.0496530212008839, "1": 1.0377200709774093, "2": 1.0525287159030574}, "sigma": {"0": 0.8980123835701528, "1": 0.0, "2": 0.0}, "chi_high": null, "beta_low": 0.8198752752872169}