{"R": 40.0, "wi": 2, "di": 1, "delta": 1.0, "gamma": {"0": 0.8518358616007388, "1": 1.1108870403169484, "2": 1.4039388434489868}, "mu": {"0": 1.1242659266916486, "1": 1.0340516646207847, "2": 1.1110005644679155}, "phi": {"0": 0.1705685952628332, "1": 0.287694065638768, "2": 0.42343473271247734}, "psi": {"0": 0.5152707703665272, "1": 0.72369907922908, "2": 1.226403446449531}, "sigma": {"0": 0.7636661191859367, "1": 0.603618937934983, "2": 0.0}, "chi_high": null, "beta_low": null}