{"R": 40.0, "wi": 3, "di": 1, "delta": 1.0, "gamma": {"0": 0.6823138182724593, "1": 0.5096185742847279, "2": 0.5557012354630555}, "mu": {"0": 1.074797761111579, "1": 1.134096155203739, "2": 1.0580709743362489}, "phi": {"0": 0.4025710454291259, "1": 0.3359513474801876, "2": 0.5661230360303521}, "psi": {"0": 0.656973669597741, "1": 1.1226479570644052, "2": 0.8517442640840556}, "sigma": {"0": 0.7701224242649611, "1": 0.9969273017958906, "2": 0.0}, "chi_high": 0.2643311115800117, "beta_low": null}