{"R": 40.0, "wi": 1, "di": 2, "delta": 1.0, "gamma": {"0": 1.135810706827502, "1": 0.9670845765933805, "2": 1.2156320089785002}, "mu": {"0": 1.1464299872575299, "1": 1.0449284743946878, "2": 1.057167828217812}, "phi": {"0": 0.4290580693678677, "1": 0.6989725986383035, "2": 0.034178334582103176}, "psi": {"0": 0.8575425609463114, "1": 1.3119373005563029, "2": 1.1098286006972278}, "sigma": {"0": 0.7374986087338211, "1": 0.0, "2": 0.0}, "chi_high": null, "beta_low": 0.7228265683646696}