{"R": 40.0, "wi": 2, "di": 2, "delta": 1.0, "gamma": {"0": 0.5509751087234677, "1": 1.1212416382288843, "2": 0.5133612786652455}, "mu": {"0": 1.003256078293573, "1": 1.1035313836076237, "2": 1.131169123059672}, "phi": {"0": 0.316285924623537, "1": 0.7435421631801837, "2": 0.19845757860568847}, "psi": {"0": 0.9636157895053704, "1": 0.542137528739895, "2": 0.927712497832202}, "sigma": {"0": 0.6909773484538966, "1": 0.9296666053674836, "2": 0.0}, "chi_high": null, "beta_low": null}