{"R": 40.0, "wi": 2, "di": 0, "delta": 1.0, "gamma": {"0": 1.138124715606885, "1": 0.8272613111906955, "2": 0.8578557025661167}, "mu": {"0": 1.0955153433992095, "1": 1.109525507241354, "2": 1.1467867508881793}, "phi": {"0": 0.10352775363885125, "1": 0.18436530490330594, "2": 0.19840997865075605}, "psi": {"0": 0.6719246549059363, "1": 0.8703589051729642, "2": 1.2237045941772124}, "sigma": {"0": 0.6724448018251026, "1": 0.7634290061204789, "2": 0.0}, "chi_high": null, "beta_low": null}