{"R": 40.0, "wi": 0, "di": 2, "delta": 1.0, "gamma": {"0": 0.7283453291199239, "1": 1.3515969497303888, "2": 0.8549292361323357}, "mu": {"0": 1.1333072036286254, "1": 1.085331458374885, "2": 1.0469641918336527}, "phi": {"0": 0.16064170861658866, "1": 0.4905329294911127, "2": 0.7378630634915982}, "psi": {"0": 0.6449108998882619, "1": 0.635858778539142, "2": 0.5072743542903837}, "sigma": {"0": 0.739698641040934, "1": 0.9861744991247212, "2": 0.0}, "chi_high": 0.5131017332911784, "beta_low": 0.09221444114437632}