{"R": 40.0, "wi": 1, "di": 2, "delta": 1.0, "gamma": {"0": 1.4876537494785325, "1": 1.4948361351460164, "2": 1.2316533543937376}, "mu": {"0": 1.0214824507051474, "1": 1.1022255061989252, "2": 1.0747492089608808}, "phi": {"0": 0.4965779257891658, "1": 0.23417299699685024, "2": 0.4584005727653404}, "psi": {"0": 1.1267632628128315, "1": 0.5559172002350493, "2": 0.6656730046481378}, "sigma": {"0": 0.9702322264067651, "1": 0.0, "2": 0.0}, "chi_high": null, "beta_low": 0.8602527903011903}