{"R": 40.0, "wi": 0, "di": 1, "delta": 1.0, "gamma": {"0": 0.6639421721740373, "1": 0.6608307320695453, "2": 1.2103189285881046}, "mu": {"0": 1.0296541814930174, "1": 1.126411438089916, "2": 1.070927990234229}, "phi": {"0": 0.06731712612373053, "1": 0.803903897452252, "2": 0.6917692457543706}, "psi": {"0": 0.632346548173743, "1": 1.299029414643932, "2": 0.8200601130196481}, "sigma": {"0": 0.6206776418387002, "1": 0.5728998772900025, "2": 0.0}, "chi_high": 0.10184434645148739, "beta_low": 0.9543029145152078}