{"R": 40.0, "wi": 2, "di": 1, "delta": 1.0, "gamma": {"0": 0.5400081940633049, "1": 1.081351091660926, "2": 0.5795796594727101}, "mu": {"0": 1.0131124191117662, "1": 1.0452544585075056, "2": 1.0166418123861845}, "phi": {"0": 0.3027216281956324, "1": 0.3956208288925973, "2": 0.6241487243598716}, "psi": {"0": 1.4306448605966584, "1": 1.0043307809450068, "2": 1.023096466947512}, "sigma": {"0": 0.7574586959491825, "1": 0.7927435184402014, "2": 0.0}, "chi_high": null, "beta_low": null}