{"R": 40.0, "wi": 3, "di": 0, "delta": 1.0, "gamma": {"0": 1.366697973691958, "1": 1.4240966118247302, "2": 1.2730764879877556}, "mu": {"0": 1.133182473655161, "1": 1.1039279524021572, "2": 1.0464058741911089}, "phi": {"0": 0.006545919887036344, "1": 0.8010830388369432, "2": 0.059912300332302326}, "psi": {"0": 0.593043623016096, "1": 1.3777011828107768, "2": 1.3469411019322886}, "sigma": {"0": 0.5063127261763529, "1": 0.9223122478731232, "2": 0.0}, "chi_high": 0.7842463844072374, "beta_low": null}