{"R": 40.0, "wi": 1, "di": 0, "delta": 1.0, "gamma": {"0": 0.8298091423139059, "1": 0.9964482682388536, "2": 0.5202463155772074}, "mu": {"0": 1.1234425077199237, "1": 1.1171509513888285, "2": 1.115793569997972}, "phi": {"0": 0.036386147339034336, "1": 0.6714583512935713, "2": 0.04263484114575966}, "psi": {"0": 1.4026205344831713, "1": 1.1748041552829065, "2": 1.4854480896580307}, "sigma": {"0": 0.9764577319522483, "1": 0.0, "2": 0.0}, "chi_high": null, "beta_low": 0.9334354581599961}