{"R": 40.0, "wi": 1, "di": 0, "delta": 1.0, "gamma": {"0": 1.1653269590866033, "1": 0.5981738972049123, "2": 1.0604599900625558}, "mu": {"0": 1.0835808545490135, "1": 1.1033343028508482, "2": 1.0625940479263647}, "phi": {"0": 0.22343133664041537, "1": 0.9553910224953771, "2": 0.4997992580846099}, "psi": {"0": 1.3637028114562595, "1": 0.9678014122487182, "2": 1.0285750355174077}, "sigma": {"0": 0.9921572936652517, "1": 0.0, "2": 0.0}, "chi_high": null, "beta_low": 0.3411766689472438}