{"R": 40.0, "wi": 0, "di": 2, "delta": 1.0, "gamma": {"0": 1.0993567976818905, "1": 0.64109421239195, "2": 0.8833278486006355}, "mu": {"0": 1.0127775421188911, "1": 1.1336130528360178, "2": 1.0065146859060048}, "phi": {"0": 0.8421809551083845, "1": 0.5840661169172561, "2": 0.037675224253363226}, "psi": {"0": 1.2331611468501191, "1": 1.274447143673515, "2": 0.8153227417685808}, "sigma": {"0": 0.7353226334644082, "1": 0.8472374416392323, "2": 0.0}, "chi_high": 0.4176720037674897, "beta_low": 0.20261084906216834}