{"R": 40.0, "wi": 3, "di": 2, "delta": 1.0, "gamma": {"0": 1.0376720745590953, "1": 0.9542697518079255, "2": 1.33152544583211}, "mu": {"0": 1.101077296771577, "1": 1.0434766955595596, "2": 1.1372083053423356}, "phi": {"0": 0.2514419501395122, "1": 0.7168824279868102, "2": 0.9773067562922387}, "psi": {"0": 0.9474489469411744, "1": 0.6715996179264626, "2": 1.0096615718925255}, "sigma": {"0": 0.7902844763045984, "1": 0.6428472135459883, "2": 0.0}, "chi_high": 0.5734844174989606, "beta_low": null}