{"R": 40.0, "wi": 1, "di": 2, "delta": 1.0, "gamma": {"0": 0.7538608808504879, "1": 0.8369893616532313, "2": 0.5244222292495715}, "mu": {"0": 1.0153364907907367, "1": 1.023471264560374, "2": 1.1366867245263492}, "phi": {"0": 0.1685225657599203, "1": 0.5593922608095522, "2": 0.77150447009612}, "psi": {"0": 1.0736311501113525, "1": 0.7638773391128505, "2": 0.8719721523615326}, "sigma": {"0": 0.6993969441531507, "1": 0.0, "2": 0.0}, "chi_high": null, "beta_low": 0.43083252659261134}