{"R": 40.0, "wi": 1, "di": 0, "delta": 1.0, "gamma": {"0": 0.758148131678666, "1": 1.473662377915588, "2": 1.1756136144512537}, "mu": {"0": 1.0979390567744525, "1": 1.1159217193631734, "2": 1.0416247442785103}, "phi": {"0": 0.782739933677205, "1": 0.00798582481962562, "2": 0.5432469882600536}, "psi": {"0": 0.866128116052554, "1": 1.4316675427719723, "2": 0.6338178144098571}, "sigma": {"0": 0.8921008660873739, "1": 0.0, "2": 0.0}, "chi_high": null, "beta_low": 0.7218260908792816}