{"R": 40.0, "wi": 2, "di": 1, "delta": 1.0, "gamma": {"0": 1.390022159765806, "1": 0.7562453275349882, "2": 1.3858573738539008}, "mu": {"0": 1.080809292004873, "1": 1.1144490898731239, "2": 1.0353700913899058}, "phi": {"0": 0.013383379401319506, "1": 0.5343856697904632, "2": 0.3927403863475527}, "psi": {"0": 0.892790365566317, "1": 0.8451360530381458, "2": 0.807639574233328}, "sigma": {"0": 0.8916631724094408, "1": 0.5903655715460597, "2": 0.0}, "chi_high": null, "beta_low": null}