{"R": 40.0, "wi": 2, "di": 1, "delta": 1.0, "gamma": {"0": 1.4556595411896958, "1": 0.5716113216284151, "2": 0.5822542967180397}, "mu": {"0": 1.0807862006628286, "1": 1.076658875251302, "2": 1.1499899536929963}, "phi": {"0": 0.7344436731496081, "1": 0.8470668715038389, "2": 0.6890521403247585}, "psi": {"0": 0.6421166426433629, "1": 1.0840275114348437, "2": 0.9123990491074486}, "sigma": {"0": 0.5429936661884073, "1": 0.8929371617346439, "2": 0.0}, "chi_high": null, "beta_low": null}