{"R": 40.0, "wi": 0, "di": 2, "delta": 1.0, "gamma": {"0": 0.5879389159902146, "1": 0.6792049319027853, "2": 1.0033584486987623}, "mu": {"0": 1.0846450692112486, "1": 1.1277294726386, "2": 1.022641916322122}, "phi": {"0": 0.737605021402043, "1": 0.7549187616539808, "2": 0.5537909455228124}, "psi": {"0": 1.3671157632666497, "1": 0.5156065631716239, "2": 1.0201915846033751}, "sigma": {"0": 0.9296562999653493, "1": 0.8219184027302148, "2": 0.0}, "chi_high": 0.8343237957687477, "beta_low": 0.14524010593053463}