{"R": 40.0, "wi": 2, "di": 1, "delta": 1.0, "gamma": {"0": 1.3099273518961767, "1": 1.3340445780510413, "2": 1.2880293041064343}, "mu": {"0": 1.1155373607151795, "1": 1.1125973989739573, "2": 1.0092111577716607}, "phi": {"0": 0.6247865890780281, "1": 0.06199757425820651, "2": 0.17501394260131653}, "psi": {"0": 1.1055636641890827, "1": 0.685904809446796, "2": 1.4886190949468578}, "sigma": {"0": 0.7380062731070962, "1": 0.8709906969232146, "2": 0.0}, "chi_high": null, "beta_low": null}