{"R": 40.0, "wi": 0, "di": 1, "delta": 1.0, "gamma": {"0": 0.7504471649768947, "1": 0.8115190781692664, "2": 1.1265963452946754}, "mu": {"0": 1.0604324512789516, "1": 1.091778934057579, "2": 1.097826860733937}, "phi": {"0": 0.23155721092121784, "1": 0.2936312259990357, "2": 0.2024191954255361}, "psi": {"0": 0.806571525693281, "1": 1.1406703972569923, "2": 0.9866277384287582}, "sigma": {"0": 0.7568506611130866, "1": 0.6080988744693383, "2": 0.0}, "chi_high": 0.3323891127688696, "beta_low": 0.7387878239281354}