{"R": 40.0, "wi": 1, "di": 0, "delta": 1.0, "gamma": {"0": 0.9547860953413057, "1": 1.1664367855870705, "2": 1.3075441691272198}, "mu": {"0": 1.0830934267346501, "1": 1.1118935529536866, "2": 1.1399326563280798}, "phi": {"0": 0.42629013623099765, "1": 0.6852476848935403, "2": 0.2647832017366687}, "psi": {"0": 1.4724773375719113, "1": 0.8443513653692741, "2": 1.3104554678309468}, "sigma": {"0": 0.6920012607342232, "1": 0.0, "2": 0.0}, "chi_high": null, "beta_low": 0.5812407654537332}