{"R": 40.0, "wi": 3, "di": 0, "delta": 1.0, "gamma": {"0": 0.8493718490947855, "1": 0.7203159506253757, "2": 0.8526335338727459}, "mu": {"0": 1.054192873319232, "1": 1.0023212703138609, "2": 1.1122709188304742}, "phi": {"0": 0.34062564402620377, "1": 0.19237103491545848, "2": 0.1624071389013666}, "psi": {"0": 0.6081963899133986, "1": 1.4601036022484983, "2": 0.9375071565944249}, "sigma": {"0": 0.6730369380224663, "1": 0.5029105953031466, "2": 0.0}, "chi_high": 0.2617561850052766, "beta_low": null}