{"R": 40.0, "wi": 3, "di": 2, "delta": 1.0, "gamma": {"0": 1.2339662929296227, "1": 1.0593640164706808, "2": 0.5177290570327092}, "mu": {"0": 1.010096900980953, "1": 1.1344035207599477, "2": 1.0680781273603355}, "phi": {"0": 0.15086640124643702, "1": 0.9398267268990984, "2": 0.78102628100282}, "psi": {"0": 0.8942795835357112, "1": 0.606222947472693, "2": 1.3590822479231475}, "sigma": {"0": 0.7206345177766604, "1": 0.7540645579586043, "2": 0.0}, "chi_high": 0.19863649616651596, "beta_low": null}