{"R": 40.0, "wi": 0, "di": 0, "delta": 1.0, "gamma": {"0": 0.6061054366482502, "1": 1.2568345202744517, "2": 1.1358672840554909}, "mu": {"0": 1.1273946754195878, "1": 1.0943216170501906, "2": 1.0135522137169526}, "phi": {"0": 0.9776949645470567, "1": 0.4516941913732474, "2": 0.9619775919796031}, "psi": {"0": 1.199048987965686, "1": 1.0443108830123573, "2": 1.0685121136668094}, "sigma": {"0": 0.7989124008339186, "1": 0.7361897698983246, "2": 0.0}, "chi_high": 0.7241124800360176, "beta_low": 0.16263677646780197}