{"R": 40.0, "wi": 1, "di": 2, "delta": 1.0, "gamma": {"0": 0.6778435350145567, "1": 0.6277842354754739, "2": 0.8075115544626352}, "mu": {"0": 1.1369214015562588, "1": 1.0001232433359157, "2": 1.0704407411919914}, "phi": {"0": 0.03577918472094954, "1": 0.34134370998596764, "2": 0.4560027695662654}, "psi": {"0": 0.9325295631177366, "1": 1.0678298252513394, "2": 0.8212687197523434}, "sigma": {"0": 0.6060543100197997, "1": 0.0, "2": 0.0}, "chi_high": null, "beta_low": 0.033363908419099}