{"R": 40.0, "wi": 2, "di": 1, "delta": 1.0, "gamma": {"0": 0.5729299624124963, "1": 0.9628461524929305, "2": 0.6057773441606842}, "mu": {"0": 1.0884497224232859, "1": 1.0547243769946313, "2": 1.122694382716054}, "phi": {"0": 0.9567722985118323, "1": 0.07079909251720828, "2": 0.5955859357007681}, "psi": {"0": 1.3794430857944242, "1": 1.337152215495891, "2": 1.2022934391910036}, "sigma": {"0": 0.8470603854011579, "1": 0.7740086143834861, "2": 0.0}, "chi_high": null, "beta_low": null}