{"R": 40.0, "wi": 2, "di": 1, "delta": 1.0, "gamma": {"0": 0.993755512665384, "1": 0.752205145930287, "2": 0.8766525270681007}, "mu": {"0": 1.0499464636762101, "1": 1.025016075091375, "2": 1.0486876091563044}, "phi": {"0": 0.7772408231059375, "1": 0.365421253845459, "2": 0.7996901839411434}, "psi": {"0": 1.1519142554770423, "1": 1.1991035239812278, "2": 1.16225580784119}, "sigma": {"0": 0.9010386905594241, "1": 0.6073894476411972, "2": 0.0}, "chi_high": null, "beta_low": null}