{"R": 40.0, "wi": 1, "di": 2, "delta": 1.0, "gamma": {"0": 0.7076871665348264, "1": 1.1639975918293146, "2": 0.8044252496288}, "mu": {"0": 1.1468832947921859, "1": 1.0294867154431002, "2": 1.0533494323410797}, "phi": {"0": 0.26404191389219955, "1": 0.7197276628596581, "2": 0.4254589227354466}, "psi": {"0": 1.4222502144260871, "1": 0.608993450616845, "2": 0.7030705072795567}, "sigma": {"0": 0.6119942500138887, "1": 0.0, "2": 0.0}, "chi_high": null, "beta_low": 0.748908336216204}