{"R": 40.0, "wi": 3, "di": 1, "delta": 1.0, "gamma": {"0": 0.9158585498025082, "1": 0.5980880963261598, "2": 0.513752591354894}, "mu": {"0": 1.0030059343419577, "1": 1.01504092258461, "2": 1.0245876128266176}, "phi": {"0": 0.11327990303981539, "1": 0.49239706066109556, "2": 0.005108996331715243}, "psi": {"0": 0.9450786676966978, "1": 0.6744392974170415, "2": 0.545460491084317}, "sigma": {"0": 0.6267117246970006, "1": 0.55404684212457, "2": 0.0}, "chi_high": 0.7095773951509959, "beta_low": null}