{"R": 40.0, "wi": 3, "di": 1, "delta": 1.0, "gamma": {"0": 1.4513608818928225, "1": 1.4666381638359773, "2": 1.2882526831473644}, "mu": {"0": 1.0845737939962294, "1": 1.0905709469456952, "2": 1.0529704939972242}, "phi": {"0": 0.4708499853571454, "1": 0.8484767576363812, "2": 0.48171975519844445}, "psi": {"0": 1.3784564326481688, "1": 0.9552162017366258, "2": 0.867213160770551}, "sigma": {"0": 0.9227289767361644, "1": 0.5347394429834491, "2": 0.0}, "chi_high": 0.2060852165349108, "beta_low": null}