{"R": 40.0, "wi": 0, "di": 2, "delta": 1.0, "gamma": {"0": 0.9731880968237654, "1": 1.176215959315685, "2": 0.910579042809216}, "mu": {"0": 1.0745212237483726, "1": 1.0481161368974259, "2": 1.0498129371642355}, "phi": {"0": 0.6917764433851548, "1": 0.7867897452106375, "2": 0.4121752364316139}, "psi": {"0": 0.6469457633696607, "1": 0.6142311386199683, "2": 0.7971345793976012}, "sigma": {"0": 0.6519151845722233, "1": 0.8133893810800574, "2": 0.0}, "chi_high": 0.5794203891904027, "beta_low": 0.0748936344568976}