{"R": 40.0, "wi": 2, "di": 0, "delta": 1.0, "gamma": {"0": 0.9609154661051905, "1": 1.1694416981938136, "2": 0.6555333653393327}, "mu": {"0": 1.0621464615486877, "1": 1.085365112306727, "2": 1.0636868754581696}, "phi": {"0": 0.36601043528281707, "1": 0.5259945854108729, "2": 0.7650882301388583}, "psi": {"0": 1.4005463199097108, "1": 0.6268951152152005, "2": 1.4715431023210963}, "sigma": {"0": 0.7636001257169016, "1": 0.8690990641988348, "2": 0.0}, "chi_high": null, "beta_low": null}