{"R": 40.0, "wi": 2, "di": 1, "delta": 1.0, "gamma": {"0": 0.6504670747625092, "1": 1.247524047205263, "2": 0.9282129421386509}, "mu": {"0": 1.0365850958786804, "1": 1.1031529644610816, "2": 1.1499690690569853}, "phi": {"0": 0.11073746396166351, "1": 0.1592065602521915, "2": 0.44378092401914004}, "psi": {"0": 1.3367051972357307, "1": 0.6848408375289251, "2": 0.9220242327731824}, "sigma": {"0": 0.9950286920799538, "1": 0.5413649988308282, "2": 0.0}, "chi_high": null, "beta_low": null}