{"R": 40.0, "wi": 3, "di": 0, "delta": 1.0, "gamma": {"0": 0.6597785684788546, "1": 0.9201743603857604, "2": 0.9336906264627851}, "mu": {"0": 1.124521846695618, "1": 1.052592244250471, "2": 1.0079227561896704}, "phi": {"0": 0.48807973289827433, "1": 0.5209406841844435, "2": 0.06406905163733745}, "psi": {"0": 0.622124449616301, "1": 0.6051370456529251, "2": 0.5566543468877757}, "sigma": {"0": 0.8518522756445124, "1": 0.8364192365141687, "2": 0.0}, "chi_high": 0.41119470996683244, "beta_low": null}