{"R": 40.0, "wi": 3, "di": 0, "delta": 1.0, "gamma": {"0": 1.3446358697851553, "1": 1.0756697765986032, "2": 1.0203312183659081}, "mu": {"0": 1.0104280864939597, "1": 1.0378424868544898, "2": 1.0777696007742703}, "phi": {"0": 0.7139381725230192, "1": 0.8083242540252269, "2": 0.9590197527174483}, "psi": {"0": 0.6660206665490027, "1": 1.2244079266530958, "2": 0.8925878411995429}, "sigma": {"0": 0.6763155289257704, "1": 0.5284714407562583, "2": 0.0}, "chi_high": 0.4847626806389119, "beta_low": null}