{"R": 40.0, "wi": 3, "di": 1, "delta": 1.0, "gamma": {"0": 0.7629954365784595, "1": 0.9347221761199416, "2": 0.8280181742854109}, "mu": {"0": 1.0737640325539268, "1": 1.0072810417117684, "2": 1.1188488573382251}, "phi": {"0": 0.6975441874686239, "1": 0.9884419533247143, "2": 0.29037037622466366}, "psi": {"0": 1.2694926081056201, "1": 1.466927067060075, "2": 1.371790156477464}, "sigma": {"0": 0.7459357868323462, "1": 0.6328947154137529, "2": 0.0}, "chi_high": 0.7843784277082598, "beta_low": null}