{"R": 40.0, "wi": 3, "di": 0, "delta": 1.0, "gamma": {"0": 0.7794700234825469, "1": 0.7913006533108333, "2": 0.9055034422911332}, "mu": {"0": 1.1125606180154093, "1": 1.079296235905677, "2": 1.1458470804044472}, "phi": {"0": 0.44578716693963305, "1": 0.1516491724207858, "2": 0.6020654941927904}, "psi": {"0": 1.0402511067692433, "1": 0.918206703099898, "2": 1.278809168126469}, "sigma": {"0": 0.6332640734898082, "1": 0.995380129263368, "2": 0.0}, "chi_high": 0.884477271704513, "beta_low": null}