{"R": 40.0, "wi": 2, "di": 0, "delta": 1.0, "gamma": {"0": 0.5753413820082388, "1": 1.237670208781914, "2": 0.9736767908811145}, "mu": {"0": 1.0700530996022788, "1": 1.044463313198858, "2": 1.0580883099445986}, "phi": {"0": 0.9064247188878287, "1": 0.8122144755269496, "2": 0.04160288965094616}, "psi": {"0": 1.1627817075899634, "1": 1.349539650734138, "2": 1.3177176272749627}, "sigma": {"0": 0.8251047529648647, "1": 0.8542422725838508, "2": 0.0}, "chi_high": null, "beta_low": null}