{"R": 40.0, "wi": 1, "di": 0, "delta": 1.0, "gamma": {"0": 0.7113980931350974, "1": 1.0690987093203943, "2": 0.9767966974579276}, "mu": {"0": 1.0995207747295672, "1": 1.0333054005729798, "2": 1.0997105736577784}, "phi": {"0": 0.09198328236525688, "1": 0.22986761244248854, "2": 0.352402089736223}, "psi": {"0": 1.1431625351788401, "1": 0.894784174262755, "2": 1.3368884551103282}, "sigma": {"0": 0.8455776222298477, "1": 0.0, "2": 0.0}, "chi_high": null, "beta_low": 0.5675383534429803}