{"R": 40.0, "wi": 0, "di": 0, "delta": 1.0, "gamma": {"0": 0.7963849337038472, "1": 1.1599927618088546, "2": 1.340029636332343}, "mu": {"0": 1.0512395970728368, "1": 1.051586738415541, "2": 1.0134806965672674}, "phi": {"0": 0.14147018907119757, "1": 0.038399134453866335, "2": 0.9175268686574951}, "psi": {"0": 0.9115745189231343, "1": 0.8512191570842846, "2": 0.8673782850121378}, "sigma": {"0": 0.703254728158202, "1": 0.8320943686707893, "2": 0.0}, "chi_high": 0.09809922979500206, "beta_low": 0.11482862202227992}