{"R": 40.0, "wi": 0, "di": 2, "delta": 1.0, "gamma": {"0": 0.5428625367910223, "1": 0.9005139851262773, "2": 0.6122416850588238}, "mu": {"0": 1.099415912211595, "1": 1.1304163399227392, "2": 1.1231892491455755}, "phi": {"0": 0.7877987877807272, "1": 0.21021701309128715, "2": 0.10800415688324494}, "psi": {"0": 0.9081011218136235, "1": 0.6031888687601955, "2": 1.3971944601705886}, "sigma": {"0": 0.59926289852735, "1": 0.9260924544884626, "2": 0.0}, "chi_high": 0.3410791325941334, "beta_low": 0.09930677794728661}