{"R": 40.0, "wi": 2, "di": 1, "delta": 1.0, "gamma": {"0": 0.9157654682657623, "1": 1.2009512052767666, "2": 1.0807477684530666}, "mu": {"0": 1.0576661340816662, "1": 1.0493313449304955, "2": 1.0242768980014032}, "phi": {"0": 0.09107264256910297, "1": 0.6448259202387996, "2": 0.07936372941601344}, "psi": {"0": 0.7391136934524438, "1": 1.2488205100309782, "2": 1.0513693752931867}, "sigma": {"0": 0.6896690571420555, "1": 0.9635214091449842, "2": 0.0}, "chi_high": null, "beta_low": null}