{"R": 40.0, "wi": 1, "di": 0, "delta": 1.0, "gamma": {"0": 0.5262787088166712, "1": 0.6715050229712431, "2": 1.2058600498905943}, "mu": {"0": 1.0321387360312273, "1": 1.0831841277556618, "2": 1.0160065564231222}, "phi": {"0": 0.3781326633306056, "1": 0.6635895303499233, "2": 0.5127973931330507}, "psi": {"0": 0.7219415174903686, "1": 0.7695279341927813, "2": 0.586503740972269}, "sigma": {"0": 0.6581126126444203, "1": 0.0, "2": 0.0}, "chi_high": null, "beta_low": 0.7289426392311436}