{"R": 40.0, "wi": 2, "di": 0, "delta": 1.0, "gamma": {"0": 0.908561635892555, "1": 1.2137465111306904, "2": 1.3376556628994143}, "mu": {"0": 1.1378285642038015, "1": 1.142460775773007, "2": 1.1079143020672066}, "phi": {"0": 0.3636681596530065, "1": 0.23511251418379175, "2": 0.7822073411841121}, "psi": {"0": 0.7714577042220256, "1": 0.5838966784448452, "2": 1.2594877017892339}, "sigma": {"0": 0.7924377063183596, "1": 0.692704696809227, "2": 0.0}, "chi_high": null, "beta_low": null}