{"R": 40.0, "wi": 1, "di": 2, "delta": 1.0, "gamma": {"0": 0.8700363649905158, "1": 1.4639590167953078, "2": 1.445358079431216}, "mu": {"0": 1.0786004308638135, "1": 1.1338771781973351, "2": 1.1178677754063393}, "phi": {"0": 0.4708448973627464, "1": 0.6488151579312147, "2": 0.5426366215961594}, "psi": {"0": 0.749100033045217, "1": 1.222084185082585, "2": 0.7260796929823335}, "sigma": {"0": 0.5189171022632608, "1": 0.0, "2": 0.0}, "chi_high": null, "beta_low": 0.7636300149639741}