{"R": 40.0, "wi": 2, "di": 1, "delta": 1.0, "gamma": {"0": 1.410871344692327, "1": 0.9711968854131725, "2": 0.5475022896174632}, "mu": {"0": 1.0187067088868653, "1": 1.0292356479086493, "2": 1.1030938201726708}, "phi": {"0": 0.8061489938650386, "1": 0.38127751127239795, "2": 0.3877737115293457}, "psi": {"0": 0.5431910415648185, "1": 1.1219615078473733, "2": 1.3151762045563473}, "sigma": {"0": 0.5644516610222766, "1": 0.5996489090513356, "2": 0.0}, "chi_high": null, "beta_low": null}