{"R": 40.0, "wi": 1, "di": 2, "delta": 1.0, "gamma": {"0": 1.3460279064923504, "1": 1.1453450743697544, "2": 0.7874850652923049}, "mu": {"0": 1.0031494711791518, "1": 1.0478260488146802, "2": 1.0853572171299757}, "phi": {"0": 0.2050966742565502, "1": 0.9008382930170328, "2": 0.7821505779020326}, "psi": {"0": 1.2403433260949797, "1": 1.264787321835613, "2": 0.7341474890001957}, "sigma": {"0": 0.5739847407910186, "1": 0.0, "2": 0.0}, "chi_high": null, "beta_low": 0.09568216056360622}