{"R": 40.0, "wi": 3, "di": 1, "delta": 1.0, "gamma": {"0": 1.454133874173778, "1": 0.8447482212329281, "2": 1.3709760606209143}, "mu": {"0": 1.1234468343722142, "1": 1.083739153364214, "2": 1.0778696134385612}, "phi": {"0": 0.6360103869572474, "1": 0.7849825147691435, "2": 0.10813887981610659}, "psi": {"0": 0.894073295226548, "1": 1.039339794568701, "2": 0.878145679162889}, "sigma": {"0": 0.7701775058888829, "1": 0.6642156259752101, "2": 0.0}, "chi_high": 0.602887440613831, "beta_low": null}