{"R": 40.0, "wi": 0, "di": 2, "delta": 1.0, "gamma": {"0": 0.9915853833935417, "1": 1.4033003199142433, "2": 0.5947315869523462}, "mu": {"0": 1.1382406880265372, "1": 1.136606514061665, "2": 1.1226945040537506}, "phi": {"0": 0.08899565876551763, "1": 0.28634324877195705, "2": 0.30019009548991316}, "psi": {"0": 0.6072691278110374, "1": 1.4621868679079577, "2": 0.8123192113068871}, "sigma": {"0": 0.6380383031559658, "1": 0.8602070898213525, "2": 0.0}, "chi_high": 0.840202476758063, "beta_low": 0.13904154175789735}