{"R": 40.0, "wi": 0, "di": 0, "delta": 1.0, "gamma": {"0": 0.8092157432072806, "1": 0.885203310543701, "2": 1.4334055238157712}, "mu": {"0": 1.0280611273055045, "1": 1.1481695897123338, "2": 1.1456755743130618}, "phi": {"0": 0.4174572149066208, "1": 0.6229688037814192, "2": 0.08314683533980638}, "psi": {"0": 0.6752348398316731, "1": 0.8141265086133305, "2": 1.1129721561153652}, "sigma": {"0": 0.7658816416438815, "1": 0.9824601552971335, "2": 0.0}, "chi_high": 0.7927808209406593, "beta_low": 0.5613063226111902}