{"R": 40.0, "wi": 3, "di": 1, "delta": 1.0, "gamma": {"0": 1.016681014990834, "1": 1.2533796102952874, "2": 1.382437589426448}, "mu": {"0": 1.1147859911899258, "1": 1.146467144272088, "2": 1.0403688656913805}, "phi": {"0": 0.6367757622401182, "1": 0.038067521023429585, "2": 0.28234940734548575}, "psi": {"0": 0.6972553672175857, "1": 0.795469389571933, "2": 0.7208385892951349}, "sigma": {"0": 0.7260164131617531, "1": 0.9211194505047695, "2": 0.0}, "chi_high": 0.4212868431048962, "beta_low": null}