{"R": 40.0, "wi": 0, "di": 0, "delta": 1.0, "gamma": {"0": 1.4290918714802183, "1": 1.3444947604573572, "2": 0.8288383788421549}, "mu": {"0": 1.1490065403459582, "1": 1.0323133344171636, "2": 1.0926630661976215}, "phi": {"0": 0.42327731051039796, "1": 0.5714610395349367, "2": 0.9470796310134953}, "psi": {"0": 0.8934594198991057, "1": 1.3606081247156776, "2": 1.40616270603714}, "sigma": {"0": 0.7093511282175662, "1": 0.6954515134794061, "2": 0.0}, "chi_high": 0.14583086655705194, "beta_low": 0.5666872334223554}