{"R": 40.0, "wi": 2, "di": 0, "delta": 1.0, "gamma": {"0": 0.7137277400998444, "1": 1.2140402583341146, "2": 0.7696817354589836}, "mu": {"0": 1.1320962111527804, "1": 1.0137598230356666, "2": 1.1410628084943466}, "phi": {"0": 0.21339259870985516, "1": 0.38636908012413185, "2": 0.25780586491482727}, "psi": {"0": 1.1393161765874997, "1": 1.0347240886969125, "2": 1.3592925702360226}, "sigma": {"0": 0.6685757860892951, "1": 0.5606325548408632, "2": 0.0}, "chi_high": null, "beta_low": null}