{"R": 40.0, "wi": 1, "di": 2, "delta": 1.0, "gamma": {"0": 1.0693770249008727, "1": 0.7466314375820298, "2": 0.6633269043758278}, "mu": {"0": 1.1490287875007865, "1": 1.0900993589628771, "2": 1.0352879680313947}, "phi": {"0": 0.6077679203707702, "1": 0.4062700989758613, "2": 0.36148447650585813}, "psi": {"0": 0.9041796034476721, "1": 1.2464793443836548, "2": 1.223018675422824}, "sigma": {"0": 0.5007390462142451, "1": 0.0, "2": 0.0}, "chi_high": null, "beta_low": 0.27306625951246344}