{"R": 40.0, "wi": 0, "di": 2, "delta": 1.0, "gamma": {"0": 1.339859013049777, "1": 0.9081240421782869, "2": 0.5145803983329474}, "mu": {"0": 1.0086306288424987, "1": 1.1069247790585621, "2": 1.118423089766326}, "phi": {"0": 0.10402354016703064, "1": 0.9410027918403666, "2": 0.8852828824396053}, "psi": {"0": 0.6394667937889424, "1": 1.1795380765986474, "2": 0.8176554165131972}, "sigma": {"0": 0.7310044447760606, "1": 0.9506513516256835, "2": 0.0}, "chi_high": 0.8971040633539105, "beta_low": 0.7402141587428908}