{"R": 40.0, "wi": 1, "di": 1, "delta": 1.0, "gamma": {"0": 0.7051458760819831, "1": 0.9942778119701243, "2": 1.4301236518383063}, "mu": {"0": 1.0924515711887066, "1": 1.0434834085250226, "2": 1.1375238111315331}, "phi": {"0": 0.7991996887911236, "1": 0.2610198461340163, "2": 0.5796586192296719}, "psi": {"0": 0.6815001910287294, "1": 0.6048119129128946, "2": 1.2801133870071375}, "sigma": {"0": 0.550573755235838, "1": 0.0, "2": 0.0}, "chi_high": null, "beta_low": 0.5998010320013859}