{"R": 40.0, "wi": 3, "di": 0, "delta": 1.0, "gamma": {"0": 1.1699636036753982, "1": 1.1721351350648148, "2": 0.5596204852941362}, "mu": {"0": 1.0532960558022244, "1": 1.080211460503734, "2": 1.0310619469330733}, "phi": {"0": 0.42016300528314643, "1": 0.2426450638750859, "2": 0.5830401607283795}, "psi": {"0": 1.0650566180435432, "1": 1.3992223460358733, "2": 1.494628367254671}, "sigma": {"0": 0.8145351358049024, "1": 0.515442474860867, "2": 0.0}, "chi_high": 0.7327167527911941, "beta_low": null}