{"R": 40.0, "wi": 2, "di": 2, "delta": 1.0, "gamma": {"0": 0.8678475075099695, "1": 0.5357728081941933, "2": 0.9737623765677516}, "mu": {"0": 1.1391111896921013, "1": 1.0963775894212409, "2": 1.07642179575954}, "phi": {"0": 0.3157259445826067, "1": 0.09781460792221286, "2": 0.31178271314966666}, "psi": {"0": 1.3962025564397118, "1": 1.3981526703336828, "2": 1.019217744696851}, "sigma": {"0": 0.5772287734992387, "1": 0.5034942648561117, "2": 0.0}, "chi_high": null, "beta_low": null}