{"R": 40.0, "wi": 2, "di": 0, "delta": 1.0, "gamma": {"0": 0.5194727387703497, "1": 0.8321873039762597, "2": 1.3244228880207256}, "mu": {"0": 1.0191915254807797, "1": 1.1273320156716913, "2": 1.0568830133089493}, "phi": {"0": 0.952251022478722, "1": 0.4398540646787882, "2": 0.25729593323215416}, "psi": {"0": 0.8454089950785553, "1": 1.4112471094170544, "2": 1.2763959592481002}, "sigma": {"0": 0.8870450299521021, "1": 0.8003049475809929, "2": 0.0}, "chi_high": null, "beta_low": null}