{"R": 40.0, "wi": 1, "di": 1, "delta": 1.0, "gamma": {"0": 1.0447094556067404, "1": 0.7141102825507848, "2": 0.9420544137840887}, "mu": {"0": 1.0395242891342777, "1": 1.065452912478425, "2": 1.1004408249680904}, "phi": {"0": 0.02668432617151495, "1": 0.765853178367694, "2": 0.6425767502645058}, "psi": {"0": 1.2907587444124946, "1": 0.5672323331367888, "2": 0.6667675868760364}, "sigma": {"0": 0.888253304785763, "1": 0.0, "2": 0.0}, "chi_high": null, "beta_low": 0.3081098188375242}