{"R": 40.0, "wi": 1, "di": 2, "delta": 1.0, "gamma": {"0": 0.7749268649638338, "1": 0.8827744451185751, "2": 0.598099596286878}, "mu": {"0": 1.0482414755354585, "1": 1.0579134087046675, "2": 1.0111157052512967}, "phi": {"0": 0.8292783819860237, "1": 0.8097244886096014, "2": 0.2159348143852301}, "psi": {"0": 1.3235046396996037, "1": 0.5994366864623194, "2": 0.6037568152257446}, "sigma": {"0": 0.5509978265722011, "1": 0.0, "2": 0.0}, "chi_high": null, "beta_low": 0.7982554233891382}