{"R": 40.0, "wi": 1, "di": 1, "delta": 1.0, "gamma": {"0": 1.2617277636113204, "1": 1.2263977929828611, "2": 1.3575157995559048}, "mu": {"0": 1.1430597271326408, "1": 1.1271210885588596, "2": 1.1233649560298793}, "phi": {"0": 0.7638783757095355, "1": 0.2726214870263587, "2": 0.23319685963714776}, "psi": {"0": 0.6716053245534228, "1": 1.1937458152687022, "2": 1.3415152773192967}, "sigma": {"0": 0.8654410082114236, "1": 0.0, "2": 0.0}, "chi_high": null, "beta_low": 0.928507019408099}