{"R": 40.0, "wi": 2, "di": 1, "delta": 1.0, "gamma": {"0": 1.407394523808845, "1": 0.8987217510249208, "2": 0.6700946381980262}, "mu": {"0": 1.0990618724387606, "1": 1.1393000038055112, "2": 1.0752982030728802}, "phi": {"0": 0.5409816883712317, "1": 0.9560038674879833, "2": 0.3857328313317493}, "psi": {"0": 1.219777419367683, "1": 1.2741060344491437, "2": 1.4118689110634803}, "sigma": {"0": 0.7934153774109131, "1": 0.635199387444434, "2": 0.0}, "chi_high": null, "beta_low": null}