{"R": 40.0, "wi": 1, "di": 0, "delta": 1.0, "gamma": {"0": 0.5643425158945642, "1": 0.8417113919646559, "2": 1.2206928484757884}, "mu": {"0": 1.1479766397871285, "1": 1.1132784484917246, "2": 1.1231640079972125}, "phi": {"0": 0.42389719384984015, "1": 0.006527506876056632, "2": 0.13882419566888748}, "psi": {"0": 1.424268494413207, "1": 0.8663608698273746, "2": 0.8010858498334865}, "sigma": {"0": 0.5917179062657203, "1": 0.0, "2": 0.0}, "chi_high": null, "beta_low": 0.03483875652182368}