{"R": 40.0, "wi": 2, "di": 2, "delta": 1.0, "gamma": {"0": 0.7909907115763631, "1": 1.129785043157738, "2": 0.5263270375628553}, "mu": {"0": 1.0503776249567243, "1": 1.0744924929831838, "2": 1.0479704026792305}, "phi": {"0": 0.6912778495109091, "1": 0.2457123662795332, "2": 0.7312590844679296}, "psi": {"0": 1.2491836801028595, "1": 0.5182593562927497, "2": 1.394383198247628}, "sigma": {"0": 0.7757810908786926, "1": 0.6833328787550476, "2": 0.0}, "chi_high": null, "beta_low": null}