{"R": 40.0, "wi": 2, "di": 1, "delta": 1.0, "gamma": {"0": 1.0973857390539892, "1": 0.8814786766409012, "2": 0.7971448241899142}, "mu": {"0": 1.1075964971365353, "1": 1.0813643674463103, "2": 1.1145514263133156}, "phi": {"0": 0.45334916009648596, "1": 0.228977531404284, "2": 0.3386915070581614}, "psi": {"0": 1.1375255822165138, "1": 1.2318738975699672, "2": 1.2441868360938515}, "sigma": {"0": 0.8569454787400763, "1": 0.7612303151896889, "2": 0.0}, "chi_high": null, "beta_low": null}