{"R": 40.0, "wi": 2, "di": 2, "delta": 1.0, "gamma": {"0": 0.5826997488382222, "1": 1.481702877722985, "2": 0.5112153628800549}, "mu": {"0": 1.0864083434892984, "1": 1.0795365653862057, "2": 1.1305492413634444}, "phi": {"0": 0.46921617665233617, "1": 0.473136010625376, "2": 0.08136384349163717}, "psi": {"0": 1.2452983340498518, "1": 0.6290152775786598, "2": 0.8150529982012785}, "sigma": {"0": 0.5796603668609445, "1": 0.7055138611747769, "2": 0.0}, "chi_high": null, "beta_low": null}