{"R": 40.0, "wi": 0, "di": 2, "delta": 1.0, "gamma": {"0": 0.6604991900706663, "1": 1.476346638003542, "2": 1.1654548430637892}, "mu": {"0": 1.0315416589190194, "1": 1.1124830375802972, "2": 1.0299387701886364}, "phi": {"0": 0.7085968075743879, "1": 0.5811592050475767, "2": 0.053296255296232053}, "psi": {"0": 0.8336891664781794, "1": 1.1353522998240164, "2": 0.7544084268848461}, "sigma": {"0": 0.6716719868334862, "1": 0.9903165137820025, "2": 0.0}, "chi_high": 0.7741232729016406, "beta_low": 0.29261309414768166}