{"R": 40.0, "wi": 3, "di": 1, "delta": 1.0, "gamma": {"0": 0.9148324840149052, "1": 0.6856595584661248, "2": 1.2587367882070457}, "mu": {"0": 1.050688968870442, "1": 1.1451611302639706, "2": 1.065122312819508}, "phi": {"0": 0.6587654386063905, "1": 0.6213410891013968, "2": 0.7432845273148105}, "psi": {"0": 1.01848252199152, "1": 0.5006271918889141, "2": 0.8992373578500188}, "sigma": {"0": 0.9798691137910844, "1": 0.8855054854348061, "2": 0.0}, "chi_high": 0.07698607725938343, "beta_low": null}