{"R": 40.0, "wi": 3, "di": 1, "delta": 1.0, "gamma": {"0": 1.153636023797863, "1": 0.7420610437080766, "2": 1.038686372467907}, "mu": {"0": 1.1392663692001506, "1": 1.1460519360133057, "2": 1.0954044955431852}, "phi": {"0": 0.11053728435241172, "1": 0.42174798342290043, "2": 0.4712723681792498}, "psi": {"0": 0.7255653507228125, "1": 1.1361689891430538, "2": 1.0781459045752835}, "sigma": {"0": 0.9834167020912588, "1": 0.5329171493301035, "2": 0.0}, "chi_high": 0.6950529922062896, "beta_low": null}