{"R": 40.0, "wi": 0, "di": 2, "delta": 1.0, "gamma": {"0": 0.9646292156384979, "1": 1.340439309647296, "2": 1.3762813774954132}, "mu": {"0": 1.0381637005767357, "1": 1.1150382222879158, "2": 1.1174253735045354}, "phi": {"0": 0.8283410191609825, "1": 0.43149286734663606, "2": 0.18582477728700642}, "psi": {"0": 0.6617475791709233, "1": 1.3043318889324582, "2": 0.6681457968281138}, "sigma": {"0": 0.9064115812396978, "1": 0.5205045445510192, "2": 0.0}, "chi_high": 0.4408932020285568, "beta_low": 0.33963885264909305}