{"R": 40.0, "wi": 1, "di": 1, "delta": 1.0, "gamma": {"0": 1.3459652978257848, "1": 1.4993598849609886, "2": 1.1713418556097313}, "mu": {"0": 1.1440808523504498, "1": 1.0849933429939032, "2": 1.1452585098655046}, "phi": {"0": 0.6505211855607836, "1": 0.31534028833036853, "2": 0.47169720553959926}, "psi": {"0": 1.1879847512262276, "1": 0.5816084836857827, "2": 1.1045250765717807}, "sigma": {"0": 0.7046635692176322, "1": 0.0, "2": 0.0}, "chi_high": null, "beta_low": 0.06506127522470222}