{"R": 40.0, "wi": 1, "di": 1, "delta": 1.0, "gamma": {"0": 0.7928489561666795, "1": 1.1716039540222747, "2": 0.7058978166583468}, "mu": {"0": 1.0568676417116887, "1": 1.0666082517054045, "2": 1.0007617208246413}, "phi": {"0": 0.48139763442454253, "1": 0.5370635922733408, "2": 0.4794645649878211}, "psi": {"0": 1.3496853517090885, "1": 0.5925224065480219, "2": 1.2109995551191335}, "sigma": {"0": 0.8928236445672182, "1": 0.0, "2": 0.0}, "chi_high": null, "beta_low": 0.6981867223443439}