{"R": 40.0, "wi": 3, "di": 0, "delta": 1.0, "gamma": {"0": 1.3088258891605595, "1": 1.2336770015594722, "2": 1.4245505875029916}, "mu": {"0": 1.13487619549495, "1": 1.0016193092922383, "2": 1.1400146007254726}, "phi": {"0": 0.8690210231207719, "1": 0.2756996824944994, "2": 0.4961322454622261}, "psi": {"0": 0.756722606714785, "1": 1.168422064681821, "2": 0.7262163563778125}, "sigma": {"0": 0.6890666902870843, "1": 0.7595809706757783, "2": 0.0}, "chi_high": 0.7350529560808827, "beta_low": null}