{"R": 40.0, "wi": 0, "di": 2, "delta": 1.0, "gamma": {"0": 1.0700156860217858, "1": 0.882216379059882, "2": 0.8931342937260338}, "mu": {"0": 1.1087996915896514, "1": 1.053277317047831, "2": 1.025733040743306}, "phi": {"0": 0.4893925072786556, "1": 0.4158517837682211, "2": 0.003175205642298118}, "psi": {"0": 1.1775945575299556, "1": 1.2972770264109041, "2": 0.7598640949723912}, "sigma": {"0": 0.7141170600549693, "1": 0.7878984692557981, "2": 0.0}, "chi_high": 0.5319123288107417, "beta_low": 0.42583020085810275}