{"R": 40.0, "wi": 2, "di": 1, "delta": 1.0, "gamma": {"0": 0.9555416997466447, "1": 0.5147031861394081, "2": 1.247020260931457}, "mu": {"0": 1.011499710934399, "1": 1.1454103012518524, "2": 1.1457283167407655}, "phi": {"0": 0.9675242265166921, "1": 0.511157694257141, "2": 0.4672916578522549}, "psi": {"0": 1.4602965143888902, "1": 0.5744074808325151, "2": 0.7336259575283073}, "sigma": {"0": 0.7197502931836418, "1": 0.9531913952553014, "2": 0.0}, "chi_high": null, "beta_low": null}