{"R": 40.0, "wi": 1, "di": 2, "delta": 1.0, "gamma": {"0": 0.9990673057062704, "1": 0.5736110069166518, "2": 0.6523142632033078}, "mu": {"0": 1.0162736563281805, "1": 1.0834972732044987, "2": 1.068725576077858}, "phi": {"0": 0.18073270058844026, "1": 0.7793748142574362, "2": 0.24083680113605166}, "psi": {"0": 1.3285584142907332, "1": 1.0780202992313717, "2": 0.5538526186525995}, "sigma": {"0": 0.6186503273006645, "1": 0.0, "2": 0.0}, "chi_high": null, "beta_low": 0.9234228425054204}