{"R": 40.0, "wi": 1, "di": 2, "delta": 1.0, "gamma": {"0": 0.9815414323103887, "1": 1.3508237718943934, "2": 0.9057232152010114}, "mu": {"0": 1.132033332494528, "1": 1.1082844462812478, "2": 1.101992377697985}, "phi": {"0": 0.41155675738488084, "1": 0.6437838614417839, "2": 0.5004659461773155}, "psi": {"0": 1.4261925220017795, "1": 1.474252222576843, "2": 1.2182038698212225}, "sigma": {"0": 0.9561863368734443, "1": 0.0, "2": 0.0}, "chi_high": null, "beta_low": 0.11842221721055195}