{"R": 40.0, "wi": 0, "di": 0, "delta": 1.0, "gamma": {"0": 1.3612952877651292, "1": 1.4500405901827254, "2": 0.9963321546761281}, "mu": {"0": 1.0576895880946449, "1": 1.0537957091629662, "2": 1.1448752997756368}, "phi": {"0": 0.8447416465758122, "1": 0.15913452140001394, "2": 0.4364497250327103}, "psi": {"0": 1.1621889248094723, "1": 1.4850745387495519, "2": 0.6125106036584174}, "sigma": {"0": 0.7827879378979905, "1": 0.5366475623895891, "2": 0.0}, "chi_high": 0.07938486213617232, "beta_low": 0.4449275848612165}