{"R": 40.0, "wi": 1, "di": 0, "delta": 1.0, "gamma": {"0": 1.1835544150416126, "1": 0.6210284016571194, "2": 0.8091177603284151}, "mu": {"0": 1.1376171261935624, "1": 1.0218207792510132, "2": 1.070417405702046}, "phi": {"0": 0.10096739657129605, "1": 0.05444208878924306, "2": 0.6992035028029424}, "psi": {"0": 0.5607363005093434, "1": 0.5972101145175467, "2": 0.5805469898079179}, "sigma": {"0": 0.9921349285051393, "1": 0.0, "2": 0.0}, "chi_high": null, "beta_low": 0.7871907915021188}