{"R": 40.0, "wi": 0, "di": 1, "delta": 1.0, "gamma": {"0": 0.9782844434932043, "1": 1.0650328995507272, "2": 1.0243669485158848}, "mu": {"0": 1.0305145714470088, "1": 1.1496105642299204, "2": 1.1036393947041612}, "phi": {"0": 0.105212006959025, "1": 0.4354717773068306, "2": 0.8541051697875235}, "psi": {"0": 1.3039475279804913, "1": 1.304185691085817, "2": 1.0159281387596535}, "sigma": {"0": 0.5125122606006954, "1": 0.8296457171830007, "2": 0.0}, "chi_high": 0.24206118389342585, "beta_low": 0.43354338953527155}