{"R": 40.0, "wi": 1, "di": 0, "delta": 1.0, "gamma": {"0": 0.6081250617389882, "1": 1.1266715734487898, "2": 1.0377677441114974}, "mu": {"0": 1.1484267245678446, "1": 1.0776681661294127, "2": 1.1392961201276612}, "phi": {"0": 0.5607851567700295, "1": 0.10424808042768818, "2": 0.10813876292633118}, "psi": {"0": 0.885283815085046, "1": 1.0096013896345992, "2": 0.6596408904649874}, "sigma": {"0": 0.5104875904192953, "1": 0.0, "2": 0.0}, "chi_high": null, "beta_low": 0.4600168636766227}