{"R": 40.0, "wi": 3, "di": 2, "delta": 1.0, "gamma": {"0": 1.2681804780680717, "1": 1.3009513355112743, "2": 1.0580396724683765}, "mu": {"0": 1.0056048079208562, "1": 1.0668948801984168, "2": 1.0770911554930203}, "phi": {"0": 0.27905317017225495, "1": 0.2583003675818194, "2": 0.5459931505447286}, "psi": {"0": 0.7609533837693373, "1": 1.1912532612684839, "2": 1.1132015275719385}, "sigma": {"0": 0.6477835695079387, "1": 0.625660215227873, "2": 0.0}, "chi_high": 0.956711503041079, "beta_low": null}