{"R": 40.0, "wi": 2, "di": 0, "delta": 1.0, "gamma": {"0": 1.010516935840204, "1": 1.00976488675418, "2": 0.8074894641552619}, "mu": {"0": 1.142006929243449, "1": 1.0777984475264075, "2": 1.069945331400544}, "phi": {"0": 0.6479169723658333, "1": 0.27145085440149874, "2": 0.6610329716578129}, "psi": {"0": 1.3064847227388827, "1": 0.7598445978858489, "2": 1.1271935688939785}, "sigma": {"0": 0.7434407416373553, "1": 0.6104645902397589, "2": 0.0}, "chi_high": null, "beta_low": null}