{"R": 40.0, "wi": 0, "di": 1, "delta": 1.0, "gamma": {"0": 1.286639174729602, "1": 1.4682368829012753, "2": 0.5458132160020278}, "mu": {"0": 1.1071422605168075, "1": 1.118366532309602, "2": 1.1437316974754783}, "phi": {"0": 0.7294679420467435, "1": 0.15242199858709993, "2": 0.962172499326818}, "psi": {"0": 1.0196683516324243, "1": 0.7214474548595206, "2": 1.0708541018851787}, "sigma": {"0": 0.9613771534796773, "1": 0.6293058898958472, "2": 0.0}, "chi_high": 0.24893911612144, "beta_low": 0.1092674414007493}