{"R": 40.0, "wi": 3, "di": 2, "delta": 1.0, "gamma": {"0": 0.8979203980133003, "1": 1.1080904502833064, "2": 0.8252833431289762}, "mu": {"0": 1.0602376880440014, "1": 1.0330790641308754, "2": 1.0191677748970962}, "phi": {"0": 0.8335635026745244, "1": 0.2484517894842404, "2": 0.8327444479637971}, "psi": {"0": 0.7960183066205236, "1": 1.0856666798580976, "2": 1.3703248114976678}, "sigma": {"0": 0.8876395586973169, "1": 0.535405934285454, "2": 0.0}, "chi_high": 0.020726821134619107, "beta_low": null}