{"R": 40.0, "wi": 0, "di": 0, "delta": 1.0, "gamma": {"0": 0.5345150785938699, "1": 0.7320654765599152, "2": 0.5154804777438653}, "mu": {"0": 1.1187131494605316, "1": 1.0125829401564441, "2": 1.1276278075017525}, "phi": {"0": 0.3755674492476233, "1": 0.6175097480640888, "2": 0.05805180854815395}, "psi": {"0": 0.6516714522677942, "1": 0.7093697000818718, "2": 1.397675560298832}, "sigma": {"0": 0.9707894799714956, "1": 0.5719618003359908, "2": 0.0}, "chi_high": 0.0210048162817004, "beta_low": 0.3892071867688635}