{"R": 40.0, "wi": 0, "di": 2, "delta": 1.0, "gamma": {"0": 0.6924262868522464, "1": 0.8426891184735551, "2": 0.612083942835334}, "mu": {"0": 1.0829291555618024, "1": 1.1373415757050476, "2": 1.0506555839940397}, "phi": {"0": 0.7564510138154835, "1": 0.3561187916134819, "2": 0.22531975147164673}, "psi": {"0": 1.0199570601430938, "1": 0.9779657671344946, "2": 1.1904561719279165}, "sigma": {"0": 0.6703807347089318, "1": 0.9267024011030278, "2": 0.0}, "chi_high": 0.11394077962690428, "beta_low": 0.7066121895122103}