{"R": 40.0, "wi": 2, "di": 1, "delta": 1.0, "gamma": {"0": 1.24280048222822, "1": 0.8791439068945442, "2": 0.7316171057789997}, "mu": {"0": 1.0591400862921132, "1": 1.0274662923308147, "2": 1.146355229619874}, "phi": {"0": 0.23302975300706086, "1": 0.5161691408672764, "2": 0.7276409729650054}, "psi": {"0": 1.0943154027838085, "1": 1.201870060551656, "2": 1.4722950587785055}, "sigma": {"0": 0.897705616519402, "1": 0.8778029857849643, "2": 0.0}, "chi_high": null, "beta_low": null}