{"R": 40.0, "wi": 3, "di": 1, "delta": 1.0, "gamma": {"0": 0.519939159338457, "1": 1.1697985536520097, "2": 1.4564796242201086}, "mu": {"0": 1.0830509504862988, "1": 1.074366177068929, "2": 1.0191626900169062}, "phi": {"0": 0.4762665198542053, "1": 0.8343694701495517, "2": 0.7980095101289663}, "psi": {"0": 1.0392323242312016, "1": 1.0619163103820521, "2": 0.8355121797044026}, "sigma": {"0": 0.5282456879706848, "1": 0.8183649246547988, "2": 0.0}, "chi_high": 0.02823039793249937, "beta_low": null}