{"R": 40.0, "wi": 2, "di": 1, "delta": 1.0, "gamma": {"0": 1.1188302582699838, "1": 1.471355710332133, "2": 0.8966204461223076}, "mu": {"0": 1.0935549892405643, "1": 1.0412133822882443, "2": 1.0805408153226885}, "phi": {"0": 0.3198872569371035, "1": 0.0827519655173794, "2": 0.03303891122390168}, "psi": {"0": 0.9898270250454536, "1": 0.6926284426186503, "2": 1.1303958455923058}, "sigma": {"0": 0.6510323582786655, "1": 0.7634539659262283, "2": 0.0}, "chi_high": null, "beta_low": null}