{"R": 40.0, "wi": 0, "di": 1, "delta": 1.0, "gamma": {"0": 1.3136687783615495, "1": 0.654571282231555, "2": 0.9636206234860509}, "mu": {"0": 1.1078509542849204, "1": 1.1285741673474412, "2": 1.0588628791628798}, "phi": {"0": 0.033554176283844384, "1": 0.6083964449366164, "2": 0.414183508960572}, "psi": {"0": 1.4284441804284356, "1": 1.3821577057849226, "2": 0.5152185654366892}, "sigma": {"0": 0.5340909895905357, "1": 0.996729939271729, "2": 0.0}, "chi_high": 0.7285381769506623, "beta_low": 0.6296758931503902}