{"R": 40.0, "wi": 2, "di": 1, "delta": 1.0, "gamma": {"0": 1.4957945852540133, "1": 0.6485954337679846, "2": 0.9170756390058468}, "mu": {"0": 1.109550097676986, "1": 1.0078994636439211, "2": 1.0590532966529416}, "phi": {"0": 0.6525830874201733, "1": 0.4363731724213715, "2": 0.37199697891921657}, "psi": {"0": 0.5210806619608374, "1": 0.9863396311414712, "2": 0.6425470184354347}, "sigma": {"0": 0.8553986803814819, "1": 0.5401837340770175, "2": 0.0}, "chi_high": null, "beta_low": null}