{"R": 40.0, "wi": 1, "di": 2, "delta": 1.0, "gamma": {"0": 0.7507213647185648, "1": 0.6479046177331944, "2": 0.6195654841257736}, "mu": {"0": 1.1290424557993033, "1": 1.1177681706211313, "2": 1.1117148044678187}, "phi": {"0": 0.9301745096124829, "1": 0.5845204564887887, "2": 0.7268633015486552}, "psi": {"0": 1.4154719789578416, "1": 0.9952762367112514, "2": 0.622795852725127}, "sigma": {"0": 0.6053693474592939, "1": 0.0, "2": 0.0}, "chi_high": null, "beta_low": 0.5441186158135806}