{"R": 40.0, "wi": 3, "di": 0, "delta": 1.0, "gamma": {"0": 1.4260677049592139, "1": 1.3915871422291473, "2": 0.8381215991345894}, "mu": {"0": 1.003838372067855, "1": 1.1457104750620792, "2": 1.020070208699813}, "phi": {"0": 0.3335779473961532, "1": 0.6931581072368903, "2": 0.23022656088928095}, "psi": {"0": 1.1919296451491146, "1": 1.1352696967913554, "2": 1.1723784388969483}, "sigma": {"0": 0.5718583428007856, "1": 0.6793389619949615, "2": 0.0}, "chi_high": 0.19916745791461415, "beta_low": null}