{"R": 40.0, "wi": 1, "di": 0, "delta": 1.0, "gamma": {"0": 1.374038991085483, "1": 0.5940309685972297, "2": 1.3956450839916918}, "mu": {"0": 1.0413365498488423, "1": 1.1315164136291238, "2": 1.110728880838018}, "phi": {"0": 0.5115575779405271, "1": 0.5566144697577382, "2": 0.862546968575087}, "psi": {"0": 1.003155823025923, "1": 0.6990612836734769, "2": 0.9490984369537173}, "sigma": {"0": 0.6229399787625277, "1": 0.0, "2": 0.0}, "chi_high": null, "beta_low": 0.2855081612099065}