{"R": 40.0, "wi": 0, "di": 2, "delta": 1.0, "gamma": {"0": 1.2047868142270635, "1": 1.378019629248659, "2": 1.4830511798136627}, "mu": {"0": 1.0325983670990426, "1": 1.0100328299014747, "2": 1.1009034091021626}, "phi": {"0": 0.8963865650168146, "1": 0.5561252924680762, "2": 0.9506825977801545}, "psi": {"0": 1.1664517676502948, "1": 1.2676084233861473, "2": 0.8294796778857852}, "sigma": {"0": 0.9911297558275026, "1": 0.9600894014823484, "2": 0.0}, "chi_high": 0.7962459504612351, "beta_low": 0.8763774271271642}