{"R": 40.0, "wi": 1, "di": 2, "delta": 1.0, "gamma": {"0": 0.947816292539018, "1": 1.2881454840586661, "2": 0.9557058686160217}, "mu": {"0": 1.1456258553599588, "1": 1.0539475976200545, "2": 1.12776877926559}, "phi": {"0": 0.04327205593908878, "1": 0.07211249647796714, "2": 0.7529555168344985}, "psi": {"0": 1.4540315359044904, "1": 1.1402832824868179, "2": 1.4747029909362541}, "sigma": {"0": 0.5847444972624103, "1": 0.0, "2": 0.0}, "chi_high": null, "beta_low": 0.9353807469052678}