{"R": 40.0, "wi": 3, "di": 0, "delta": 1.0, "gamma": {"0": 1.4759749468510321, "1": 1.1362735940873856, "2": 1.1412511322217873}, "mu": {"0": 1.0973034225674239, "1": 1.1469205335619512, "2": 1.0940762190293787}, "phi": {"0": 0.6017760874783906, "1": 0.6297775547745887, "2": 0.5188826635349234}, "psi": {"0": 0.5590505619836219, "1": 0.6141505969367057, "2": 0.7485767196045876}, "sigma": {"0": 0.6752379206742312, "1": 0.559174399600499, "2": 0.0}, "chi_high": 0.4101123674131292, "beta_low": null}