{"R": 40.0, "wi": 0, "di": 1, "delta": 1.0, "gamma": {"0": 0.9516923102215158, "1": 0.7491767858437379, "2": 1.323695677548234}, "mu": {"0": 1.0488030921394902, "1": 1.110726340503738, "2": 1.1111317974420731}, "phi": {"0": 0.36654883015668427, "1": 0.5604055513538369, "2": 0.3215055087507783}, "psi": {"0": 0.7705236761610368, "1": 0.5436943943017403, "2": 0.6681752327974788}, "sigma": {"0": 0.5892635894954749, "1": 0.9618967153486127, "2": 0.0}, "chi_high": 0.6009489942468926, "beta_low": 0.03353610550078177}