{"R": 40.0, "wi": 3, "di": 1, "delta": 1.0, "gamma": {"0": 0.7672801435638188, "1": 1.2364830438642196, "2": 0.6674376331832645}, "mu": {"0": 1.0255946466816221, "1": 1.007706267857017, "2": 1.017216136526665}, "phi": {"0": 0.5440945169342895, "1": 0.5947872135248108, "2": 0.9374756954618547}, "psi": {"0": 0.5055567589068499, "1": 0.6141831637459725, "2": 0.805332628516667}, "sigma": {"0": 0.7138596751881503, "1": 0.7091185473152171, "2": 0.0}, "chi_high": 0.8760915537002326, "beta_low": null}