{"R": 40.0, "wi": 1, "di": 1, "delta": 1.0, "gamma": {"0": 1.1609209470804454, "1": 1.4376515155239136, "2": 1.3798761982451333}, "mu": {"0": 1.1152125534834783, "1": 1.1499243192366349, "2": 1.100857924114708}, "phi": {"0": 0.7153457309688206, "1": 0.6315205536298486, "2": 0.3771037481328605}, "psi": {"0": 0.8896203292725705, "1": 1.3313684833773074, "2": 1.222996224814752}, "sigma": {"0": 0.8692853238788107, "1": 0.0, "2": 0.0}, "chi_high": null, "beta_low": 0.5561361416631497}