{"R": 40.0, "wi": 2, "di": 1, "delta": 1.0, "gamma": {"0": 0.5405437597697114, "1": 0.7675265017312033, "2": 1.4371358976269981}, "mu": {"0": 1.091185257345948, "1": 1.0256083952542576, "2": 1.0891346012302412}, "phi": {"0": 0.3413115649609918, "1": 0.847363376185869, "2": 0.44057824482403973}, "psi": {"0": 0.9202204677995208, "1": 0.6297028838610541, "2": 0.7213162789179475}, "sigma": {"0": 0.8235785888515808, "1": 0.6205144487620793, "2": 0.0}, "chi_high": null, "beta_low": null}