{"R": 40.0, "wi": 1, "di": 1, "delta": 1.0, "gamma": {"0": 1.3342559043127449, "1": 1.3188536258678152, "2": 1.0921141254706659}, "mu": {"0": 1.0830517051327146, "1": 1.1114137260741126, "2": 1.1225931082455478}, "phi": {"0": 0.9324688279446158, "1": 0.13272191549971846, "2": 0.670019814872409}, "psi": {"0": 0.9690185137510758, "1": 1.1083107810446777, "2": 0.828671071149352}, "sigma": {"0": 0.8749675847862033, "1": 0.0, "2": 0.0}, "chi_high": null, "beta_low": 0.15892421059847356}