{"R": 40.0, "wi": 2, "di": 1, "delta": 1.0, "gamma": {"0": 0.9674189842941427, "1": 0.6517159940875046, "2": 1.0470785751530907}, "mu": {"0": 1.1222099997690942, "1": 1.1441958035230573, "2": 1.0651956921931534}, "phi": {"0": 0.11398487397800794, "1": 0.21724354051047623, "2": 0.09727597579692648}, "psi": {"0": 1.4080304619640756, "1": 1.3699543974914172, "2": 1.4335572593193406}, "sigma": {"0": 0.5755107677197655, "1": 0.5819857002443379, "2": 0.0}, "chi_high": null, "beta_low": null}