{"R": 40.0, "wi": 1, "di": 1, "delta": 1.0, "gamma": {"0": 0.7557714240039932, "1": 0.6671968787974448, "2": 0.9950461206292919}, "mu": {"0": 1.0158699755273446, "1": 1.1481825946077777, "2": 1.072713183994877}, "phi": {"0": 0.7416157430965502, "1": 0.5702848217238482, "2": 0.08950204507961235}, "psi": {"0": 0.5494159598635894, "1": 1.1287540334497654, "2": 1.1571502913750775}, "sigma": {"0": 0.5753175895331809, "1": 0.0, "2": 0.0}, "chi_high": null, "beta_low": 0.9838669872324319}