{"R": 40.0, "wi": 3, "di": 2, "delta": 1.0, "gamma": {"0": 1.3362104543802404, "1": 0.6156003703501598, "2": 0.5620663549977227}, "mu": {"0": 1.1254825837173865, "1": 1.1294071153523773, "2": 1.0190002670647036}, "phi": {"0": 0.21470338296573166, "1": 0.6280316197035503, "2": 0.09783271661100557}, "psi": {"0": 0.8635752765908555, "1": 0.8779097887527408, "2": 1.3369778679119624}, "sigma": {"0": 0.8402554732822558, "1": 0.7410692771857608, "2": 0.0}, "chi_high": 0.33239923741961436, "beta_low": null}