{"R": 40.0, "wi": 3, "di": 1, "delta": 1.0, "gamma": {"0": 0.5752500238241668, "1": 0.9424121759233919, "2": 0.8644084248001663}, "mu": {"0": 1.070987017988295, "1": 1.1028475451456836, "2": 1.0655436937887264}, "phi": {"0": 0.8138356334585081, "1": 0.5857086333880198, "2": 0.9862357086614624}, "psi": {"0": 0.6275866861620889, "1": 1.0497844490137864, "2": 1.1976474704971003}, "sigma": {"0": 0.5619527258378814, "1": 0.6806132772677937, "2": 0.0}, "chi_high": 0.26973022449419926, "beta_low": null}