{"R": 40.0, "wi": 1, "di": 0, "delta": 1.0, "gamma": {"0": 1.3338842284092784, "1": 0.5109059764794268, "2": 1.4802005109194918}, "mu": {"0": 1.06730080075986, "1": 1.0878156001159505, "2": 1.1084403425282685}, "phi": {"0": 0.015334638471380169, "1": 0.2331753924896245, "2": 0.33554633136040124}, "psi": {"0": 1.4498263383513597, "1": 0.5215791718536621, "2": 1.0193346990528904}, "sigma": {"0": 0.7902730258801811, "1": 0.0, "2": 0.0}, "chi_high": null, "beta_low": 0.7818420037004422}