{"R": 40.0, "wi": 3, "di": 0, "delta": 1.0, "gamma": {"0": 0.9862042532041283, "1": 1.3951212138004427, "2": 0.640666272560968}, "mu": {"0": 1.1354477041916975, "1": 1.1447623914878582, "2": 1.0521061586129568}, "phi": {"0": 0.10451752280123905, "1": 0.270374574374568, "2": 0.7187101507732767}, "psi": {"0": 0.6339274473170299, "1": 0.6790092294136654, "2": 0.6306242875938532}, "sigma": {"0": 0.8338607508530912, "1": 0.9272574099401707, "2": 0.0}, "chi_high": 0.8518226205611379, "beta_low": null}