{"R": 40.0, "wi": 2, "di": 2, "delta": 1.0, "gamma": {"0": 1.3282421795991093, "1": 1.4373423941808827, "2": 1.111976603733293}, "mu": {"0": 1.139685091399904, "1": 1.0536032086267355, "2": 1.0232087006836685}, "phi": {"0": 0.10627960553492688, "1": 0.9648074813016427, "2": 0.6484678958873616}, "psi": {"0": 0.5771398814888021, "1": 0.7308805632486952, "2": 1.4422921399877504}, "sigma": {"0": 0.6111777123208498, "1": 0.7119251049741427, "2": 0.0}, "chi_high": null, "beta_low": null}