{"R": 40.0, "wi": 1, "di": 2, "delta": 1.0, "gamma": {"0": 1.3468056292442157, "1": 0.6763630162913563, "2": 1.2981237881115124}, "mu": {"0": 1.12537382494789, "1": 1.096500295902253, "2": 1.0147214640779798}, "phi": {"0": 0.47384359158062295, "1": 0.6182333359155623, "2": 0.7058475171727113}, "psi": {"0": 0.9071491547108321, "1": 1.215738626729743, "2": 0.9647510291210253}, "sigma": {"0": 0.7185309105739915, "1": 0.0, "2": 0.0}, "chi_high": null, "beta_low": 0.2384268510635727}