{"R": 40.0, "wi": 0, "di": 2, "delta": 1.0, "gamma": {"0": 1.3780301978378784, "1": 1.3757926436169692, "2": 0.8337044300805444}, "mu": {"0": 1.0576882414138915, "1": 1.012667813288461, "2": 1.0652588783138652}, "phi": {"0": 0.2943536126985786, "1": 0.8585492029327865, "2": 0.2710438310734077}, "psi": {"0": 1.1364189764050945, "1": 0.8476567941384417, "2": 1.1998430990420004}, "sigma": {"0": 0.8815556741060409, "1": 0.7639729416919285, "2": 0.0}, "chi_high": 0.05944705620628533, "beta_low": 0.6226092163292989}