{"R": 40.0, "wi": 2, "di": 0, "delta": 1.0, "gamma": {"0": 1.4286385308937586, "1": 0.8524270226132349, "2": 0.8823827622721959}, "mu": {"0": 1.009546015812297, "1": 1.000390594410384, "2": 1.1018797744196418}, "phi": {"0": 0.6371009461255698, "1": 0.8585506348264139, "2": 0.5048019043640558}, "psi": {"0": 0.9682651183195575, "1": 1.35944881234614, "2": 0.6143984132536727}, "sigma": {"0": 0.5895971154528108, "1": 0.970392634970899, "2": 0.0}, "chi_high": null, "beta_low": null}