{"R": 40.0, "wi": 1, "di": 0, "delta": 1.0, "gamma": {"0": 0.7448231944787939, "1": 1.2613647607721186, "2": 1.424843138445676}, "mu": {"0": 1.0631420444196344, "1": 1.0689795981064951, "2": 1.055099545019197}, "phi": {"0": 0.9014943451040413, "1": 0.8492690582749873, "2": 0.7594116199842615}, "psi": {"0": 1.0906978588756693, "1": 1.3923019259496408, "2": 0.8897623640864902}, "sigma": {"0": 0.6053314497048101, "1": 0.0, "2": 0.0}, "chi_high": null, "beta_low": 0.05759779340296647}