{"R": 40.0, "wi": 1, "di": 0, "delta": 1.0, "gamma": {"0": 1.1893721813841327, "1": 1.0307256626204226, "2": 0.6029261564860706}, "mu": {"0": 1.0620557249978952, "1": 1.1236248354259641, "2": 1.1225892883854}, "phi": {"0": 0.384857123322922, "1": 0.7604100902264219, "2": 0.3529661177247049}, "psi": {"0": 1.1218020700489062, "1": 0.7879227854470067, "2": 1.2210208157726323}, "sigma": {"0": 0.5926293836411689, "1": 0.0, "2": 0.0}, "chi_high": null, "beta_low": 0.633102394237519}