{"R": 40.0, "wi": 2, "di": 0, "delta": 1.0, "gamma": {"0": 0.9020358748878832, "1": 1.4643422172126925, "2": 1.434005620425483}, "mu": {"0": 1.0580197444666968, "1": 1.1491117024571933, "2": 1.0594245294429496}, "phi": {"0": 0.49160917672864524, "1": 0.4701896747346537, "2": 0.22268734611284857}, "psi": {"0": 0.8964674765957023, "1": 1.1162725823733557, "2": 0.5618436046520442}, "sigma": {"0": 0.6078801443349889, "1": 0.5876350505877819, "2": 0.0}, "chi_high": null, "beta_low": null}