{"R": 40.0, "wi": 2, "di": 0, "delta": 1.0, "gamma": {"0": 1.1425327423924656, "1": 1.27186640190271, "2": 1.3267318802977315}, "mu": {"0": 1.0892968180674008, "1": 1.0086954003336348, "2": 1.0600280980740553}, "phi": {"0": 0.6648748989152431, "1": 0.19071765475621527, "2": 0.8620954116789885}, "psi": {"0": 0.6159029429918659, "1": 0.6429602844930327, "2": 1.3826363648234077}, "sigma": {"0": 0.9172025561113002, "1": 0.8108847385539036, "2": 0.0}, "chi_high": null, "beta_low": null}