{"R": 40.0, "wi": 1, "di": 0, "delta": 1.0, "gamma": {"0": 0.9686018437941477, "1": 0.9831773452618419, "2": 0.8456796842659917}, "mu": {"0": 1.0349154721877782, "1": 1.016689532172501, "2": 1.061779299632807}, "phi": {"0": 0.5087937670435233, "1": 0.18932798047046906, "2": 0.6968445592139286}, "psi": {"0": 1.2938201972776588, "1": 0.5204858416112813, "2": 1.2200995506985648}, "sigma": {"0": 0.7827554111889574, "1": 0.0, "2": 0.0}, "chi_high": null, "beta_low": 0.4230571674284307}