{"R": 40.0, "wi": 3, "di": 0, "delta": 1.0, "gamma": {"0": 0.9154784877825792, "1": 0.8485581964451872, "2": 0.6864995951833902}, "mu": {"0": 1.041986666325709, "1": 1.0972192130996539, "2": 1.0297465225804503}, "phi": {"0": 0.7434593282757105, "1": 0.5595907118984357, "2": 0.5888088575370763}, "psi": {"0": 1.0832193811126953, "1": 1.0212173323786742, "2": 1.3275155625208832}, "sigma": {"0": 0.845249917143433, "1": 0.693473241460324, "2": 0.0}, "chi_high": 0.3703151786293912, "beta_low": null}