{"R": 40.0, "wi": 2, "di": 0, "delta": 1.0, "gamma": {"0": 1.0201092446787194, "1": 1.463935845109774, "2": 1.2635045366793598}, "mu": {"0": 1.0843253874102492, "1": 1.0592527463159502, "2": 1.1154920221184927}, "phi": {"0": 0.4560430740299597, "1": 0.5630615825872113, "2": 0.5225677432467568}, "psi": {"0": 0.7646135906833347, "1": 0.8432992798496001, "2": 0.7598300175733579}, "sigma": {"0": 0.5496297808612196, "1": 0.6737583261514719, "2": 0.0}, "chi_high": null, "beta_low": null}