{"R": 40.0, "wi": 0, "di": 1, "delta": 1.0, "gamma": {"0": 0.5122839431540025, "1": 1.2758532217962266, "2": 0.8680476587224109}, "mu": {"0": 1.139735980463527, "1": 1.049831703686781, "2": 1.0702576151065433}, "phi": {"0": 0.08251096627348653, "1": 0.7821431569394833, "2": 0.6460894858102981}, "psi": {"0": 0.8943296099999127, "1": 1.2028015058348291, "2": 1.3761595502545747}, "sigma": {"0": 0.6627056521259471, "1": 0.8015067752857257, "2": 0.0}, "chi_high": 0.9822155991842609, "beta_low": 0.6429978059406699}