{"R": 40.0, "wi": 0, "di": 0, "delta": 1.0, "gamma": {"0": 1.0532484636677986, "1": 1.2925195004195675, "2": 1.4630722862211145}, "mu": {"0": 1.149085622051738, "1": 1.0159624257550994, "2": 1.1202185917986498}, "phi": {"0": 0.35126749629842224, "1": 0.8317915542351362, "2": 0.8597385884881312}, "psi": {"0": 0.701300636569707, "1": 1.1743984020296074, "2": 1.186722171014015}, "sigma": {"0": 0.8728828866153776, "1": 0.9859570071836017, "2": 0.0}, "chi_high": 0.32258013835581284, "beta_low": 0.03058952266846096}