{"R": 40.0, "wi": 1, "di": 2, "delta": 1.0, "gamma": {"0": 1.0871064157182686, "1": 1.0624876395625327, "2": 0.6230611982487243}, "mu": {"0": 1.069786992519874, "1": 1.1246358585948584, "2": 1.0016176682455231}, "phi": {"0": 0.9490219553740985, "1": 0.30103317013228736, "2": 0.07246576879069011}, "psi": {"0": 1.1196448852799614, "1": 1.2111034106388434, "2": 1.0690932157967663}, "sigma": {"0": 0.7322744865226212, "1": 0.0, "2": 0.0}, "chi_high": null, "beta_low": 0.26221243561941143}