{"R": 40.0, "wi": 2, "di": 1, "delta": 1.0, "gamma": {"0": 1.483748247443303, "1": 1.3445925497292455, "2": 0.9988058066664683}, "mu": {"0": 1.0567482442612308, "1": 1.1308004942317822, "2": 1.0584094806538984}, "phi": {"0": 0.21954800757337212, "1": 0.5896989098316106, "2": 0.07957425719129996}, "psi": {"0": 1.0322073906190545, "1": 1.497206214556087, "2": 1.424655392743389}, "sigma": {"0": 0.9152505790104102, "1": 0.941419914329728, "2": 0.0}, "chi_high": null, "beta_low": null}