{"R": 40.0, "wi": 2, "di": 1, "delta": 1.0, "gamma": {"0": 0.9377688838125323, "1": 1.1943342885299815, "2": 1.134851803908023}, "mu": {"0": 1.055692072154127, "1": 1.0446351504608131, "2": 1.0446064113709312}, "phi": {"0": 0.05529374916998886, "1": 0.25112796500133183, "2": 0.9565894658764684}, "psi": {"0": 1.0331990921506016, "1": 1.2587034392138663, "2": 1.2599018334092893}, "sigma": {"0": 0.7633218689255803, "1": 0.5358957372145612, "2": 0.0}, "chi_high": null, "beta_low": null}