{"R": 40.0, "wi": 2, "di": 1, "delta": 1.0, "gamma": {"0": 1.4732270257976807, "1": 1.181873449061791, "2": 1.38028004211341}, "mu": {"0": 1.134915169391711, "1": 1.1402804802356425, "2": 1.0952799150995827}, "phi": {"0": 0.3412890419519782, "1": 0.4986749484483073, "2": 0.7809595977046199}, "psi": {"0": 0.7709034320161944, "1": 0.5598913007726725, "2": 1.0072023536571089}, "sigma": {"0": 0.7150106719865963, "1": 0.5286563104711706, "2": 0.0}, "chi_high": null, "beta_low": null}