{"R": 40.0, "wi": 1, "di": 0, "delta": 1.0, "gamma": {"0": 0.5714183174333687, "1": 0.9446464893694695, "2": 1.116188063483976}, "mu": {"0": 1.0923894066042938, "1": 1.0201052284611705, "2": 1.0335924292534016}, "phi": {"0": 0.8932052007881947, "1": 0.5752752314555268, "2": 0.7697334860181761}, "psi": {"0": 0.9540595153693003, "1": 1.1322033195322692, "2": 0.6799504360814168}, "sigma": {"0": 0.6751758197551317, "1": 0.0, "2": 0.0}, "chi_high": null, "beta_low": 0.6915011077946844}