{"R": 40.0, "wi": 3, "di": 1, "delta": 1.0, "gamma": {"0": 1.4426139141451308, "1": 1.4223557407880918, "2": 1.3288865487671964}, "mu": {"0": 1.0027908519134616, "1": 1.00929126572497, "2": 1.0374432984390471}, "phi": {"0": 0.8385440376169073, "1": 0.3209471230074348, "2": 0.01222650224533317}, "psi": {"0": 0.970820369787159, "1": 0.7778448132121603, "2": 1.274001949008687}, "sigma": {"0": 0.6383619262676892, "1": 0.7299222913301815, "2": 0.0}, "chi_high": 0.07952012357596086, "beta_low": null}