{"R": 40.0, "wi": 3, "di": 1, "delta": 1.0, "gamma": {"0": 1.2540713863178057, "1": 1.477550644678231, "2": 1.2695570468143265}, "mu": {"0": 1.0982901607043962, "1": 1.1415589020915657, "2": 1.0872141436850944}, "phi": {"0": 0.35377944374343895, "1": 0.28608200623585245, "2": 0.14709306529089594}, "psi": {"0": 0.9148723373381102, "1": 0.9890234445184842, "2": 0.60597116309634}, "sigma": {"0": 0.7496132267369624, "1": 0.7870301258888868, "2": 0.0}, "chi_high": 0.3209583703207399, "beta_low": null}