{"R": 40.0, "wi": 1, "di": 1, "delta": 1.0, "gamma": {"0": 0.9847436145024772, "1": 1.0093844547866162, "2": 0.6942538459778612}, "mu": {"0": 1.1030282941281442, "1": 1.0709290487913556, "2": 1.0819452199461068}, "phi": {"0": 0.37296779162051485, "1": 0.5679691621993292, "2": 0.2991829461945086}, "psi": {"0": 0.9850874427315788, "1": 0.9105224390727327, "2": 1.4879676842082592}, "sigma": {"0": 0.7167695519204142, "1": 0.0, "2": 0.0}, "chi_high": null, "beta_low": 0.8113645807076519}