{"R": 40.0, "wi": 0, "di": 1, "delta": 1.0, "gamma": {"0": 1.4077415081831854, "1": 1.2889673273253996, "2": 1.45627140322024}, "mu": {"0": 1.092569272304639, "1": 1.0390785127884572, "2": 1.0732954036100484}, "phi": {"0": 0.4310114938220463, "1": 0.9078106155812002, "2": 0.6180307909169174}, "psi": {"0": 0.9728376562371653, "1": 1.0126601041993375, "2": 1.3996640099873456}, "sigma": {"0": 0.9871241699807229, "1": 0.7701690058717214, "2": 0.0}, "chi_high": 0.5567401392305372, "beta_low": 0.3559851302112298}