{"R": 40.0, "wi": 0, "di": 2, "delta": 1.0, "gamma": {"0": 0.5349659429559795, "1": 0.6431204361133225, "2": 0.7198459404385501}, "mu": {"0": 1.1097564741294645, "1": 1.08552769762527, "2": 1.0983785592413173}, "phi": {"0": 0.7504909343798869, "1": 0.6899562454065381, "2": 0.23358649102167395}, "psi": {"0": 0.8785983463012356, "1": 0.9235737233408895, "2": 0.6693396477390339}, "sigma": {"0": 0.6220688707983544, "1": 0.6850627089914265, "2": 0.0}, "chi_high": 0.9469877956833518, "beta_low": 0.3891770125459753}