{"R": 40.0, "wi": 2, "di": 0, "delta": 1.0, "gamma": {"0": 1.2598081659945508, "1": 0.7118450783772218, "2": 0.6658998183810635}, "mu": {"0": 1.1325658582005267, "1": 1.002481394390384, "2": 1.0202276809146333}, "phi": {"0": 0.33563136019952666, "1": 0.1479613908069064, "2": 0.40826879667034965}, "psi": {"0": 1.1141551293436784, "1": 0.8753736382553176, "2": 0.8574688812615179}, "sigma": {"0": 0.9929473221857895, "1": 0.8193114341430234, "2": 0.0}, "chi_high": null, "beta_low": null}