{"R": 40.0, "wi": 3, "di": 1, "delta": 1.0, "gamma": {"0": 0.5501942284303303, "1": 0.9033327267252741, "2": 1.3975784961952677}, "mu": {"0": 1.1136923835068222, "1": 1.0759838296061695, "2": 1.094474467067518}, "phi": {"0": 0.47270817672708887, "1": 0.9594208157595544, "2": 0.5253303553059832}, "psi": {"0": 0.734165845914516, "1": 0.8976238877828971, "2": 1.2217358898485238}, "sigma": {"0": 0.8574344684500103, "1": 0.6230139103695271, "2": 0.0}, "chi_high": 0.2899301424894254, "beta_low": null}