{"R": 40.0, "wi": 3, "di": 0, "delta": 1.0, "gamma": {"0": 0.5249306310574431, "1": 0.751207717075683, "2": 1.4885264114725434}, "mu": {"0": 1.055379132624777, "1": 1.0249839551268274, "2": 1.0974124025923997}, "phi": {"0": 0.3791985142822101, "1": 0.9953122406518995, "2": 0.16283177890052214}, "psi": {"0": 0.6216303042770938, "1": 1.4680626402544994, "2": 0.6436347271604137}, "sigma": {"0": 0.6795124252405125, "1": 0.7735951817800308, "2": 0.0}, "chi_high": 0.2077309134662041, "beta_low": null}