{"R": 40.0, "wi": 1, "di": 0, "delta": 1.0, "gamma": {"0": 1.0866869824576566, "1": 1.1310102852184982, "2": 1.389162013790544}, "mu": {"0": 1.1098472388036964, "1": 1.1160493355286876, "2": 1.1123924022022114}, "phi": {"0": 0.03637887800356998, "1": 0.9060738980669871, "2": 0.6092618245606233}, "psi": {"0": 1.4539400025369025, "1": 1.034568821894588, "2": 1.3238670762291327}, "sigma": {"0": 0.6818350920453802, "1": 0.0, "2": 0.0}, "chi_high": null, "beta_low": 0.5772634272083785}