{"R": 40.0, "wi": 1, "di": 2, "delta": 1.0, "gamma": {"0": 1.2322673584388677, "1": 1.1039608688591167, "2": 1.1630112419144418}, "mu": {"0": 1.1366309229863245, "1": 1.0565677093340506, "2": 1.0388759488886188}, "phi": {"0": 0.5910582748110041, "1": 0.3945678495933167, "2": 0.9315945657193959}, "psi": {"0": 1.232670461467646, "1": 0.8795061140883887, "2": 0.5456731038779543}, "sigma": {"0": 0.6329218309698911, "1": 0.0, "2": 0.0}, "chi_high": null, "beta_low": 0.11531465211143747}