{"R": 40.0, "wi": 1, "di": 0, "delta": 1.0, "gamma": {"0": 0.982539142304614, "1": 1.1327487035013033, "2": 0.8250647449645566}, "mu": {"0": 1.1321480881373098, "1": 1.0177538016580783, "2": 1.0149572419563926}, "phi": {"0": 0.023785062354733544, "1": 0.07821978011730568, "2": 0.6887066398236937}, "psi": {"0": 0.5623991948885385, "1": 1.39096994830857, "2": 1.346151703772335}, "sigma": {"0": 0.8567747374415512, "1": 0.0, "2": 0.0}, "chi_high": null, "beta_low": 0.36961421589175825}