{"R": 40.0, "wi": 0, "di": 2, "delta": 1.0, "gamma": {"0": 0.7480711476835257, "1": 1.279294235080768, "2": 1.4974930884834474}, "mu": {"0": 1.0772967549590557, "1": 1.0115105249663532, "2": 1.0699473289243788}, "phi": {"0": 0.49620476224347076, "1": 0.0829685327425993, "2": 0.4254217688884969}, "psi": {"0": 1.1223747218863591, "1": 1.0866105444450245, "2": 0.676964960252839}, "sigma": {"0": 0.51221998692766, "1": 0.7352422012114666, "2": 0.0}, "chi_high": 0.3534476752453599, "beta_low": 0.42538222706535916}