{"R": 40.0, "wi": 3, "di": 2, "delta": 1.0, "gamma": {"0": 0.6013015814630743, "1": 1.2798203988499712, "2": 0.615502190447858}, "mu": {"0": 1.1134703473483678, "1": 1.0147479845916394, "2": 1.0885225737561137}, "phi": {"0": 0.09057748618551864, "1": 0.5270806098405107, "2": 0.10101788273215617}, "psi": {"0": 1.2937231688619364, "1": 1.0673646869692357, "2": 0.817990333613429}, "sigma": {"0": 0.8153764700254837, "1": 0.6343066537608663, "2": 0.0}, "chi_high": 0.6949152383856363, "beta_low": null}