{"R": 40.0, "wi": 1, "di": 2, "delta": 1.0, "gamma": {"0": 1.1781996722579189, "1": 1.421744485824489, "2": 0.5072136387028541}, "mu": {"0": 1.0557689167344013, "1": 1.0900755612195303, "2": 1.1241251322528358}, "phi": {"0": 0.7556815963301978, "1": 0.49281360132486685, "2": 0.8094184137317746}, "psi": {"0": 0.7950568825904334, "1": 0.5143652160067991, "2": 0.9801318219251047}, "sigma": {"0": 0.9739944341139981, "1": 0.0, "2": 0.0}, "chi_high": null, "beta_low": 0.07693359449093794}