{"R": 40.0, "wi": 0, "di": 2, "delta": 1.0, "gamma": {"0": 0.8515230276160376, "1": 0.8673774901911621, "2": 1.3672311162713164}, "mu": {"0": 1.1233262564473614, "1": 1.0804903020633827, "2": 1.1487862612837032}, "phi": {"0": 0.7431943371305104, "1": 0.6722888028370445, "2": 0.16572874680168515}, "psi": {"0": 1.1412262619181397, "1": 0.6380412711195227, "2": 0.7814133488099197}, "sigma": {"0": 0.9157743259170166, "1": 0.8154080643331849, "2": 0.0}, "chi_high": 0.40273334955142603, "beta_low": 0.43559549895285876}