{"R": 40.0, "wi": 1, "di": 2, "delta": 1.0, "gamma": {"0": 1.1177453907915749, "1": 1.3951565601958884, "2": 0.7826283818556127}, "mu": {"0": 1.0040188309039606, "1": 1.066143404931744, "2": 1.1062878511825407}, "phi": {"0": 0.7885652326461252, "1": 0.27774968164315095, "2": 0.580988379576938}, "psi": {"0": 1.4150125061046075, "1": 1.2601454607312021, "2": 0.7369321751153715}, "sigma": {"0": 0.5267625564326208, "1": 0.0, "2": 0.0}, "chi_high": null, "beta_low": 0.7112485206369075}