{"R": 40.0, "wi": 1, "di": 0, "delta": 1.0, "gamma": {"0": 1.4022671557532878, "1": 0.8485861438751194, "2": 0.9424309712890183}, "mu": {"0": 1.1225953145007241, "1": 1.001150513475676, "2": 1.141870533175762}, "phi": {"0": 0.0830999810274321, "1": 0.16103717996250477, "2": 0.5056008349191857}, "psi": {"0": 1.0914677816885083, "1": 0.5879582229972607, "2": 1.452203582343371}, "sigma": {"0": 0.7374096387170919, "1": 0.0, "2": 0.0}, "chi_high": null, "beta_low": 0.17668189256369113}