{"R": 40.0, "wi": 2, "di": 1, "delta": 1.0, "gamma": {"0": 1.4377498811383158, "1": 1.0944059403540545, "2": 0.889429396628206}, "mu": {"0": 1.020002829027228, "1": 1.1262697915711224, "2": 1.1472221095129476}, "phi": {"0": 0.6298614413454136, "1": 0.25793059162496923, "2": 0.7805627907059836}, "psi": {"0": 0.7535085173730577, "1": 0.8896452363939858, "2": 1.0415997805143444}, "sigma": {"0": 0.9186937299878066, "1": 0.9557015504302875, "2": 0.0}, "chi_high": null, "beta_low": null}