{"R": 40.0, "wi": 2, "di": 2, "delta": 1.0, "gamma": {"0": 1.248611327789651, "1": 1.1492071675565299, "2": 0.8649943923717259}, "mu": {"0": 1.121124404944233, "1": 1.0710894668479782, "2": 1.056138835621056}, "phi": {"0": 0.24957358388568052, "1": 0.9760229994694145, "2": 0.023703339551872205}, "psi": {"0": 1.1206061528658506, "1": 0.5195649387783634, "2": 1.1273142219598409}, "sigma": {"0": 0.8896145178090227, "1": 0.5641433980539647, "2": 0.0}, "chi_high": null, "beta_low": null}