{"R": 40.0, "wi": 0, "di": 2, "delta": 1.0, "gamma": {"0": 0.5910642517897222, "1": 0.6435402197567395, "2": 0.8842269585955888}, "mu": {"0": 1.142353231799497, "1": 1.0923900172976306, "2": 1.0046178971597148}, "phi": {"0": 0.022220468989361364, "1": 0.5406539192210444, "2": 0.9935293888160609}, "psi": {"0": 0.7889776422406785, "1": 0.9936942835653991, "2": 1.0170539348083718}, "sigma": {"0": 0.5686930549077522, "1": 0.5801410076814215, "2": 0.0}, "chi_high": 0.27526492711554, "beta_low": 0.42859470533963673}