{"R": 40.0, "wi": 2, "di": 2, "delta": 1.0, "gamma": {"0": 1.2806999701186297, "1": 1.0614564301074285, "2": 0.9416432320003995}, "mu": {"0": 1.1306013381471556, "1": 1.0084118353505085, "2": 1.0575883289475991}, "phi": {"0": 0.3328132905540234, "1": 0.1475242081850351, "2": 0.19120687713962226}, "psi": {"0": 1.0537742273308317, "1": 0.5741907484059217, "2": 0.8434645381205652}, "sigma": {"0": 0.6114584041204097, "1": 0.6430937778401022, "2": 0.0}, "chi_high": null, "beta_low": null}