{"R": 40.0, "wi": 3, "di": 1, "delta": 1.0, "gamma": {"0": 1.2540652578748628, "1": 0.8791612487041822, "2": 0.8500513489168888}, "mu": {"0": 1.0432439742096242, "1": 1.1234382818312234, "2": 1.0438857126394332}, "phi": {"0": 0.6968569316613508, "1": 0.8189432897089551, "2": 0.7352191285678874}, "psi": {"0": 1.2637278407349648, "1": 0.8629847422214799, "2": 0.6302701038745572}, "sigma": {"0": 0.7714742971739007, "1": 0.7256130287896256, "2": 0.0}, "chi_high": 0.7336700655588148, "beta_low": null}