{"R": 40.0, "wi": 2, "di": 1, "delta": 1.0, "gamma": {"0": 1.2358432959441905, "1": 1.0878972454733247, "2": 1.0211761836514568}, "mu": {"0": 1.1257111422220971, "1": 1.0197078553086256, "2": 1.1157770103124005}, "phi": {"0": 0.8986406162085048, "1": 0.7196309272996467, "2": 0.6395433716723181}, "psi": {"0": 1.0980852912279369, "1": 1.1322322226173673, "2": 1.0801138495496818}, "sigma": {"0": 0.9443142929450083, "1": 0.7536987268891686, "2": 0.0}, "chi_high": null, "beta_low": null}