{"R": 40.0, "wi": 0, "di": 1, "delta": 1.0, "gamma": {"0": 1.4990150293311348, "1": 1.3594955767968853, "2": 1.3344106699982499}, "mu": {"0": 1.0249692667086479, "1": 1.0464721691707777, "2": 1.0788305653572068}, "phi": {"0": 0.5481073284281014, "1": 0.11145671830945114, "2": 0.9721986485823826}, "psi": {"0": 0.6295292405699604, "1": 1.1945187398068415, "2": 1.1885400084354494}, "sigma": {"0": 0.7680304410194414, "1": 0.7048520976742901, "2": 0.0}, "chi_high": 0.5672559104206811, "beta_low": 0.07830029221586005}