{"R": 40.0, "wi": 1, "di": 2, "delta": 1.0, "gamma": {"0": 0.9765113573171244, "1": 0.589936823362459, "2": 1.3225219049347883}, "mu": {"0": 1.0731202768481363, "1": 1.137889862246612, "2": 1.1019973599941162}, "phi": {"0": 0.7116080011679715, "1": 0.3893917183546488, "2": 0.9883283149835499}, "psi": {"0": 1.055869882680872, "1": 0.9711776010719185, "2": 0.8716262130797325}, "sigma": {"0": 0.5571656498301236, "1": 0.0, "2": 0.0}, "chi_high": null, "beta_low": 0.8815386100441217}