{"R": 40.0, "wi": 0, "di": 0, "delta": 1.0, "gamma": {"0": 0.8986694728511141, "1": 0.7386059223297653, "2": 0.6316276240225975}, "mu": {"0": 1.096434526391489, "1": 1.0250645023246858, "2": 1.0625820954758856}, "phi": {"0": 0.6122595568273382, "1": 0.3827951448214695, "2": 0.570450756868365}, "psi": {"0": 1.0162651198452592, "1": 0.7706512119251235, "2": 0.5546971610348884}, "sigma": {"0": 0.5707934359482425, "1": 0.5050116776976188, "2": 0.0}, "chi_high": 0.057368128459777776, "beta_low": 0.019547519443595257}