{"R": 40.0, "wi": 2, "di": 0, "delta": 1.0, "gamma": {"0": 1.1909555327892605, "1": 0.8315965437757342, "2": 0.9979827655468909}, "mu": {"0": 1.0890326417890142, "1": 1.0920538554854817, "2": 1.100825793778322}, "phi": {"0": 0.8278056684881138, "1": 0.4644535331397026, "2": 0.7153859482014211}, "psi": {"0": 0.7359531945317227, "1": 0.8455715150934253, "2": 1.4297909724094664}, "sigma": {"0": 0.8258868473445773, "1": 0.6204343824523153, "2": 0.0}, "chi_high": null, "beta_low": null}