{"R": 40.0, "wi": 3, "di": 2, "delta": 1.0, "gamma": {"0": 1.1897492288110516, "1": 1.4207173164455758, "2": 0.8888038365347987}, "mu": {"0": 1.1209646473887556, "1": 1.044786156533079, "2": 1.048149258516459}, "phi": {"0": 0.48411167995669413, "1": 0.7787993468944076, "2": 0.9110636226389536}, "psi": {"0": 1.278606112607104, "1": 1.356137154553657, "2": 0.730733169468795}, "sigma": {"0": 0.5026619655227966, "1": 0.532228295120764, "2": 0.0}, "chi_high": 0.39898056209648286, "beta_low": null}