{"R": 40.0, "wi": 3, "di": 0, "delta": 1.0, "gamma": {"0": 1.0880431822295193, "1": 1.2868820661191442, "2": 0.8654321990030439}, "mu": {"0": 1.0850109583065348, "1": 1.0947771112433957, "2": 1.0554832325510404}, "phi": {"0": 0.82074600788329, "1": 0.6369547551004711, "2": 0.838840683392807}, "psi": {"0": 1.2422608598113687, "1": 1.006857110362612, "2": 1.4756721266676909}, "sigma": {"0": 0.948215982285624, "1": 0.9948053803285486, "2": 0.0}, "chi_high": 0.694116732614668, "beta_low": null}