{"R": 40.0, "wi": 2, "di": 1, "delta": 1.0, "gamma": {"0": 1.016541068710778, "1": 1.35800340124495, "2": 0.5222912898356002}, "mu": {"0": 1.095514466688833, "1": 1.100068682971739, "2": 1.1211000820554748}, "phi": {"0": 0.2814259798945937, "1": 0.44137729874373977, "2": 0.044119203671889484}, "psi": {"0": 0.5521905695377599, "1": 0.6628656674787552, "2": 0.8712219135875133}, "sigma": {"0": 0.965847078172253, "1": 0.8256331246559989, "2": 0.0}, "chi_high": null, "beta_low": null}