{"R": 40.0, "wi": 0, "di": 2, "delta": 1.0, "gamma": {"0": 1.338752881306938, "1": 1.4733603068725427, "2": 1.0257867056443528}, "mu": {"0": 1.1171059310945952, "1": 1.016949451198229, "2": 1.0938919221332806}, "phi": {"0": 0.5530182120774554, "1": 0.6074013245613231, "2": 0.8844105494100181}, "psi": {"0": 1.116655096734696, "1": 0.6116065906739234, "2": 1.4589780955043294}, "sigma": {"0": 0.8149251302970737, "1": 0.7843903114113628, "2": 0.0}, "chi_high": 0.9151935641722482, "beta_low": 0.6975541988797296}