{"R": 40.0, "wi": 2, "di": 2, "delta": 1.0, "gamma": {"0": 1.238302506602687, "1": 1.334475766456509, "2": 0.7974772493395579}, "mu": {"0": 1.0112395045285, "1": 1.07212120244933, "2": 1.1144643435005022}, "phi": {"0": 0.29633837641504734, "1": 0.14507386486421037, "2": 0.12862872144253257}, "psi": {"0": 0.9338657730474417, "1": 0.9015688941968774, "2": 0.5711845797018845}, "sigma": {"0": 0.7838787313519902, "1": 0.9981235134807747, "2": 0.0}, "chi_high": null, "beta_low": null}