{"R": 40.0, "wi": 2, "di": 2, "delta": 1.0, "gamma": {"0": 1.4398791541550187, "1": 1.3147878203221945, "2": 1.0033990456890978}, "mu": {"0": 1.0927098628935572, "1": 1.074981416751503, "2": 1.1475117998135964}, "phi": {"0": 0.823972144868758, "1": 0.29778803857214886, "2": 0.9779181462173625}, "psi": {"0": 1.380282415396537, "1": 0.6291103227264675, "2": 0.9062046661373813}, "sigma": {"0": 0.9798082076611213, "1": 0.7303480479066378, "2": 0.0}, "chi_high": null, "beta_low": null}