{"R": 40.0, "wi": 0, "di": 2, "delta": 1.0, "gamma": {"0": 0.5074921193363652, "1": 1.3833974842083543, "2": 0.5134844882452938}, "mu": {"0": 1.0697902432124076, "1": 1.057043978576703, "2": 1.0964344399028474}, "phi": {"0": 0.6221312647342736, "1": 0.25612955317510333, "2": 0.8333167697956279}, "psi": {"0": 1.3155654446840412, "1": 1.1355897329994296, "2": 1.1680334897331246}, "sigma": {"0": 0.618761264373843, "1": 0.6838811196759075, "2": 0.0}, "chi_high": 0.24681617101767117, "beta_low": 0.1072795680917107}