{"R": 40.0, "wi": 0, "di": 2, "delta": 1.0, "gamma": {"0": 1.1768122741759912, "1": 1.4694473362840261, "2": 0.514176461543767}, "mu": {"0": 1.0157485654240175, "1": 1.029458421652606, "2": 1.1228643585790512}, "phi": {"0": 0.38996056254392053, "1": 0.8708654415098515, "2": 0.43846139901269787}, "psi": {"0": 1.467760314641184, "1": 0.7375925567884238, "2": 0.7514696533436289}, "sigma": {"0": 0.7601229668753103, "1": 0.6055186915620518, "2": 0.0}, "chi_high": 0.07055424733705691, "beta_low": 0.9687119257888416}