{"R": 40.0, "wi": 1, "di": 0, "delta": 1.0, "gamma": {"0": 0.6137199827041729, "1": 0.6753659660929646, "2": 0.629256762578021}, "mu": {"0": 1.0508220812696043, "1": 1.00274377119139, "2": 1.1266818474368179}, "phi": {"0": 0.0005494648240458311, "1": 0.5452605141833333, "2": 0.2886204900676316}, "psi": {"0": 1.3051895476418973, "1": 1.4076538720565797, "2": 1.0104264076898293}, "sigma": {"0": 0.9429985567487627, "1": 0.0, "2": 0.0}, "chi_high": null, "beta_low": 0.11250865590927496}