{"R": 40.0, "wi": 0, "di": 0, "delta": 1.0, "gamma": {"0": 1.290553462638648, "1": 0.6108899308096201, "2": 0.8244999873565306}, "mu": {"0": 1.102961369642261, "1": 1.1382529445601028, "2": 1.134193601714642}, "phi": {"0": 0.3706406269153666, "1": 0.8405480150044793, "2": 0.6029923607660612}, "psi": {"0": 1.0758715498267084, "1": 0.5248262632210976, "2": 0.9120239136477603}, "sigma": {"0": 0.886221493046885, "1": 0.9510480494193605, "2": 0.0}, "chi_high": 0.23578693664919417, "beta_low": 0.6415738924458613}