{"R": 40.0, "wi": 2, "di": 2, "delta": 1.0, "gamma": {"0": 0.8894863656570322, "1": 0.7926005282237707, "2": 0.7359131333828959}, "mu": {"0": 1.0985664914864135, "1": 1.0410591505981261, "2": 1.1249320257154891}, "phi": {"0": 0.40607421406791744, "1": 0.0922282211058486, "2": 0.8582580991620158}, "psi": {"0": 0.7773880013800916, "1": 1.2738007682783592, "2": 0.9359464839978343}, "sigma": {"0": 0.9556516032764338, "1": 0.807028174935822, "2": 0.0}, "chi_high": null, "beta_low": null}