{"R": 40.0, "wi": 2, "di": 1, "delta": 1.0, "gamma": {"0": 0.5090183841727972, "1": 0.5601914715493738, "2": 0.8752005447318065}, "mu": {"0": 1.071531136409714, "1": 1.078427129699862, "2": 1.1165387271687346}, "phi": {"0": 0.10299743687038221, "1": 0.5976002482774827, "2": 0.9967707105540176}, "psi": {"0": 1.1018698823121982, "1": 0.6360804877163785, "2": 0.954742211818113}, "sigma": {"0": 0.7240308609427097, "1": 0.6821557485372589, "2": 0.0}, "chi_high": null, "beta_low": null}