{"R": 40.0, "wi": 1, "di": 0, "delta": 1.0, "gamma": {"0": 1.1392212123104941, "1": 0.561447467945464, "2": 1.3432566757631283}, "mu": {"0": 1.0676004190940314, "1": 1.1404601703406263, "2": 1.089500204266694}, "phi": {"0": 0.12068335110750583, "1": 0.4561616127863939, "2": 0.4965038054418196}, "psi": {"0": 1.357998091863477, "1": 0.8604391182935268, "2": 1.1909671081508106}, "sigma": {"0": 0.759141028653842, "1": 0.0, "2": 0.0}, "chi_high": null, "beta_low": 0.9280164057290651}