{"R": 40.0, "wi": 1, "di": 0, "delta": 1.0, "gamma": {"0": 0.8438251392542263, "1": 0.9239108465877305, "2": 0.9682879503808612}, "mu": {"0": 1.0349400954157102, "1": 1.002798236763102, "2": 1.1370932610522688}, "phi": {"0": 0.712932318561435, "1": 0.282375462320382, "2": 0.013869309709324207}, "psi": {"0": 0.9729382850515154, "1": 0.6592384790121545, "2": 1.2436841287423446}, "sigma": {"0": 0.5592423802417006, "1": 0.0, "2": 0.0}, "chi_high": null, "beta_low": 0.31622587956562015}