{"R": 40.0, "wi": 2, "di": 2, "delta": 1.0, "gamma": {"0": 1.4113757688638184, "1": 1.232907958642469, "2": 0.7062744594199977}, "mu": {"0": 1.0778151328936563, "1": 1.1496051980132782, "2": 1.037055458097832}, "phi": {"0": 0.02023870662320748, "1": 0.6745523897478027, "2": 0.43899591393781734}, "psi": {"0": 0.843116805995078, "1": 1.2447605471658667, "2": 1.1878709256950848}, "sigma": {"0": 0.8234677777852856, "1": 0.8066365807837798, "2": 0.0}, "chi_high": null, "beta_low": null}