{"R": 40.0, "wi": 1, "di": 0, "delta": 1.0, "gamma": {"0": 1.1055288857402714, "1": 0.7975967342398765, "2": 1.1033672157458603}, "mu": {"0": 1.103573364969359, "1": 1.1098074617805125, "2": 1.0098938572158926}, "phi": {"0": 0.7103094321037521, "1": 0.4380842704975062, "2": 0.06720296788265301}, "psi": {"0": 0.7364435913523031, "1": 0.5691699798670095, "2": 1.314522321685481}, "sigma": {"0": 0.6169586187389564, "1": 0.0, "2": 0.0}, "chi_high": null, "beta_low": 0.02797939758904492}