{"R": 40.0, "wi": 0, "di": 0, "delta": 1.0, "gamma": {"0": 0.6404308647147513, "1": 1.4348563526394489, "2": 1.378770170639859}, "mu": {"0": 1.08396957181674, "1": 1.012152816797464, "2": 1.0689414804271378}, "phi": {"0": 0.3935563413257953, "1": 0.9937980799748779, "2": 0.10156401005288984}, "psi": {"0": 1.1926389598498877, "1": 1.490738834469569, "2": 1.0298196012690133}, "sigma": {"0": 0.6034745479448307, "1": 0.9499839418896647, "2": 0.0}, "chi_high": 0.7533933906725593, "beta_low": 0.3485564665172167}