{"R": 40.0, "wi": 0, "di": 0, "delta": 1.0, "gamma": {"0": 1.0644082196542333, "1": 1.2603570924391294, "2": 0.7443860472103788}, "mu": {"0": 1.0777204722533393, "1": 1.0687051193801222, "2": 1.1186729524073844}, "phi": {"0": 0.02951778775088809, "1": 0.03541182376394314, "2": 0.3030864588874226}, "psi": {"0": 1.0590984340029566, "1": 1.134009131428452, "2": 0.6604747466695823}, "sigma": {"0": 0.6614855422568678, "1": 0.9238424273737704, "2": 0.0}, "chi_high": 0.22564108292045512, "beta_low": 0.9535631209831154}