{"R": 40.0, "wi": 3, "di": 2, "delta": 1.0, "gamma": {"0": 1.0580242769467025, "1": 1.019193456210899, "2": 1.2312368109166658}, "mu": {"0": 1.041338223253694, "1": 1.0868649773633636, "2": 1.0414307520947017}, "phi": {"0": 0.22775647062626103, "1": 0.9728629537384781, "2": 0.33806957712271624}, "psi": {"0": 0.6396461044946911, "1": 0.6739094779415148, "2": 0.9128779028175577}, "sigma": {"0": 0.8561064402089675, "1": 0.9507679313345081, "2": 0.0}, "chi_high": 0.3087584398335248, "beta_low": null}