{"R": 40.0, "wi": 0, "di": 0, "delta": 1.0, "gamma": {"0": 1.06325280295782, "1": 0.5945571425640683, "2": 0.9216837611559638}, "mu": {"0": 1.1230132154503207, "1": 1.021975321680227, "2": 1.0877373816719371}, "phi": {"0": 0.9651052350167817, "1": 0.5082552347110891, "2": 0.6417947392700377}, "psi": {"0": 0.6345178468220612, "1": 0.8995698244726209, "2": 0.5894722219837388}, "sigma": {"0": 0.5259019193229597, "1": 0.8808890364517973, "2": 0.0}, "chi_high": 0.8305992833494686, "beta_low": 0.6497553848760474}