{"R": 40.0, "wi": 1, "di": 2, "delta": 1.0, "gamma": {"0": 0.6921731886096596, "1": 1.1946283738494925, "2": 1.0484961472045315}, "mu": {"0": 1.0390180001031937, "1": 1.1418473529761277, "2": 1.1414756423149777}, "phi": {"0": 0.40600920802075513, "1": 0.9908020303705181, "2": 0.562769971817166}, "psi": {"0": 0.5947658344311757, "1": 0.6348398645719842, "2": 0.9529876345710586}, "sigma": {"0": 0.7548141529241428, "1": 0.0, "2": 0.0}, "chi_high": null, "beta_low": 0.8344722629913787}