{"R": 40.0, "wi": 2, "di": 0, "delta": 1.0, "gamma": {"0": 1.272758788324177, "1": 1.1621281010089584, "2": 0.5330449213103057}, "mu": {"0": 1.0447162179639973, "1": 1.11512480532241, "2": 1.0955411297940592}, "phi": {"0": 0.6832016138315303, "1": 0.07585946472389415, "2": 0.8499427595791137}, "psi": {"0": 1.0423255448507918, "1": 0.9273218430093709, "2": 1.042911749046628}, "sigma": {"0": 0.6175474728856745, "1": 0.5750930154315549, "2": 0.0}, "chi_high": null, "beta_low": null}