{"R": 40.0, "wi": 1, "di": 1, "delta": 1.0, "gamma": {"0": 0.7024695689825111, "1": 0.6728619406861964, "2": 0.5570236189564745}, "mu": {"0": 1.09885843008203, "1": 1.1149032871937543, "2": 1.074101146604281}, "phi": {"0": 0.9248763942214058, "1": 0.277348972383313, "2": 0.8436381129062376}, "psi": {"0": 0.5607269108663283, "1": 1.097422494756018, "2": 0.777283465673822}, "sigma": {"0": 0.5971581060996016, "1": 0.0, "2": 0.0}, "chi_high": null, "beta_low": 0.6952049816437871}