{"R": 40.0, "wi": 0, "di": 2, "delta": 1.0, "gamma": {"0": 0.6766185770396995, "1": 1.4875007249767567, "2": 0.8079384640739216}, "mu": {"0": 1.0684643890614947, "1": 1.0549931405727062, "2": 1.0558781206646122}, "phi": {"0": 0.11187094244831741, "1": 0.876697184274143, "2": 0.47380804574956603}, "psi": {"0": 0.7175938667865956, "1": 0.5373244696646262, "2": 1.021681640126045}, "sigma": {"0": 0.6250115167928545, "1": 0.7365430246299041, "2": 0.0}, "chi_high": 0.6767334061587399, "beta_low": 0.21623751213504197}