{"R": 40.0, "wi": 3, "di": 0, "delta": 1.0, "gamma": {"0": 1.3396069674978275, "1": 0.812347878886342, "2": 0.9322247857516323}, "mu": {"0": 1.060696445668922, "1": 1.0459697213620776, "2": 1.1041479124187343}, "phi": {"0": 0.15190602016196753, "1": 0.01419761567670641, "2": 0.27745304792968783}, "psi": {"0": 1.0216188610855896, "1": 0.699056883634322, "2": 0.5759683976899292}, "sigma": {"0": 0.5866251019060267, "1": 0.5278075482159632, "2": 0.0}, "chi_high": 0.04453644868234411, "beta_low": null}