{"R": 40.0, "wi": 0, "di": 0, "delta": 1.0, "gamma": {"0": 1.287463098380957, "1": 0.7946601198187203, "2": 1.0716051295283644}, "mu": {"0": 1.0136665703955794, "1": 1.1447267642685035, "2": 1.1336012255890884}, "phi": {"0": 0.33253901678979136, "1": 0.5270067671742558, "2": 0.40809475197644307}, "psi": {"0": 0.5595534578712826, "1": 1.2216084714980524, "2": 1.1917226688076652}, "sigma": {"0": 0.7919485323508915, "1": 0.7405656602306803, "2": 0.0}, "chi_high": 0.3730253314069318, "beta_low": 0.6711569025587141}