{"R": 40.0, "wi": 2, "di": 2, "delta": 1.0, "gamma": {"0": 0.8596572725973048, "1": 0.5429564835980585, "2": 0.6865282185649284}, "mu": {"0": 1.0472382926605377, "1": 1.1093141063859717, "2": 1.1203433585632816}, "phi": {"0": 0.7466286827740793, "1": 0.8447629190094601, "2": 0.6832355604440385}, "psi": {"0": 1.1738238377311998, "1": 0.8175781193381233, "2": 0.7261120328437781}, "sigma": {"0": 0.661734988497154, "1": 0.7439422732592882, "2": 0.0}, "chi_high": null, "beta_low": null}