{"R": 40.0, "wi": 1, "di": 1, "delta": 1.0, "gamma": {"0": 0.7972566142235029, "1": 1.2789698685469617, "2": 0.5806272312257731}, "mu": {"0": 1.1065125235158344, "1": 1.1433380406369886, "2": 1.1180305031482074}, "phi": {"0": 0.4089365280055133, "1": 0.7782224818993264, "2": 0.9026757600522193}, "psi": {"0": 0.6303125700467049, "1": 0.7596706884403196, "2": 1.2481906791436936}, "sigma": {"0": 0.7862155060171219, "1": 0.0, "2": 0.0}, "chi_high": null, "beta_low": 0.13295725473480421}