{"R": 40.0, "wi": 2, "di": 0, "delta": 1.0, "gamma": {"0": 0.9054582844238983, "1": 1.406805577165991, "2": 1.0479045339521145}, "mu": {"0": 1.0052312150679588, "1": 1.1369181821339176, "2": 1.1344694961938642}, "phi": {"0": 0.5576990147235424, "1": 0.2965499273873342, "2": 0.164864135001635}, "psi": {"0": 0.7459626398158434, "1": 1.4244705212388182, "2": 0.6124367805730386}, "sigma": {"0": 0.931889953957237, "1": 0.7208027690083021, "2": 0.0}, "chi_high": null, "beta_low": null}