{"R": 40.0, "wi": 1, "di": 2, "delta": 1.0, "gamma": {"0": 0.6806653677803746, "1": 0.9950995064653755, "2": 0.8014871484352918}, "mu": {"0": 1.1135130672514708, "1": 1.0083730924482648, "2": 1.1124387521440988}, "phi": {"0": 0.42171606009978313, "1": 0.5110903405083287, "2": 0.5811122432189415}, "psi": {"0": 1.03303243502735, "1": 1.2939220785126733, "2": 1.4668958354421702}, "sigma": {"0": 0.9201501817526764, "1": 0.0, "2": 0.0}, "chi_high": null, "beta_low": 0.7800200743149414}