{"R": 40.0, "wi": 3, "di": 2, "delta": 1.0, "gamma": {"0": 0.7511152918202643, "1": 1.2724421803693706, "2": 0.7668807870069}, "mu": {"0": 1.0719377696610006, "1": 1.1243305992444776, "2": 1.0800596805052851}, "phi": {"0": 0.7741940708378072, "1": 0.9280471545169622, "2": 0.12023165988245621}, "psi": {"0": 0.7238080557662392, "1": 0.9801028378006644, "2": 0.6430050006758175}, "sigma": {"0": 0.8115345600122408, "1": 0.7824573114085024, "2": 0.0}, "chi_high": 0.14884567130778853, "beta_low": null}