{"R": 40.0, "wi": 2, "di": 2, "delta": 1.0, "gamma": {"0": 1.3930843061724172, "1": 0.9829979500584356, "2": 0.9682532649443559}, "mu": {"0": 1.0058684821073147, "1": 1.1453805044280605, "2": 1.104032275630606}, "phi": {"0": 0.3468899041957819, "1": 0.9891751918291083, "2": 0.8325081634737079}, "psi": {"0": 1.2934601599686797, "1": 0.9295178984443854, "2": 1.3026544149036035}, "sigma": {"0": 0.7706028512542327, "1": 0.6664155618105817, "2": 0.0}, "chi_high": null, "beta_low": null}