{"R": 40.0, "wi": 1, "di": 0, "delta": 1.0, "gamma": {"0": 1.282670382885154, "1": 1.0732662041827923, "2": 0.8187154741018231}, "mu": {"0": 1.0821634130394744, "1": 1.0538394116162852, "2": 1.1022514683556808}, "phi": {"0": 0.18256555625063753, "1": 0.3207820099870272, "2": 0.9064627065140978}, "psi": {"0": 0.9777715381306598, "1": 0.7617210018813542, "2": 0.5865423128045012}, "sigma": {"0": 0.6726098440364523, "1": 0.0, "2": 0.0}, "chi_high": null, "beta_low": 0.2603099688845346}