{"R": 40.0, "wi": 0, "di": 2, "delta": 1.0, "gamma": {"0": 1.2299834239699634, "1": 0.955235326194804, "2": 0.8326671688133692}, "mu": {"0": 1.1291606381886978, "1": 1.1236096515693725, "2": 1.119262930064819}, "phi": {"0": 0.3962576545980605, "1": 0.3644447515921383, "2": 0.5311215513558272}, "psi": {"0": 0.7309931922954375, "1": 1.0351496391689934, "2": 0.875838330699623}, "sigma": {"0": 0.7016909644841478, "1": 0.797783172213486, "2": 0.0}, "chi_high": 0.43806668626131406, "beta_low": 0.9439334865720671}