{"R": 40.0, "wi": 3, "di": 1, "delta": 1.0, "gamma": {"0": 0.6771889965709477, "1": 1.1911430639422425, "2": 1.1123630910596434}, "mu": {"0": 1.0116187618112131, "1": 1.0515527006938976, "2": 1.1407729624445464}, "phi": {"0": 0.20142000368351498, "1": 0.015613695870878797, "2": 0.04152567072722779}, "psi": {"0": 1.3242417086916456, "1": 1.3075453526221343, "2": 0.7269752246394118}, "sigma": {"0": 0.5037761950572, "1": 0.7178139077168408, "2": 0.0}, "chi_high": 0.41817776398278583, "beta_low": null}