{"R": 40.0, "wi": 2, "di": 0, "delta": 1.0, "gamma": {"0": 1.0197969444245758, "1": 0.544450373706987, "2": 1.3334357543301985}, "mu": {"0": 1.1397109850763893, "1": 1.129887134082166, "2": 1.0008021160828877}, "phi": {"0": 0.5382560154630528, "1": 0.49425499825399033, "2": 0.5454975629066372}, "psi": {"0": 0.6249773383242883, "1": 1.2005265951477377, "2": 0.9366681349601862}, "sigma": {"0": 0.650365909854904, "1": 0.91886173668563, "2": 0.0}, "chi_high": null, "beta_low": null}