{"R": 40.0, "wi": 2, "di": 2, "delta": 1.0, "gamma": {"0": 1.2138873977553941, "1": 1.1858619190401989, "2": 0.5147629048644945}, "mu": {"0": 1.0507162275142856, "1": 1.0315783842927944, "2": 1.1385517131642369}, "phi": {"0": 0.5684802840970693, "1": 0.9263022058981699, "2": 0.6933546969060636}, "psi": {"0": 1.0588165156357343, "1": 0.8711390481793287, "2": 1.4630698679522398}, "sigma": {"0": 0.578305102442972, "1": 0.9597971459920324, "2": 0.0}, "chi_high": null, "beta_low": null}