{"R": 40.0, "wi": 2, "di": 0, "delta": 1.0, "gamma": {"0": 1.0058494883161853, "1": 0.604333586572367, "2": 0.8776409410420064}, "mu": {"0": 1.0872374757731074, "1": 1.1409097146151366, "2": 1.1138194440315412}, "phi": {"0": 0.5749368294925333, "1": 0.9252644660386588, "2": 0.6151187039250486}, "psi": {"0": 0.881469238892232, "1": 0.9185436225586403, "2": 0.7195224183508799}, "sigma": {"0": 0.7280472873112522, "1": 0.7415837244414573, "2": 0.0}, "chi_high": null, "beta_low": null}