{"R": 40.0, "wi": 1, "di": 1, "delta": 1.0, "gamma": {"0": 0.990340497075298, "1": 1.3273018196156738, "2": 1.0900785012058174}, "mu": {"0": 1.1413639500101385, "1": 1.083642823916568, "2": 1.0835051724755214}, "phi": {"0": 0.13605602519350213, "1": 0.891718108439149, "2": 0.8367954572798533}, "psi": {"0": 0.9893889277959699, "1": 0.8045134742362862, "2": 1.056451372182283}, "sigma": {"0": 0.8542611237806429, "1": 0.0, "2": 0.0}, "chi_high": null, "beta_low": 0.9015981024440284}