{"R": 40.0, "wi": 0, "di": 2, "delta": 1.0, "gamma": {"0": 1.120024454081262, "1": 0.7618768416995061, "2": 1.079082461083539}, "mu": {"0": 1.023730026398811, "1": 1.0943448448379645, "2": 1.108984858125808}, "phi": {"0": 0.3207499006296616, "1": 0.16683350182645862, "2": 0.7580080890551565}, "psi": {"0": 1.4764142860057106, "1": 0.7452132801309272, "2": 1.0894066666450868}, "sigma": {"0": 0.9818513075442028, "1": 0.7351684440934565, "2": 0.0}, "chi_high": 0.2555787706031817, "beta_low": 0.8074691100718351}