{"R": 40.0, "wi": 1, "di": 2, "delta": 1.0, "gamma": {"0": 1.1591561470822107, "1": 1.2143326316922174, "2": 1.099564764551992}, "mu": {"0": 1.0934006947519956, "1": 1.0786771790064844, "2": 1.038810616544196}, "phi": {"0": 0.8127331326184138, "1": 0.571223524481898, "2": 0.5259458530505845}, "psi": {"0": 1.4790671610716952, "1": 0.8046075808275287, "2": 1.4821915640682701}, "sigma": {"0": 0.6555762217443647, "1": 0.0, "2": 0.0}, "chi_high": null, "beta_low": 0.7943390623845805}