{"R": 40.0, "wi": 0, "di": 0, "delta": 1.0, "gamma": {"0": 1.1535083100137422, "1": 1.4681257225339386, "2": 0.7933675439618261}, "mu": {"0": 1.040240361990706, "1": 1.1056952679898082, "2": 1.0085368446616698}, "phi": {"0": 0.03868567609111451, "1": 0.02517865966088273, "2": 0.9581442739341696}, "psi": {"0": 1.1545303795376318, "1": 1.1703465208266794, "2": 0.9803816151034368}, "sigma": {"0": 0.5206242773946135, "1": 0.6698386430841168, "2": 0.0}, "chi_high": 0.5530288071671278, "beta_low": 0.2409687030211879}