{"R": 40.0, "wi": 1, "di": 0, "delta": 1.0, "gamma": {"0": 0.9979181233337939, "1": 0.845891147365412, "2": 1.4213520555827852}, "mu": {"0": 1.0504454106515178, "1": 1.0952067625741198, "2": 1.003652072324125}, "phi": {"0": 0.38053267272767555, "1": 0.5778279616773021, "2": 0.981200095571708}, "psi": {"0": 0.5154797228585057, "1": 0.5862042275506637, "2": 1.1904790302404935}, "sigma": {"0": 0.6076607202971962, "1": 0.0, "2": 0.0}, "chi_high": null, "beta_low": 0.013111541676111903}