{"R": 40.0, "wi": 3, "di": 2, "delta": 1.0, "gamma": {"0": 0.6256217083977883, "1": 0.6052040904862945, "2": 1.4735388536480116}, "mu": {"0": 1.073475749430538, "1": 1.1360099339324352, "2": 1.1404007416650597}, "phi": {"0": 0.10497118581427833, "1": 0.10593323388801024, "2": 0.4462870745505755}, "psi": {"0": 1.0026777350817933, "1": 0.6357988604802995, "2": 0.8057237046173337}, "sigma": {"0": 0.6582305607282364, "1": 0.6758900138985864, "2": 0.0}, "chi_high": 0.3741082395740458, "beta_low": null}