{"R": 40.0, "wi": 3, "di": 0, "delta": 1.0, "gamma": {"0": 1.4853889460240253, "1": 1.0079500727742956, "2": 1.0515355917374727}, "mu": {"0": 1.043849509578709, "1": 1.1193741514168358, "2": 1.0570197322497146}, "phi": {"0": 0.3618253659750341, "1": 0.9184196363046393, "2": 0.9049185708914264}, "psi": {"0": 1.1030146741030291, "1": 0.7935145133662174, "2": 0.914070832552021}, "sigma": {"0": 0.5280207531527713, "1": 0.538694191810696, "2": 0.0}, "chi_high": 0.28534992152438754, "beta_low": null}