{"R": 40.0, "wi": 2, "di": 2, "delta": 1.0, "gamma": {"0": 1.2312774915893798, "1": 0.6650033771959198, "2": 1.1588724267215005}, "mu": {"0": 1.0193985422984169, "1": 1.1364669936893934, "2": 1.1017858023560472}, "phi": {"0": 0.9950880979462717, "1": 0.9684397473866364, "2": 0.15463578768637876}, "psi": {"0": 0.9316658162674265, "1": 0.5426918522068193, "2": 1.3515709665145026}, "sigma": {"0": 0.5975910887656337, "1": 0.7781749881376234, "2": 0.0}, "chi_high": null, "beta_low": null}