{"R": 40.0, "wi": 3, "di": 1, "delta": 1.0, "gamma": {"0": 0.5781458738663044, "1": 1.0349215440779442, "2": 1.3089025115467676}, "mu": {"0": 1.1139922688605497, "1": 1.0102033970990767, "2": 1.0717578919216546}, "phi": {"0": 0.805837532468147, "1": 0.7403861203279383, "2": 0.2410455413583371}, "psi": {"0": 0.5149137099090475, "1": 0.6737200931377495, "2": 0.7745175285250331}, "sigma": {"0": 0.5580092461300475, "1": 0.9922994280150668, "2": 0.0}, "chi_high": 0.24179080344936932, "beta_low": null}