{"R": 40.0, "wi": 0, "di": 2, "delta": 1.0, "gamma": {"0": 1.1930170729784635, "1": 1.0896378129211137, "2": 1.3214443827952245}, "mu": {"0": 1.0058622247354962, "1": 1.0901051772112647, "2": 1.0372477922593795}, "phi": {"0": 0.17061886428299566, "1": 0.3775210627770539, "2": 0.04391291808806763}, "psi": {"0": 0.586432694404804, "1": 1.1283865293088085, "2": 1.1199669230847658}, "sigma": {"0": 0.5467905842753893, "1": 0.6276785123262967, "2": 0.0}, "chi_high": 0.6550445705733604, "beta_low": 0.6198425512905783}