{"R": 40.0, "wi": 3, "di": 1, "delta": 1.0, "gamma": {"0": 0.8073995301606185, "1": 1.4004947419675349, "2": 1.0570325670058471}, "mu": {"0": 1.0912392424720472, "1": 1.1244380490007981, "2": 1.071107226984329}, "phi": {"0": 0.07018925221441086, "1": 0.354227470018632, "2": 0.8695623015285728}, "psi": {"0": 1.0996258746971566, "1": 1.349964055246231, "2": 1.3531618668686478}, "sigma": {"0": 0.988730217250479, "1": 0.623560031586359, "2": 0.0}, "chi_high": 0.7319145795415838, "beta_low": null}