{"R": 40.0, "wi": 0, "di": 0, "delta": 1.0, "gamma": {"0": 0.8868975894825426, "1": 1.136811682841798, "2": 1.0642383446058812}, "mu": {"0": 1.0326509065831018, "1": 1.019026372394476, "2": 1.1289229034108892}, "phi": {"0": 0.8511888627214821, "1": 0.8311516720950144, "2": 0.46498520436225765}, "psi": {"0": 0.8968122237524442, "1": 0.7904196909320127, "2": 1.4074051646149361}, "sigma": {"0": 0.6190986397150947, "1": 0.945852569650931, "2": 0.0}, "chi_high": 0.08298021433745705, "beta_low": 0.1283594370811957}