{"R": 40.0, "wi": 3, "di": 2, "delta": 1.0, "gamma": {"0": 1.0677918394684558, "1": 1.0215681017317122, "2": 1.4913912991001166}, "mu": {"0": 1.1223800646265016, "1": 1.1086187356725552, "2": 1.0728393613015585}, "phi": {"0": 0.9707202548621019, "1": 0.21985051221519558, "2": 0.1795546436265668}, "psi": {"0": 0.5745712594152642, "1": 1.0890711190461935, "2": 0.8976645559905069}, "sigma": {"0": 0.9179884984238674, "1": 0.7201098082490498, "2": 0.0}, "chi_high": 0.05046599146305672, "beta_low": null}