{"R": 40.0, "wi": 3, "di": 1, "delta": 1.0, "gamma": {"0": 1.1029612916631941, "1": 0.8241019797616861, "2": 0.8056325937550514}, "mu": {"0": 1.0546697374271514, "1": 1.0714582054745285, "2": 1.1370845434992736}, "phi": {"0": 0.5556357094442795, "1": 0.17231101866244292, "2": 0.6438868751428286}, "psi": {"0": 0.5971993524670614, "1": 0.9877716498848087, "2": 1.0018365341174809}, "sigma": {"0": 0.5216244312003999, "1": 0.9825143490285527, "2": 0.0}, "chi_high": 0.6715015974349413, "beta_low": null}