{"R": 40.0, "wi": 1, "di": 2, "delta": 1.0, "gamma": {"0": 1.1146998273617892, "1": 0.8645477938465003, "2": 1.2650379183996612}, "mu": {"0": 1.0924705306860372, "1": 1.0918563783144315, "2": 1.0535713518688214}, "phi": {"0": 0.7143207697123217, "1": 0.41009731912213354, "2": 0.27503271594067935}, "psi": {"0": 0.8382521506926913, "1": 1.4748629993118918, "2": 1.4756831729719342}, "sigma": {"0": 0.8251085776927765, "1": 0.0, "2": 0.0}, "chi_high": null, "beta_low": 0.5942221451282672}