{"R": 40.0, "wi": 2, "di": 1, "delta": 1.0, "gamma": {"0": 0.8486153715289483, "1": 0.6829208207741257, "2": 0.8347922801073583}, "mu": {"0": 1.148040124186799, "1": 1.0040993073194244, "2": 1.1467258574103434}, "phi": {"0": 0.4889591281423913, "1": 0.04580310036735846, "2": 0.947935119765945}, "psi": {"0": 1.4088214729740014, "1": 1.1618455907681056, "2": 0.536385089021302}, "sigma": {"0": 0.6602834512016978, "1": 0.514189661573984, "2": 0.0}, "chi_high": null, "beta_low": null}