{"R": 40.0, "wi": 3, "di": 2, "delta": 1.0, "gamma": {"0": 1.1719054185328535, "1": 0.6899736167422298, "2": 0.5150232813884554}, "mu": {"0": 1.1193394020800134, "1": 1.036316997427296, "2": 1.0068325446602413}, "phi": {"0": 0.9334595118749345, "1": 0.9868860181191801, "2": 0.9617915083281525}, "psi": {"0": 0.656660598470292, "1": 0.7816894965754901, "2": 1.461280616816095}, "sigma": {"0": 0.7516757037323383, "1": 0.891070606034235, "2": 0.0}, "chi_high": 0.4584174443371619, "beta_low": null}