{"R": 40.0, "wi": 2, "di": 2, "delta": 1.0, "gamma": {"0": 1.3161587835847919, "1": 0.8570963004611457, "2": 1.4848461398984987}, "mu": {"0": 1.00010285608722, "1": 1.1147855973435645, "2": 1.0775226816958325}, "phi": {"0": 0.47862662193946814, "1": 0.857050799861605, "2": 0.16727814518851114}, "psi": {"0": 0.9315433005401695, "1": 0.6664532668641527, "2": 1.4487368747811757}, "sigma": {"0": 0.507751815047252, "1": 0.657011447515383, "2": 0.0}, "chi_high": null, "beta_low": null}