{"R": 40.0, "wi": 0, "di": 2, "delta": 1.0, "gamma": {"0": 1.4526905389307343, "1": 0.8507972862970409, "2": 0.5448550605602738}, "mu": {"0": 1.1412574585832223, "1": 1.0590876967421494, "2": 1.0285719175747694}, "phi": {"0": 0.34838039759743256, "1": 0.5041095992064503, "2": 0.8840766864528431}, "psi": {"0": 1.372638290125239, "1": 0.7321327397216973, "2": 0.7047086194261227}, "sigma": {"0": 0.6339928198887592, "1": 0.6489584407078945, "2": 0.0}, "chi_high": 0.7304859824343097, "beta_low": 0.8497804671253995}