{"R": 40.0, "wi": 1, "di": 0, "delta": 1.0, "gamma": {"0": 0.9830241185625487, "1": 0.9727619715073473, "2": 1.0773569978548276}, "mu": {"0": 1.029298061838, "1": 1.0278567372457805, "2": 1.0769057415378473}, "phi": {"0": 0.1060545000089369, "1": 0.40626020961306664, "2": 0.16729667411145466}, "psi": {"0": 1.3386799445101278, "1": 0.5868669974845162, "2": 1.1049806851528126}, "sigma": {"0": 0.520224618320346, "1": 0.0, "2": 0.0}, "chi_high": null, "beta_low": 0.3132585216619014}