{"R": 40.0, "wi": 2, "di": 0, "delta": 1.0, "gamma": {"0": 0.9492955000741087, "1": 1.3350101071906284, "2": 0.8620037489294081}, "mu": {"0": 1.0729142859957537, "1": 1.0651226611110314, "2": 1.146541068964346}, "phi": {"0": 0.08868864603120252, "1": 0.4313201256911383, "2": 0.5692214818333848}, "psi": {"0": 1.4561162221295552, "1": 1.0626285074520754, "2": 0.7006633858002219}, "sigma": {"0": 0.6110440569842847, "1": 0.6496524800739635, "2": 0.0}, "chi_high": null, "beta_low": null}