{"R": 40.0, "wi": 1, "di": 2, "delta": 1.0, "gamma": {"0": 1.282932830675024, "1": 1.0719274129296108, "2": 0.7909976680642954}, "mu": {"0": 1.1407429047187396, "1": 1.0654289922979774, "2": 1.0640641821704357}, "phi": {"0": 0.46982134308088375, "1": 0.6124874235604859, "2": 0.5654000861254093}, "psi": {"0": 1.3556499500923251, "1": 0.7231234387002694, "2": 0.8261839764781004}, "sigma": {"0": 0.7979721068927954, "1": 0.0, "2": 0.0}, "chi_high": null, "beta_low": 0.9699979964470282}