{"R": 40.0, "wi": 0, "di": 1, "delta": 1.0, "gamma": {"0": 0.7927306614353884, "1": 1.3931675341989114, "2": 0.6964621737748846}, "mu": {"0": 1.0918828439840593, "1": 1.125995892513218, "2": 1.0567959414693266}, "phi": {"0": 0.0932569659758441, "1": 0.1050335193211589, "2": 0.650478506060904}, "psi": {"0": 1.485589325026663, "1": 1.3306578079479623, "2": 1.4173818778097442}, "sigma": {"0": 0.6972052002029927, "1": 0.6047472204571628, "2": 0.0}, "chi_high": 0.3783953091709893, "beta_low": 0.319100803540851}