{"R": 40.0, "wi": 1, "di": 0, "delta": 1.0, "gamma": {"0": 0.5229887403722063, "1": 0.7273697470006555, "2": 0.7004897561545496}, "mu": {"0": 1.0153192997447, "1": 1.11654964583788, "2": 1.114281518074532}, "phi": {"0": 0.04802490511757629, "1": 0.947867020612555, "2": 0.4610943363141321}, "psi": {"0": 0.5367331373305444, "1": 0.9720877900725569, "2": 1.3755148198725573}, "sigma": {"0": 0.5182849529525271, "1": 0.0, "2": 0.0}, "chi_high": null, "beta_low": 0.9127987645992366}