{"R": 40.0, "wi": 2, "di": 1, "delta": 1.0, "gamma": {"0": 1.140938977542214, "1": 0.6281184958759559, "2": 0.9162407986876844}, "mu": {"0": 1.1147989335305608, "1": 1.0330765527846544, "2": 1.1341331750688541}, "phi": {"0": 0.49793160548382087, "1": 0.8538444381266554, "2": 0.6254627882963434}, "psi": {"0": 1.441492436527908, "1": 1.3637355201738128, "2": 1.191651006039852}, "sigma": {"0": 0.8806551930231306, "1": 0.5561277652201819, "2": 0.0}, "chi_high": null, "beta_low": null}