{"R": 40.0, "wi": 2, "di": 0, "delta": 1.0, "gamma": {"0": 1.1594665334548004, "1": 0.6284302647630685, "2": 1.4582075031634365}, "mu": {"0": 1.0619575222716553, "1": 1.0708128865217008, "2": 1.0447812698168488}, "phi": {"0": 0.44889586271009485, "1": 0.9156811186513939, "2": 0.9691697986153691}, "psi": {"0": 0.5886753897839219, "1": 0.9060897876881951, "2": 1.4344285942133435}, "sigma": {"0": 0.8180782389237844, "1": 0.6187158389803262, "2": 0.0}, "chi_high": null, "beta_low": null}