{"R": 40.0, "wi": 2, "di": 2, "delta": 1.0, "gamma": {"0": 0.6437841266009989, "1": 1.036730246740658, "2": 1.451491744244072}, "mu": {"0": 1.1134512490724708, "1": 1.1479269378638741, "2": 1.0701755411662253}, "phi": {"0": 0.7861446044272955, "1": 0.2572666936585929, "2": 0.09928062368605572}, "psi": {"0": 0.5354432839383941, "1": 0.5048382866658416, "2": 1.448496145854857}, "sigma": {"0": 0.5527181959272407, "1": 0.8248904351062356, "2": 0.0}, "chi_high": null, "beta_low": null}