{"R": 40.0, "wi": 0, "di": 1, "delta": 1.0, "gamma": {"0": 1.2310284032877967, "1": 1.11397371398937, "2": 0.5927217632573896}, "mu": {"0": 1.0695344446545927, "1": 1.1270794852682504, "2": 1.0825364614609274}, "phi": {"0": 0.5292435726146212, "1": 0.6223317531319645, "2": 0.05707863040522032}, "psi": {"0": 1.3715229910243496, "1": 0.9054941620648648, "2": 1.3352171954222705}, "sigma": {"0": 0.5611877592023818, "1": 0.7110620444679858, "2": 0.0}, "chi_high": 0.03401312415479646, "beta_low": 0.7304724292412197}