{"R": 40.0, "wi": 1, "di": 1, "delta": 1.0, "gamma": {"0": 1.2882817259368382, "1": 0.6358761150222985, "2": 1.4862639427283788}, "mu": {"0": 1.1146768336884607, "1": 1.0723793652439553, "2": 1.0597759255131731}, "phi": {"0": 0.7557009730784839, "1": 0.05880966786356279, "2": 0.5730475654889525}, "psi": {"0": 0.8570631892968607, "1": 1.3821156813560083, "2": 0.8789338398801936}, "sigma": {"0": 0.9142711960313075, "1": 0.0, "2": 0.0}, "chi_high": null, "beta_low": 0.4568170047789806}