{"R": 40.0, "wi": 1, "di": 2, "delta": 1.0, "gamma": {"0": 0.8012311832776559, "1": 0.9364590973046899, "2": 1.1372579804893737}, "mu": {"0": 1.1194000370484365, "1": 1.0654652330799421, "2": 1.1026482023656194}, "phi": {"0": 0.22484934444417526, "1": 0.8104448765606204, "2": 0.7905621363860472}, "psi": {"0": 1.2344311785622208, "1": 1.262552221745069, "2": 1.441740755984469}, "sigma": {"0": 0.8890478189504898, "1": 0.0, "2": 0.0}, "chi_high": null, "beta_low": 0.5632169036394721}