{"R": 40.0, "wi": 2, "di": 2, "delta": 1.0, "gamma": {"0": 0.9811899115515142, "1": 1.2269412789362706, "2": 1.2965642834853806}, "mu": {"0": 1.092487345319251, "1": 1.0955547883625976, "2": 1.0261721535104762}, "phi": {"0": 0.39371205669254117, "1": 0.14224570021470906, "2": 0.2554023317977805}, "psi": {"0": 0.7776948821182156, "1": 0.9965942411666765, "2": 1.493560370388098}, "sigma": {"0": 0.9264389506873663, "1": 0.6770626070442003, "2": 0.0}, "chi_high": null, "beta_low": null}