{"R": 40.0, "wi": 2, "di": 2, "delta": 1.0, "gamma": {"0": 1.1819931399871688, "1": 0.537166167742696, "2": 0.8498750904343854}, "mu": {"0": 1.017512177569821, "1": 1.0639907049333988, "2": 1.126615540415737}, "phi": {"0": 0.04956959981624198, "1": 0.07555626384432024, "2": 0.4966821395318506}, "psi": {"0": 1.2193083248288583, "1": 1.0054074419904193, "2": 1.1937222988338896}, "sigma": {"0": 0.8592792339577849, "1": 0.8967556241594667, "2": 0.0}, "chi_high": null, "beta_low": null}