{"R": 40.0, "wi": 2, "di": 0, "delta": 1.0, "gamma": {"0": 0.6526145444797066, "1": 0.5823176350816353, "2": 0.6626883120348533}, "mu": {"0": 1.0580638410536323, "1": 1.0244621024003193, "2": 1.021026543929227}, "phi": {"0": 0.15762897504489448, "1": 0.8255400912249653, "2": 0.3183176103564649}, "psi": {"0": 0.5007914897901832, "1": 0.7675937933844986, "2": 1.18435597151912}, "sigma": {"0": 0.9232968840176268, "1": 0.7196306447665167, "2": 0.0}, "chi_high": null, "beta_low": null}