{"R": 40.0, "wi": 2, "di": 2, "delta": 1.0, "gamma": {"0": 0.982426317200109, "1": 0.79066555679703, "2": 1.200691103207395}, "mu": {"0": 1.1083655779493549, "1": 1.0315091701521946, "2": 1.0878042116251476}, "phi": {"0": 0.6554048158803664, "1": 0.8932800637382988, "2": 0.8248738112793679}, "psi": {"0": 1.3724491089229318, "1": 1.257376222849239, "2": 1.179837837824451}, "sigma": {"0": 0.6934513649341397, "1": 0.5271547266705421, "2": 0.0}, "chi_high": null, "beta_low": null}