{"R": 40.0, "wi": 0, "di": 1, "delta": 1.0, "gamma": {"0": 0.78798521264069, "1": 0.5602727362977323, "2": 1.0112999924534998}, "mu": {"0": 1.0872771809885697, "1": 1.0659721379658689, "2": 1.1088459896440177}, "phi": {"0": 0.522195331532631, "1": 0.4634217563284553, "2": 0.13776989757893576}, "psi": {"0": 1.2739148061539305, "1": 0.8662359045536262, "2": 1.2192540268486773}, "sigma": {"0": 0.9015774320057774, "1": 0.5186773798938371, "2": 0.0}, "chi_high": 0.11028723092606565, "beta_low": 0.6696071428444357}