{"R": 40.0, "wi": 2, "di": 0, "delta": 1.0, "gamma": {"0": 1.2844278249705239, "1": 0.8592494308183188, "2": 0.8648419982757583}, "mu": {"0": 1.1015983587135068, "1": 1.109036779297154, "2": 1.081603777752193}, "phi": {"0": 0.35637235643044607, "1": 0.26720006444166755, "2": 0.39240731523524475}, "psi": {"0": 1.0054054613101153, "1": 1.3900824486117136, "2": 1.2680735458685017}, "sigma": {"0": 0.8403705423227446, "1": 0.9483749623875629, "2": 0.0}, "chi_high": null, "beta_low": null}