{"R": 40.0, "wi": 2, "di": 1, "delta": 1.0, "gamma": {"0": 1.239032862819958, "1": 1.4281666308338523, "2": 0.9873836612900765}, "mu": {"0": 1.0124792070012358, "1": 1.0489614289072875, "2": 1.0506885677113242}, "phi": {"0": 0.03444405927158345, "1": 0.3139399553839831, "2": 0.7919704678776802}, "psi": {"0": 1.1777787055463138, "1": 0.9481676157706981, "2": 0.6758800623740202}, "sigma": {"0": 0.5007761185294171, "1": 0.7157078288632656, "2": 0.0}, "chi_high": null, "beta_low": null}