{"R": 40.0, "wi": 1, "di": 0, "delta": 1.0, "gamma": {"0": 0.7457803031192324, "1": 1.0835837023975619, "2": 0.8635261497077994}, "mu": {"0": 1.0506125030987745, "1": 1.1046547520628023, "2": 1.0785947977620085}, "phi": {"0": 0.34992006610059867, "1": 0.15145866332702673, "2": 0.8614981780301431}, "psi": {"0": 0.6403327798928934, "1": 1.4755175154190465, "2": 0.8325858658791939}, "sigma": {"0": 0.9106285804699179, "1": 0.0, "2": 0.0}, "chi_high": null, "beta_low": 0.2507686386984624}