{"R": 40.0, "wi": 3, "di": 0, "delta": 1.0, "gamma": {"0": 1.057429219675599, "1": 0.9901824404459811, "2": 0.6232463403728259}, "mu": {"0": 1.130448115266332, "1": 1.0659392837050232, "2": 1.0764540941865963}, "phi": {"0": 0.5418176546938295, "1": 0.610646742406493, "2": 0.0592831112731419}, "psi": {"0": 0.806129661345059, "1": 0.571567503664263, "2": 1.179147733502734}, "sigma": {"0": 0.8637923467335209, "1": 0.7738585982226927, "2": 0.0}, "chi_high": 0.5140838556190668, "beta_low": null}