{"R": 40.0, "wi": 3, "di": 0, "delta": 1.0, "gamma": {"0": 1.372847132286264, "1": 0.6810722290060468, "2": 1.1109042118136947}, "mu": {"0": 1.0972142117483574, "1": 1.0494807501488366, "2": 1.0013436518576049}, "phi": {"0": 0.9012231300892808, "1": 0.7134598957532495, "2": 0.5575539291599246}, "psi": {"0": 0.5070073592327414, "1": 0.8887453278696471, "2": 1.1148511910068295}, "sigma": {"0": 0.8535511747626916, "1": 0.7096448491237355, "2": 0.0}, "chi_high": 0.8867875750639894, "beta_low": null}