{"R": 40.0, "wi": 0, "di": 0, "delta": 1.0, "gamma": {"0": 0.5512364139183246, "1": 1.3991515769041787, "2": 1.3781355606845231}, "mu": {"0": 1.0466350611181743, "1": 1.1248689433266787, "2": 1.0071075738896518}, "phi": {"0": 0.4166822015007837, "1": 0.7504518916098188, "2": 0.2806002630270169}, "psi": {"0": 1.3173838664167572, "1": 1.0964790191494336, "2": 1.0855310059518146}, "sigma": {"0": 0.8183965316726161, "1": 0.8534423200552617, "2": 0.0}, "chi_high": 0.7481882326845277, "beta_low": 0.6322342066997684}