{"R": 40.0, "wi": 0, "di": 1, "delta": 1.0, "gamma": {"0": 1.2141690938610195, "1": 0.8449646450751176, "2": 1.128706948548663}, "mu": {"0": 1.062729090246162, "1": 1.0049820709749318, "2": 1.1210196441848872}, "phi": {"0": 0.7466342709742646, "1": 0.5908214211893321, "2": 0.5708636041102064}, "psi": {"0": 0.9751781799242305, "1": 1.2616879935342364, "2": 1.211109091180465}, "sigma": {"0": 0.9676942538687033, "1": 0.6458418449453769, "2": 0.0}, "chi_high": 0.1370676467749965, "beta_low": 0.14785965932062517}