{"R": 40.0, "wi": 1, "di": 2, "delta": 1.0, "gamma": {"0": 0.5000456862457696, "1": 0.967660465278309, "2": 1.4454559269820948}, "mu": {"0": 1.119216706661477, "1": 1.0105050225746988, "2": 1.0771519848270006}, "phi": {"0": 0.4053070585484765, "1": 0.8598633000502625, "2": 0.29776713734011184}, "psi": {"0": 1.0416579493881364, "1": 0.6566224966581259, "2": 1.4105652008107314}, "sigma": {"0": 0.9270376194428958, "1": 0.0, "2": 0.0}, "chi_high": null, "beta_low": 0.3981205264097247}