{"R": 40.0, "wi": 0, "di": 2, "delta": 1.0, "gamma": {"0": 1.0758337889253302, "1": 1.1362223111263947, "2": 0.5497334584811652}, "mu": {"0": 1.1152040564380483, "1": 1.0114179944896202, "2": 1.0813711293079777}, "phi": {"0": 0.5143298935875446, "1": 0.7173788837770149, "2": 0.7807951461786913}, "psi": {"0": 1.271799988523811, "1": 1.4097232710636194, "2": 0.8508661031116266}, "sigma": {"0": 0.5339999844627505, "1": 0.8531891480400813, "2": 0.0}, "chi_high": 0.9208355146444359, "beta_low": 0.10571869711716676}