{"R": 40.0, "wi": 0, "di": 2, "delta": 1.0, "gamma": {"0": 1.0650382945116967, "1": 1.3734989841958676, "2": 1.2022102273430324}, "mu": {"0": 1.1342797731153536, "1": 1.0444986168337174, "2": 1.1299773912250535}, "phi": {"0": 0.9650888050828136, "1": 0.39032869267750336, "2": 0.4994588889540411}, "psi": {"0": 0.5586883536105629, "1": 1.3729393883054932, "2": 1.0641731945911848}, "sigma": {"0": 0.8440980095398344, "1": 0.8491987461232331, "2": 0.0}, "chi_high": 0.07619009735324649, "beta_low": 0.4242316274009505}