{"R": 40.0, "wi": 1, "di": 2, "delta": 1.0, "gamma": {"0": 1.2812463658239923, "1": 0.8726587467521078, "2": 0.8346330258610578}, "mu": {"0": 1.089988396611949, "1": 1.143259322464025, "2": 1.14427203305948}, "phi": {"0": 0.5105457867366509, "1": 0.2062757427586872, "2": 0.45836270784771704}, "psi": {"0": 1.260512715561637, "1": 0.8580565604121143, "2": 1.0035222884643098}, "sigma": {"0": 0.6397212548448268, "1": 0.0, "2": 0.0}, "chi_high": null, "beta_low": 0.40881693775302763}