{"R": 40.0, "wi": 1, "di": 2, "delta": 1.0, "gamma": {"0": 1.1880498786151459, "1": 0.5911424529716905, "2": 0.839125639873014}, "mu": {"0": 1.0054579593491275, "1": 1.0142264525815787, "2": 1.1396803174640995}, "phi": {"0": 0.620856670092723, "1": 0.6626790358593104, "2": 0.38527734215260656}, "psi": {"0": 0.8348052322708409, "1": 1.044638688389306, "2": 1.3632693411818328}, "sigma": {"0": 0.999898996868912, "1": 0.0, "2": 0.0}, "chi_high": null, "beta_low": 0.09475257583158056}