{"R": 40.0, "wi": 2, "di": 0, "delta": 1.0, "gamma": {"0": 1.1000717974841683, "1": 1.0720342745215024, "2": 0.7947476259133947}, "mu": {"0": 1.0964648439585833, "1": 1.0333867043426634, "2": 1.1394477439143988}, "phi": {"0": 0.7353841915145332, "1": 0.25518596468369803, "2": 0.19691688309182787}, "psi": {"0": 1.1224943342899523, "1": 0.7502494920614652, "2": 1.4573852801381224}, "sigma": {"0": 0.9133195499608857, "1": 0.9952642119400714, "2": 0.0}, "chi_high": null, "beta_low": null}