{"R": 40.0, "wi": 3, "di": 1, "delta": 1.0, "gamma": {"0": 0.5223554270449463, "1": 0.7137397948721731, "2": 0.5431761561030984}, "mu": {"0": 1.0180257212475545, "1": 1.0296796864026634, "2": 1.0273749709087219}, "phi": {"0": 0.03444581111741396, "1": 0.9072705883364478, "2": 0.47951281612591157}, "psi": {"0": 0.7258589451317157, "1": 0.8163724786260741, "2": 1.0478855036642831}, "sigma": {"0": 0.6015658857178471, "1": 0.8783937302488144, "2": 0.0}, "chi_high": 0.5453501898503783, "beta_low": null}