{"R": 40.0, "wi": 2, "di": 0, "delta": 1.0, "gamma": {"0": 0.9825553115971438, "1": 1.0767481349093897, "2": 0.6411412909286707}, "mu": {"0": 1.105049627741501, "1": 1.0347243754544357, "2": 1.115164264423748}, "phi": {"0": 0.6087326196333906, "1": 0.2273240964769786, "2": 0.24500160421712625}, "psi": {"0": 1.4993030945846795, "1": 1.191796028768465, "2": 1.1174334612374237}, "sigma": {"0": 0.7208152225238416, "1": 0.7659754910972958, "2": 0.0}, "chi_high": null, "beta_low": null}