{"R": 40.0, "wi": 1, "di": 0, "delta": 1.0, "gamma": {"0": 0.5000247498993419, "1": 0.6435822997125011, "2": 0.6969336454817595}, "mu": {"0": 1.1266310575515859, "1": 1.146214434954344, "2": 1.0915966922563374}, "phi": {"0": 0.14639540818243935, "1": 0.19256812062007045, "2": 0.04761183695128035}, "psi": {"0": 0.5564783562936307, "1": 1.1758691423316086, "2": 0.6373210465061592}, "sigma": {"0": 0.8398890956446659, "1": 0.0, "2": 0.0}, "chi_high": null, "beta_low": 0.9762735844161942}