{"R": 40.0, "wi": 1, "di": 2, "delta": 1.0, "gamma": {"0": 0.6957523867673363, "1": 0.8197912239613101, "2": 0.818384226427528}, "mu": {"0": 1.0480317769507996, "1": 1.0626770186724033, "2": 1.016012367813429}, "phi": {"0": 0.32186718566796, "1": 0.6901647601035148, "2": 0.6316638910076268}, "psi": {"0": 0.6292582157349617, "1": 1.435714626348811, "2": 0.8444997495930893}, "sigma": {"0": 0.7207124247794514, "1": 0.0, "2": 0.0}, "chi_high": null, "beta_low": 0.11780209099553701}