{"R": 40.0, "wi": 3, "di": 0, "delta": 1.0, "gamma": {"0": 0.9633160455076565, "1": 0.8982811397523659, "2": 0.7468051057985241}, "mu": {"0": 1.0291616635849206, "1": 1.122319941973408, "2": 1.1371777554706068}, "phi": {"0": 0.7484956865888429, "1": 0.538618644161703, "2": 0.49128465727854576}, "psi": {"0": 1.342421017142918, "1": 1.4440350973720184, "2": 0.6996891709303459}, "sigma": {"0": 0.7874002985594192, "1": 0.8734755272682186, "2": 0.0}, "chi_high": 0.2240126240991072, "beta_low": null}