{"R": 40.0, "wi": 0, "di": 1, "delta": 1.0, "gamma": {"0": 1.0222427196823642, "1": 1.1276251175671332, "2": 0.5178979250641378}, "mu": {"0": 1.0172908330193835, "1": 1.0697920144416586, "2": 1.11561449820569}, "phi": {"0": 0.3501718246020312, "1": 0.5086663233106972, "2": 0.8804849446718764}, "psi": {"0": 1.497679581357629, "1": 0.7427997108233347, "2": 1.1271274549256556}, "sigma": {"0": 0.5470728479678583, "1": 0.553339215139505, "2": 0.0}, "chi_high": 0.1270104344681564, "beta_low": 0.3039894631291292}