{"R": 40.0, "wi": 0, "di": 0, "delta": 1.0, "gamma": {"0": 0.8713104490655057, "1": 0.8653320522569168, "2": 0.5288694114198179}, "mu": {"0": 1.017194208406817, "1": 1.1381189322342142, "2": 1.0328184788182846}, "phi": {"0": 0.6346789984664905, "1": 0.430100606640624, "2": 0.9276401897125356}, "psi": {"0": 1.4517212636332362, "1": 0.8062028491440402, "2": 1.2968811404173861}, "sigma": {"0": 0.8586328211627627, "1": 0.641347830061719, "2": 0.0}, "chi_high": 0.6483900698172866, "beta_low": 0.20040786481771247}