{"R": 40.0, "wi": 0, "di": 2, "delta": 1.0, "gamma": {"0": 0.8573219504162861, "1": 0.5112280971276258, "2": 0.9509090089167123}, "mu": {"0": 1.1388831511950328, "1": 1.0599564986850658, "2": 1.0315875114938975}, "phi": {"0": 0.581984673651317, "1": 0.6506296532023171, "2": 0.8674041521263027}, "psi": {"0": 0.9395389369691027, "1": 1.3153047212595808, "2": 0.5686214323105635}, "sigma": {"0": 0.5514528952732531, "1": 0.5751919960177883, "2": 0.0}, "chi_high": 0.3889032160959725, "beta_low": 0.5656697265983943}