{"R": 40.0, "wi": 2, "di": 0, "delta": 1.0, "gamma": {"0": 0.9333078949591636, "1": 1.1033988375265182, "2": 1.451319292554937}, "mu": {"0": 1.0240916351690237, "1": 1.0717496494808227, "2": 1.1277811506552418}, "phi": {"0": 0.3914902319260176, "1": 0.8103028238950813, "2": 0.2128470588940038}, "psi": {"0": 1.0210874689502978, "1": 1.0263673784125045, "2": 0.9580933819315371}, "sigma": {"0": 0.6382801888454557, "1": 0.685031508149273, "2": 0.0}, "chi_high": null, "beta_low": null}