{"R": 40.0, "wi": 3, "di": 0, "delta": 1.0, "gamma": {"0": 0.5928320622197726, "1": 0.513280224224564, "2": 0.7740892517371826}, "mu": {"0": 1.0536068623411843, "1": 1.0718133487531671, "2": 1.0426553207363232}, "phi": {"0": 0.021584885998895964, "1": 0.5337154767288661, "2": 0.17497546914466022}, "psi": {"0": 0.9181589514946248, "1": 0.8815496407296916, "2": 0.6608300798891594}, "sigma": {"0": 0.5170846786435281, "1": 0.6516702469034279, "2": 0.0}, "chi_high": 0.279161974153482, "beta_low": null}