{"R": 40.0, "wi": 1, "di": 1, "delta": 1.0, "gamma": {"0": 0.5639766919401472, "1": 1.3916129130997419, "2": 0.5585843808121304}, "mu": {"0": 1.0901778539663376, "1": 1.0811172945612884, "2": 1.0340485659672725}, "phi": {"0": 0.4378051788184304, "1": 0.04760985366796422, "2": 0.7010072310451023}, "psi": {"0": 1.4277135248475106, "1": 0.6375585104020755, "2": 1.120292409374461}, "sigma": {"0": 0.5870740766348468, "1": 0.0, "2": 0.0}, "chi_high": null, "beta_low": 0.8096362321442091}