{"R": 40.0, "wi": 3, "di": 1, "delta": 1.0, "gamma": {"0": 0.5365305618703431, "1": 1.010237580952643, "2": 1.0470353406710489}, "mu": {"0": 1.0945694070361576, "1": 1.0620015338452258, "2": 1.1109050568834529}, "phi": {"0": 0.48362521688690707, "1": 0.1538541749231731, "2": 0.6355243756720982}, "psi": {"0": 0.5690480848589425, "1": 1.4292608166811824, "2": 1.141738014449234}, "sigma": {"0": 0.9174285452331157, "1": 0.622319617120674, "2": 0.0}, "chi_high": 0.5642732351747675, "beta_low": null}