{"R": 40.0, "wi": 3, "di": 1, "delta": 1.0, "gamma": {"0": 1.0884815226851676, "1": 1.18499961073874, "2": 0.9456387880599372}, "mu": {"0": 1.0825134084565415, "1": 1.0756857884709567, "2": 1.065824035609804}, "phi": {"0": 0.9310279080394323, "1": 0.9711572433713573, "2": 0.5964901067145636}, "psi": {"0": 0.8275764445219271, "1": 1.1071035206943558, "2": 0.9992425898492975}, "sigma": {"0": 0.7919835038043437, "1": 0.776909085620688, "2": 0.0}, "chi_high": 0.6811860491686501, "beta_low": null}