{"R": 40.0, "wi": 0, "di": 1, "delta": 1.0, "gamma": {"0": 1.4643010605387934, "1": 0.7321386217111672, "2": 0.8518806723817037}, "mu": {"0": 1.149215489222304, "1": 1.1150196709719475, "2": 1.0031000089979183}, "phi": {"0": 0.8758692937266279, "1": 0.4135592416030671, "2": 0.487773841937022}, "psi": {"0": 1.0682068068560753, "1": 1.2396306181171446, "2": 1.4138481188974512}, "sigma": {"0": 0.5406981293476957, "1": 0.8712933285063107, "2": 0.0}, "chi_high": 0.967570764450454, "beta_low": 0.31480316498721517}