{"R": 40.0, "wi": 0, "di": 0, "delta": 1.0, "gamma": {"0": 0.91795837363488, "1": 1.2365925017225252, "2": 0.9599202771604877}, "mu": {"0": 1.0714686862035339, "1": 1.1268294427181107, "2": 1.1444765757309285}, "phi": {"0": 0.7755859326409841, "1": 0.3549951981762163, "2": 0.05116273711087149}, "psi": {"0": 0.6400472889570343, "1": 0.5012508556831551, "2": 0.9837851047483716}, "sigma": {"0": 0.6107454956084544, "1": 0.58893291479722, "2": 0.0}, "chi_high": 0.9306610494308747, "beta_low": 0.21523902068335002}