{"R": 40.0, "wi": 2, "di": 0, "delta": 1.0, "gamma": {"0": 0.9140635998600762, "1": 1.4460235997811302, "2": 0.8670590685683788}, "mu": {"0": 1.0464321112150052, "1": 1.0760693144880757, "2": 1.1064916972241106}, "phi": {"0": 0.4858129814812012, "1": 0.11782789673956406, "2": 0.10811739641995288}, "psi": {"0": 0.8089724369170767, "1": 1.4478301798018651, "2": 0.7839764737703637}, "sigma": {"0": 0.7289380950105343, "1": 0.8394060771626021, "2": 0.0}, "chi_high": null, "beta_low": null}