{"R": 40.0, "wi": 3, "di": 2, "delta": 1.0, "gamma": {"0": 1.1863389267230962, "1": 1.2912101092251307, "2": 1.4670145070296667}, "mu": {"0": 1.1127310923745883, "1": 1.0875811810839837, "2": 1.1087000895895585}, "phi": {"0": 0.058211460956657635, "1": 0.2626388976546943, "2": 0.18024478729325855}, "psi": {"0": 0.9218820966802217, "1": 0.6851021680866711, "2": 0.6991317350177209}, "sigma": {"0": 0.8766889602662342, "1": 0.6936016078312006, "2": 0.0}, "chi_high": 0.9226175638573373, "beta_low": null}