{"R": 40.0, "wi": 3, "di": 2, "delta": 1.0, "gamma": {"0": 1.1948508573991181, "1": 1.246232213177454, "2": 1.4414586897902573}, "mu": {"0": 1.0843870593685174, "1": 1.0209916013537457, "2": 1.1142311842853665}, "phi": {"0": 0.9976011366286847, "1": 0.9409886636678665, "2": 0.853492443767398}, "psi": {"0": 1.277564161461316, "1": 1.2604370327012098, "2": 0.5723006415878965}, "sigma": {"0": 0.9854749378095109, "1": 0.6706793322905, "2": 0.0}, "chi_high": 0.4221260668424348, "beta_low": null}