{"R": 40.0, "wi": 1, "di": 0, "delta": 1.0, "gamma": {"0": 0.763641388209908, "1": 0.8293811392715214, "2": 0.8080875465929912}, "mu": {"0": 1.0724150641338728, "1": 1.011411860120942, "2": 1.0286116368574505}, "phi": {"0": 0.05539726436046033, "1": 0.4019971452274894, "2": 0.6750732717749749}, "psi": {"0": 0.5644878361354055, "1": 0.8469289006300632, "2": 1.2530191435355427}, "sigma": {"0": 0.791237933946697, "1": 0.0, "2": 0.0}, "chi_high": null, "beta_low": 0.4464207330337553}