{"R": 40.0, "wi": 0, "di": 2, "delta": 1.0, "gamma": {"0": 0.6103445074666546, "1": 1.3246410026294007, "2": 1.2737098820342587}, "mu": {"0": 1.0662884190995918, "1": 1.1273355537326597, "2": 1.010425077955764}, "phi": {"0": 0.9889957977025073, "1": 0.32383302692637594, "2": 0.9635383808278982}, "psi": {"0": 0.5857239832904673, "1": 1.3980501171465587, "2": 1.0914392923771303}, "sigma": {"0": 0.840446391091109, "1": 0.6742086711077394, "2": 0.0}, "chi_high": 0.279480820887921, "beta_low": 0.5410475206921138}