{"R": 40.0, "wi": 2, "di": 1, "delta": 1.0, "gamma": {"0": 0.643031208198097, "1": 0.7835083974642094, "2": 0.7139289201073046}, "mu": {"0": 1.0121962886256697, "1": 1.0424631683500847, "2": 1.0894548304859164}, "phi": {"0": 0.7145871273998868, "1": 0.4465737103857761, "2": 0.5863745294396443}, "psi": {"0": 1.0228807147089998, "1": 1.2637256721968084, "2": 1.0117367178753676}, "sigma": {"0": 0.7120604179962369, "1": 0.5822970819741433, "2": 0.0}, "chi_high": null, "beta_low": null}