{"R": 40.0, "wi": 0, "di": 0, "delta": 1.0, "gamma": {"0": 1.0407658761338219, "1": 0.5856705221677928, "2": 1.1524332845182061}, "mu": {"0": 1.0901283555695513, "1": 1.1430606555543765, "2": 1.0571972187585226}, "phi": {"0": 0.6155321621617248, "1": 0.29823366494910253, "2": 0.7368490748825726}, "psi": {"0": 1.0500456220585752, "1": 1.4446471059605503, "2": 0.7926879097588271}, "sigma": {"0": 0.7233521960234093, "1": 0.7222968584736533, "2": 0.0}, "chi_high": 0.46428125583781876, "beta_low": 0.7653269766952375}