{"R": 40.0, "wi": 2, "di": 1, "delta": 1.0, "gamma": {"0": 1.2185690956623285, "1": 1.4762302864480974, "2": 1.3205806689512745}, "mu": {"0": 1.0078584432832054, "1": 1.0950432710866262, "2": 1.1218264248748628}, "phi": {"0": 0.9586886653119608, "1": 0.8253074905870988, "2": 0.5640164388567505}, "psi": {"0": 1.071355681292312, "1": 0.6033479665832623, "2": 1.1578021498436584}, "sigma": {"0": 0.8272756268251019, "1": 0.8692171445783174, "2": 0.0}, "chi_high": null, "beta_low": null}