{"R": 40.0, "wi": 1, "di": 2, "delta": 1.0, "gamma": {"0": 1.2306917597136144, "1": 1.4612050834879566, "2": 0.547305454520499}, "mu": {"0": 1.1142045329018024, "1": 1.0912641969582417, "2": 1.0506656900239115}, "phi": {"0": 0.01183259686842153, "1": 0.6035433981103189, "2": 0.5516504983395334}, "psi": {"0": 0.6853144459127468, "1": 1.4976680961076982, "2": 0.9648064641549978}, "sigma": {"0": 0.5188210373353089, "1": 0.0, "2": 0.0}, "chi_high": null, "beta_low": 0.10418291378379982}