{"R": 40.0, "wi": 0, "di": 0, "delta": 1.0, "gamma": {"0": 0.8720980654405162, "1": 0.5317679897934887, "2": 0.573980748096027}, "mu": {"0": 1.1184284472638035, "1": 1.0843570265842961, "2": 1.0700741351533871}, "phi": {"0": 0.341796775294269, "1": 0.7916829005364366, "2": 0.18811636625274608}, "psi": {"0": 1.0846381638634286, "1": 0.7353990363582736, "2": 1.1267644424398897}, "sigma": {"0": 0.9947854179847462, "1": 0.5683271086308689, "2": 0.0}, "chi_high": 0.5674692785868745, "beta_low": 0.6627028130294133}