{"R": 40.0, "wi": 0, "di": 0, "delta": 1.0, "gamma": {"0": 1.0412702089788206, "1": 0.7074211108561413, "2": 1.3099561754597908}, "mu": {"0": 1.068086321780515, "1": 1.0208807212622364, "2": 1.1305956060782185}, "phi": {"0": 0.3154869736428533, "1": 0.6206235477112398, "2": 0.3800399356028302}, "psi": {"0": 0.7169766260263553, "1": 1.3295273383747084, "2": 1.087694389533255}, "sigma": {"0": 0.8285060701649062, "1": 0.8451666745546836, "2": 0.0}, "chi_high": 0.3653161825158021, "beta_low": 0.48758485214316344}