{"R": 40.0, "wi": 2, "di": 1, "delta": 1.0, "gamma": {"0": 1.4679113151229557, "1": 1.0800600827875224, "2": 0.5166043185664506}, "mu": {"0": 1.0207508199989919, "1": 1.0496010796742365, "2": 1.0743685996068721}, "phi": {"0": 0.4168223921632026, "1": 0.49564342395682814, "2": 0.040942676031248015}, "psi": {"0": 1.2250669003999861, "1": 1.0370274682106277, "2": 1.2701558695313775}, "sigma": {"0": 0.671082142503877, "1": 0.9567757044711706, "2": 0.0}, "chi_high": null, "beta_low": null}