{"R": 40.0, "wi": 3, "di": 1, "delta": 1.0, "gamma": {"0": 0.9882377680108249, "1": 0.6964004209120703, "2": 1.3853804327525054}, "mu": {"0": 1.0128748783981785, "1": 1.0405298557972127, "2": 1.058213030317291}, "phi": {"0": 0.27100283851282014, "1": 0.053382929445136895, "2": 0.7958211510308171}, "psi": {"0": 0.5507270109087706, "1": 1.2861999316409087, "2": 1.1752569896901823}, "sigma": {"0": 0.7990863605687677, "1": 0.9627825085165005, "2": 0.0}, "chi_high": 0.5263933498049863, "beta_low": null}