{"R": 40.0, "wi": 0, "di": 2, "delta": 1.0, "gamma": {"0": 1.4134907167578104, "1": 0.8610441713515855, "2": 1.4111317733263349}, "mu": {"0": 1.1294528398957382, "1": 1.1467120637625272, "2": 1.1094229888900358}, "phi": {"0": 0.31885305361283656, "1": 0.7841829270705424, "2": 0.008434874817555005}, "psi": {"0": 0.9887710976441001, "1": 1.02093258239656, "2": 0.5717312258195992}, "sigma": {"0": 0.7753403301814195, "1": 0.981411711148429, "2": 0.0}, "chi_high": 0.1911289247740912, "beta_low": 0.3576891851994364}