{"R": 40.0, "wi": 3, "di": 0, "delta": 1.0, "gamma": {"0": 0.8932403070690039, "1": 1.424487484770181, "2": 0.5414414833655105}, "mu": {"0": 1.1055121968300408, "1": 1.0043999051399453, "2": 1.1065670428725962}, "phi": {"0": 0.620874684521927, "1": 0.40535031654647347, "2": 0.854205372285166}, "psi": {"0": 0.6630997578097336, "1": 0.8930958165358941, "2": 0.796761945957857}, "sigma": {"0": 0.7436426433390408, "1": 0.6472001851517355, "2": 0.0}, "chi_high": 0.8635051143229947, "beta_low": null}