{"R": 40.0, "wi": 2, "di": 1, "delta": 1.0, "gamma": {"0": 0.7069111010845811, "1": 1.2041926356015697, "2": 1.0862914946642643}, "mu": {"0": 1.0710908610837166, "1": 1.0529654547326206, "2": 1.0301086764875007}, "phi": {"0": 0.22333505102401408, "1": 0.9052471263030626, "2": 0.20992770243085668}, "psi": {"0": 0.9285812100327543, "1": 1.1329437734428502, "2": 0.8526653495549906}, "sigma": {"0": 0.8511128297100845, "1": 0.5870789531781353, "2": 0.0}, "chi_high": null, "beta_low": null}