{"R": 40.0, "wi": 1, "di": 2, "delta": 1.0, "gamma": {"0": 0.5907750476768003, "1": 1.196131982276893, "2": 0.660692481583225}, "mu": {"0": 1.0836259918211195, "1": 1.0656911526603658, "2": 1.1416606044157578}, "phi": {"0": 0.1618940034451417, "1": 0.4767307635750344, "2": 0.9909762316177839}, "psi": {"0": 1.1501455849112818, "1": 1.3029556108430236, "2": 0.9195089983432909}, "sigma": {"0": 0.6317827809363219, "1": 0.0, "2": 0.0}, "chi_high": null, "beta_low": 0.14853547862838531}