{"R": 40.0, "wi": 3, "di": 2, "delta": 1.0, "gamma": {"0": 1.1240845778609456, "1": 0.9541636786540002, "2": 1.018000852909175}, "mu": {"0": 1.0395221740283036, "1": 1.1206682685690534, "2": 1.0612216966342471}, "phi": {"0": 0.0032124145384498926, "1": 0.5850965852530252, "2": 0.9428615060034247}, "psi": {"0": 0.7221392373637626, "1": 0.7710545834702048, "2": 1.2913586395359231}, "sigma": {"0": 0.7957722871957257, "1": 0.6953133324135173, "2": 0.0}, "chi_high": 0.9598550014136087, "beta_low": null}