{"R": 40.0, "wi": 3, "di": 0, "delta": 1.0, "gamma": {"0": 1.0977159906452387, "1": 0.539840048865078, "2": 0.7240231838543749}, "mu": {"0": 1.0944195275975366, "1": 1.0771358312670123, "2": 1.1422950454617162}, "phi": {"0": 0.14318779756890632, "1": 0.2607941947978628, "2": 0.07364684617100525}, "psi": {"0": 1.207163549413415, "1": 0.8391760699478163, "2": 1.2651404604905985}, "sigma": {"0": 0.8196476306825591, "1": 0.9685396474891842, "2": 0.0}, "chi_high": 0.0926981782155852, "beta_low": null}