{"R": 40.0, "wi": 0, "di": 1, "delta": 1.0, "gamma": {"0": 1.404683511713103, "1": 0.8839835218314749, "2": 0.7510039578153983}, "mu": {"0": 1.0835133308401648, "1": 1.0025172895343892, "2": 1.0223035694791458}, "phi": {"0": 0.29733098911601297, "1": 0.2176788180605822, "2": 0.39668714337947797}, "psi": {"0": 1.191513898909276, "1": 1.2082257472016407, "2": 0.9277735097052643}, "sigma": {"0": 0.5258027478426665, "1": 0.5104703656168499, "2": 0.0}, "chi_high": 0.7467278901078073, "beta_low": 0.8728359126036958}