{"R": 40.0, "wi": 1, "di": 0, "delta": 1.0, "gamma": {"0": 1.1062388983272302, "1": 1.4611446957299092, "2": 0.7099462699291027}, "mu": {"0": 1.0544231242448692, "1": 1.0138648361964366, "2": 1.1115808219343113}, "phi": {"0": 0.8711814359961864, "1": 0.8359877802876007, "2": 0.038711663501567406}, "psi": {"0": 0.6038979105185092, "1": 1.0214251628328501, "2": 1.0910580453488397}, "sigma": {"0": 0.6311506765472823, "1": 0.0, "2": 0.0}, "chi_high": null, "beta_low": 0.02162105920109515}