{"R": 40.0, "wi": 0, "di": 0, "delta": 1.0, "gamma": {"0": 1.486451118475428, "1": 1.4484418025402421, "2": 0.5942766858614358}, "mu": {"0": 1.0969513141846388, "1": 1.0152043640733697, "2": 1.0787509811932487}, "phi": {"0": 0.8761735937537483, "1": 0.7515251950050508, "2": 0.09021858049387699}, "psi": {"0": 1.2910285379878748, "1": 1.010310096765204, "2": 1.3375491561387505}, "sigma": {"0": 0.8773188645409904, "1": 0.7328414624062016, "2": 0.0}, "chi_high": 0.4575328091989824, "beta_low": 0.48088819914089925}