{"R": 40.0, "wi": 1, "di": 1, "delta": 1.0, "gamma": {"0": 0.7035091795019918, "1": 1.4627073370497627, "2": 0.9559737662321951}, "mu": {"0": 1.1187919725472815, "1": 1.0910865290287142, "2": 1.106862178575546}, "phi": {"0": 0.6403649388756201, "1": 0.8256411123910323, "2": 0.3723806739648263}, "psi": {"0": 0.501124543430101, "1": 0.8004772566639132, "2": 1.0012943695282308}, "sigma": {"0": 0.706852690465676, "1": 0.0, "2": 0.0}, "chi_high": null, "beta_low": 0.4647205916129062}