{"R": 40.0, "wi": 3, "di": 0, "delta": 1.0, "gamma": {"0": 1.2723478813414653, "1": 1.444726823550936, "2": 0.8540820985356697}, "mu": {"0": 1.1097956150886352, "1": 1.0095401835277924, "2": 1.1219098517762853}, "phi": {"0": 0.33205817024567374, "1": 0.88888087820497, "2": 0.2600455643709234}, "psi": {"0": 1.1060363974720708, "1": 1.1388066215077017, "2": 0.985882260532282}, "sigma": {"0": 0.9941803640978253, "1": 0.5237388408637053, "2": 0.0}, "chi_high": 0.04992030464397372, "beta_low": null}