{"R": 40.0, "wi": 0, "di": 2, "delta": 1.0, "gamma": {"0": 1.0314906198885372, "1": 1.4914213137208203, "2": 1.458806391907389}, "mu": {"0": 1.0977319639523337, "1": 1.077722739268044, "2": 1.0536214550282577}, "phi": {"0": 0.3548801530205027, "1": 0.8192915752393812, "2": 0.33512067077831054}, "psi": {"0": 1.390469799240205, "1": 1.0444675711488371, "2": 0.6133842671719416}, "sigma": {"0": 0.7283723474777348, "1": 0.6504068847422481, "2": 0.0}, "chi_high": 0.792279399636858, "beta_low": 0.6926093756286331}