{"R": 40.0, "wi": 0, "di": 0, "delta": 1.0, "gamma": {"0": 0.5865388724710124, "1": 0.8482174775004336, "2": 0.6459856216830533}, "mu": {"0": 1.0959407588808865, "1": 1.040215382654515, "2": 1.0637628351151611}, "phi": {"0": 0.9520775970416151, "1": 0.8168168735252551, "2": 0.661051957699199}, "psi": {"0": 1.1672273061331149, "1": 0.9236686134520573, "2": 1.3620836107499423}, "sigma": {"0": 0.9175363503368877, "1": 0.7125055748648534, "2": 0.0}, "chi_high": 0.8732854387882233, "beta_low": 0.9502387196346913}