{"R": 40.0, "wi": 0, "di": 1, "delta": 1.0, "gamma": {"0": 0.658615925758648, "1": 1.3019121767036135, "2": 1.438896536092769}, "mu": {"0": 1.1075091811667144, "1": 1.0439561138555038, "2": 1.1141661129246396}, "phi": {"0": 0.187152920233694, "1": 0.4533825770654575, "2": 0.8747329467977504}, "psi": {"0": 1.087974831225477, "1": 1.4714217204267406, "2": 1.0723893802433158}, "sigma": {"0": 0.809184322593222, "1": 0.9008227158739555, "2": 0.0}, "chi_high": 0.2280780026728451, "beta_low": 0.10346962648399351}