{"R": 40.0, "wi": 2, "di": 2, "delta": 1.0, "gamma": {"0": 1.4186980406680634, "1": 1.0298223415812786, "2": 1.4977791497333204}, "mu": {"0": 1.048165226008522, "1": 1.1144197437126657, "2": 1.1282096815546863}, "phi": {"0": 0.5928840187610844, "1": 0.751288954411234, "2": 0.808507942703609}, "psi": {"0": 0.5977131574296582, "1": 0.7377708874692346, "2": 0.5367676539025964}, "sigma": {"0": 0.9074857367687752, "1": 0.5773208911140733, "2": 0.0}, "chi_high": null, "beta_low": null}