{"R": 40.0, "wi": 3, "di": 1, "delta": 1.0, "gamma": {"0": 1.1243773855802044, "1": 0.7533319836014946, "2": 0.9620753196314723}, "mu": {"0": 1.0879023541519828, "1": 1.0899057424549727, "2": 1.1035654023994168}, "phi": {"0": 0.8759332927236139, "1": 0.675580786639999, "2": 0.032514162753728315}, "psi": {"0": 1.1842000111694815, "1": 1.254268587170127, "2": 1.3958614925647383}, "sigma": {"0": 0.9591303481761817, "1": 0.8470220526200403, "2": 0.0}, "chi_high": 0.03117363479556793, "beta_low": null}