{"R": 40.0, "wi": 3, "di": 1, "delta": 1.0, "gamma": {"0": 1.0867421107335318, "1": 0.9504278529065007, "2": 0.8095584010661565}, "mu": {"0": 1.0390880685924762, "1": 1.0557441758228563, "2": 1.0309959038343817}, "phi": {"0": 0.6982407941140086, "1": 0.37532222517050706, "2": 0.7096575281324654}, "psi": {"0": 0.8401964275805963, "1": 1.4906540939480633, "2": 1.1820613928094157}, "sigma": {"0": 0.6903964662893596, "1": 0.9719533410068804, "2": 0.0}, "chi_high": 0.4124943721985636, "beta_low": null}