{"R": 40.0, "wi": 3, "di": 2, "delta": 1.0, "gamma": {"0": 0.5632542376964015, "1": 1.17552401815685, "2": 1.449334817461943}, "mu": {"0": 1.031125995013138, "1": 1.0917920443055291, "2": 1.0366384929750052}, "phi": {"0": 0.05196354480346743, "1": 0.9988489502349396, "2": 0.28778017617649554}, "psi": {"0": 0.6400530861108679, "1": 1.373134652512796, "2": 0.7454241416633434}, "sigma": {"0": 0.5607102701089398, "1": 0.7297055292754706, "2": 0.0}, "chi_high": 0.1529788689893371, "beta_low": null}