{"R": 40.0, "wi": 2, "di": 0, "delta": 1.0, "gamma": {"0": 0.872163424871841, "1": 1.4572180719773518, "2": 1.056549111044816}, "mu": {"0": 1.148942377347268, "1": 1.1313115292239837, "2": 1.0359903140926296}, "phi": {"0": 0.34974709547837524, "1": 0.6826109231421428, "2": 0.5670473177665746}, "psi": {"0": 1.351551570875873, "1": 0.5194186792228253, "2": 0.522431505165733}, "sigma": {"0": 0.6897007320326415, "1": 0.579937682620414, "2": 0.0}, "chi_high": null, "beta_low": null}