{"R": 40.0, "wi": 1, "di": 1, "delta": 1.0, "gamma": {"0": 1.4091108485982136, "1": 1.2640400446720519, "2": 0.5139509803057871}, "mu": {"0": 1.0359763696028896, "1": 1.0160611421896695, "2": 1.0652465154888684}, "phi": {"0": 0.2914286510076002, "1": 0.5244538716701307, "2": 0.841395185386804}, "psi": {"0": 0.8574658309465512, "1": 1.201054769846367, "2": 0.7392417349868099}, "sigma": {"0": 0.5030614159096227, "1": 0.0, "2": 0.0}, "chi_high": null, "beta_low": 0.23820239544054142}