{"R": 40.0, "wi": 0, "di": 1, "delta": 1.0, "gamma": {"0": 0.5997161247549494, "1": 0.5245693315755312, "2": 0.9878328118193359}, "mu": {"0": 1.1491185910041377, "1": 1.1295580884956693, "2": 1.11000233070934}, "phi": {"0": 0.29040107343003696, "1": 0.802819992169, "2": 0.8806972447258953}, "psi": {"0": 1.1321663071935664, "1": 0.9643517250615046, "2": 1.303059089741287}, "sigma": {"0": 0.6289033788027696, "1": 0.7793648961910222, "2": 0.0}, "chi_high": 0.024153189523016812, "beta_low": 0.08850542778406895}