{"R": 40.0, "wi": 0, "di": 0, "delta": 1.0, "gamma": {"0": 1.307758259898819, "1": 0.693733607277822, "2": 1.3527367469778455}, "mu": {"0": 1.1232667164486594, "1": 1.0546601349670517, "2": 1.0177142936433223}, "phi": {"0": 0.9639595541244225, "1": 0.47650763990830314, "2": 0.6981071414450012}, "psi": {"0": 1.0090601223910647, "1": 0.5171934551054174, "2": 0.6740072649035234}, "sigma": {"0": 0.9425262468112081, "1": 0.8996698156331745, "2": 0.0}, "chi_high": 0.46546660278515917, "beta_low": 0.573313944865945}