{"R": 40.0, "wi": 1, "di": 1, "delta": 1.0, "gamma": {"0": 1.3007899869814934, "1": 0.5702160461399697, "2": 0.8053054326441001}, "mu": {"0": 1.0811791231605243, "1": 1.1238531928708084, "2": 1.0185147012250662}, "phi": {"0": 0.6584746281999406, "1": 0.6079456061420677, "2": 0.2564119431832549}, "psi": {"0": 1.4404242907963263, "1": 1.007718468092666, "2": 0.734612529013721}, "sigma": {"0": 0.6915463297058015, "1": 0.0, "2": 0.0}, "chi_high": null, "beta_low": 0.05118953816708394}