{"R": 40.0, "wi": 2, "di": 0, "delta": 1.0, "gamma": {"0": 1.1958091276618044, "1": 1.0711176443228787, "2": 1.3491695090146874}, "mu": {"0": 1.0259017056095328, "1": 1.1245702636590897, "2": 1.0254905555851324}, "phi": {"0": 0.3233263837328362, "1": 0.43007222521094546, "2": 0.8265815736836701}, "psi": {"0": 0.9116342315184801, "1": 1.295297148277748, "2": 0.9351615356850976}, "sigma": {"0": 0.9844408000066232, "1": 0.7760972280415434, "2": 0.0}, "chi_high": null, "beta_low": null}