{"R": 40.0, "wi": 3, "di": 2, "delta": 1.0, "gamma": {"0": 0.5384809526918748, "1": 0.5305050090761912, "2": 1.0505364192572282}, "mu": {"0": 1.1300471028383674, "1": 1.133526479599582, "2": 1.0404046782898988}, "phi": {"0": 0.16052031435207548, "1": 0.33069898726676206, "2": 0.43189147873577216}, "psi": {"0": 0.7333151652329215, "1": 1.1756711678150147, "2": 1.0317257414832512}, "sigma": {"0": 0.5102321629846636, "1": 0.9803550061766712, "2": 0.0}, "chi_high": 0.8832315354553586, "beta_low": null}