{"R": 40.0, "wi": 1, "di": 2, "delta": 1.0, "gamma": {"0": 0.5128251252137724, "1": 0.6991717953934702, "2": 1.1470048562665907}, "mu": {"0": 1.1174839616040708, "1": 1.0971166580819576, "2": 1.0340392080769982}, "phi": {"0": 0.643596261585542, "1": 0.14352455003753806, "2": 0.8767694163847096}, "psi": {"0": 1.334592088059417, "1": 1.4650951079858858, "2": 0.9159030160773973}, "sigma": {"0": 0.9377587241903813, "1": 0.0, "2": 0.0}, "chi_high": null, "beta_low": 0.3089660242269823}