{"R": 40.0, "wi": 3, "di": 1, "delta": 1.0, "gamma": {"0": 0.6702598454730265, "1": 0.5382947328376395, "2": 1.4077531096400766}, "mu": {"0": 1.0567658708982923, "1": 1.0561020428527668, "2": 1.1235312772616408}, "phi": {"0": 0.509564379882314, "1": 0.8449131962959056, "2": 0.008808056784429641}, "psi": {"0": 0.5980576421703291, "1": 1.1427088901982323, "2": 1.1630508425188557}, "sigma": {"0": 0.5980830571948536, "1": 0.8508657895193941, "2": 0.0}, "chi_high": 0.3580523105281743, "beta_low": null}