{"R": 40.0, "wi": 3, "di": 1, "delta": 1.0, "gamma": {"0": 0.6498046279993447, "1": 0.6296652639115151, "2": 0.9215315834350668}, "mu": {"0": 1.110180307810053, "1": 1.1488813264464506, "2": 1.133997712655395}, "phi": {"0": 0.09126035134781507, "1": 0.5047506835434731, "2": 0.0029344854256084796}, "psi": {"0": 1.3207461422002091, "1": 1.257268534546018, "2": 1.2343998989732903}, "sigma": {"0": 0.6957307377151216, "1": 0.6636841014426513, "2": 0.0}, "chi_high": 0.2989509553878493, "beta_low": null}