{"R": 40.0, "wi": 2, "di": 2, "delta": 1.0, "gamma": {"0": 1.3881058992897177, "1": 1.1557246661100649, "2": 1.0875701597037164}, "mu": {"0": 1.0028242063530546, "1": 1.020476960120842, "2": 1.0283384182439335}, "phi": {"0": 0.12235205977652008, "1": 0.8288822114352782, "2": 0.48735334410787645}, "psi": {"0": 0.8632704030069969, "1": 1.4024564450374741, "2": 1.4201627878417185}, "sigma": {"0": 0.5145077031393869, "1": 0.5058956625264168, "2": 0.0}, "chi_high": null, "beta_low": null}