{"R": 40.0, "wi": 2, "di": 2, "delta": 1.0, "gamma": {"0": 1.3783479618852128, "1": 1.4771479067366264, "2": 1.0998798106497674}, "mu": {"0": 1.09872767151877, "1": 1.052463167123497, "2": 1.0763813574134036}, "phi": {"0": 0.5020468704905326, "1": 0.7825970763817451, "2": 0.07698191622496531}, "psi": {"0": 0.8397904651600684, "1": 1.2145443490511132, "2": 1.0102412955792568}, "sigma": {"0": 0.5247105270050312, "1": 0.629038146665386, "2": 0.0}, "chi_high": null, "beta_low": null}