{"R": 40.0, "wi": 1, "di": 2, "delta": 1.0, "gamma": {"0": 0.9061821870037271, "1": 0.7991282809940715, "2": 1.4277097071048217}, "mu": {"0": 1.0746878003766103, "1": 1.0578850518510114, "2": 1.0914566782752249}, "phi": {"0": 0.17432423077124315, "1": 0.48503263955952425, "2": 0.4364414492226306}, "psi": {"0": 0.9511950663288677, "1": 1.0762770730917448, "2": 0.8526097981675453}, "sigma": {"0": 0.8983582353100669, "1": 0.0, "2": 0.0}, "chi_high": null, "beta_low": 0.3166175556970989}