{"R": 40.0, "wi": 2, "di": 1, "delta": 1.0, "gamma": {"0": 1.4457224220285427, "1": 1.2298719055057146, "2": 1.3387341756080675}, "mu": {"0": 1.0583288600618213, "1": 1.0114625743955454, "2": 1.052333256991008}, "phi": {"0": 0.9826067931034265, "1": 0.9787318526073131, "2": 0.7757995080136847}, "psi": {"0": 1.35807818051971, "1": 1.3297560267642141, "2": 1.4372137456951708}, "sigma": {"0": 0.7289239536100032, "1": 0.7988154053677455, "2": 0.0}, "chi_high": null, "beta_low": null}