{"R": 40.0, "wi": 3, "di": 2, "delta": 1.0, "gamma": {"0": 0.5795503651754114, "1": 0.5203383775539452, "2": 1.1984516863814016}, "mu": {"0": 1.1094199155253779, "1": 1.044628502180364, "2": 1.1328024750915981}, "phi": {"0": 0.5482589047587293, "1": 0.40161969976194956, "2": 0.8430965380976414}, "psi": {"0": 1.4471068076017657, "1": 1.4880313526742917, "2": 1.3603731806625132}, "sigma": {"0": 0.7755616715086971, "1": 0.803950591140133, "2": 0.0}, "chi_high": 0.928285509712618, "beta_low": null}