{"R": 40.0, "wi": 1, "di": 2, "delta": 1.0, "gamma": {"0": 1.307755755613333, "1": 1.3466057211266265, "2": 0.5367676414376717}, "mu": {"0": 1.1436747982920963, "1": 1.0515701545767366, "2": 1.1410264815618212}, "phi": {"0": 0.3799775208189963, "1": 0.29966653993673087, "2": 0.26115020587678694}, "psi": {"0": 1.152097850885164, "1": 0.7378818475870053, "2": 0.7351896224360014}, "sigma": {"0": 0.768026361753346, "1": 0.0, "2": 0.0}, "chi_high": null, "beta_low": 0.6945463649561288}