{"R": 40.0, "wi": 2, "di": 1, "delta": 1.0, "gamma": {"0": 1.1316533037172682, "1": 1.2310850582735324, "2": 0.8159725830444405}, "mu": {"0": 1.0394407708879785, "1": 1.0291720337639931, "2": 1.0211935625956252}, "phi": {"0": 0.9397508334953595, "1": 0.9799210580704244, "2": 0.550775487923001}, "psi": {"0": 0.5395489204879695, "1": 0.8374609982626381, "2": 0.9647985188305658}, "sigma": {"0": 0.9261477879619917, "1": 0.6719530021948603, "2": 0.0}, "chi_high": null, "beta_low": null}