{"R": 40.0, "wi": 3, "di": 2, "delta": 1.0, "gamma": {"0": 1.3963039557191397, "1": 1.2909772555854044, "2": 1.3463130289915424}, "mu": {"0": 1.0882668662136215, "1": 1.0440718536965568, "2": 1.1254814793407448}, "phi": {"0": 0.7875723871439377, "1": 0.09346788712257958, "2": 0.9591267294211098}, "psi": {"0": 1.3208162982652114, "1": 1.334459627783012, "2": 1.3811299806250428}, "sigma": {"0": 0.6444142910827376, "1": 0.5509373229783796, "2": 0.0}, "chi_high": 0.8150975579349482, "beta_low": null}