{"R": 40.0, "wi": 1, "di": 2, "delta": 1.0, "gamma": {"0": 0.600733185251549, "1": 1.3760591509282842, "2": 0.9468558342305607}, "mu": {"0": 1.1028904911516144, "1": 1.0812602954049257, "2": 1.0083873359047035}, "phi": {"0": 0.26619715195744, "1": 0.49599915254389426, "2": 0.13347241162648993}, "psi": {"0": 0.7425919310894458, "1": 0.9935999891666883, "2": 0.6415587871667555}, "sigma": {"0": 0.7936138386237689, "1": 0.0, "2": 0.0}, "chi_high": null, "beta_low": 0.9357182620499256}