{"R": 40.0, "wi": 0, "di": 1, "delta": 1.0, "gamma": {"0": 0.5957481471992083, "1": 0.9686646158103983, "2": 1.3701864171423983}, "mu": {"0": 1.0526349474772045, "1": 1.0585122162165512, "2": 1.067477618857767}, "phi": {"0": 0.5698641435182914, "1": 0.14116337019481096, "2": 0.43592770397291614}, "psi": {"0": 0.958546883123989, "1": 1.1814067189698156, "2": 1.3903983347791926}, "sigma": {"0": 0.9841902145294157, "1": 0.784615037916998, "2": 0.0}, "chi_high": 0.7919423013022003, "beta_low": 0.6129572295038348}