{"R": 40.0, "wi": 3, "di": 0, "delta": 1.0, "gamma": {"0": 0.5844513880749533, "1": 0.8938745957853326, "2": 1.1099860545826261}, "mu": {"0": 1.0420259239561442, "1": 1.1018532966691525, "2": 1.0544859216243998}, "phi": {"0": 0.4018408189854983, "1": 0.16688294719174002, "2": 0.6263413362892203}, "psi": {"0": 0.5284070485086754, "1": 1.467576485261924, "2": 0.6376007068813472}, "sigma": {"0": 0.9633494793715884, "1": 0.508701813718109, "2": 0.0}, "chi_high": 0.7846489288951521, "beta_low": null}