{"R": 40.0, "wi": 0, "di": 0, "delta": 1.0, "gamma": {"0": 1.3735745079629318, "1": 0.9106338145233178, "2": 0.6797551257705742}, "mu": {"0": 1.0802841089113868, "1": 1.0751498992855397, "2": 1.0711111098918942}, "phi": {"0": 0.7456584845875905, "1": 0.03483255836400023, "2": 0.38996781791314006}, "psi": {"0": 0.613193864267459, "1": 0.5567378151698825, "2": 1.2846251828477384}, "sigma": {"0": 0.5313777765880763, "1": 0.9563129480276346, "2": 0.0}, "chi_high": 0.4853830909948491, "beta_low": 0.8606506157909463}