{"R": 40.0, "wi": 3, "di": 1, "delta": 1.0, "gamma": {"0": 1.153505037527971, "1": 1.0156992646934637, "2": 1.2509381109229416}, "mu": {"0": 1.1107041066662813, "1": 1.1342634489956327, "2": 1.1290958114070904}, "phi": {"0": 0.41772240002579664, "1": 0.28930046230932205, "2": 0.3220202965779483}, "psi": {"0": 1.0032724230182772, "1": 0.7069045953049764, "2": 1.36651396676608}, "sigma": {"0": 0.9960555730221161, "1": 0.5812673274087707, "2": 0.0}, "chi_high": 0.26221654886928086, "beta_low": null}