{"R": 40.0, "wi": 0, "di": 2, "delta": 1.0, "gamma": {"0": 0.7200808194611369, "1": 0.5743891307566159, "2": 1.4803937595950167}, "mu": {"0": 1.1069091917924332, "1": 1.0279165543717168, "2": 1.0610037853599124}, "phi": {"0": 0.4285801415612228, "1": 0.9504866095590763, "2": 0.13534381833920373}, "psi": {"0": 0.9099324435689973, "1": 0.7647153354114298, "2": 0.7120574368843433}, "sigma": {"0": 0.8220958389396646, "1": 0.5834056496376989, "2": 0.0}, "chi_high": 0.37326519520411006, "beta_low": 0.28923837200041796}