{"R": 40.0, "wi": 0, "di": 0, "delta": 1.0, "gamma": {"0": 0.5566681886787701, "1": 1.3717269294470231, "2": 1.4229369696169512}, "mu": {"0": 1.100615706259558, "1": 1.0320668076007056, "2": 1.1477380630855107}, "phi": {"0": 0.6765128016732849, "1": 0.6295559621339663, "2": 0.1413688679949201}, "psi": {"0": 1.3426019772091573, "1": 0.8301110870882361, "2": 1.2107169058511098}, "sigma": {"0": 0.5932924736886156, "1": 0.6097294813304797, "2": 0.0}, "chi_high": 0.5916525855587568, "beta_low": 0.9787701825711792}