{"R": 40.0, "wi": 2, "di": 0, "delta": 1.0, "gamma": {"0": 0.8111950571214074, "1": 0.9034485954707274, "2": 0.8333701554292184}, "mu": {"0": 1.0789202769589716, "1": 1.0030068191387103, "2": 1.03141075639597}, "phi": {"0": 0.0920126319760326, "1": 0.6428713694124584, "2": 0.6609241739289107}, "psi": {"0": 0.6363499526261144, "1": 1.1619994043668802, "2": 0.9755560515148114}, "sigma": {"0": 0.5661450584631234, "1": 0.7094625858158201, "2": 0.0}, "chi_high": null, "beta_low": null}