{"R": 40.0, "wi": 1, "di": 2, "delta": 1.0, "gamma": {"0": 1.450494025631936, "1": 0.7704489572048545, "2": 0.6535665306519555}, "mu": {"0": 1.1181982010075997, "1": 1.1407391751075884, "2": 1.0889425043798482}, "phi": {"0": 0.24865747247522385, "1": 0.2310008631661532, "2": 0.48830206722212033}, "psi": {"0": 1.0162097178548373, "1": 0.9581590419743967, "2": 0.7901283572990792}, "sigma": {"0": 0.6962138911937277, "1": 0.0, "2": 0.0}, "chi_high": null, "beta_low": 0.76255151099232}