{"R": 40.0, "wi": 1, "di": 1, "delta": 1.0, "gamma": {"0": 0.8938660980704715, "1": 1.2223884513530376, "2": 1.0239577423980428}, "mu": {"0": 1.0556856495451485, "1": 1.1008571894511319, "2": 1.0199276011630019}, "phi": {"0": 0.26856071947296567, "1": 0.3001880626055986, "2": 0.1424268260165399}, "psi": {"0": 1.196741225625098, "1": 1.101984241454029, "2": 1.0159810449617996}, "sigma": {"0": 0.9901748605215388, "1": 0.0, "2": 0.0}, "chi_high": null, "beta_low": 0.7715463772912188}