{"R": 40.0, "wi": 0, "di": 0, "delta": 1.0, "gamma": {"0": 0.717912836048504, "1": 0.6937992216266066, "2": 0.7520262287660756}, "mu": {"0": 1.1312174079424016, "1": 1.1124914296633748, "2": 1.04010810973102}, "phi": {"0": 0.44445246214901446, "1": 0.6006200264598994, "2": 0.8358333477253438}, "psi": {"0": 0.9087364322983226, "1": 1.3991839473722467, "2": 1.343389498868007}, "sigma": {"0": 0.9864651295051015, "1": 0.6335342113282225, "2": 0.0}, "chi_high": 0.26810940141463285, "beta_low": 0.8391207565642137}