{"R": 40.0, "wi": 1, "di": 1, "delta": 1.0, "gamma": {"0": 1.1475195245153436, "1": 1.0189605175776135, "2": 0.843970543427459}, "mu": {"0": 1.096488865805877, "1": 1.0138661972828096, "2": 1.117243777161151}, "phi": {"0": 0.8415018705028241, "1": 0.3822923917901552, "2": 0.6103203133799353}, "psi": {"0": 0.6215785139129878, "1": 0.894655838717249, "2": 0.656425183540524}, "sigma": {"0": 0.6928996195382353, "1": 0.0, "2": 0.0}, "chi_high": null, "beta_low": 0.4159868176195725}