{"R": 40.0, "wi": 1, "di": 0, "delta": 1.0, "gamma": {"0": 1.030966499366365, "1": 1.2358929371082565, "2": 0.6179706847999538}, "mu": {"0": 1.0333874200761235, "1": 1.1145564362436993, "2": 1.0137953277252496}, "phi": {"0": 0.7384863843474776, "1": 0.8420546030430426, "2": 0.3408642793492266}, "psi": {"0": 0.9087536685463924, "1": 0.7016453978201882, "2": 1.4982531204007399}, "sigma": {"0": 0.9969436727343151, "1": 0.0, "2": 0.0}, "chi_high": null, "beta_low": 0.5708060671032612}