{"R": 40.0, "wi": 3, "di": 0, "delta": 1.0, "gamma": {"0": 0.9679719426249707, "1": 0.7679711298978461, "2": 1.1333189226687197}, "mu": {"0": 1.0819861161192168, "1": 1.0623505313025265, "2": 1.0861023494644908}, "phi": {"0": 0.19269525538746468, "1": 0.9450561877896486, "2": 0.13526746304163084}, "psi": {"0": 0.7022020276956629, "1": 0.9846420627206861, "2": 0.8336785250780593}, "sigma": {"0": 0.9210873008118681, "1": 0.5105816343724672, "2": 0.0}, "chi_high": 0.46714328590879983, "beta_low": null}