{"R": 40.0, "wi": 1, "di": 1, "delta": 1.0, "gamma": {"0": 0.6467092285418676, "1": 0.5718961815262229, "2": 0.8661045161499304}, "mu": {"0": 1.0504827116471525, "1": 1.1390484495733544, "2": 1.1355621110571603}, "phi": {"0": 0.7320586782768889, "1": 0.9876149525056017, "2": 0.1699191631850998}, "psi": {"0": 0.5368054953839038, "1": 0.599443143367818, "2": 0.7711069277799107}, "sigma": {"0": 0.9657517463580996, "1": 0.0, "2": 0.0}, "chi_high": null, "beta_low": 0.028892553532850668}