{"R": 40.0, "wi": 1, "di": 1, "delta": 1.0, "gamma": {"0": 1.1825366296026902, "1": 1.0939241037802074, "2": 0.5962114452112441}, "mu": {"0": 1.009813117818384, "1": 1.0242200493880114, "2": 1.0827159536426556}, "phi": {"0": 0.7446191614979989, "1": 0.131573630152921, "2": 0.1324894768004662}, "psi": {"0": 0.6322061024805751, "1": 1.3150598249412926, "2": 0.6818127628090928}, "sigma": {"0": 0.7768533662466873, "1": 0.0, "2": 0.0}, "chi_high": null, "beta_low": 0.47820776869089615}