{"R": 40.0, "wi": 3, "di": 0, "delta": 1.0, "gamma": {"0": 0.967074057326832, "1": 1.4381615115460158, "2": 0.8826404079447809}, "mu": {"0": 1.1004961806042803, "1": 1.0481432961018105, "2": 1.1089224758435603}, "phi": {"0": 0.6978766155959252, "1": 0.912159936099212, "2": 0.45808057909175837}, "psi": {"0": 0.8357444980254171, "1": 0.6464028559588152, "2": 0.8608103609961514}, "sigma": {"0": 0.7953448407626208, "1": 0.7980651774314768, "2": 0.0}, "chi_high": 0.25759692925889915, "beta_low": null}