{"R": 40.0, "wi": 2, "di": 2, "delta": 1.0, "gamma": {"0": 1.2508622654129788, "1": 0.9396829848530208, "2": 1.1172736352143213}, "mu": {"0": 1.006756942295774, "1": 1.1070947388245087, "2": 1.0796659706536125}, "phi": {"0": 0.370442990526181, "1": 0.9923948516043931, "2": 0.7777887733890481}, "psi": {"0": 1.091812851134029, "1": 0.5123334461225927, "2": 1.0493559458524975}, "sigma": {"0": 0.8037461572539575, "1": 0.6368200609789054, "2": 0.0}, "chi_high": null, "beta_low": null}