{"R": 40.0, "wi": 2, "di": 0, "delta": 1.0, "gamma": {"0": 0.9690082781400124, "1": 0.8674995715296733, "2": 0.9900427440035062}, "mu": {"0": 1.1138525200066691, "1": 1.0399157257012714, "2": 1.0144783139991929}, "phi": {"0": 0.26039309987432413, "1": 0.14928807113726272, "2": 0.8334092398353579}, "psi": {"0": 1.390293719118212, "1": 1.1202836808723964, "2": 1.1537599859321976}, "sigma": {"0": 0.8943667431218341, "1": 0.6682944439103251, "2": 0.0}, "chi_high": null, "beta_low": null}