{"R": 40.0, "wi": 1, "di": 1, "delta": 1.0, "gamma": {"0": 0.9330671071075477, "1": 1.1405804031458633, "2": 0.6923954446291093}, "mu": {"0": 1.0253532513771337, "1": 1.1066351736033644, "2": 1.0018796484492174}, "phi": {"0": 0.8440283687101666, "1": 0.397170545069206, "2": 0.2036033158794427}, "psi": {"0": 0.678093741725263, "1": 0.5352475951992252, "2": 0.6085001049685745}, "sigma": {"0": 0.9617614719486836, "1": 0.0, "2": 0.0}, "chi_high": null, "beta_low": 0.25719931909963184}