{"R": 40.0, "wi": 2, "di": 1, "delta": 1.0, "gamma": {"0": 1.411698642177352, "1": 0.7760631157036355, "2": 0.7204615816876453}, "mu": {"0": 1.0945897430564933, "1": 1.143938383667634, "2": 1.119774580036122}, "phi": {"0": 0.49283893596987827, "1": 0.08198019164407111, "2": 0.9680271766263707}, "psi": {"0": 1.107415191672705, "1": 0.9789053584759765, "2": 0.5652488946575152}, "sigma": {"0": 0.9845466212483593, "1": 0.597246012641111, "2": 0.0}, "chi_high": null, "beta_low": null}