{"R": 40.0, "wi": 2, "di": 1, "delta": 1.0, "gamma": {"0": 1.2712892041200643, "1": 1.4558682506835634, "2": 0.5897055719954511}, "mu": {"0": 1.1125992978938253, "1": 1.105849748768615, "2": 1.107523714752133}, "phi": {"0": 0.9878533262783531, "1": 0.7549361093174972, "2": 0.8023087958751093}, "psi": {"0": 0.5277702500382953, "1": 0.7499095325803377, "2": 1.3068281400674713}, "sigma": {"0": 0.8508237497987574, "1": 0.602583219036234, "2": 0.0}, "chi_high": null, "beta_low": null}