{"R": 40.0, "wi": 3, "di": 2, "delta": 1.0, "gamma": {"0": 0.6366760125858374, "1": 1.2856882062576847, "2": 1.268329663225595}, "mu": {"0": 1.0527452526452086, "1": 1.0178591142311209, "2": 1.0967404300892474}, "phi": {"0": 0.1753774593359425, "1": 0.16551147701081437, "2": 0.716438524425783}, "psi": {"0": 1.387488826570537, "1": 1.4557521157801112, "2": 1.3500695637953806}, "sigma": {"0": 0.7030448263792082, "1": 0.6190718237889652, "2": 0.0}, "chi_high": 0.057516357768892315, "beta_low": null}