{"R": 40.0, "wi": 3, "di": 1, "delta": 1.0, "gamma": {"0": 1.1247484524346578, "1": 1.2665615102940522, "2": 0.8951917882272831}, "mu": {"0": 1.1051586228092016, "1": 1.0527441020268322, "2": 1.019907338323537}, "phi": {"0": 0.015812934303831128, "1": 0.7260593293237528, "2": 0.6038151576431786}, "psi": {"0": 0.806558989812335, "1": 0.5586847568136256, "2": 1.0697580973684295}, "sigma": {"0": 0.5615067184769077, "1": 0.6488486839808023, "2": 0.0}, "chi_high": 0.11357282432533215, "beta_low": null}