{"R": 40.0, "wi": 1, "di": 0, "delta": 1.0, "gamma": {"0": 0.5411529213012247, "1": 0.5852747811713561, "2": 0.6456159214542518}, "mu": {"0": 1.0470231137234245, "1": 1.1427024671709327, "2": 1.1194134301623355}, "phi": {"0": 0.7250718226020151, "1": 0.7528004870765939, "2": 0.9264039800336045}, "psi": {"0": 0.7840061255508866, "1": 0.5301830852510371, "2": 0.8037826321258804}, "sigma": {"0": 0.8724966732823647, "1": 0.0, "2": 0.0}, "chi_high": null, "beta_low": 0.8070746036794856}