{"R": 40.0, "wi": 0, "di": 2, "delta": 1.0, "gamma": {"0": 1.1804580554378066, "1": 0.648112151603627, "2": 0.8802443386285166}, "mu": {"0": 1.0669397934304279, "1": 1.0790004765516767, "2": 1.0728777552207531}, "phi": {"0": 0.5873484097172379, "1": 0.9203143724280108, "2": 0.6622608416810262}, "psi": {"0": 1.3891162700367576, "1": 1.166699370480368, "2": 1.3944704849482104}, "sigma": {"0": 0.5249237850457895, "1": 0.7892268846094699, "2": 0.0}, "chi_high": 0.1139287614113442, "beta_low": 0.5477050259158738}