{"R": 40.0, "wi": 3, "di": 1, "delta": 1.0, "gamma": {"0": 0.9161589115513874, "1": 1.3643334716564954, "2": 0.7504413677718353}, "mu": {"0": 1.1158206529620474, "1": 1.141318078543385, "2": 1.041525080381206}, "phi": {"0": 0.18835957517809476, "1": 0.7267034478805697, "2": 0.345634637818927}, "psi": {"0": 0.5876573514309681, "1": 0.844246536472971, "2": 0.5999746660999377}, "sigma": {"0": 0.8413668176743887, "1": 0.5107999177970812, "2": 0.0}, "chi_high": 0.9413723978935837, "beta_low": null}