{"R": 40.0, "wi": 1, "di": 1, "delta": 1.0, "gamma": {"0": 1.2994898714661547, "1": 1.280804012840362, "2": 0.5265293634897088}, "mu": {"0": 1.0612888955907192, "1": 1.0374924833681949, "2": 1.1114876791760433}, "phi": {"0": 0.30686824180661776, "1": 0.05434634794219495, "2": 0.6646018297247793}, "psi": {"0": 1.3439540389715525, "1": 0.5213010392200408, "2": 0.7335551003321851}, "sigma": {"0": 0.8252740543009042, "1": 0.0, "2": 0.0}, "chi_high": null, "beta_low": 0.18504283820330794}