{"R": 40.0, "wi": 2, "di": 1, "delta": 1.0, "gamma": {"0": 0.8502967080282989, "1": 1.1555921819905066, "2": 1.1743561733085208}, "mu": {"0": 1.0255645973157579, "1": 1.0476432333475134, "2": 1.0217292578639616}, "phi": {"0": 0.17312539656027592, "1": 0.8957385611397698, "2": 0.05322796438541366}, "psi": {"0": 1.3402247757883967, "1": 1.190638233985828, "2": 1.0174015069628362}, "sigma": {"0": 0.7997074530377889, "1": 0.8704782662328285, "2": 0.0}, "chi_high": null, "beta_low": null}