{"R": 40.0, "wi": 2, "di": 0, "delta": 1.0, "gamma": {"0": 1.471557423854319, "1": 1.0277713287427568, "2": 0.9958117057296915}, "mu": {"0": 1.1103861985882575, "1": 1.1492005719850373, "2": 1.00938662998492}, "phi": {"0": 0.23379560513664177, "1": 0.7638959231647138, "2": 0.21267902986355147}, "psi": {"0": 0.6551639242816709, "1": 0.7874508169273615, "2": 0.8234497086898993}, "sigma": {"0": 0.5236875824178093, "1": 0.5352492892683585, "2": 0.0}, "chi_high": null, "beta_low": null}