{"R": 40.0, "wi": 0, "di": 0, "delta": 1.0, "gamma": {"0": 0.867020691393037, "1": 0.931418140637509, "2": 0.8551837597683409}, "mu": {"0": 1.0871296450920145, "1": 1.1178317726558942, "2": 1.0999945725268436}, "phi": {"0": 0.6401807585470864, "1": 0.3445705858914724, "2": 0.4001239066807686}, "psi": {"0": 1.0025815579310131, "1": 1.418693325060722, "2": 0.8859953896213028}, "sigma": {"0": 0.8750076503716859, "1": 0.6227003046959845, "2": 0.0}, "chi_high": 0.31146700102663816, "beta_low": 0.2875074595904837}