{"R": 40.0, "wi": 3, "di": 0, "delta": 1.0, "gamma": {"0": 1.3776052342194411, "1": 0.9587381846881396, "2": 1.3690172764903865}, "mu": {"0": 1.0376724799403065, "1": 1.0777412946741165, "2": 1.0737864457267048}, "phi": {"0": 0.7615939684771393, "1": 0.8537956844853006, "2": 0.08216928499203502}, "psi": {"0": 1.021820203525711, "1": 0.555246927390698, "2": 0.8745631583362709}, "sigma": {"0": 0.5020059546527028, "1": 0.857452437002753, "2": 0.0}, "chi_high": 0.8072835466912126, "beta_low": null}