{"R": 40.0, "wi": 2, "di": 2, "delta": 1.0, "gamma": {"0": 0.5463566885818738, "1": 1.3613971839949233, "2": 1.0334276592740614}, "mu": {"0": 1.1382475735850355, "1": 1.0683910472940066, "2": 1.0893467893615976}, "phi": {"0": 0.3647315921649902, "1": 0.7317861769440517, "2": 0.692769545400145}, "psi": {"0": 0.5909549345087562, "1": 0.9170334864698266, "2": 0.7181333971808571}, "sigma": {"0": 0.6013692728115869, "1": 0.8993951567412848, "2": 0.0}, "chi_high": null, "beta_low": null}