{"R": 40.0, "wi": 1, "di": 0, "delta": 1.0, "gamma": {"0": 1.0625349222738554, "1": 0.8730238662459215, "2": 1.4985749623075693}, "mu": {"0": 1.0039609987377878, "1": 1.0981047194517781, "2": 1.1426266669663867}, "phi": {"0": 0.7493210923328895, "1": 0.5223024345503213, "2": 0.056423406573293144}, "psi": {"0": 1.1751098247880298, "1": 1.2928629171289452, "2": 0.6790593668640411}, "sigma": {"0": 0.5827824228513634, "1": 0.0, "2": 0.0}, "chi_high": null, "beta_low": 0.47918791475030564}