{"R": 40.0, "wi": 0, "di": 1, "delta": 1.0, "gamma": {"0": 0.9968930695902535, "1": 1.4484210613856892, "2": 0.7004047746617487}, "mu": {"0": 1.0866741954767007, "1": 1.1037461140038618, "2": 1.0207510461225373}, "phi": {"0": 0.10006788760998442, "1": 0.9264276773120345, "2": 0.25004668465587887}, "psi": {"0": 1.3272900092316968, "1": 1.304277500894717, "2": 1.1841155510106063}, "sigma": {"0": 0.9650398950698504, "1": 0.9586643568664577, "2": 0.0}, "chi_high": 0.29979343614834636, "beta_low": 0.2743992176364716}