{"R": 40.0, "wi": 3, "di": 2, "delta": 1.0, "gamma": {"0": 0.8635172076337257, "1": 0.7448688981325926, "2": 1.4895604725594143}, "mu": {"0": 1.145324895467917, "1": 1.0902622322190716, "2": 1.0939723108361499}, "phi": {"0": 0.9694369026911205, "1": 0.16124367901684955, "2": 0.1959231746827581}, "psi": {"0": 0.9750049373223192, "1": 1.2514462577729084, "2": 0.5017152918945391}, "sigma": {"0": 0.664667478942256, "1": 0.5655337202102741, "2": 0.0}, "chi_high": 0.6663047524300844, "beta_low": null}