{"R": 40.0, "wi": 3, "di": 1, "delta": 1.0, "gamma": {"0": 0.6053499823131585, "1": 1.3687866269309734, "2": 0.6917351967835065}, "mu": {"0": 1.0352951388213105, "1": 1.1245684552140123, "2": 1.1112002853688154}, "phi": {"0": 0.8745703400183384, "1": 0.9110433392855257, "2": 0.9551157210191116}, "psi": {"0": 1.1133023039154013, "1": 1.4018811773538318, "2": 1.2772476868878462}, "sigma": {"0": 0.6735680028239321, "1": 0.8674633606408453, "2": 0.0}, "chi_high": 0.24254222422044755, "beta_low": null}