{"R": 40.0, "wi": 1, "di": 1, "delta": 1.0, "gamma": {"0": 0.7681055183570146, "1": 1.4044277108492327, "2": 0.587432443067725}, "mu": {"0": 1.0698722923119022, "1": 1.0188633078051001, "2": 1.1107755900800165}, "phi": {"0": 0.3169534935999917, "1": 0.08876429449044465, "2": 0.19241025218560426}, "psi": {"0": 1.0834733659131244, "1": 0.9366491422158648, "2": 1.2929564219849499}, "sigma": {"0": 0.7298829687729899, "1": 0.0, "2": 0.0}, "chi_high": null, "beta_low": 0.657960085785843}