{"R": 40.0, "wi": 2, "di": 2, "delta": 1.0, "gamma": {"0": 0.9458950730344527, "1": 1.1773882921513357, "2": 0.6674480366518857}, "mu": {"0": 1.044096829266712, "1": 1.026059036227869, "2": 1.0058740553766938}, "phi": {"0": 0.7053485847030619, "1": 0.8533481855281467, "2": 0.3445761748788633}, "psi": {"0": 0.8907528402647584, "1": 0.9572988083542671, "2": 0.8938391904603344}, "sigma": {"0": 0.9100589389777269, "1": 0.9968134549992227, "2": 0.0}, "chi_high": null, "beta_low": null}