{"R": 40.0, "wi": 3, "di": 1, "delta": 1.0, "gamma": {"0": 0.5292478614175077, "1": 0.6843206566153032, "2": 1.3095138377445865}, "mu": {"0": 1.1401336138991833, "1": 1.0059625054406496, "2": 1.136163152427597}, "phi": {"0": 0.6212483955683159, "1": 0.9904631281460933, "2": 0.06805139381694869}, "psi": {"0": 1.039743524124068, "1": 0.5843315299759663, "2": 1.4043138677333427}, "sigma": {"0": 0.8131983288437807, "1": 0.5363164114093429, "2": 0.0}, "chi_high": 0.7684393953195499, "beta_low": null}