{"R": 40.0, "wi": 2, "di": 0, "delta": 1.0, "gamma": {"0": 1.3335176358592107, "1": 0.8587319452181768, "2": 0.9691814788131315}, "mu": {"0": 1.0409027561901802, "1": 1.041287668752146, "2": 1.0583323264535864}, "phi": {"0": 0.8580722261167706, "1": 0.8059839958955601, "2": 0.1677063140274333}, "psi": {"0": 1.3081396387679898, "1": 0.603988824094513, "2": 0.8990418444125865}, "sigma": {"0": 0.7674655743006213, "1": 0.7228953615533534, "2": 0.0}, "chi_high": null, "beta_low": null}