{"R": 40.0, "wi": 2, "di": 2, "delta": 1.0, "gamma": {"0": 1.4523306953396706, "1": 0.5759136343173664, "2": 1.338532986941218}, "mu": {"0": 1.1166036622454827, "1": 1.027146718012338, "2": 1.130064771343562}, "phi": {"0": 0.07788512081222188, "1": 0.652333686415432, "2": 0.7825026795568222}, "psi": {"0": 1.0051563993519301, "1": 1.2371517234892355, "2": 0.5645742745196706}, "sigma": {"0": 0.6598929588049411, "1": 0.8913209465110055, "2": 0.0}, "chi_high": null, "beta_low": null}