{"R": 40.0, "wi": 1, "di": 2, "delta": 1.0, "gamma": {"0": 1.2844664654216578, "1": 1.2068714786756685, "2": 0.5587703606842337}, "mu": {"0": 1.024172428665845, "1": 1.1473469167935852, "2": 1.0297309939750703}, "phi": {"0": 0.5812997872381352, "1": 0.12653307942347436, "2": 0.09573331228810578}, "psi": {"0": 0.7677280796586246, "1": 0.7459563401304189, "2": 1.0071279478747206}, "sigma": {"0": 0.5688874404282607, "1": 0.0, "2": 0.0}, "chi_high": null, "beta_low": 0.9633018682505937}