{"R": 40.0, "wi": 1, "di": 1, "delta": 1.0, "gamma": {"0": 0.8224461186915949, "1": 0.6882172581836925, "2": 1.2630939953464835}, "mu": {"0": 1.0967225836967196, "1": 1.1128696946345265, "2": 1.064148786281012}, "phi": {"0": 0.314880456076727, "1": 0.31223083059521883, "2": 0.09359683090910476}, "psi": {"0": 0.6523783601426687, "1": 0.8052194656370059, "2": 0.7702630575534337}, "sigma": {"0": 0.7981690464178517, "1": 0.0, "2": 0.0}, "chi_high": null, "beta_low": 0.5764577080919422}