{"R": 40.0, "wi": 1, "di": 1, "delta": 1.0, "gamma": {"0": 1.3653412648617933, "1": 0.7300312985609595, "2": 1.1818491548221786}, "mu": {"0": 1.1287386372800892, "1": 1.016837956069253, "2": 1.1341788259481174}, "phi": {"0": 0.9736272630083315, "1": 0.5075457355096117, "2": 0.7266628664988515}, "psi": {"0": 0.9253902999552567, "1": 1.2995022201147082, "2": 0.7491676375977704}, "sigma": {"0": 0.6549891908608704, "1": 0.0, "2": 0.0}, "chi_high": null, "beta_low": 0.88793339734373}