{"R": 40.0, "wi": 3, "di": 0, "delta": 1.0, "gamma": {"0": 1.4721604963343888, "1": 0.6247991345629134, "2": 1.350647113622836}, "mu": {"0": 1.0638400402387898, "1": 1.1097825646610444, "2": 1.0882326352688128}, "phi": {"0": 0.06317029240939553, "1": 0.1351516248150414, "2": 0.296840900475396}, "psi": {"0": 1.1677745879566934, "1": 1.007137865646401, "2": 1.3797725157545622}, "sigma": {"0": 0.7050361452921524, "1": 0.5714167591052036, "2": 0.0}, "chi_high": 0.21652797033743146, "beta_low": null}