{"R": 40.0, "wi": 2, "di": 1, "delta": 1.0, "gamma": {"0": 1.039632464492688, "1": 1.040177859682223, "2": 1.3986891584893109}, "mu": {"0": 1.1161829902071432, "1": 1.084886891260103, "2": 1.0345270162602074}, "phi": {"0": 0.763560055873981, "1": 0.9165578361220251, "2": 0.2789646585509892}, "psi": {"0": 1.007293212067823, "1": 1.330093574997983, "2": 1.2186441508111856}, "sigma": {"0": 0.9829001237711684, "1": 0.8187236696618514, "2": 0.0}, "chi_high": null, "beta_low": null}