{"R": 40.0, "wi": 3, "di": 1, "delta": 1.0, "gamma": {"0": 0.858403935983646, "1": 1.4068551438775843, "2": 0.8956217742043043}, "mu": {"0": 1.0992899135173149, "1": 1.0699485798389645, "2": 1.1100562402012486}, "phi": {"0": 0.5374926204231647, "1": 0.5194226051886681, "2": 0.06125374324763966}, "psi": {"0": 1.2072962182922908, "1": 0.6262120580812666, "2": 1.2339386463682902}, "sigma": {"0": 0.928085842289597, "1": 0.5604658591936087, "2": 0.0}, "chi_high": 0.3235268146389649, "beta_low": null}