{"R": 40.0, "wi": 3, "di": 0, "delta": 1.0, "gamma": {"0": 1.3244993952833561, "1": 0.9182834837673108, "2": 0.5820260164884477}, "mu": {"0": 1.0815078148828337, "1": 1.0323424451861931, "2": 1.0541147413758925}, "phi": {"0": 0.6215326440775759, "1": 0.338616047741075, "2": 0.6364248391285042}, "psi": {"0": 1.018799808726735, "1": 0.5589763569397592, "2": 0.5204589949456592}, "sigma": {"0": 0.8805897427761478, "1": 0.5538119515179193, "2": 0.0}, "chi_high": 0.7609760539547485, "beta_low": null}