{"R": 40.0, "wi": 1, "di": 1, "delta": 1.0, "gamma": {"0": 0.9344711788198847, "1": 1.3625568596689916, "2": 0.8013246443291556}, "mu": {"0": 1.1457034559941923, "1": 1.1090378853138192, "2": 1.0635016077077224}, "phi": {"0": 0.645059621833993, "1": 0.5273737139960986, "2": 0.8925844621730911}, "psi": {"0": 1.4838625572867308, "1": 1.4487277763271151, "2": 0.5468870699290738}, "sigma": {"0": 0.8995701404230639, "1": 0.0, "2": 0.0}, "chi_high": null, "beta_low": 0.2591018453725678}