{"R": 40.0, "wi": 2, "di": 0, "delta": 1.0, "gamma": {"0": 0.9984239832572361, "1": 1.3172795302814435, "2": 0.5947642771393404}, "mu": {"0": 1.149774757551133, "1": 1.0875331571030098, "2": 1.0027967277952095}, "phi": {"0": 0.3400620185094123, "1": 0.5792215212445386, "2": 0.4193188348608998}, "psi": {"0": 1.4310419398371121, "1": 0.7661899676852482, "2": 0.731325833769053}, "sigma": {"0": 0.6935137087619812, "1": 0.9621779492825546, "2": 0.0}, "chi_high": null, "beta_low": null}