{"R": 40.0, "wi": 2, "di": 0, "delta": 1.0, "gamma": {"0": 0.6460672021761188, "1": 0.5721855244016779, "2": 0.5641793851319007}, "mu": {"0": 1.0666163880257356, "1": 1.0500361393378226, "2": 1.0341390998964912}, "phi": {"0": 0.8514275861509734, "1": 0.8920012796086187, "2": 0.1559168787586096}, "psi": {"0": 1.1307831783223323, "1": 0.7482634027611422, "2": 0.6535428524520508}, "sigma": {"0": 0.574067695493159, "1": 0.5442654473114803, "2": 0.0}, "chi_high": null, "beta_low": null}