{"R": 40.0, "wi": 3, "di": 2, "delta": 1.0, "gamma": {"0": 0.791961961651748, "1": 1.336302303614698, "2": 1.0514395682511437}, "mu": {"0": 1.0476216840559098, "1": 1.0745677730839451, "2": 1.0987288845023735}, "phi": {"0": 0.09969543352817434, "1": 0.25163790640879347, "2": 0.30395123735054996}, "psi": {"0": 1.3962709561947664, "1": 0.9956384146439459, "2": 1.0460538674705488}, "sigma": {"0": 0.959728604298544, "1": 0.8446649261524748, "2": 0.0}, "chi_high": 0.4739898266687476, "beta_low": null}