{"R": 40.0, "wi": 0, "di": 2, "delta": 1.0, "gamma": {"0": 1.204533352555937, "1": 1.247182856604731, "2": 1.3540126299117703}, "mu": {"0": 1.1486485104053894, "1": 1.1262079487750412, "2": 1.1167690256788934}, "phi": {"0": 0.1934710718905378, "1": 0.11450163335466934, "2": 0.6630282421267135}, "psi": {"0": 0.8593251672507459, "1": 0.5613664624156546, "2": 1.3476693467458778}, "sigma": {"0": 0.7170606137824993, "1": 0.9849243661717801, "2": 0.0}, "chi_high": 0.6948852782171853, "beta_low": 0.13830692892194357}