{"R": 40.0, "wi": 1, "di": 0, "delta": 1.0, "gamma": {"0": 0.8938080274810495, "1": 0.588066931934377, "2": 1.4825878478873458}, "mu": {"0": 1.1338050589733846, "1": 1.0197623145308732, "2": 1.0123891687584832}, "phi": {"0": 0.6091774775050399, "1": 0.15284983026514998, "2": 0.4120232131995385}, "psi": {"0": 1.147593098533567, "1": 0.9054179021075621, "2": 0.7942512164442874}, "sigma": {"0": 0.6056127802429616, "1": 0.0, "2": 0.0}, "chi_high": null, "beta_low": 0.36555357977398917}