{"R": 40.0, "wi": 1, "di": 1, "delta": 1.0, "gamma": {"0": 1.4700361874198762, "1": 1.1229494435680443, "2": 1.4259244770983321}, "mu": {"0": 1.052084345872098, "1": 1.1317771335959816, "2": 1.0583006601956588}, "phi": {"0": 0.8053940567262123, "1": 0.49467323549109965, "2": 0.12238473674791439}, "psi": {"0": 0.5802443780671506, "1": 0.6341282852681177, "2": 1.253763912432598}, "sigma": {"0": 0.8859708303095063, "1": 0.0, "2": 0.0}, "chi_high": null, "beta_low": 0.6766921268488811}