{"R": 40.0, "wi": 2, "di": 2, "delta": 1.0, "gamma": {"0": 0.6037143121369897, "1": 1.3018686818976435, "2": 1.351745520581051}, "mu": {"0": 1.1266126908926866, "1": 1.0781117438437986, "2": 1.117488639993556}, "phi": {"0": 0.6168530980338889, "1": 0.34124627764909277, "2": 0.004522302774376152}, "psi": {"0": 1.303580134888978, "1": 1.4397522975651693, "2": 1.1521252240570212}, "sigma": {"0": 0.6788852709138349, "1": 0.9666856415363294, "2": 0.0}, "chi_high": null, "beta_low": null}