{"R": 40.0, "wi": 3, "di": 0, "delta": 1.0, "gamma": {"0": 0.5179651816716426, "1": 1.0193583706752125, "2": 0.9954356952597179}, "mu": {"0": 1.0653531177876236, "1": 1.004958310357929, "2": 1.135793857912237}, "phi": {"0": 0.5355232345115123, "1": 0.559411935822969, "2": 0.8601637061448325}, "psi": {"0": 1.2742355188274384, "1": 0.6216357441635477, "2": 1.3104971052122634}, "sigma": {"0": 0.5076317905305217, "1": 0.7099779472571662, "2": 0.0}, "chi_high": 0.8027580446611039, "beta_low": null}