{"R": 40.0, "wi": 3, "di": 2, "delta": 1.0, "gamma": {"0": 0.8432215287022509, "1": 0.6691705844944791, "2": 0.8789739181109777}, "mu": {"0": 1.136335764282639, "1": 1.1205710456868025, "2": 1.0356660262435067}, "phi": {"0": 0.4946107221052797, "1": 0.39738076582543724, "2": 0.911364995214596}, "psi": {"0": 1.3681372886616006, "1": 0.6218344084373623, "2": 0.6290904927389845}, "sigma": {"0": 0.8552370168394614, "1": 0.9340201102728374, "2": 0.0}, "chi_high": 0.9210011419725551, "beta_low": null}