{"R": 40.0, "wi": 2, "di": 1, "delta": 1.0, "gamma": {"0": 1.1186151054463669, "1": 0.5421565932595376, "2": 1.0138607159588298}, "mu": {"0": 1.052398580325217, "1": 1.0684776661825446, "2": 1.1189489515150597}, "phi": {"0": 0.23452733202364517, "1": 0.9499315146526436, "2": 0.9098101359943037}, "psi": {"0": 1.2471422231024203, "1": 1.343487883683824, "2": 1.2590928748578576}, "sigma": {"0": 0.9158676721890795, "1": 0.8745943900908851, "2": 0.0}, "chi_high": null, "beta_low": null}