{"R": 40.0, "wi": 0, "di": 2, "delta": 1.0, "gamma": {"0": 1.0370374768276733, "1": 1.420434353945783, "2": 0.701050714141606}, "mu": {"0": 1.0621237154850816, "1": 1.1159349437900108, "2": 1.0200510389621695}, "phi": {"0": 0.9582746324331031, "1": 0.30197499644115555, "2": 0.8990027733391265}, "psi": {"0": 1.253682299102501, "1": 0.7537537410760539, "2": 0.6702812609208572}, "sigma": {"0": 0.7369667054006905, "1": 0.5941656203709622, "2": 0.0}, "chi_high": 0.5908610781572131, "beta_low": 0.3449087124579352}