{"R": 40.0, "wi": 0, "di": 0, "delta": 1.0, "gamma": {"0": 1.1358885958208622, "1": 0.5763309926863636, "2": 0.9818939047717732}, "mu": {"0": 1.0809203910179326, "1": 1.0845799997373387, "2": 1.1102989945935728}, "phi": {"0": 0.7227135376833452, "1": 0.12687820191457544, "2": 0.820895294657171}, "psi": {"0": 1.3322933890419968, "1": 1.3984045126503735, "2": 1.3090155923893092}, "sigma": {"0": 0.5991409522868625, "1": 0.7542414989483395, "2": 0.0}, "chi_high": 0.1168935050111794, "beta_low": 0.8528100876122394}