{"R": 40.0, "wi": 1, "di": 2, "delta": 1.0, "gamma": {"0": 0.9296517242949447, "1": 0.6147045225635781, "2": 1.2821004843341277}, "mu": {"0": 1.0026585231318572, "1": 1.0309407327809519, "2": 1.1027532828276627}, "phi": {"0": 0.13726481510539834, "1": 0.9626687650030648, "2": 0.7398441185572366}, "psi": {"0": 1.205846087108497, "1": 1.3879310036326062, "2": 0.701268929507051}, "sigma": {"0": 0.5306549023252596, "1": 0.0, "2": 0.0}, "chi_high": null, "beta_low": 0.9791431784434694}