{"R": 40.0, "wi": 1, "di": 2, "delta": 1.0, "gamma": {"0": 0.5017823986367578, "1": 1.1507036918321136, "2": 0.7408893200365715}, "mu": {"0": 1.0407066820367004, "1": 1.0298022511661147, "2": 1.0309248470037018}, "phi": {"0": 0.24693153430735637, "1": 0.14924738566584472, "2": 0.37284009486082936}, "psi": {"0": 0.8300371278470079, "1": 0.8077191965739319, "2": 1.400984340866651}, "sigma": {"0": 0.8858288560213186, "1": 0.0, "2": 0.0}, "chi_high": null, "beta_low": 0.6331704632938533}