{"R": 40.0, "wi": 2, "di": 1, "delta": 1.0, "gamma": {"0": 0.8626446143186274, "1": 1.4421102096346434, "2": 1.078661536129212}, "mu": {"0": 1.0590781564578053, "1": 1.0474822216501438, "2": 1.0217521502323126}, "phi": {"0": 0.6000568009582685, "1": 0.006078319202081017, "2": 0.022699118185149803}, "psi": {"0": 0.9290749432871424, "1": 1.3833431314101845, "2": 0.8171255501475807}, "sigma": {"0": 0.7832678010864982, "1": 0.9833866052251317, "2": 0.0}, "chi_high": null, "beta_low": null}