{"R": 40.0, "wi": 1, "di": 1, "delta": 1.0, "gamma": {"0": 0.9286114489542084, "1": 0.8080863239614602, "2": 1.31045169211901}, "mu": {"0": 1.143336079016648, "1": 1.0155030031343208, "2": 1.0567218448813316}, "phi": {"0": 0.8816345754639123, "1": 0.14487629866590035, "2": 0.27801131019923664}, "psi": {"0": 0.6643625248973604, "1": 0.6995743634336984, "2": 1.1576749099857282}, "sigma": {"0": 0.9882222431674417, "1": 0.0, "2": 0.0}, "chi_high": null, "beta_low": 0.2544499536579089}