{"R": 40.0, "wi": 1, "di": 1, "delta": 1.0, "gamma": {"0": 1.4110774540682387, "1": 0.8330668553501523, "2": 0.760160329771989}, "mu": {"0": 1.025734333597266, "1": 1.0214525096571108, "2": 1.114501874327383}, "phi": {"0": 0.1935903548480742, "1": 0.2575827719863285, "2": 0.7450311478512752}, "psi": {"0": 0.7460675642088268, "1": 0.5835345690558498, "2": 1.0692678974182985}, "sigma": {"0": 0.7622385899115343, "1": 0.0, "2": 0.0}, "chi_high": null, "beta_low": 0.7516889029706829}