{"R": 40.0, "wi": 2, "di": 0, "delta": 1.0, "gamma": {"0": 1.2078893104489516, "1": 1.4968864062008524, "2": 0.730228928528011}, "mu": {"0": 1.1343948238943888, "1": 1.0490217265140578, "2": 1.1381592370419014}, "phi": {"0": 0.3813660095061746, "1": 0.5753823388844167, "2": 0.48983326997355336}, "psi": {"0": 1.233499973447323, "1": 0.6380327346906743, "2": 0.5300220540481141}, "sigma": {"0": 0.8722564094270251, "1": 0.7685388257955749, "2": 0.0}, "chi_high": null, "beta_low": null}