{"R": 40.0, "wi": 1, "di": 1, "delta": 1.0, "gamma": {"0": 0.8305360349232255, "1": 0.7496567964752415, "2": 0.5199137399401248}, "mu": {"0": 1.10934412952001, "1": 1.1301334509511383, "2": 1.0140084783734642}, "phi": {"0": 0.5756184336673734, "1": 0.5107945139770826, "2": 0.4918395172899136}, "psi": {"0": 1.4112547086884104, "1": 0.9669706803441159, "2": 0.8187685217940384}, "sigma": {"0": 0.9837743381031968, "1": 0.0, "2": 0.0}, "chi_high": null, "beta_low": 0.44554016592222845}