{"R": 40.0, "wi": 3, "di": 1, "delta": 1.0, "gamma": {"0": 1.1677401184247127, "1": 1.2537755755927553, "2": 0.5309521468978938}, "mu": {"0": 1.0101411753397977, "1": 1.0077052790004106, "2": 1.0187830649621292}, "phi": {"0": 0.1608636338430759, "1": 0.7187138920491317, "2": 0.03464035998872361}, "psi": {"0": 0.7762163191753891, "1": 1.3683238391825707, "2": 1.2343478896342228}, "sigma": {"0": 0.5926488127338418, "1": 0.6651015019052133, "2": 0.0}, "chi_high": 0.07635519181951014, "beta_low": null}