{"R": 40.0, "wi": 0, "di": 1, "delta": 1.0, "gamma": {"0": 1.4622970902531296, "1": 0.5875795861279661, "2": 1.3357659280751073}, "mu": {"0": 1.143743626761016, "1": 1.0270847858364993, "2": 1.0871930332728936}, "phi": {"0": 0.862464919424157, "1": 0.13354547525239702, "2": 0.4717769723706172}, "psi": {"0": 0.5406354259993353, "1": 1.0475945201735908, "2": 1.4707863138279387}, "sigma": {"0": 0.6024435907323573, "1": 0.9958043803395439, "2": 0.0}, "chi_high": 0.39713606679752067, "beta_low": 0.8385990444806815}