{"R": 40.0, "wi": 0, "di": 0, "delta": 1.0, "gamma": {"0": 0.9752954078759724, "1": 0.9560830387635886, "2": 0.8575572915245259}, "mu": {"0": 1.0893435749137523, "1": 1.0711816819487632, "2": 1.0284179087943386}, "phi": {"0": 0.4991980714443449, "1": 0.8858112350196239, "2": 0.264695829913403}, "psi": {"0": 1.0071457668926893, "1": 0.8287839676598279, "2": 0.7547470160321418}, "sigma": {"0": 0.992157627592327, "1": 0.9567104515568645, "2": 0.0}, "chi_high": 0.5810292445042989, "beta_low": 0.1696280610384032}