{"R": 40.0, "wi": 2, "di": 0, "delta": 1.0, "gamma": {"0": 0.5773575730191709, "1": 0.8860088902423864, "2": 0.7944412868259073}, "mu": {"0": 1.1120025311766824, "1": 1.0274183390651408, "2": 1.1189098285593158}, "phi": {"0": 0.11230907973715798, "1": 0.4113015632216176, "2": 0.30414375022934903}, "psi": {"0": 0.9954341920264947, "1": 0.8706585226936968, "2": 1.2784360491952484}, "sigma": {"0": 0.5977535114878061, "1": 0.7503321661742453, "2": 0.0}, "chi_high": null, "beta_low": null}