{"R": 40.0, "wi": 3, "di": 0, "delta": 1.0, "gamma": {"0": 0.8855466943216398, "1": 0.7789785044577591, "2": 1.271634763095593}, "mu": {"0": 1.1302704489968447, "1": 1.0497876212554724, "2": 1.1259919666832117}, "phi": {"0": 0.2582677005278029, "1": 0.3398427571323386, "2": 0.6119697381371867}, "psi": {"0": 0.9008190529707388, "1": 0.6081737450579819, "2": 1.0556996711970954}, "sigma": {"0": 0.6605317610277042, "1": 0.5038903067844485, "2": 0.0}, "chi_high": 0.6325654447626825, "beta_low": null}