{"R": 40.0, "wi": 2, "di": 1, "delta": 1.0, "gamma": {"0": 0.9985402388554966, "1": 1.301268829930464, "2": 1.0461045978104813}, "mu": {"0": 1.0432114957504923, "1": 1.00282222078973, "2": 1.073647758415111}, "phi": {"0": 0.00020912330810463065, "1": 0.1996128153758232, "2": 0.29629490380336165}, "psi": {"0": 0.7898037099244438, "1": 0.8204280187358336, "2": 1.455935855280979}, "sigma": {"0": 0.6401942153108009, "1": 0.5071146624400078, "2": 0.0}, "chi_high": null, "beta_low": null}