{"R": 40.0, "wi": 2, "di": 0, "delta": 1.0, "gamma": {"0": 1.3288352756000215, "1": 1.1878255963183753, "2": 1.4444082075242823}, "mu": {"0": 1.0705704898719577, "1": 1.0579071056845364, "2": 1.0505955203473454}, "phi": {"0": 0.4019521253566095, "1": 0.7526629336782857, "2": 0.3711393851678366}, "psi": {"0": 1.3830422385312642, "1": 1.17189656345632, "2": 0.7124990513323882}, "sigma": {"0": 0.7068897552975109, "1": 0.892828500817411, "2": 0.0}, "chi_high": null, "beta_low": null}