{"R": 40.0, "wi": 0, "di": 1, "delta": 1.0, "gamma": {"0": 0.8825117491868525, "1": 1.2000818996372262, "2": 0.998925904465435}, "mu": {"0": 1.0405424476235985, "1": 1.0804172455522687, "2": 1.035960247301647}, "phi": {"0": 0.1117411126544684, "1": 0.04667461694932662, "2": 0.9674781026407254}, "psi": {"0": 0.9933206473028399, "1": 0.5695702491607659, "2": 1.163910566018751}, "sigma": {"0": 0.6530614325257595, "1": 0.869678401267429, "2": 0.0}, "chi_high": 0.572254408866868, "beta_low": 0.09531083875618565}