{"R": 40.0, "wi": 2, "di": 2, "delta": 1.0, "gamma": {"0": 0.7620376059196382, "1": 0.6154765983245866, "2": 1.4576856681938763}, "mu": {"0": 1.1333897097503334, "1": 1.0037949037303548, "2": 1.0973542436876356}, "phi": {"0": 0.9219724171398163, "1": 0.8334995136531396, "2": 0.4013464363875163}, "psi": {"0": 0.8750120926457681, "1": 0.7571753717273673, "2": 1.0967298219418393}, "sigma": {"0": 0.8173507859661193, "1": 0.9928442889845169, "2": 0.0}, "chi_high": null, "beta_low": null}