{"R": 40.0, "wi": 2, "di": 2, "delta": 1.0, "gamma": {"0": 0.704692371198692, "1": 1.0518879218048456, "2": 0.7906718070086795}, "mu": {"0": 1.0508629845558355, "1": 1.0972663589182068, "2": 1.0363698194183686}, "phi": {"0": 0.9131071109576491, "1": 0.0898011226491241, "2": 0.19965164536983226}, "psi": {"0": 1.3859538083200815, "1": 0.8020185597507613, "2": 1.0556934091417094}, "sigma": {"0": 0.5454566419214792, "1": 0.8399723039460247, "2": 0.0}, "chi_high": null, "beta_low": null}