{"R": 40.0, "wi": 3, "di": 0, "delta": 1.0, "gamma": {"0": 0.5346297071075545, "1": 1.3448038981099746, "2": 0.5589034818980535}, "mu": {"0": 1.0872631931520114, "1": 1.1259852503503913, "2": 1.1072381611450957}, "phi": {"0": 0.8910589643161452, "1": 0.8354041938643627, "2": 0.5030789266269716}, "psi": {"0": 1.3004253119149225, "1": 0.5091476384964483, "2": 0.9235500638645723}, "sigma": {"0": 0.7980794349972713, "1": 0.709484171660248, "2": 0.0}, "chi_high": 0.7295769056634555, "beta_low": null}