{"R": 40.0, "wi": 1, "di": 0, "delta": 1.0, "gamma": {"0": 0.501930715401001, "1": 1.0784083386437582, "2": 1.340151206853585}, "mu": {"0": 1.0294915745682556, "1": 1.146455626784707, "2": 1.0765444914708993}, "phi": {"0": 0.8848292370653348, "1": 0.10229646093532263, "2": 0.38951472762904105}, "psi": {"0": 1.073620496481654, "1": 0.8103656095950699, "2": 0.5939985197359738}, "sigma": {"0": 0.6602732076327242, "1": 0.0, "2": 0.0}, "chi_high": null, "beta_low": 0.7706452173657125}