{"R": 40.0, "wi": 3, "di": 2, "delta": 1.0, "gamma": {"0": 0.9920912808939764, "1": 1.4659138705344685, "2": 1.350643838682031}, "mu": {"0": 1.147123404433818, "1": 1.0309202029675735, "2": 1.0452876931010513}, "phi": {"0": 0.8956483657487849, "1": 0.845836496212488, "2": 0.9045654489602709}, "psi": {"0": 1.1001517528413882, "1": 1.1360804196663445, "2": 1.4828365979670872}, "sigma": {"0": 0.8841686497920733, "1": 0.9572518099878768, "2": 0.0}, "chi_high": 0.4195092545271319, "beta_low": null}