{"R": 40.0, "wi": 1, "di": 1, "delta": 1.0, "gamma": {"0": 0.9760069388330992, "1": 1.2136671722009504, "2": 0.5206258413076221}, "mu": {"0": 1.1317266072480725, "1": 1.0844612634912774, "2": 1.1232285367895352}, "phi": {"0": 0.7881133580781335, "1": 0.8023324505124896, "2": 0.3367179917971821}, "psi": {"0": 1.3527235754038767, "1": 0.5979161530265646, "2": 1.1994224056169296}, "sigma": {"0": 0.882146393879818, "1": 0.0, "2": 0.0}, "chi_high": null, "beta_low": 0.016735431189561424}