{"R": 40.0, "wi": 2, "di": 1, "delta": 1.0, "gamma": {"0": 0.9739260949586629, "1": 1.2630588620983583, "2": 1.1267160451155422}, "mu": {"0": 1.0160777840405224, "1": 1.0926028253029734, "2": 1.1290103888677365}, "phi": {"0": 0.7963716272263688, "1": 0.850895063149198, "2": 0.278623132748546}, "psi": {"0": 1.0446113610526275, "1": 0.524471427489986, "2": 1.095081114491907}, "sigma": {"0": 0.6381164736263362, "1": 0.558559833519947, "2": 0.0}, "chi_high": null, "beta_low": null}