{"R": 40.0, "wi": 3, "di": 1, "delta": 1.0, "gamma": {"0": 0.8030956141833973, "1": 1.338877454114757, "2": 0.8430701023732557}, "mu": {"0": 1.0284693952331792, "1": 1.0251811370951749, "2": 1.1418706777196925}, "phi": {"0": 0.4137912382168022, "1": 0.41532351464015727, "2": 0.3952734794546712}, "psi": {"0": 1.3427985015696406, "1": 0.8454172828000711, "2": 0.9438334815095644}, "sigma": {"0": 0.7395698133911681, "1": 0.7149121715428728, "2": 0.0}, "chi_high": 0.07826280857042563, "beta_low": null}