{"R": 40.0, "wi": 0, "di": 2, "delta": 1.0, "gamma": {"0": 1.318437226804349, "1": 1.3300005552530074, "2": 0.5231979948050268}, "mu": {"0": 1.1277239530359477, "1": 1.0934417282243665, "2": 1.016830870018655}, "phi": {"0": 0.047168538135960336, "1": 0.1873445576834457, "2": 0.422869021821331}, "psi": {"0": 0.5284615126183693, "1": 1.0581788128512333, "2": 1.468879457068717}, "sigma": {"0": 0.554048387956759, "1": 0.5504368752672902, "2": 0.0}, "chi_high": 0.40761421470912346, "beta_low": 0.6626960857874855}