{"R": 40.0, "wi": 3, "di": 1, "delta": 1.0, "gamma": {"0": 0.8002317246155178, "1": 1.1416145238583888, "2": 1.4779368640536217}, "mu": {"0": 1.01467451709914, "1": 1.0119188210100218, "2": 1.0065786274431971}, "phi": {"0": 0.6471075947575605, "1": 0.2988198389954265, "2": 0.8977040520253162}, "psi": {"0": 1.4463573266069922, "1": 0.9529247113715585, "2": 0.9334159801925668}, "sigma": {"0": 0.6234763634777372, "1": 0.8562909105828502, "2": 0.0}, "chi_high": 0.636684199644035, "beta_low": null}