{"R": 40.0, "wi": 0, "di": 0, "delta": 1.0, "gamma": {"0": 0.6200972332350491, "1": 0.9786445267375079, "2": 1.0053599351867715}, "mu": {"0": 1.0692801473822224, "1": 1.0154405015230947, "2": 1.1099488911654511}, "phi": {"0": 0.44225819817816736, "1": 0.6083292072048154, "2": 0.6027363722189059}, "psi": {"0": 1.3501373316356113, "1": 0.7410056105469003, "2": 1.0427174211979175}, "sigma": {"0": 0.7504661428065891, "1": 0.9118967301822111, "2": 0.0}, "chi_high": 0.5842084850633676, "beta_low": 0.07167655055518005}