{"R": 40.0, "wi": 1, "di": 2, "delta": 1.0, "gamma": {"0": 1.1322944514284496, "1": 1.1911673421756377, "2": 1.3813640765749544}, "mu": {"0": 1.0634038851456094, "1": 1.0927661925501995, "2": 1.044024655247899}, "phi": {"0": 0.6111755687277849, "1": 0.999686353285563, "2": 0.9101772147251791}, "psi": {"0": 1.1601577102239657, "1": 1.2092692165965686, "2": 1.2477019186370732}, "sigma": {"0": 0.6488786309185598, "1": 0.0, "2": 0.0}, "chi_high": null, "beta_low": 0.037624698270071914}