{"R": 40.0, "wi": 3, "di": 0, "delta": 1.0, "gamma": {"0": 1.067937829818541, "1": 1.1076731582637058, "2": 1.1508496577300045}, "mu": {"0": 1.1089621041270339, "1": 1.1219314031618672, "2": 1.0905247677617882}, "phi": {"0": 0.7653653500724251, "1": 0.7288748567563521, "2": 0.36695403521311776}, "psi": {"0": 1.4193943589770392, "1": 0.5760963827505821, "2": 1.22712905475794}, "sigma": {"0": 0.7064618098165263, "1": 0.9186683236784077, "2": 0.0}, "chi_high": 0.5115358648799386, "beta_low": null}