{"R": 40.0, "wi": 2, "di": 1, "delta": 1.0, "gamma": {"0": 1.2769966843038674, "1": 0.9640483305716135, "2": 1.4506014422608389}, "mu": {"0": 1.0239789762456073, "1": 1.0394423620276185, "2": 1.0130750834686721}, "phi": {"0": 0.43820902608684, "1": 0.6958549751225566, "2": 0.19171714042023213}, "psi": {"0": 1.0312300871873046, "1": 1.3734216596994715, "2": 0.7181041977818}, "sigma": {"0": 0.5611432513969619, "1": 0.9118147291218043, "2": 0.0}, "chi_high": null, "beta_low": null}