{"R": 40.0, "wi": 1, "di": 2, "delta": 1.0, "gamma": {"0": 0.8016008609989445, "1": 0.9987517631890538, "2": 0.7342176294273778}, "mu": {"0": 1.1320259669331751, "1": 1.0642062647573192, "2": 1.0638205567108896}, "phi": {"0": 0.9906708595234567, "1": 0.8835093810675213, "2": 0.14457944397911449}, "psi": {"0": 0.6599949331199817, "1": 1.4580206015735664, "2": 0.5247447422422373}, "sigma": {"0": 0.7692292304154806, "1": 0.0, "2": 0.0}, "chi_high": null, "beta_low": 0.7921533312722739}