{"R": 40.0, "wi": 3, "di": 0, "delta": 1.0, "gamma": {"0": 1.1813889118467873, "1": 0.5554157222584446, "2": 1.1758926467925406}, "mu": {"0": 1.0266743510072367, "1": 1.0599895713276426, "2": 1.137885415425367}, "phi": {"0": 0.346518760668143, "1": 0.6100423912800734, "2": 0.635088939717861}, "psi": {"0": 1.4767074572740686, "1": 1.0931351654485577, "2": 1.0857849604462604}, "sigma": {"0": 0.7895591853436326, "1": 0.5975563590155917, "2": 0.0}, "chi_high": 0.24840955263929473, "beta_low": null}