{"R": 40.0, "wi": 1, "di": 2, "delta": 1.0, "gamma": {"0": 0.6050619312927777, "1": 0.7057527412869439, "2": 1.4226305423995362}, "mu": {"0": 1.0973058430693552, "1": 1.0683690011344964, "2": 1.0602222027483028}, "phi": {"0": 0.7747832264571914, "1": 0.39950600288958893, "2": 0.8422848674312746}, "psi": {"0": 1.2839440752549187, "1": 0.9690419848917132, "2": 0.8501612675370112}, "sigma": {"0": 0.7165004775768857, "1": 0.0, "2": 0.0}, "chi_high": null, "beta_low": 0.23546803542073036}