{"R": 40.0, "wi": 0, "di": 2, "delta": 1.0, "gamma": {"0": 1.1247442376235868, "1": 1.419183450155403, "2": 0.9945363459515574}, "mu": {"0": 1.077013345004698, "1": 1.0393323664178757, "2": 1.1365197448993396}, "phi": {"0": 0.32242576921419774, "1": 0.26884257295000313, "2": 0.12525337123613323}, "psi": {"0": 0.5692913350290459, "1": 0.8464749689862644, "2": 0.5667605724951336}, "sigma": {"0": 0.7707854623037763, "1": 0.900625045864228, "2": 0.0}, "chi_high": 0.18835036940062894, "beta_low": 0.21411872872559523}