{"R": 40.0, "wi": 2, "di": 1, "delta": 1.0, "gamma": {"0": 1.0107921456370517, "1": 0.993847217757757, "2": 0.7975129601724014}, "mu": {"0": 1.0573612583566443, "1": 1.0520627931327802, "2": 1.1193496333471658}, "phi": {"0": 0.9259543662538203, "1": 0.3974847612794393, "2": 0.9829161717176044}, "psi": {"0": 1.3702606072707595, "1": 0.5964139476366368, "2": 1.4946398280878397}, "sigma": {"0": 0.5289241001025742, "1": 0.6319130068402135, "2": 0.0}, "chi_high": null, "beta_low": null}