{"R": 40.0, "wi": 0, "di": 0, "delta": 1.0, "gamma": {"0": 0.803776410811603, "1": 1.316879199512485, "2": 0.6562440459446633}, "mu": {"0": 1.0108956828557216, "1": 1.081608465035526, "2": 1.0455909035360686}, "phi": {"0": 0.39452715323547594, "1": 0.23586419386743085, "2": 0.07181152095924648}, "psi": {"0": 1.244416023549097, "1": 1.4281966870957268, "2": 1.0115351370114918}, "sigma": {"0": 0.6941616605644298, "1": 0.7004943090481006, "2": 0.0}, "chi_high": 0.8858867252021113, "beta_low": 0.31189427675466297}