{"R": 40.0, "wi": 2, "di": 1, "delta": 1.0, "gamma": {"0": 1.038236004435701, "1": 0.5247025080548141, "2": 1.437068523086316}, "mu": {"0": 1.0649035683535906, "1": 1.1442643717497722, "2": 1.0573732579086033}, "phi": {"0": 0.167661047436377, "1": 0.9034707348753881, "2": 0.466781586063723}, "psi": {"0": 0.7082728549261395, "1": 0.8113332134571527, "2": 0.7366119994148566}, "sigma": {"0": 0.7910929785478287, "1": 0.9839652805730372, "2": 0.0}, "chi_high": null, "beta_low": null}