{"R": 40.0, "wi": 3, "di": 2, "delta": 1.0, "gamma": {"0": 1.1657320511114848, "1": 1.0074250725506295, "2": 0.894953341276644}, "mu": {"0": 1.1112949897476747, "1": 1.1380186437249649, "2": 1.0712415909588848}, "phi": {"0": 0.31514226847143134, "1": 0.7099156026567417, "2": 0.8832378910267464}, "psi": {"0": 1.1399549998662941, "1": 1.0259242000472149, "2": 1.4507480505051638}, "sigma": {"0": 0.6374518478400775, "1": 0.5901122884211087, "2": 0.0}, "chi_high": 0.6306731055707492, "beta_low": null}