{"R": 40.0, "wi": 2, "di": 0, "delta": 1.0, "gamma": {"0": 0.8824329431996456, "1": 1.403173762928681, "2": 0.9647252494471633}, "mu": {"0": 1.092839778969723, "1": 1.0232258711548563, "2": 1.1497628951621297}, "phi": {"0": 0.2106684494432417, "1": 0.861373657128599, "2": 0.18125801890617244}, "psi": {"0": 1.2343651515997043, "1": 1.1837927094749117, "2": 0.8405791422745363}, "sigma": {"0": 0.7819546932444233, "1": 0.873248083406707, "2": 0.0}, "chi_high": null, "beta_low": null}