{"R": 40.0, "wi": 2, "di": 0, "delta": 1.0, "gamma": {"0": 1.0641584912546942, "1": 1.0135324063553308, "2": 1.3195945592610345}, "mu": {"0": 1.0119893496062375, "1": 1.0342980230521517, "2": 1.0697235513242782}, "phi": {"0": 0.9377333910128781, "1": 0.8317202720067933, "2": 0.48601805725662917}, "psi": {"0": 1.1156459259586078, "1": 1.0269618398820382, "2": 0.6123490872872738}, "sigma": {"0": 0.8843488164425986, "1": 0.5821898758517187, "2": 0.0}, "chi_high": null, "beta_low": null}