{"R": 40.0, "wi": 2, "di": 1, "delta": 1.0, "gamma": {"0": 0.5541679807329084, "1": 0.7787996010145308, "2": 1.3158211184591255}, "mu": {"0": 1.1093933476410323, "1": 1.0365351097559303, "2": 1.1231313178962516}, "phi": {"0": 0.77956402242745, "1": 0.03823463094488899, "2": 0.670270850382304}, "psi": {"0": 0.9418381749812338, "1": 0.6068351689532151, "2": 0.6261503325697697}, "sigma": {"0": 0.8020938291803998, "1": 0.8560123735481134, "2": 0.0}, "chi_high": null, "beta_low": null}