{"R": 40.0, "wi": 2, "di": 2, "delta": 1.0, "gamma": {"0": 0.7558621913479266, "1": 1.258662256180949, "2": 0.7681832127609747}, "mu": {"0": 1.0134202662040632, "1": 1.0337165278928877, "2": 1.1088556472221924}, "phi": {"0": 0.7591734593010536, "1": 0.23441542307405927, "2": 0.011034409320357708}, "psi": {"0": 1.2424269525690934, "1": 1.266882522850592, "2": 0.5891490359607086}, "sigma": {"0": 0.9166753405633663, "1": 0.6344450387889533, "2": 0.0}, "chi_high": null, "beta_low": null}