{"R": 40.0, "wi": 0, "di": 2, "delta": 1.0, "gamma": {"0": 0.6221529086902856, "1": 0.508851117635567, "2": 0.7477783642488948}, "mu": {"0": 1.0700326140662844, "1": 1.115213026161473, "2": 1.0890528197552098}, "phi": {"0": 0.8020176581402468, "1": 0.23253454963968978, "2": 0.8468257364817481}, "psi": {"0": 0.7835945834189887, "1": 1.496242018652059, "2": 1.3800015265746075}, "sigma": {"0": 0.8142064181420957, "1": 0.5773925005191818, "2": 0.0}, "chi_high": 0.631690816386235, "beta_low": 0.09413155097033901}