{"R": 40.0, "wi": 3, "di": 2, "delta": 1.0, "gamma": {"0": 1.2013703197525052, "1": 0.917562822379756, "2": 1.1693654287575783}, "mu": {"0": 1.109078747012251, "1": 1.1173357995579898, "2": 1.022936761687675}, "phi": {"0": 0.9405449400031901, "1": 0.5498319958396389, "2": 0.5660064064241535}, "psi": {"0": 1.1682959040375773, "1": 1.1337553802818068, "2": 0.7521073638300265}, "sigma": {"0": 0.9883182758681737, "1": 0.982250290931932, "2": 0.0}, "chi_high": 0.9331103122729348, "beta_low": null}