{"R": 40.0, "wi": 3, "di": 2, "delta": 1.0, "gamma": {"0": 1.1521188192444658, "1": 0.7568045203703199, "2": 1.3102560529194456}, "mu": {"0": 1.1335872637648, "1": 1.1152970129460593, "2": 1.1446616119615036}, "phi": {"0": 0.4057287500841449, "1": 0.08456425007262625, "2": 0.5122370349618487}, "psi": {"0": 0.6720600521783741, "1": 1.1978849375550569, "2": 1.0653058429541682}, "sigma": {"0": 0.6201573362761763, "1": 0.6388105281235639, "2": 0.0}, "chi_high": 0.6131860699255071, "beta_low": null}