{"R": 40.0, "wi": 2, "di": 0, "delta": 1.0, "gamma": {"0": 0.5441779226159413, "1": 1.459688521266433, "2": 0.7996955477246235}, "mu": {"0": 1.0247043925283108, "1": 1.1137301032558364, "2": 1.077097054086833}, "phi": {"0": 0.8692335036785811, "1": 0.04855897806543297, "2": 0.2687576455200795}, "psi": {"0": 0.9632087690133375, "1": 0.7569207628616995, "2": 1.3945827146709968}, "sigma": {"0": 0.7540358548893094, "1": 0.8692705794743478, "2": 0.0}, "chi_high": null, "beta_low": null}