{"R": 40.0, "wi": 2, "di": 2, "delta": 1.0, "gamma": {"0": 1.1397124057941632, "1": 0.6066680483668616, "2": 1.481750534411939}, "mu": {"0": 1.114187210460316, "1": 1.013635621219478, "2": 1.0399833019083362}, "phi": {"0": 0.9668731573512563, "1": 0.9887631998867289, "2": 0.017959104668229142}, "psi": {"0": 1.4211821441431662, "1": 1.2342938991532315, "2": 1.2972465662034731}, "sigma": {"0": 0.5126167687898485, "1": 0.6026627694481782, "2": 0.0}, "chi_high": null, "beta_low": null}