{"R": 40.0, "wi": 2, "di": 0, "delta": 1.0, "gamma": {"0": 1.2350776632616574, "1": 1.2911575819106607, "2": 1.0174467928910267}, "mu": {"0": 1.04310065383999, "1": 1.0508616826844637, "2": 1.004214203064037}, "phi": {"0": 0.29911402863329295, "1": 0.7523642647212301, "2": 0.5717570935746058}, "psi": {"0": 1.406078906716155, "1": 1.1791795672929273, "2": 0.5853308285938448}, "sigma": {"0": 0.8216412120681459, "1": 0.5456256221294131, "2": 0.0}, "chi_high": null, "beta_low": null}