{"R": 40.0, "wi": 3, "di": 2, "delta": 1.0, "gamma": {"0": 0.6743725868597704, "1": 0.7219060950513638, "2": 0.7096790023217285}, "mu": {"0": 1.1121607364834687, "1": 1.0087877125024332, "2": 1.1369982653291157}, "phi": {"0": 0.22660209298436684, "1": 0.27414295010918954, "2": 0.459704481684428}, "psi": {"0": 1.1920526633115558, "1": 0.5751267191202105, "2": 0.5794327689070801}, "sigma": {"0": 0.7774438808563455, "1": 0.620709339182415, "2": 0.0}, "chi_high": 0.15670833275705073, "beta_low": null}