{"R": 40.0, "wi": 3, "di": 0, "delta": 1.0, "gamma": {"0": 0.5550049537265016, "1": 1.0012739672181694, "2": 1.459942627455139}, "mu": {"0": 1.073257797516996, "1": 1.016991574622198, "2": 1.036838217806086}, "phi": {"0": 0.7442182508323918, "1": 0.5064660909783204, "2": 0.9475473779096036}, "psi": {"0": 1.4693045046653, "1": 0.6565239002007608, "2": 1.2339160045454358}, "sigma": {"0": 0.711630028038782, "1": 0.5839912342270608, "2": 0.0}, "chi_high": 0.2745825166976361, "beta_low": null}