{"R": 40.0, "wi": 0, "di": 1, "delta": 1.0, "gamma": {"0": 0.5624859880486675, "1": 0.7589953394050963, "2": 0.7780459703972397}, "mu": {"0": 1.04817315890531, "1": 1.0427860136553888, "2": 1.132321207130239}, "phi": {"0": 0.8503155320676886, "1": 0.5049226565419795, "2": 0.7612430777518415}, "psi": {"0": 0.5472838874500023, "1": 0.9458706307904052, "2": 1.117265232176063}, "sigma": {"0": 0.7219012579003603, "1": 0.746985367170439, "2": 0.0}, "chi_high": 0.804068597425985, "beta_low": 0.3879370283419934}