{"R": 40.0, "wi": 1, "di": 2, "delta": 1.0, "gamma": {"0": 1.1475384657606784, "1": 0.6583633694025619, "2": 0.955755656255382}, "mu": {"0": 1.0734183963837056, "1": 1.0696316346728763, "2": 1.0897027465266846}, "phi": {"0": 0.867592141285787, "1": 0.8779375182331316, "2": 0.881302602410619}, "psi": {"0": 0.9874513881955362, "1": 0.892585605953484, "2": 1.4676727326029213}, "sigma": {"0": 0.6643326341753255, "1": 0.0, "2": 0.0}, "chi_high": null, "beta_low": 0.41856006677484275}