{"R": 40.0, "wi": 2, "di": 0, "delta": 1.0, "gamma": {"0": 1.0799795904042604, "1": 1.0435631675173054, "2": 0.8028401954108146}, "mu": {"0": 1.0890075518035816, "1": 1.0239078637484629, "2": 1.1446810307896045}, "phi": {"0": 0.22644777442662123, "1": 0.39179814681830105, "2": 0.26425626953312953}, "psi": {"0": 0.750089938708964, "1": 0.8220090797552522, "2": 1.4603339567748133}, "sigma": {"0": 0.8591311722160833, "1": 0.6139094762193819, "2": 0.0}, "chi_high": null, "beta_low": null}