{"R": 40.0, "wi": 1, "di": 0, "delta": 1.0, "gamma": {"0": 0.6132308170944266, "1": 0.9928663754455331, "2": 1.1254596951684621}, "mu": {"0": 1.0787874809101228, "1": 1.056273854291286, "2": 1.1108136613958663}, "phi": {"0": 0.05358999594128555, "1": 0.09400607732599198, "2": 0.016766326973866597}, "psi": {"0": 1.1659566974492166, "1": 0.8307465309988409, "2": 1.1578106202369427}, "sigma": {"0": 0.7549819702171591, "1": 0.0, "2": 0.0}, "chi_high": null, "beta_low": 0.09481037008953541}