{"R": 40.0, "wi": 3, "di": 1, "delta": 1.0, "gamma": {"0": 1.0074569213544047, "1": 1.2197159168255736, "2": 0.8438819471339953}, "mu": {"0": 1.0091632691079842, "1": 1.1398053604349352, "2": 1.0127412167179746}, "phi": {"0": 0.3099936727102699, "1": 0.12063118806724982, "2": 0.3864238546631322}, "psi": {"0": 1.3218185195777499, "1": 0.6301051099330541, "2": 0.579061216766013}, "sigma": {"0": 0.7540383269375441, "1": 0.9292466599527129, "2": 0.0}, "chi_high": 0.30195717680163436, "beta_low": null}