{"R": 40.0, "wi": 1, "di": 1, "delta": 1.0, "gamma": {"0": 0.6541455488595314, "1": 0.5010422405121575, "2": 0.8102666588418802}, "mu": {"0": 1.1030914986339124, "1": 1.1050414468108003, "2": 1.101620017747096}, "phi": {"0": 0.9944121430136877, "1": 0.4351457277826307, "2": 0.6737111882822081}, "psi": {"0": 0.9569478512373264, "1": 1.3690677036749999, "2": 1.493011552366078}, "sigma": {"0": 0.9529451175379058, "1": 0.0, "2": 0.0}, "chi_high": null, "beta_low": 0.8192480362496233}