{"R": 40.0, "wi": 0, "di": 0, "delta": 1.0, "gamma": {"0": 0.7486706791500103, "1": 1.3591324751829115, "2": 1.151758799810274}, "mu": {"0": 1.0486368091870584, "1": 1.002713795939398, "2": 1.123354554356175}, "phi": {"0": 0.6162685041631305, "1": 0.7891983722507097, "2": 0.7909612195929527}, "psi": {"0": 0.5939862023981208, "1": 0.7690914059647146, "2": 0.7856520947896836}, "sigma": {"0": 0.5509019932091657, "1": 0.7122387641001016, "2": 0.0}, "chi_high": 0.7226617629316455, "beta_low": 0.7009246758756628}