{"R": 40.0, "wi": 2, "di": 1, "delta": 1.0, "gamma": {"0": 0.9482841508438788, "1": 0.5847469330235562, "2": 1.3914335207036062}, "mu": {"0": 1.012859108770329, "1": 1.1364707497948041, "2": 1.0154485843518748}, "phi": {"0": 0.4912020875000713, "1": 0.25854766675413154, "2": 0.13230391935192898}, "psi": {"0": 0.8476345612597338, "1": 0.583104562973167, "2": 1.0714711862843487}, "sigma": {"0": 0.6510233654390971, "1": 0.5268831461002097, "2": 0.0}, "chi_high": null, "beta_low": null}