{"R": 40.0, "wi": 1, "di": 0, "delta": 1.0, "gamma": {"0": 1.2841592629092127, "1": 1.36009463129247, "2": 0.5146524155416117}, "mu": {"0": 1.0487600610762233, "1": 1.0478006974237288, "2": 1.0625406123770282}, "phi": {"0": 0.018364046698122638, "1": 0.8513585224797138, "2": 0.5172528313782908}, "psi": {"0": 1.0466909801941124, "1": 1.0836402732037635, "2": 0.7308393893199954}, "sigma": {"0": 0.6363888483171525, "1": 0.0, "2": 0.0}, "chi_high": null, "beta_low": 0.5773859593890144}