{"R": 40.0, "wi": 1, "di": 1, "delta": 1.0, "gamma": {"0": 0.8490292022685739, "1": 1.3230851496837397, "2": 1.0430344738940875}, "mu": {"0": 1.1309887229072344, "1": 1.0336081193791091, "2": 1.0828242920651732}, "phi": {"0": 0.5953548511607305, "1": 0.5098680532436753, "2": 0.8455898072663068}, "psi": {"0": 1.2068361974724349, "1": 1.2486064341936167, "2": 1.1690995433821811}, "sigma": {"0": 0.7958229134827279, "1": 0.0, "2": 0.0}, "chi_high": null, "beta_low": 0.6841455739679485}