{"R": 40.0, "wi": 2, "di": 2, "delta": 1.0, "gamma": {"0": 0.7356765699822947, "1": 1.0587176434723897, "2": 0.8218756609091392}, "mu": {"0": 1.1004393137481019, "1": 1.0075018691515123, "2": 1.1232520142635862}, "phi": {"0": 0.82304594743415, "1": 0.13348588625738378, "2": 0.030877215965090965}, "psi": {"0": 0.8867931146140183, "1": 1.482126218503943, "2": 0.9896544132359273}, "sigma": {"0": 0.6572746040510244, "1": 0.6819114697631974, "2": 0.0}, "chi_high": null, "beta_low": null}