{"R": 40.0, "wi": 1, "di": 0, "delta": 1.0, "gamma": {"0": 0.6915997037369593, "1": 1.234733061298107, "2": 0.6156666539465517}, "mu": {"0": 1.0621623548950805, "1": 1.0334786604296942, "2": 1.0433077117695542}, "phi": {"0": 0.9899423980270482, "1": 0.8974837334811658, "2": 0.8997070932871615}, "psi": {"0": 0.6532713412038148, "1": 1.4875684346349003, "2": 1.0341808822959135}, "sigma": {"0": 0.6877473208774191, "1": 0.0, "2": 0.0}, "chi_high": null, "beta_low": 0.9326131280604033}