{"R": 40.0, "wi": 3, "di": 1, "delta": 1.0, "gamma": {"0": 0.963740305715809, "1": 0.7551613287461603, "2": 0.7088997928820896}, "mu": {"0": 1.0393896123579338, "1": 1.0307324154040696, "2": 1.031911724137591}, "phi": {"0": 0.18827015701288752, "1": 0.6665679144575104, "2": 0.2874725592183974}, "psi": {"0": 0.9154830536815486, "1": 0.6490389381291034, "2": 0.9995952348453443}, "sigma": {"0": 0.8216039685820945, "1": 0.9277142453303688, "2": 0.0}, "chi_high": 0.06508100645894689, "beta_low": null}