{"R": 40.0, "wi": 2, "di": 2, "delta": 1.0, "gamma": {"0": 1.2255346782504413, "1": 1.4798151363337206, "2": 1.4065223389540344}, "mu": {"0": 1.0780566386247927, "1": 1.1003132174838892, "2": 1.1203665312071613}, "phi": {"0": 0.5407285967058346, "1": 0.2934808796799052, "2": 0.4119453924609797}, "psi": {"0": 1.2749763989748137, "1": 1.2307090172607025, "2": 1.0315741285342743}, "sigma": {"0": 0.7209236300737507, "1": 0.6219985889807571, "2": 0.0}, "chi_high": null, "beta_low": null}