{"R": 40.0, "wi": 0, "di": 1, "delta": 1.0, "gamma": {"0": 0.7738186958977256, "1": 1.3751794941890765, "2": 0.5545783262769103}, "mu": {"0": 1.0089902463820504, "1": 1.1288391830603886, "2": 1.1040037596496428}, "phi": {"0": 0.8609244128374707, "1": 0.9680195028643458, "2": 0.35296788264190826}, "psi": {"0": 1.3800605111334043, "1": 1.1816838499278361, "2": 0.6803285035103975}, "sigma": {"0": 0.9826667924685775, "1": 0.7385111925027005, "2": 0.0}, "chi_high": 0.7127161180362033, "beta_low": 0.11553370992850569}