{"R": 40.0, "wi": 1, "di": 0, "delta": 1.0, "gamma": {"0": 1.0463080918005532, "1": 0.9792678781446534, "2": 0.5623609932313193}, "mu": {"0": 1.09973221834667, "1": 1.1383405529810313, "2": 1.105847032902766}, "phi": {"0": 0.957918648674636, "1": 0.07164429519065063, "2": 0.5006619447338139}, "psi": {"0": 0.9049163271177257, "1": 1.0510810355645632, "2": 1.155149494065717}, "sigma": {"0": 0.6389880989323717, "1": 0.0, "2": 0.0}, "chi_high": null, "beta_low": 0.9193563038101651}