{"R": 40.0, "wi": 0, "di": 0, "delta": 1.0, "gamma": {"0": 1.4606060861491628, "1": 0.5298978964934724, "2": 1.0965097184513213}, "mu": {"0": 1.1314817935737458, "1": 1.1490010214646007, "2": 1.0933301488468101}, "phi": {"0": 0.3519110099096766, "1": 0.43869594352527475, "2": 0.4102615083407477}, "psi": {"0": 0.5196953055425955, "1": 0.9077838594115029, "2": 1.4316051087229997}, "sigma": {"0": 0.5407381689286967, "1": 0.6685804092439187, "2": 0.0}, "chi_high": 0.10501840338291867, "beta_low": 0.023097449302291077}