{"R": 40.0, "wi": 0, "di": 1, "delta": 1.0, "gamma": {"0": 1.3962260878522845, "1": 1.387550940191383, "2": 1.3088215055502144}, "mu": {"0": 1.069385320411569, "1": 1.1366360192046052, "2": 1.0771536818006782}, "phi": {"0": 0.5686196392581514, "1": 0.03512109183768686, "2": 0.5398963462228986}, "psi": {"0": 1.1916596531726105, "1": 1.4898497523741123, "2": 0.9046340696144343}, "sigma": {"0": 0.8039684689412216, "1": 0.7931543118437697, "2": 0.0}, "chi_high": 0.09102020806735643, "beta_low": 0.33693411476008267}