{"R": 40.0, "wi": 2, "di": 0, "delta": 1.0, "gamma": {"0": 0.904289125456443, "1": 1.346218356955285, "2": 0.6448962507953002}, "mu": {"0": 1.1443090821108481, "1": 1.1319307263725553, "2": 1.1216760351994}, "phi": {"0": 0.7909937678613957, "1": 0.9497462345666521, "2": 0.5725170310838816}, "psi": {"0": 0.8353261533537994, "1": 1.4054509274750508, "2": 1.0297559319587952}, "sigma": {"0": 0.8863725537114266, "1": 0.9445404402116512, "2": 0.0}, "chi_high": null, "beta_low": null}