{"R": 40.0, "wi": 3, "di": 0, "delta": 1.0, "gamma": {"0": 1.3603405156146409, "1": 0.9193318124036273, "2": 0.8553088086817483}, "mu": {"0": 1.0714002352496084, "1": 1.0138156501281932, "2": 1.0020442963202267}, "phi": {"0": 0.9281293585720709, "1": 0.3769115356870496, "2": 0.14244210014006853}, "psi": {"0": 1.3487964520276492, "1": 0.607402955586752, "2": 0.8265408161046202}, "sigma": {"0": 0.7306583618281253, "1": 0.7549216901697945, "2": 0.0}, "chi_high": 0.6883558195524242, "beta_low": null}