{"R": 40.0, "wi": 0, "di": 1, "delta": 1.0, "gamma": {"0": 0.9470921277604342, "1": 0.6490958382941528, "2": 0.833591867494023}, "mu": {"0": 1.1385038025063885, "1": 1.0424002143591147, "2": 1.0132779451161154}, "phi": {"0": 0.9446100074012688, "1": 0.9969183381988675, "2": 0.4691659707350435}, "psi": {"0": 1.2678877233981778, "1": 0.8059928462220313, "2": 1.3482208032960656}, "sigma": {"0": 0.8832721709143909, "1": 0.7789037950061899, "2": 0.0}, "chi_high": 0.41174964691180344, "beta_low": 0.060548420635495176}