{"R": 40.0, "wi": 2, "di": 1, "delta": 1.0, "gamma": {"0": 0.6878300188675921, "1": 1.3810664033995632, "2": 1.1418121447849083}, "mu": {"0": 1.1214453956784598, "1": 1.0711490233506635, "2": 1.0598124863878648}, "phi": {"0": 0.636703363199876, "1": 0.5446329055348951, "2": 0.2378501391098573}, "psi": {"0": 0.9657142621036197, "1": 0.5199281338186682, "2": 0.9378620433265749}, "sigma": {"0": 0.6565538423214788, "1": 0.8953727057717576, "2": 0.0}, "chi_high": null, "beta_low": null}