{"R": 40.0, "wi": 0, "di": 2, "delta": 1.0, "gamma": {"0": 0.6775248096896213, "1": 1.1948618208992348, "2": 0.6842049169704655}, "mu": {"0": 1.036814271424279, "1": 1.1358162178633266, "2": 1.1323581328736523}, "phi": {"0": 0.5890540497896872, "1": 0.5755403583663047, "2": 0.7005937114824531}, "psi": {"0": 0.847919411780696, "1": 0.9489413018810983, "2": 0.5666113318655184}, "sigma": {"0": 0.8794613122715977, "1": 0.5804904783341147, "2": 0.0}, "chi_high": 0.9200139552762978, "beta_low": 0.5296781289168945}