{"R": 40.0, "wi": 1, "di": 1, "delta": 1.0, "gamma": {"0": 0.746089922383259, "1": 1.1713543727808797, "2": 0.553384676609078}, "mu": {"0": 1.0409694150128161, "1": 1.0312666918454434, "2": 1.1194719256266206}, "phi": {"0": 0.14172288608454076, "1": 0.22784985133531466, "2": 0.2891089950364695}, "psi": {"0": 0.8536779468764656, "1": 0.5041817603911247, "2": 0.6154169362849619}, "sigma": {"0": 0.9891554940174896, "1": 0.0, "2": 0.0}, "chi_high": null, "beta_low": 0.9664480344167291}