{"R": 40.0, "wi": 3, "di": 2, "delta": 1.0, "gamma": {"0": 0.5784206614800064, "1": 0.618952186005904, "2": 0.5772284086931505}, "mu": {"0": 1.077218454387094, "1": 1.010742186141667, "2": 1.1299918092565016}, "phi": {"0": 0.3282712052352661, "1": 0.015143408552577231, "2": 0.8623406426714094}, "psi": {"0": 1.132267223953701, "1": 0.8007642751317335, "2": 1.2307990620598197}, "sigma": {"0": 0.8594342974223113, "1": 0.7954862130218096, "2": 0.0}, "chi_high": 0.8675000354747977, "beta_low": null}