{"R": 40.0, "wi": 1, "di": 2, "delta": 1.0, "gamma": {"0": 0.8865856453846781, "1": 0.611078098656431, "2": 1.2740937011443767}, "mu": {"0": 1.0582730214058083, "1": 1.0330663360771861, "2": 1.033726783663209}, "phi": {"0": 0.12763845834115672, "1": 0.7819817305989494, "2": 0.3209163370884507}, "psi": {"0": 0.9711345870141035, "1": 1.1129944246246033, "2": 1.10557915235659}, "sigma": {"0": 0.9655542906668371, "1": 0.0, "2": 0.0}, "chi_high": null, "beta_low": 0.06412285804729088}