{"R": 40.0, "wi": 1, "di": 2, "delta": 1.0, "gamma": {"0": 0.7766197689343689, "1": 0.8530577735172741, "2": 0.544221522464592}, "mu": {"0": 1.1394994951875697, "1": 1.1391319391201986, "2": 1.134455642224517}, "phi": {"0": 0.38369881663890837, "1": 0.023188126305769274, "2": 0.992567323219265}, "psi": {"0": 0.8647042420946461, "1": 1.072163349044501, "2": 0.9650511805587719}, "sigma": {"0": 0.9233895001205298, "1": 0.0, "2": 0.0}, "chi_high": null, "beta_low": 0.07645261130084599}