{"R": 40.0, "wi": 1, "di": 1, "delta": 1.0, "gamma": {"0": 0.7374255779165956, "1": 1.4932589866857993, "2": 0.7948944855691783}, "mu": {"0": 1.1405532023999443, "1": 1.0791393083463023, "2": 1.0649588446257916}, "phi": {"0": 0.19071953679799747, "1": 0.5500861380848947, "2": 0.029479413243447494}, "psi": {"0": 1.2328282566792876, "1": 1.0074684396620628, "2": 0.8301200098887555}, "sigma": {"0": 0.9439068384839622, "1": 0.0, "2": 0.0}, "chi_high": null, "beta_low": 0.6546090962216554}