{"R": 40.0, "wi": 2, "di": 1, "delta": 1.0, "gamma": {"0": 1.2617583953566645, "1": 0.7899071297534845, "2": 1.1030452174119656}, "mu": {"0": 1.118303311546418, "1": 1.0762612631046833, "2": 1.0645573020115497}, "phi": {"0": 0.30393082210707, "1": 0.7944848910859625, "2": 0.9398690730756724}, "psi": {"0": 1.320619903258264, "1": 1.2215118238096183, "2": 1.30086423440056}, "sigma": {"0": 0.576859583685565, "1": 0.8767817518210852, "2": 0.0}, "chi_high": null, "beta_low": null}