{"R": 40.0, "wi": 2, "di": 1, "delta": 1.0, "gamma": {"0": 0.8900770872078171, "1": 0.8895314333076697, "2": 0.9811979281145801}, "mu": {"0": 1.0095268528140562, "1": 1.0087937910816354, "2": 1.1295058780857719}, "phi": {"0": 0.8648285124121051, "1": 0.6861894251821299, "2": 0.22241107709668095}, "psi": {"0": 0.7014823937990499, "1": 0.8740660097965253, "2": 0.535633338727257}, "sigma": {"0": 0.880450232309149, "1": 0.5785122259079989, "2": 0.0}, "chi_high": null, "beta_low": null}