{"R": 40.0, "wi": 2, "di": 0, "delta": 1.0, "gamma": {"0": 0.6822089534935917, "1": 1.284768978026813, "2": 1.4439320650871623}, "mu": {"0": 1.0832349227171922, "1": 1.0282461965428265, "2": 1.1071578060830303}, "phi": {"0": 0.36716895403631766, "1": 0.8873489374415727, "2": 0.3401610574566786}, "psi": {"0": 1.345207119004142, "1": 0.8180653103776346, "2": 0.8350566625408123}, "sigma": {"0": 0.899970191248818, "1": 0.8280049545869841, "2": 0.0}, "chi_high": null, "beta_low": null}