{"R": 40.0, "wi": 0, "di": 1, "delta": 1.0, "gamma": {"0": 1.4044248186344572, "1": 0.6390649360362397, "2": 0.5632685760536421}, "mu": {"0": 1.0229771706255433, "1": 1.0600193195561223, "2": 1.037872649687059}, "phi": {"0": 0.3933339430387478, "1": 0.7756059976361263, "2": 0.16739838878991675}, "psi": {"0": 0.8424479004434954, "1": 0.9006816820880372, "2": 1.4100230166862433}, "sigma": {"0": 0.5625217405874097, "1": 0.676238995418138, "2": 0.0}, "chi_high": 0.08527347803368537, "beta_low": 0.04575695603218809}