{"R": 40.0, "wi": 0, "di": 1, "delta": 1.0, "gamma": {"0": 1.004252147309851, "1": 0.7763855165756111, "2": 1.2768800500235575}, "mu": {"0": 1.0871540655039797, "1": 1.0553744431630667, "2": 1.0959797817742012}, "phi": {"0": 0.671326049830568, "1": 0.898584207683632, "2": 0.22363847627694022}, "psi": {"0": 0.8516898987146658, "1": 0.5765350664729739, "2": 0.5394318197149822}, "sigma": {"0": 0.941879824019315, "1": 0.5573700467286162, "2": 0.0}, "chi_high": 0.8878436108868286, "beta_low": 0.4640709508449213}