{"R": 40.0, "wi": 3, "di": 1, "delta": 1.0, "gamma": {"0": 1.481891581964957, "1": 0.5481638155069657, "2": 1.0406780534387545}, "mu": {"0": 1.073401278173906, "1": 1.0851630133074412, "2": 1.1350869556537209}, "phi": {"0": 0.04154905635150641, "1": 0.7318629241863904, "2": 0.84268677728718}, "psi": {"0": 0.6212275813499183, "1": 1.2796314733486986, "2": 0.7694845826021782}, "sigma": {"0": 0.5654435281359343, "1": 0.7131625819416074, "2": 0.0}, "chi_high": 0.13121850625408346, "beta_low": null}