{"R": 40.0, "wi": 3, "di": 0, "delta": 1.0, "gamma": {"0": 1.415214494175208, "1": 0.5277278736101932, "2": 1.3130333329738524}, "mu": {"0": 1.143531797980598, "1": 1.0595881688515432, "2": 1.0301496103304}, "phi": {"0": 0.4590361272182879, "1": 0.9924392399501506, "2": 0.2790961579018816}, "psi": {"0": 1.4967016343592379, "1": 0.6098398653295362, "2": 1.34240516306845}, "sigma": {"0": 0.7250524682091867, "1": 0.8788621749830529, "2": 0.0}, "chi_high": 0.9346496439405795, "beta_low": null}