{"R": 40.0, "wi": 3, "di": 2, "delta": 1.0, "gamma": {"0": 0.9861512291701505, "1": 0.8427688185147539, "2": 1.0375259218579664}, "mu": {"0": 1.0125172798845776, "1": 1.1382375879088793, "2": 1.1119625156466288}, "phi": {"0": 0.32638453776215304, "1": 0.8468347008636696, "2": 0.34089461301040624}, "psi": {"0": 0.9164276568583533, "1": 0.9547930238226585, "2": 0.6568561672970082}, "sigma": {"0": 0.7156949841702074, "1": 0.5593706669239488, "2": 0.0}, "chi_high": 0.8326265228393545, "beta_low": null}