{"R": 40.0, "wi": 3, "di": 0, "delta": 1.0, "gamma": {"0": 0.8355284430660556, "1": 0.5851298952529093, "2": 1.0822737990275635}, "mu": {"0": 1.0562112897797993, "1": 1.101670520000716, "2": 1.039692333909148}, "phi": {"0": 0.2471359735286187, "1": 0.8215339102374092, "2": 0.4191661376916752}, "psi": {"0": 0.8095613380152243, "1": 0.6233649756395723, "2": 1.425971874851438}, "sigma": {"0": 0.5246024158619416, "1": 0.9487217517510784, "2": 0.0}, "chi_high": 0.8877478824274386, "beta_low": null}