{"R": 40.0, "wi": 2, "di": 2, "delta": 1.0, "gamma": {"0": 0.5469597604343656, "1": 0.5995940025019579, "2": 1.1520248260225845}, "mu": {"0": 1.0588840273020406, "1": 1.032789986151339, "2": 1.0104586328466498}, "phi": {"0": 0.8297483779501413, "1": 0.31286576931230736, "2": 0.172090178559136}, "psi": {"0": 1.415203983616094, "1": 1.4375434597613803, "2": 0.955746597125761}, "sigma": {"0": 0.9736699905806869, "1": 0.6119537290532615, "2": 0.0}, "chi_high": null, "beta_low": null}