{"R": 40.0, "wi": 0, "di": 2, "delta": 1.0, "gamma": {"0": 1.4979867570942464, "1": 1.0102248268380145, "2": 1.344461914979099}, "mu": {"0": 1.1479963335753949, "1": 1.0130426849439578, "2": 1.0222746131142975}, "phi": {"0": 0.33163100339360607, "1": 0.33139989977942863, "2": 0.9014083477646738}, "psi": {"0": 1.4699680597256215, "1": 0.5738434757707568, "2": 1.2097232100077249}, "sigma": {"0": 0.9137304786328689, "1": 0.7532550199282724, "2": 0.0}, "chi_high": 0.7837087548401779, "beta_low": 0.8722476240747639}