{"R": 40.0, "wi": 2, "di": 1, "delta": 1.0, "gamma": {"0": 0.7363895965895638, "1": 0.7832163825663844, "2": 1.4817929671025996}, "mu": {"0": 1.0353884251576007, "1": 1.0854400149529453, "2": 1.0443798729394442}, "phi": {"0": 0.9917380644496206, "1": 0.9218789165542665, "2": 0.011610006798559058}, "psi": {"0": 0.6039487669364956, "1": 1.1243924978678774, "2": 1.176746162801699}, "sigma": {"0": 0.5139674801063217, "1": 0.6872081694680641, "2": 0.0}, "chi_high": null, "beta_low": null}