{"R": 40.0, "wi": 2, "di": 1, "delta": 1.0, "gamma": {"0": 0.8632912771079648, "1": 1.1872618744050976, "2": 1.4631563805297447}, "mu": {"0": 1.075965492582415, "1": 1.1043184948267981, "2": 1.1214476333807204}, "phi": {"0": 0.22527355047674802, "1": 0.8371402718967736, "2": 0.5223903961112994}, "psi": {"0": 1.01239074933789, "1": 0.7174339927431442, "2": 0.6631132467017643}, "sigma": {"0": 0.8388554645356158, "1": 0.734092845512311, "2": 0.0}, "chi_high": null, "beta_low": null}