{"R": 40.0, "wi": 1, "di": 0, "delta": 1.0, "gamma": {"0": 0.856397742774216, "1": 1.1272271901345925, "2": 1.4091994599726134}, "mu": {"0": 1.0386243259855306, "1": 1.1357274240428452, "2": 1.1020404387199003}, "phi": {"0": 0.33952677200880266, "1": 0.44939636522476534, "2": 0.6022870696055891}, "psi": {"0": 1.278194209089563, "1": 0.6964680087037805, "2": 1.013469482999039}, "sigma": {"0": 0.9954757797044873, "1": 0.0, "2": 0.0}, "chi_high": null, "beta_low": 0.272718160323323}