{"R": 40.0, "wi": 1, "di": 2, "delta": 1.0, "gamma": {"0": 0.6632677327784289, "1": 1.1149897814973009, "2": 0.7828232625160978}, "mu": {"0": 1.115771678601049, "1": 1.1221682893958635, "2": 1.1417702071337008}, "phi": {"0": 0.34901321587924306, "1": 0.0853260534789767, "2": 0.9868717470413197}, "psi": {"0": 0.9346871147483138, "1": 0.945253913447258, "2": 0.7285615246646674}, "sigma": {"0": 0.5847146751820941, "1": 0.0, "2": 0.0}, "chi_high": null, "beta_low": 0.1093982635341391}