{"R": 40.0, "wi": 2, "di": 2, "delta": 1.0, "gamma": {"0": 0.9455257518562634, "1": 0.9697387833413958, "2": 1.4712620239762937}, "mu": {"0": 1.1027649247489504, "1": 1.1184772857930279, "2": 1.1005170251027558}, "phi": {"0": 0.25554257534660496, "1": 0.8658203777766005, "2": 0.7806806581271265}, "psi": {"0": 1.1890057935981675, "1": 1.3656063814415949, "2": 1.390065055848173}, "sigma": {"0": 0.7973404807440778, "1": 0.98222513717547, "2": 0.0}, "chi_high": null, "beta_low": null}