{"R": 40.0, "wi": 2, "di": 0, "delta": 1.0, "gamma": {"0": 0.6966143603292174, "1": 1.1884541429892694, "2": 0.7828663017998374}, "mu": {"0": 1.022096803148429, "1": 1.1151617025042186, "2": 1.1002147526997008}, "phi": {"0": 0.4330085428628182, "1": 0.39361076784215754, "2": 0.369637837615052}, "psi": {"0": 1.0375853466695604, "1": 1.3019250545335805, "2": 0.6883162549357645}, "sigma": {"0": 0.9312629045291507, "1": 0.6459407614149448, "2": 0.0}, "chi_high": null, "beta_low": null}