{"R": 40.0, "wi": 3, "di": 1, "delta": 1.0, "gamma": {"0": 0.7122793642196764, "1": 0.9833296819084759, "2": 1.3075303620942451}, "mu": {"0": 1.0338586027955499, "1": 1.0579903329256792, "2": 1.0523726656723034}, "phi": {"0": 0.48752894832491855, "1": 0.21926806919282993, "2": 0.5100706545154985}, "psi": {"0": 1.3397711810319994, "1": 0.5513955638479283, "2": 0.9863115213231604}, "sigma": {"0": 0.6277602979962822, "1": 0.8863547559907498, "2": 0.0}, "chi_high": 0.4504539551977703, "beta_low": null}