{"R": 40.0, "wi": 2, "di": 1, "delta": 1.0, "gamma": {"0": 1.2953861652196874, "1": 1.4169453608914373, "2": 0.692300021665064}, "mu": {"0": 1.1472793184128052, "1": 1.084362918239854, "2": 1.1315198395884474}, "phi": {"0": 0.6040238517892503, "1": 0.7934722933708259, "2": 0.17433691130092932}, "psi": {"0": 1.163551979185651, "1": 1.3193172970431633, "2": 0.7713352552512414}, "sigma": {"0": 0.7052139909720294, "1": 0.8082702571310768, "2": 0.0}, "chi_high": null, "beta_low": null}