{"R": 40.0, "wi": 0, "di": 0, "delta": 1.0, "gamma": {"0": 0.6523584707278506, "1": 1.2431412126620787, "2": 0.6832747455267985}, "mu": {"0": 1.0117681724737455, "1": 1.0014591933653907, "2": 1.1204423975722908}, "phi": {"0": 0.8518445732403649, "1": 0.2820558094793604, "2": 0.42644556479028206}, "psi": {"0": 1.3712003630206788, "1": 1.4941053487885243, "2": 0.8678647509995766}, "sigma": {"0": 0.7301686085342434, "1": 0.9992633932402348, "2": 0.0}, "chi_high": 0.8172285009943787, "beta_low": 0.2372454796510621}