{"R": 40.0, "wi": 1, "di": 2, "delta": 1.0, "gamma": {"0": 0.6416654986238659, "1": 0.8798931404870829, "2": 0.9889598465815332}, "mu": {"0": 1.0652433390936538, "1": 1.1280727134990607, "2": 1.14068516545007}, "phi": {"0": 0.7516628119687783, "1": 0.8965289640562857, "2": 0.8223717225820204}, "psi": {"0": 0.8938080487916111, "1": 0.9253450333042568, "2": 1.1314911168959951}, "sigma": {"0": 0.6707949761051113, "1": 0.0, "2": 0.0}, "chi_high": null, "beta_low": 0.6103619570590728}