{"R": 40.0, "wi": 3, "di": 0, "delta": 1.0, "gamma": {"0": 0.7320388113357389, "1": 0.911156863808773, "2": 1.2534714505095805}, "mu": {"0": 1.091385991921038, "1": 1.0297261047908166, "2": 1.0695255107513884}, "phi": {"0": 0.10627644213508303, "1": 0.44857312452465004, "2": 0.49552197093423334}, "psi": {"0": 1.3114148007129838, "1": 1.0685223624676288, "2": 1.2680128790848921}, "sigma": {"0": 0.8440902341837653, "1": 0.9741214516175294, "2": 0.0}, "chi_high": 0.5452134095895529, "beta_low": null}