{"R": 40.0, "wi": 1, "di": 0, "delta": 1.0, "gamma": {"0": 0.8655448875966191, "1": 0.928214833878276, "2": 0.9493528768825578}, "mu": {"0": 1.066016136778552, "1": 1.1343951217467256, "2": 1.0032809542598322}, "phi": {"0": 0.8633217640938993, "1": 0.8063330915534118, "2": 0.11299333775348963}, "psi": {"0": 0.6405983012773419, "1": 1.4800946994708082, "2": 0.9022911071745814}, "sigma": {"0": 0.581286461544213, "1": 0.0, "2": 0.0}, "chi_high": null, "beta_low": 0.3290849215097106}