{"R": 40.0, "wi": 2, "di": 0, "delta": 1.0, "gamma": {"0": 0.5466334802306172, "1": 0.8406817493693838, "2": 1.0742448124624993}, "mu": {"0": 1.1080370202444692, "1": 1.0214205148780158, "2": 1.0656669500575475}, "phi": {"0": 0.49857189548250813, "1": 0.47859481603288223, "2": 0.9734794175881795}, "psi": {"0": 0.7086180737704717, "1": 1.0524641795450909, "2": 1.2442786994272823}, "sigma": {"0": 0.7504435638505131, "1": 0.521556228825644, "2": 0.0}, "chi_high": null, "beta_low": null}