{"R": 40.0, "wi": 2, "di": 0, "delta": 1.0, "gamma": {"0": 0.6630294730458224, "1": 1.3307204644440944, "2": 1.2854861602537353}, "mu": {"0": 1.1333820948735915, "1": 1.0994725025040357, "2": 1.0522568579519112}, "phi": {"0": 0.8906481935632038, "1": 0.2605829677788907, "2": 0.5174584492475934}, "psi": {"0": 1.0944066186205175, "1": 0.5618836216902704, "2": 1.0138624299463204}, "sigma": {"0": 0.8338609132997601, "1": 0.8995842003461408, "2": 0.0}, "chi_high": null, "beta_low": null}