{"R": 40.0, "wi": 3, "di": 0, "delta": 1.0, "gamma": {"0": 0.6531090092905755, "1": 1.4446238380049334, "2": 1.064306420065408}, "mu": {"0": 1.0176800942339204, "1": 1.0473912513450598, "2": 1.0852351188007918}, "phi": {"0": 0.020318260221457107, "1": 0.5900912595211463, "2": 0.06233560098867241}, "psi": {"0": 1.4226475847748872, "1": 0.7130750170656035, "2": 0.5588614351940676}, "sigma": {"0": 0.7435417121197495, "1": 0.950279700460662, "2": 0.0}, "chi_high": 0.01708008241623413, "beta_low": null}