{"R": 40.0, "wi": 1, "di": 0, "delta": 1.0, "gamma": {"0": 1.2418155257087347, "1": 0.7023685472555469, "2": 1.2126148386017777}, "mu": {"0": 1.0477530186190385, "1": 1.0813276560762917, "2": 1.140940356295356}, "phi": {"0": 0.7779300732701371, "1": 0.9561269962443265, "2": 0.33671579575842014}, "psi": {"0": 1.0530313501882462, "1": 1.4752748828065867, "2": 1.3585083985064503}, "sigma": {"0": 0.7894243868362897, "1": 0.0, "2": 0.0}, "chi_high": null, "beta_low": 0.6801610301052781}