{"R": 40.0, "wi": 0, "di": 1, "delta": 1.0, "gamma": {"0": 1.2406942058937769, "1": 0.5072114785260841, "2": 1.0165677121123893}, "mu": {"0": 1.046757768873146, "1": 1.0850571891712144, "2": 1.1202777320218023}, "phi": {"0": 0.06492850130029193, "1": 0.4535970254310322, "2": 0.5872314185307759}, "psi": {"0": 1.4546305727280429, "1": 0.999669732489518, "2": 1.2520639739515622}, "sigma": {"0": 0.8676400828427113, "1": 0.7319102703549252, "2": 0.0}, "chi_high": 0.6546248890832298, "beta_low": 0.8276337950687019}