{"R": 40.0, "wi": 0, "di": 1, "delta": 1.0, "gamma": {"0": 1.3781679137849854, "1": 0.7477999466274906, "2": 1.4247313593734032}, "mu": {"0": 1.0207047522970567, "1": 1.0085175249223244, "2": 1.0822312086733044}, "phi": {"0": 0.5831962328474634, "1": 0.9490018362470202, "2": 0.38945447814180456}, "psi": {"0": 1.4397991339528229, "1": 1.111342551244113, "2": 1.2844648711262425}, "sigma": {"0": 0.9038912458197604, "1": 0.8171313232388433, "2": 0.0}, "chi_high": 0.8053082060485245, "beta_low": 0.6369731465637047}