{"R": 40.0, "wi": 0, "di": 1, "delta": 1.0, "gamma": {"0": 1.4170731431797454, "1": 0.5417944922959775, "2": 0.9404991189398281}, "mu": {"0": 1.1101178172861925, "1": 1.0124614306859525, "2": 1.1236411949993423}, "phi": {"0": 0.4244609167083482, "1": 0.9092254422407406, "2": 0.3186601601182172}, "psi": {"0": 1.4161017784651468, "1": 1.3655780464408547, "2": 0.5622399500841527}, "sigma": {"0": 0.6733888177552874, "1": 0.5405859224762729, "2": 0.0}, "chi_high": 0.5373773310946444, "beta_low": 0.8081073102277493}