{"R": 40.0, "wi": 0, "di": 1, "delta": 1.0, "gamma": {"0": 0.8131359186935473, "1": 1.4969329346277966, "2": 0.7623806003668471}, "mu": {"0": 1.0168880245473109, "1": 1.0847189843267637, "2": 1.1155859040214506}, "phi": {"0": 0.85509791140214, "1": 0.3536330504624069, "2": 0.08502765713843519}, "psi": {"0": 1.1165460777043674, "1": 1.1180102205102538, "2": 1.465504866558899}, "sigma": {"0": 0.5514641652793804, "1": 0.7277957531459818, "2": 0.0}, "chi_high": 0.810593832591117, "beta_low": 0.26110442088605906}