{"R": 40.0, "wi": 2, "di": 0, "delta": 1.0, "gamma": {"0": 1.4856786822819532, "1": 1.1947418141365516, "2": 1.4927345697268126}, "mu": {"0": 1.0341277110530331, "1": 1.1037504962921296, "2": 1.0362370703380686}, "phi": {"0": 0.3882705553748176, "1": 0.5389413224185536, "2": 0.8804639953962016}, "psi": {"0": 1.368683542259023, "1": 0.8762444608420137, "2": 0.5954355683942917}, "sigma": {"0": 0.6606035711596339, "1": 0.8941912609929634, "2": 0.0}, "chi_high": null, "beta_low": null}