{"R": 40.0, "wi": 0, "di": 1, "delta": 1.0, "gamma": {"0": 1.3303257473264374, "1": 0.80776427503463, "2": 1.1506238819114014}, "mu": {"0": 1.0184057342951545, "1": 1.0673515056928762, "2": 1.0369615626385331}, "phi": {"0": 0.08950636555607172, "1": 0.9911665380139244, "2": 0.10261650021285995}, "psi": {"0": 0.9062537107557036, "1": 0.7145763015048294, "2": 0.7630711932518184}, "sigma": {"0": 0.9471352937296489, "1": 0.7975829378928261, "2": 0.0}, "chi_high": 0.254366399158545, "beta_low": 0.5117920250070133}