{"R": 40.0, "wi": 2, "di": 2, "delta": 1.0, "gamma": {"0": 1.2143103733190634, "1": 0.6641612996877034, "2": 0.9384090010398229}, "mu": {"0": 1.0340484069669602, "1": 1.0434196576117452, "2": 1.003007169488205}, "phi": {"0": 0.5564275796254087, "1": 0.2426524276979627, "2": 0.16186865361722091}, "psi": {"0": 0.6342212259265761, "1": 1.2695612216936116, "2": 1.0172805957245554}, "sigma": {"0": 0.7154510747546758, "1": 0.709240632692447, "2": 0.0}, "chi_high": null, "beta_low": null}