{"R": 40.0, "wi": 0, "di": 2, "delta": 1.0, "gamma": {"0": 0.6578446902285688, "1": 1.2908638007197806, "2": 1.3437508187491334}, "mu": {"0": 1.1162366387656286, "1": 1.0793053031892454, "2": 1.0296808071465244}, "phi": {"0": 0.803019877730633, "1": 0.5911642374767386, "2": 0.957676145257753}, "psi": {"0": 0.5625917826398031, "1": 0.5009017063512972, "2": 0.806464366576862}, "sigma": {"0": 0.5333839612099311, "1": 0.7762317831786453, "2": 0.0}, "chi_high": 0.7761401839522176, "beta_low": 0.027259958397327776}