{"R": 40.0, "wi": 1, "di": 0, "delta": 1.0, "gamma": {"0": 0.6570855593435142, "1": 1.3581937991380062, "2": 1.3528925620936976}, "mu": {"0": 1.0530794952838132, "1": 1.011373534439354, "2": 1.1472762323126147}, "phi": {"0": 0.33691352760275717, "1": 0.7009432319575226, "2": 0.6234425738415784}, "psi": {"0": 0.9068386876516406, "1": 1.4551133030391334, "2": 0.5977532899723251}, "sigma": {"0": 0.6233147686935048, "1": 0.0, "2": 0.0}, "chi_high": null, "beta_low": 0.45233407800435993}