{"R": 40.0, "wi": 2, "di": 0, "delta": 1.0, "gamma": {"0": 0.8712297128710772, "1": 1.3219726196990105, "2": 1.4898420426761294}, "mu": {"0": 1.0826980737561165, "1": 1.1344067072851047, "2": 1.0716736588874378}, "phi": {"0": 0.9164956186798423, "1": 0.855604231669048, "2": 0.7473854896787412}, "psi": {"0": 0.7092049805928206, "1": 1.4913186613871179, "2": 0.9462135190155805}, "sigma": {"0": 0.9269780473762608, "1": 0.993652999257466, "2": 0.0}, "chi_high": null, "beta_low": null}