{"R": 40.0, "wi": 2, "di": 1, "delta": 1.0, "gamma": {"0": 0.8772760787211726, "1": 0.9232629058874541, "2": 0.5509368539911844}, "mu": {"0": 1.0085457183064344, "1": 1.0589652715519204, "2": 1.1492841194847647}, "phi": {"0": 0.17454170621486298, "1": 0.8959923117340053, "2": 0.6365068485997833}, "psi": {"0": 1.1185884351052118, "1": 1.482698212118423, "2": 1.4061865315240656}, "sigma": {"0": 0.8646267622345358, "1": 0.9691636004497581, "2": 0.0}, "chi_high": null, "beta_low": null}