{"R": 40.0, "wi": 1, "di": 1, "delta": 1.0, "gamma": {"0": 1.419517252139967, "1": 0.7317355035754587, "2": 1.2528318867877393}, "mu": {"0": 1.0845240794748916, "1": 1.1130106893361744, "2": 1.0123083820880203}, "phi": {"0": 0.17848762729782974, "1": 0.4556713900083734, "2": 0.8076807805801077}, "psi": {"0": 0.9345107037540615, "1": 1.3552092304787549, "2": 0.9786233822613586}, "sigma": {"0": 0.6274227250007876, "1": 0.0, "2": 0.0}, "chi_high": null, "beta_low": 0.8490091377621167}