{"R": 40.0, "wi": 0, "di": 0, "delta": 1.0, "gamma": {"0": 0.662527593437665, "1": 0.6421196102902329, "2": 1.0566370385893975}, "mu": {"0": 1.0403975648889345, "1": 1.0626410283240684, "2": 1.0261360339821217}, "phi": {"0": 0.3465436957192186, "1": 0.7008871535096148, "2": 0.9527135601971267}, "psi": {"0": 0.6326589245290006, "1": 1.4353004682191703, "2": 0.8005741140481791}, "sigma": {"0": 0.6987325121688366, "1": 0.8285222022437491, "2": 0.0}, "chi_high": 0.7345825389422318, "beta_low": 0.5957781967957538}