{"R": 40.0, "wi": 2, "di": 2, "delta": 1.0, "gamma": {"0": 0.5048666495179976, "1": 0.6875100329206927, "2": 1.1062037242904101}, "mu": {"0": 1.1363513935594216, "1": 1.100455391743071, "2": 1.052522864339996}, "phi": {"0": 0.3080538360942917, "1": 0.7683160128838677, "2": 0.32711127958765207}, "psi": {"0": 0.6251234911874344, "1": 0.5664600759316487, "2": 0.8129393152588502}, "sigma": {"0": 0.9851023320269333, "1": 0.973843926057014, "2": 0.0}, "chi_high": null, "beta_low": null}