{"R": 40.0, "wi": 2, "di": 0, "delta": 1.0, "gamma": {"0": 1.3295939485153547, "1": 1.3667252665739171, "2": 0.6382077799566184}, "mu": {"0": 1.0187314146926607, "1": 1.099481708847218, "2": 1.0194536432296124}, "phi": {"0": 0.9199480328053313, "1": 0.0612094158887897, "2": 0.5661563484115892}, "psi": {"0": 1.2717907251686666, "1": 0.8154748875581178, "2": 1.2599232472613762}, "sigma": {"0": 0.9424726205126057, "1": 0.7048148430839023, "2": 0.0}, "chi_high": null, "beta_low": null}