{"R": 40.0, "wi": 1, "di": 1, "delta": 1.0, "gamma": {"0": 1.2268457345375154, "1": 1.442273396536697, "2": 0.9036145560055456}, "mu": {"0": 1.0655479912485142, "1": 1.120905012651648, "2": 1.1251758392406808}, "phi": {"0": 0.935454920401655, "1": 0.41727078741518897, "2": 0.6773668541946447}, "psi": {"0": 1.3803182831400995, "1": 0.7949168585362257, "2": 0.8981503753898293}, "sigma": {"0": 0.5922197386838784, "1": 0.0, "2": 0.0}, "chi_high": null, "beta_low": 0.3314568470554401}