{"R": 40.0, "wi": 1, "di": 1, "delta": 1.0, "gamma": {"0": 0.6805077296954688, "1": 0.5055225734156377, "2": 0.5694531964422854}, "mu": {"0": 1.001369040407658, "1": 1.0254802784858346, "2": 1.1312499508978737}, "phi": {"0": 0.020811462763094424, "1": 0.42863292647239626, "2": 0.5319553143645462}, "psi": {"0": 1.2962267894828556, "1": 1.3041219211108972, "2": 0.6617328695490932}, "sigma": {"0": 0.7730656838632508, "1": 0.0, "2": 0.0}, "chi_high": null, "beta_low": 0.12323003523478167}