{"R": 40.0, "wi": 1, "di": 0, "delta": 1.0, "gamma": {"0": 0.5495292617797316, "1": 0.5250147043830033, "2": 1.0108200505729368}, "mu": {"0": 1.1151279583249083, "1": 1.0234601948021116, "2": 1.1210215957051797}, "phi": {"0": 0.6131037657509372, "1": 0.1710040455721673, "2": 0.6560060747959643}, "psi": {"0": 1.3299787865135986, "1": 1.0177194195324901, "2": 0.9620415542389331}, "sigma": {"0": 0.6900854454972669, "1": 0.0, "2": 0.0}, "chi_high": null, "beta_low": 0.3290191844649146}