{"R": 40.0, "wi": 3, "di": 1, "delta": 1.0, "gamma": {"0": 0.9156535674848186, "1": 0.6961419922209006, "2": 0.852707767093017}, "mu": {"0": 1.0804152212108948, "1": 1.0662004186554663, "2": 1.1086966319897056}, "phi": {"0": 0.24529165857509638, "1": 0.7043493460048876, "2": 0.30999295388967374}, "psi": {"0": 0.7444937997098496, "1": 0.988683280664067, "2": 1.4585512757296342}, "sigma": {"0": 0.9964657245579336, "1": 0.6330384835988747, "2": 0.0}, "chi_high": 0.382291035562157, "beta_low": null}