{"R": 40.0, "wi": 1, "di": 1, "delta": 1.0, "gamma": {"0": 1.1184467397780202, "1": 0.8554869590719916, "2": 1.1092412208461853}, "mu": {"0": 1.1402705806583486, "1": 1.0778230468129668, "2": 1.1435880710287678}, "phi": {"0": 0.3008309399819271, "1": 0.9008076970104609, "2": 0.2376895269564263}, "psi": {"0": 0.5410094581859327, "1": 1.3176771860063854, "2": 1.4688062369032597}, "sigma": {"0": 0.7559372872565275, "1": 0.0, "2": 0.0}, "chi_high": null, "beta_low": 0.12693201674265228}