{"R": 40.0, "wi": 2, "di": 0, "delta": 1.0, "gamma": {"0": 0.8539476280673189, "1": 0.6407658233208039, "2": 0.7891179873006503}, "mu": {"0": 1.074575505531047, "1": 1.103253192156721, "2": 1.0207114301762545}, "phi": {"0": 0.03604664425396453, "1": 0.2172384546803997, "2": 0.11155231551642142}, "psi": {"0": 0.8122674375273006, "1": 1.3739530943143408, "2": 0.7020962800830902}, "sigma": {"0": 0.589461526360899, "1": 0.600408125198018, "2": 0.0}, "chi_high": null, "beta_low": null}