{"R": 40.0, "wi": 1, "di": 1, "delta": 1.0, "gamma": {"0": 1.1298206846171412, "1": 0.8141799244965735, "2": 0.8084594736127709}, "mu": {"0": 1.0615345856963876, "1": 1.0883950312777972, "2": 1.0045101764308313}, "phi": {"0": 0.7528274083217725, "1": 0.9247252777093099, "2": 0.26888153277031834}, "psi": {"0": 0.6056100301105394, "1": 0.9826823478401926, "2": 1.1807147413486732}, "sigma": {"0": 0.714705457470993, "1": 0.0, "2": 0.0}, "chi_high": null, "beta_low": 0.09357500477842712}