{"R": 40.0, "wi": 3, "di": 2, "delta": 1.0, "gamma": {"0": 0.885116430779034, "1": 0.6556998222827336, "2": 1.1149041829303694}, "mu": {"0": 1.0579053898977075, "1": 1.0373740137632912, "2": 1.0934316478943285}, "phi": {"0": 0.880482542115504, "1": 0.9900416523945509, "2": 0.35380633079645507}, "psi": {"0": 1.469527454682508, "1": 0.5840314147750233, "2": 0.6797550135450102}, "sigma": {"0": 0.6383545501930896, "1": 0.9891350183727181, "2": 0.0}, "chi_high": 0.7050806257160989, "beta_low": null}