{"R": 40.0, "wi": 2, "di": 1, "delta": 1.0, "gamma": {"0": 1.011424900625658, "1": 0.6833566171242909, "2": 1.1471437058728284}, "mu": {"0": 1.1146805949559786, "1": 1.01052840771131, "2": 1.0170932607268794}, "phi": {"0": 0.27648071455971723, "1": 0.3552454914785266, "2": 0.49199988796319705}, "psi": {"0": 1.1513008827107414, "1": 0.954378535653814, "2": 1.2285343384206722}, "sigma": {"0": 0.8259457825624987, "1": 0.6091686395439415, "2": 0.0}, "chi_high": null, "beta_low": null}