{"R": 40.0, "wi": 2, "di": 0, "delta": 1.0, "gamma": {"0": 1.0462688558637674, "1": 0.9953957672688392, "2": 1.2899705900207898}, "mu": {"0": 1.1370367640217096, "1": 1.1189085134184966, "2": 1.0882267724311188}, "phi": {"0": 0.3490205550140063, "1": 0.4827445840615149, "2": 0.7375320546682704}, "psi": {"0": 1.4677317679737358, "1": 1.0473611585672447, "2": 1.1269727697332201}, "sigma": {"0": 0.8642419014656513, "1": 0.9727281769109, "2": 0.0}, "chi_high": null, "beta_low": null}