{"R": 40.0, "wi": 2, "di": 2, "delta": 1.0, "gamma": {"0": 0.9944153624471278, "1": 0.5555720124024299, "2": 0.7077430596000088}, "mu": {"0": 1.0257903215589446, "1": 1.0117778609675467, "2": 1.0918732089401773}, "phi": {"0": 0.5952181029149495, "1": 0.4450541208272025, "2": 0.23083204472240026}, "psi": {"0": 1.2124930104087037, "1": 1.184580547246066, "2": 0.7979387551099005}, "sigma": {"0": 0.7185341322210297, "1": 0.6410412738671332, "2": 0.0}, "chi_high": null, "beta_low": null}