{"R": 40.0, "wi": 1, "di": 1, "delta": 1.0, "gamma": {"0": 0.5472421473401665, "1": 1.0679181334093375, "2": 0.5092821918629249}, "mu": {"0": 1.0713370685027992, "1": 1.1255459621813002, "2": 1.1316591211070075}, "phi": {"0": 0.11616694214371426, "1": 0.2838727104389942, "2": 0.3797289212295044}, "psi": {"0": 1.2320773450476759, "1": 1.1860135034929986, "2": 0.8364229678144617}, "sigma": {"0": 0.8351678342249347, "1": 0.0, "2": 0.0}, "chi_high": null, "beta_low": 0.3092171264951383}