{"R": 40.0, "wi": 1, "di": 0, "delta": 1.0, "gamma": {"0": 0.8843798326844172, "1": 1.2846419679011853, "2": 1.0531800388371253}, "mu": {"0": 1.0849942231401053, "1": 1.1128621030385024, "2": 1.0211521707099096}, "phi": {"0": 0.2319425882521593, "1": 0.7118616947793345, "2": 0.13637549651655467}, "psi": {"0": 1.331232839925053, "1": 0.7063723847477427, "2": 1.3293196634658846}, "sigma": {"0": 0.5472551727635961, "1": 0.0, "2": 0.0}, "chi_high": null, "beta_low": 0.5013355305550137}