{"R": 40.0, "wi": 2, "di": 1, "delta": 1.0, "gamma": {"0": 1.3364210939323273, "1": 0.7173443773646335, "2": 1.2251565817866248}, "mu": {"0": 1.1362771685156472, "1": 1.0663783198679972, "2": 1.120943903191072}, "phi": {"0": 0.34464360904456226, "1": 0.46631704727927226, "2": 0.010386689816561434}, "psi": {"0": 1.1401698361792505, "1": 1.2507090234146285, "2": 0.6743402553929481}, "sigma": {"0": 0.8245213519903234, "1": 0.5882747628333539, "2": 0.0}, "chi_high": null, "beta_low": null}