{"R": 40.0, "wi": 0, "di": 0, "delta": 1.0, "gamma": {"0": 0.5305028240247565, "1": 0.7983818934184684, "2": 0.5748861729843039}, "mu": {"0": 1.0177975864163356, "1": 1.089162858066322, "2": 1.057626874876424}, "phi": {"0": 0.7285207816972289, "1": 0.44277796151141957, "2": 0.5655625283548756}, "psi": {"0": 0.8750868164215202, "1": 0.5491566964806962, "2": 1.2053128204403563}, "sigma": {"0": 0.6977707359739485, "1": 0.8357645689075073, "2": 0.0}, "chi_high": 0.14573427755860976, "beta_low": 0.054386971896704724}