{"R": 40.0, "wi": 3, "di": 0, "delta": 1.0, "gamma": {"0": 0.572313597169468, "1": 1.0475326458406997, "2": 1.124540305170751}, "mu": {"0": 1.0768585815001739, "1": 1.081314341868552, "2": 1.0403156422919062}, "phi": {"0": 0.05293457706141114, "1": 0.16267838134127932, "2": 0.9453192987097817}, "psi": {"0": 0.6685093150853633, "1": 0.8363413195838313, "2": 1.3260009795816512}, "sigma": {"0": 0.6263635251868811, "1": 0.8283895858662162, "2": 0.0}, "chi_high": 0.7440137331738652, "beta_low": null}