{"R": 40.0, "wi": 3, "di": 1, "delta": 1.0, "gamma": {"0": 0.9910391360259778, "1": 0.5273443627868827, "2": 0.8345341636961275}, "mu": {"0": 1.007493516459401, "1": 1.046229201255532, "2": 1.132803754470738}, "phi": {"0": 0.22007866147897515, "1": 0.10213975596214364, "2": 0.9773360103648171}, "psi": {"0": 0.6959824135541783, "1": 1.3237870043928326, "2": 0.9396770583733524}, "sigma": {"0": 0.7936982885060251, "1": 0.9449585561593257, "2": 0.0}, "chi_high": 0.46079253029733847, "beta_low": null}