{"R": 40.0, "wi": 3, "di": 2, "delta": 1.0, "gamma": {"0": 0.9891198277236836, "1": 0.9908908072409929, "2": 1.1552370409107264}, "mu": {"0": 1.1025637185708057, "1": 1.1122577927048658, "2": 1.0561151952852184}, "phi": {"0": 0.16742526394894797, "1": 0.9258949360839883, "2": 0.27677013456175537}, "psi": {"0": 1.4680825855665127, "1": 0.6149408695178571, "2": 1.4794974783264436}, "sigma": {"0": 0.7345447307268596, "1": 0.7150419201853231, "2": 0.0}, "chi_high": 0.7063899564075226, "beta_low": null}