{"R": 40.0, "wi": 0, "di": 1, "delta": 1.0, "gamma": {"0": 1.3436252680636032, "1": 1.2668697762391603, "2": 0.9554694799507379}, "mu": {"0": 1.0109380659853584, "1": 1.1229419452659346, "2": 1.0746242633640253}, "phi": {"0": 0.998191909010476, "1": 0.7034144860301946, "2": 0.7197432102135561}, "psi": {"0": 0.9716085155368048, "1": 1.295239215021311, "2": 1.1756793500030862}, "sigma": {"0": 0.9196327724882543, "1": 0.7882713925723, "2": 0.0}, "chi_high": 0.43187953895349224, "beta_low": 0.7398186929637098}