{"R": 40.0, "wi": 2, "di": 2, "delta": 1.0, "gamma": {"0": 0.7006948943646962, "1": 1.026106563998839, "2": 0.5556842197563895}, "mu": {"0": 1.0737081779559434, "1": 1.0788798567142814, "2": 1.1195537393646373}, "phi": {"0": 0.057905774660504505, "1": 0.8031133236373043, "2": 0.8410559406383282}, "psi": {"0": 1.3777554054315835, "1": 0.9724699971034495, "2": 0.9755814590665177}, "sigma": {"0": 0.7907779406387084, "1": 0.9489383750688543, "2": 0.0}, "chi_high": null, "beta_low": null}