{"R": 40.0, "wi": 1, "di": 1, "delta": 1.0, "gamma": {"0": 0.9529597673629621, "1": 0.5069242811070797, "2": 1.3385642651814873}, "mu": {"0": 1.0969562709414615, "1": 1.0029799534845363, "2": 1.0110820827013374}, "phi": {"0": 0.7580170390472047, "1": 0.4391927264333336, "2": 0.7002198501235349}, "psi": {"0": 1.2948772999620521, "1": 1.3727810907513387, "2": 0.5800215602868767}, "sigma": {"0": 0.9869054767882659, "1": 0.0, "2": 0.0}, "chi_high": null, "beta_low": 0.2155098197339233}