{"R": 40.0, "wi": 0, "di": 2, "delta": 1.0, "gamma": {"0": 1.0252100447904704, "1": 1.1059943882109193, "2": 1.0513225425567447}, "mu": {"0": 1.0993787439872285, "1": 1.0036683446291708, "2": 1.1394158300096726}, "phi": {"0": 0.5700208655209696, "1": 0.014430033784519125, "2": 0.7284854020045023}, "psi": {"0": 0.7519542959048626, "1": 1.3967368854152022, "2": 1.1755967896956263}, "sigma": {"0": 0.6091092975789067, "1": 0.7398221922817063, "2": 0.0}, "chi_high": 0.07883565548996152, "beta_low": 0.047303932209566725}