{"R": 40.0, "wi": 2, "di": 2, "delta": 1.0, "gamma": {"0": 0.9448772731955813, "1": 0.7182244576491255, "2": 1.2947706598932567}, "mu": {"0": 1.1045337017132324, "1": 1.1427533376543815, "2": 1.1153906368665485}, "phi": {"0": 0.4031259974124015, "1": 0.7835053809007968, "2": 0.7090052329469079}, "psi": {"0": 1.2248923114140915, "1": 1.3010408158993698, "2": 0.7247512576313089}, "sigma": {"0": 0.8166570416492588, "1": 0.695014081845295, "2": 0.0}, "chi_high": null, "beta_low": null}