{"R": 40.0, "wi": 0, "di": 1, "delta": 1.0, "gamma": {"0": 0.6969127691330774, "1": 0.5167392448882652, "2": 1.3289198639665014}, "mu": {"0": 1.1394344632505675, "1": 1.026739774661421, "2": 1.0033303752933689}, "phi": {"0": 0.08411839174169022, "1": 0.08840574174305893, "2": 0.37771358816128753}, "psi": {"0": 0.6161236358705799, "1": 0.9138850955576683, "2": 0.5492818927592014}, "sigma": {"0": 0.5633661214568461, "1": 0.872630614690164, "2": 0.0}, "chi_high": 0.8499092034904857, "beta_low": 0.9497093293527478}