{"R": 40.0, "wi": 1, "di": 2, "delta": 1.0, "gamma": {"0": 0.6927340880924358, "1": 0.546630036436852, "2": 1.2535375113083842}, "mu": {"0": 1.088969097991207, "1": 1.0493339904368768, "2": 1.0626710397216101}, "phi": {"0": 0.5272829821449996, "1": 0.48339413335821446, "2": 0.7370474629994586}, "psi": {"0": 0.8782299530932697, "1": 0.7638428125664936, "2": 0.9589901990293865}, "sigma": {"0": 0.7591658184186364, "1": 0.0, "2": 0.0}, "chi_high": null, "beta_low": 0.16605586892598853}