{"R": 40.0, "wi": 3, "di": 1, "delta": 1.0, "gamma": {"0": 1.4850698979939774, "1": 1.2281022950327922, "2": 1.1961568875764728}, "mu": {"0": 1.0306642382545825, "1": 1.1154268072002627, "2": 1.0510829711094354}, "phi": {"0": 0.15354099843531055, "1": 0.32061367909630656, "2": 0.6993486232433569}, "psi": {"0": 0.8082544436345821, "1": 1.0745900126375991, "2": 1.033688729724406}, "sigma": {"0": 0.762201395771589, "1": 0.5852685434437135, "2": 0.0}, "chi_high": 0.9361727667950528, "beta_low": null}