{"R": 40.0, "wi": 1, "di": 2, "delta": 1.0, "gamma": {"0": 0.5541196452091431, "1": 0.5200398340190795, "2": 0.6204822412576534}, "mu": {"0": 1.052768953567118, "1": 1.007620496272272, "2": 1.0521489673394442}, "phi": {"0": 0.7723507616299898, "1": 0.11690082752354303, "2": 0.35794168703660323}, "psi": {"0": 1.3319590367699483, "1": 0.5292290278831284, "2": 1.1620900269862742}, "sigma": {"0": 0.6390632005325703, "1": 0.0, "2": 0.0}, "chi_high": null, "beta_low": 0.7581019167109434}