{"R": 40.0, "wi": 0, "di": 0, "delta": 1.0, "gamma": {"0": 1.2484135428636918, "1": 1.202356307056002, "2": 1.1968707591795278}, "mu": {"0": 1.0531666308749552, "1": 1.012551077274829, "2": 1.1498246067749733}, "phi": {"0": 0.1397859573347655, "1": 0.5309957752189668, "2": 0.5287939689340114}, "psi": {"0": 0.7034438082680744, "1": 0.7861807820578751, "2": 1.212739376332293}, "sigma": {"0": 0.5493423551378949, "1": 0.5050258853402365, "2": 0.0}, "chi_high": 0.7771480433450244, "beta_low": 0.9279195803670003}