{"R": 40.0, "wi": 1, "di": 1, "delta": 1.0, "gamma": {"0": 1.1013973012665776, "1": 1.4563502526420185, "2": 0.6562625840987747}, "mu": {"0": 1.0823705607608494, "1": 1.001856443393036, "2": 1.1454926704741901}, "phi": {"0": 0.14085714985433362, "1": 0.9505127909918704, "2": 0.9914942792006626}, "psi": {"0": 1.447691629779392, "1": 0.5594387564093246, "2": 0.6441150929473611}, "sigma": {"0": 0.9803201597359983, "1": 0.0, "2": 0.0}, "chi_high": null, "beta_low": 0.3308807846141226}