{"R": 40.0, "wi": 2, "di": 0, "delta": 1.0, "gamma": {"0": 0.6819704903432755, "1": 0.5852745924401237, "2": 0.7330554576496131}, "mu": {"0": 1.0803257789103577, "1": 1.0867681769313484, "2": 1.0582977212672817}, "phi": {"0": 0.7126248944312188, "1": 0.10460410321886426, "2": 0.25387446505619204}, "psi": {"0": 0.5157700914912237, "1": 1.27006305929388, "2": 0.9616594308209964}, "sigma": {"0": 0.9729422532359673, "1": 0.8355217724277111, "2": 0.0}, "chi_high": null, "beta_low": null}