{"R": 40.0, "wi": 3, "di": 1, "delta": 1.0, "gamma": {"0": 0.6465196353519774, "1": 0.5573173927867487, "2": 0.6246912665362592}, "mu": {"0": 1.0355647274632995, "1": 1.1181889391816677, "2": 1.1189371247697055}, "phi": {"0": 0.3453266131472784, "1": 0.3643662641617462, "2": 0.04798911997542332}, "psi": {"0": 0.5021099479678011, "1": 1.2306388021403043, "2": 1.3693459623471544}, "sigma": {"0": 0.6597778476356435, "1": 0.9938525656896322, "2": 0.0}, "chi_high": 0.9607943726779024, "beta_low": null}