{"R": 40.0, "wi": 0, "di": 2, "delta": 1.0, "gamma": {"0": 0.5467079942722272, "1": 0.6548043046306522, "2": 1.2711051184073912}, "mu": {"0": 1.1131602248137766, "1": 1.1256588512947747, "2": 1.0004675790176487}, "phi": {"0": 0.5166095833482374, "1": 0.27280711794244905, "2": 0.7089848319767811}, "psi": {"0": 1.2342736594173895, "1": 1.3771497637433328, "2": 0.7092449480046658}, "sigma": {"0": 0.6989462124642194, "1": 0.6348203180892192, "2": 0.0}, "chi_high": 0.6553061299957531, "beta_low": 0.026690799700351434}