{"R": 40.0, "wi": 0, "di": 0, "delta": 1.0, "gamma": {"0": 0.9227139949322982, "1": 1.0824982375265315, "2": 0.508931663906367}, "mu": {"0": 1.0045300652797593, "1": 1.0082982607388729, "2": 1.0979507827425545}, "phi": {"0": 0.7978809798097395, "1": 0.7259354304831941, "2": 0.32672712518005476}, "psi": {"0": 0.5437644855445858, "1": 1.3311690267656962, "2": 1.4246387847240911}, "sigma": {"0": 0.7604572679897953, "1": 0.7372787617483545, "2": 0.0}, "chi_high": 0.43705943881695053, "beta_low": 0.5012005149105013}