{"R": 40.0, "wi": 1, "di": 1, "delta": 1.0, "gamma": {"0": 1.3681750449133547, "1": 0.9142073088465206, "2": 0.6753502046935117}, "mu": {"0": 1.1297601141737434, "1": 1.0384887025634906, "2": 1.0094772365981175}, "phi": {"0": 0.45599101710033296, "1": 0.4463311306184943, "2": 0.6703051576591901}, "psi": {"0": 0.6227572054863205, "1": 0.6700573784970186, "2": 1.1976616997959113}, "sigma": {"0": 0.9505068207134617, "1": 0.0, "2": 0.0}, "chi_high": null, "beta_low": 0.2908897749589425}