{"R": 40.0, "wi": 0, "di": 1, "delta": 1.0, "gamma": {"0": 0.9326809432091595, "1": 1.3440892695132391, "2": 0.533599678498603}, "mu": {"0": 1.0866593151282078, "1": 1.1242653736164192, "2": 1.0007449937446642}, "phi": {"0": 0.7425391743785354, "1": 0.6112279062148694, "2": 0.5424059216452707}, "psi": {"0": 0.5220025928378549, "1": 0.6284290957631595, "2": 1.0447707029839237}, "sigma": {"0": 0.9764536305692292, "1": 0.7279398764177583, "2": 0.0}, "chi_high": 0.0911576314173376, "beta_low": 0.8223075426602309}