{"R": 40.0, "wi": 1, "di": 1, "delta": 1.0, "gamma": {"0": 1.0337062246374922, "1": 0.5874086999462801, "2": 0.5003739962734328}, "mu": {"0": 1.0364859162878328, "1": 1.0076579296174484, "2": 1.0674441840371705}, "phi": {"0": 0.42305419261281096, "1": 0.5642987286295075, "2": 0.24841037136538358}, "psi": {"0": 1.3238776118341784, "1": 1.2920475363643233, "2": 1.0075020425708159}, "sigma": {"0": 0.9143812094378982, "1": 0.0, "2": 0.0}, "chi_high": null, "beta_low": 0.6948487735240506}