{"R": 40.0, "wi": 0, "di": 1, "delta": 1.0, "gamma": {"0": 1.0511176017421051, "1": 1.2775097552748247, "2": 0.7093461771595443}, "mu": {"0": 1.0265714150895473, "1": 1.101545165915995, "2": 1.098083699355944}, "phi": {"0": 0.8235973426249148, "1": 0.9355627690793563, "2": 0.8842425438885778}, "psi": {"0": 1.0655979632234533, "1": 0.6570635568907858, "2": 0.8395677221857625}, "sigma": {"0": 0.6362841966673263, "1": 0.8011301277906405, "2": 0.0}, "chi_high": 0.3546749743477101, "beta_low": 0.8792159895805367}