{"R": 40.0, "wi": 1, "di": 2, "delta": 1.0, "gamma": {"0": 1.1341582195750588, "1": 0.7760366018238469, "2": 1.3431841335306889}, "mu": {"0": 1.0754745332431621, "1": 1.0378219231898569, "2": 1.0278169230665604}, "phi": {"0": 0.913315058583622, "1": 0.5299967489118219, "2": 0.05350364395388918}, "psi": {"0": 1.1668565155279487, "1": 0.6095260491529959, "2": 0.7798239659355919}, "sigma": {"0": 0.6612077101107938, "1": 0.0, "2": 0.0}, "chi_high": null, "beta_low": 0.9407582273086971}