{"R": 40.0, "wi": 2, "di": 2, "delta": 1.0, "gamma": {"0": 0.9790118507277967, "1": 0.6178534361993661, "2": 1.4530502749040417}, "mu": {"0": 1.1348903449388417, "1": 1.0340839453641981, "2": 1.0838711093998725}, "phi": {"0": 0.37300266849853403, "1": 0.43274422358880704, "2": 0.8149483638456526}, "psi": {"0": 1.453136982326272, "1": 1.2224788881575028, "2": 1.1108337609006582}, "sigma": {"0": 0.6360653556679233, "1": 0.8255721466614658, "2": 0.0}, "chi_high": null, "beta_low": null}