{"R": 40.0, "wi": 1, "di": 1, "delta": 1.0, "gamma": {"0": 0.8753926444155081, "1": 1.2188214760152571, "2": 1.325697087985437}, "mu": {"0": 1.0671701542931715, "1": 1.121399464979464, "2": 1.094121022113311}, "phi": {"0": 0.7075653272157788, "1": 0.5612865740688706, "2": 0.7806601890940604}, "psi": {"0": 1.0132372617784697, "1": 0.5764537527600371, "2": 1.4150598884930283}, "sigma": {"0": 0.7070908607496439, "1": 0.0, "2": 0.0}, "chi_high": null, "beta_low": 0.7809160341936356}