{"R": 40.0, "wi": 2, "di": 1, "delta": 1.0, "gamma": {"0": 0.6015307307130621, "1": 1.214324580319869, "2": 0.8085342465228568}, "mu": {"0": 1.0776137178290164, "1": 1.0173897432828134, "2": 1.1450333203185106}, "phi": {"0": 0.9257602380299002, "1": 0.6412003950458908, "2": 0.34641150135518917}, "psi": {"0": 0.9535100879256918, "1": 1.2149133638689285, "2": 1.290265535526871}, "sigma": {"0": 0.8609388215908409, "1": 0.6073120734615649, "2": 0.0}, "chi_high": null, "beta_low": null}