{"R": 40.0, "wi": 0, "di": 2, "delta": 1.0, "gamma": {"0": 0.6710173712651308, "1": 0.6016276996419352, "2": 0.6944961148309463}, "mu": {"0": 1.0856132504180227, "1": 1.0891739004295513, "2": 1.0927710043506567}, "phi": {"0": 0.07099225750937554, "1": 0.21477350430556374, "2": 0.4856314886519276}, "psi": {"0": 0.5596208327823845, "1": 1.2668154983309023, "2": 0.9914109589627585}, "sigma": {"0": 0.9294258220890063, "1": 0.8505143395693647, "2": 0.0}, "chi_high": 0.970298718604411, "beta_low": 0.8516124489819336}