{"R": 40.0, "wi": 0, "di": 1, "delta": 1.0, "gamma": {"0": 0.9270551156015864, "1": 1.2449365238995542, "2": 1.3415772039089053}, "mu": {"0": 1.0065547470454472, "1": 1.061171421567008, "2": 1.0902241159555546}, "phi": {"0": 0.8532083254990123, "1": 0.6704258780327703, "2": 0.4113796473223209}, "psi": {"0": 1.0601554032515996, "1": 0.9070711227420497, "2": 1.0082976412582503}, "sigma": {"0": 0.8376949665050664, "1": 0.6553096742627733, "2": 0.0}, "chi_high": 0.9738013976274744, "beta_low": 0.8587427038717246}