{"R": 40.0, "wi": 2, "di": 0, "delta": 1.0, "gamma": {"0": 1.4507467770203446, "1": 1.2538285039448605, "2": 0.9273439430146991}, "mu": {"0": 1.087223637082557, "1": 1.1248638599002225, "2": 1.005815294239689}, "phi": {"0": 0.914653703632894, "1": 0.3098991887723931, "2": 0.6744737020208671}, "psi": {"0": 0.985868262147269, "1": 1.0469587558033697, "2": 0.996899517758306}, "sigma": {"0": 0.8669033385014099, "1": 0.8587818298333936, "2": 0.0}, "chi_high": null, "beta_low": null}