{"R": 40.0, "wi": 1, "di": 2, "delta": 1.0, "gamma": {"0": 1.38315542948704, "1": 0.574549916353903, "2": 0.8236427408471242}, "mu": {"0": 1.004621026584139, "1": 1.027239039730703, "2": 1.1482291298793628}, "phi": {"0": 0.9785314532200222, "1": 0.6344562491315893, "2": 0.18549143098013798}, "psi": {"0": 1.3259105137255394, "1": 1.3142777963777719, "2": 1.2896813573715307}, "sigma": {"0": 0.930317517901682, "1": 0.0, "2": 0.0}, "chi_high": null, "beta_low": 0.7855083264387666}