{"R": 40.0, "wi": 1, "di": 1, "delta": 1.0, "gamma": {"0": 1.0217297397921048, "1": 0.8046011667495196, "2": 1.4267629173938328}, "mu": {"0": 1.1341390116629917, "1": 1.1494474013893767, "2": 1.1148625537645445}, "phi": {"0": 0.9151503242489619, "1": 0.24672561484733524, "2": 0.30464656195303474}, "psi": {"0": 0.8291080251093379, "1": 0.7375880097749538, "2": 0.8834614474555192}, "sigma": {"0": 0.6135414298781454, "1": 0.0, "2": 0.0}, "chi_high": null, "beta_low": 0.527837055035211}