{"R": 40.0, "wi": 0, "di": 0, "delta": 1.0, "gamma": {"0": 1.0973195741204198, "1": 1.0230508706066246, "2": 1.4058631380568583}, "mu": {"0": 1.0640327536848266, "1": 1.1452657648579996, "2": 1.1210220158691653}, "phi": {"0": 0.7247756502013181, "1": 0.18601393810911482, "2": 0.33342647735918163}, "psi": {"0": 0.9687486900987765, "1": 1.3263494212540357, "2": 1.4880345638337804}, "sigma": {"0": 0.9829328634660619, "1": 0.5899786474378793, "2": 0.0}, "chi_high": 0.46365268335567617, "beta_low": 0.32365037809123404}