{"R": 40.0, "wi": 1, "di": 1, "delta": 1.0, "gamma": {"0": 0.5087032056275459, "1": 0.9840173956433476, "2": 0.6478240258936877}, "mu": {"0": 1.0792599496113215, "1": 1.0138177052859, "2": 1.1012631273144113}, "phi": {"0": 0.8602216302344114, "1": 0.6238456657244335, "2": 0.8340287378546095}, "psi": {"0": 1.0534214281340024, "1": 1.0838832698760892, "2": 0.983246829699716}, "sigma": {"0": 0.5971996687144789, "1": 0.0, "2": 0.0}, "chi_high": null, "beta_low": 0.14453284817632547}