{"R": 40.0, "wi": 3, "di": 2, "delta": 1.0, "gamma": {"0": 0.5920850388990995, "1": 0.9953607569297155, "2": 0.8914839246415788}, "mu": {"0": 1.038817710192826, "1": 1.1055683841485164, "2": 1.1098295509811895}, "phi": {"0": 0.790878365375915, "1": 0.33881519316827735, "2": 0.2146109024896533}, "psi": {"0": 0.9315720894871932, "1": 1.1222904492737875, "2": 1.3312447939415422}, "sigma": {"0": 0.974608739800336, "1": 0.8629662449456847, "2": 0.0}, "chi_high": 0.9194802399791504, "beta_low": null}