{"R": 40.0, "wi": 0, "di": 0, "delta": 1.0, "gamma": {"0": 0.9861765567495081, "1": 1.1251845490153949, "2": 1.2620629589416208}, "mu": {"0": 1.037845413850819, "1": 1.1352950990628927, "2": 1.1049506928853974}, "phi": {"0": 0.26339315633788607, "1": 0.20492122327074835, "2": 0.3402228148928593}, "psi": {"0": 1.4714491152508629, "1": 0.9551023791759911, "2": 1.3817389587100561}, "sigma": {"0": 0.8071153979530079, "1": 0.930688798318367, "2": 0.0}, "chi_high": 0.07202295969830613, "beta_low": 0.8454546267198187}