{"R": 40.0, "wi": 3, "di": 2, "delta": 1.0, "gamma": {"0": 1.0510483146194547, "1": 1.3343902299572123, "2": 1.2525911132001437}, "mu": {"0": 1.0529648049056888, "1": 1.1266376605109334, "2": 1.0140998402401422}, "phi": {"0": 0.8385850661680833, "1": 0.45544350209459183, "2": 0.6650911473456325}, "psi": {"0": 1.2682441589898357, "1": 1.0064463310640384, "2": 0.653460388226024}, "sigma": {"0": 0.8606844862010626, "1": 0.7693176346629362, "2": 0.0}, "chi_high": 0.37383078893735094, "beta_low": null}