{"R": 40.0, "wi": 2, "di": 2, "delta": 1.0, "gamma": {"0": 0.86472495819028, "1": 1.497240691757888, "2": 1.039062107922784}, "mu": {"0": 1.0128925442610281, "1": 1.0098292910238715, "2": 1.0242063664012786}, "phi": {"0": 0.0020939938337105612, "1": 0.7184932093474775, "2": 0.030007448562720973}, "psi": {"0": 0.8817381727340282, "1": 1.238851089309588, "2": 1.2479563024090594}, "sigma": {"0": 0.7735204572950677, "1": 0.8446384584490574, "2": 0.0}, "chi_high": null, "beta_low": null}