{"R": 40.0, "wi": 3, "di": 1, "delta": 1.0, "gamma": {"0": 0.6335255836340465, "1": 0.8029204725945835, "2": 1.1641275434218952}, "mu": {"0": 1.1020640014285494, "1": 1.036335089480511, "2": 1.0797559496518607}, "phi": {"0": 0.33377438035212503, "1": 0.8409914548351807, "2": 0.6668012375541861}, "psi": {"0": 1.266909615907044, "1": 1.2695489133965545, "2": 1.1658510473937376}, "sigma": {"0": 0.62451774639863, "1": 0.6390081284502831, "2": 0.0}, "chi_high": 0.5772982905192946, "beta_low": null}