{"R": 40.0, "wi": 1, "di": 2, "delta": 1.0, "gamma": {"0": 0.9262942831168828, "1": 0.984188700419917, "2": 0.5187036948670333}, "mu": {"0": 1.0142061466595889, "1": 1.0700676210674687, "2": 1.0640425111506602}, "phi": {"0": 0.9380971905551605, "1": 0.9468288431017605, "2": 0.7339795303479347}, "psi": {"0": 0.7226677178692902, "1": 1.1367508196150584, "2": 0.5294719879109565}, "sigma": {"0": 0.6339870721150652, "1": 0.0, "2": 0.0}, "chi_high": null, "beta_low": 0.7555064022800951}