{"R": 40.0, "wi": 2, "di": 2, "delta": 1.0, "gamma": {"0": 0.8264664939106334, "1": 0.8803431275439298, "2": 1.226929860658863}, "mu": {"0": 1.09749868357076, "1": 1.0478669748811804, "2": 1.0604639281874912}, "phi": {"0": 0.5795710087223035, "1": 0.838483952006177, "2": 0.9589104372442607}, "psi": {"0": 0.7668868059277684, "1": 0.7130573372089888, "2": 0.5659580176256396}, "sigma": {"0": 0.6950696866890632, "1": 0.7684798115534922, "2": 0.0}, "chi_high": null, "beta_low": null}