{"R": 40.0, "wi": 1, "di": 2, "delta": 1.0, "gamma": {"0": 0.5427655189693763, "1": 1.4105238088691139, "2": 0.9129189716732059}, "mu": {"0": 1.1151140387290979, "1": 1.0651781744959206, "2": 1.099422790708466}, "phi": {"0": 0.8444613085541393, "1": 0.01930776175569815, "2": 0.6823338880545902}, "psi": {"0": 0.6433173619514627, "1": 0.8432470931709105, "2": 1.234659655152284}, "sigma": {"0": 0.5847942574613455, "1": 0.0, "2": 0.0}, "chi_high": null, "beta_low": 0.20611788974766257}