{"R": 40.0, "wi": 3, "di": 0, "delta": 1.0, "gamma": {"0": 0.8873836821290138, "1": 0.5826061003293506, "2": 1.424302573401087}, "mu": {"0": 1.0147615714433689, "1": 1.0662157917558235, "2": 1.0989053116480094}, "phi": {"0": 0.7181798836604277, "1": 0.7900473484144652, "2": 0.1362282584179667}, "psi": {"0": 0.8549894615731481, "1": 0.6823690503297293, "2": 0.617074825587606}, "sigma": {"0": 0.7217428840322373, "1": 0.5735945072854975, "2": 0.0}, "chi_high": 0.8535093352635919, "beta_low": null}