{"R": 40.0, "wi": 1, "di": 0, "delta": 1.0, "gamma": {"0": 0.747289808250253, "1": 1.0705457958583458, "2": 1.0051522894226235}, "mu": {"0": 1.0598181046451198, "1": 1.0643706716137502, "2": 1.080722749171907}, "phi": {"0": 0.6638798769869817, "1": 0.32882606545036486, "2": 0.6460680884487016}, "psi": {"0": 0.8734033840252893, "1": 1.2428882216311496, "2": 1.1311633146936422}, "sigma": {"0": 0.6538502597374127, "1": 0.0, "2": 0.0}, "chi_high": null, "beta_low": 0.3754604303821431}