{"R": 40.0, "wi": 3, "di": 0, "delta": 1.0, "gamma": {"0": 1.3970154375006822, "1": 0.6327813439469504, "2": 0.5733504788951103}, "mu": {"0": 1.0462329109420718, "1": 1.0332378133329314, "2": 1.0013031144806575}, "phi": {"0": 0.17079290448195827, "1": 0.6445547910264136, "2": 0.4637439678300489}, "psi": {"0": 1.1810905396445468, "1": 1.196367971199803, "2": 0.8417311882248509}, "sigma": {"0": 0.5237760629513353, "1": 0.8734326853094236, "2": 0.0}, "chi_high": 0.5252918769476163, "beta_low": null}