{"R": 40.0, "wi": 3, "di": 0, "delta": 1.0, "gamma": {"0": 1.2627335846434165, "1": 0.814886100296584, "2": 1.0904254339604151}, "mu": {"0": 1.056797919559345, "1": 1.1344860869050704, "2": 1.1142750125951304}, "phi": {"0": 0.03478317961741073, "1": 0.6195483509366173, "2": 0.3996552613087351}, "psi": {"0": 0.9688337851614809, "1": 1.3820639801051182, "2": 1.1020170468133972}, "sigma": {"0": 0.5427940583151721, "1": 0.6411012552389894, "2": 0.0}, "chi_high": 0.6373493588337503, "beta_low": null}