{"R": 40.0, "wi": 0, "di": 2, "delta": 1.0, "gamma": {"0": 0.6121873967156186, "1": 1.2430284688515225, "2": 0.685321839699207}, "mu": {"0": 1.1474088118472998, "1": 1.0560793229953778, "2": 1.0714462312597453}, "phi": {"0": 0.24205545274531448, "1": 0.9426498940273329, "2": 0.3460106198295957}, "psi": {"0": 1.0606978752419383, "1": 1.1275412115336463, "2": 0.7085659908700684}, "sigma": {"0": 0.8993486701417808, "1": 0.5668355991669921, "2": 0.0}, "chi_high": 0.8937010081068519, "beta_low": 0.38505115993704225}