{"R": 40.0, "wi": 1, "di": 0, "delta": 1.0, "gamma": {"0": 1.1694267850981084, "1": 0.8593112210506801, "2": 0.7101959464420274}, "mu": {"0": 1.0544457578836266, "1": 1.0599985672856487, "2": 1.0813930471646056}, "phi": {"0": 0.18950624463539556, "1": 0.10568788382535055, "2": 0.5454869013083843}, "psi": {"0": 1.4849523648159493, "1": 0.9529900446766374, "2": 1.2213644836743298}, "sigma": {"0": 0.6520350529691008, "1": 0.0, "2": 0.0}, "chi_high": null, "beta_low": 0.9629983519999026}