{"R": 40.0, "wi": 0, "di": 1, "delta": 1.0, "gamma": {"0": 0.8692579494125983, "1": 1.256460041508055, "2": 0.7519161618320889}, "mu": {"0": 1.0399632520314224, "1": 1.036977678419868, "2": 1.0071656741644706}, "phi": {"0": 0.4189155787945751, "1": 0.30920217997575405, "2": 0.9439382990472597}, "psi": {"0": 1.2094942230065038, "1": 0.8737785822306962, "2": 1.230939692267708}, "sigma": {"0": 0.6026567598995376, "1": 0.8303768909807616, "2": 0.0}, "chi_high": 0.7454825389253095, "beta_low": 0.811370227143391}