{"R": 40.0, "wi": 0, "di": 2, "delta": 1.0, "gamma": {"0": 1.4628591012996839, "1": 1.2986632413427301, "2": 0.9728300203122632}, "mu": {"0": 1.0432360851088687, "1": 1.0317642362464003, "2": 1.047649001649949}, "phi": {"0": 0.9753098654000879, "1": 0.7399233262997786, "2": 0.2652140666912032}, "psi": {"0": 1.4572745769555, "1": 0.7065298510438353, "2": 1.4195993429395848}, "sigma": {"0": 0.8003365539317405, "1": 0.9468297967848568, "2": 0.0}, "chi_high": 0.6522894637928629, "beta_low": 0.7060937057291723}