{"R": 40.0, "wi": 1, "di": 2, "delta": 1.0, "gamma": {"0": 0.9443884036482689, "1": 0.7632681936586694, "2": 0.8087755033080517}, "mu": {"0": 1.1250443296018446, "1": 1.083834783732036, "2": 1.1321418965952739}, "phi": {"0": 0.398701948864302, "1": 0.3014882439538541, "2": 0.4924188510638292}, "psi": {"0": 0.9410631143523549, "1": 0.9985983090205176, "2": 1.2349547954989104}, "sigma": {"0": 0.967548065191855, "1": 0.0, "2": 0.0}, "chi_high": null, "beta_low": 0.9209654156306749}