{"R": 40.0, "wi": 0, "di": 1, "delta": 1.0, "gamma": {"0": 1.3697110763207665, "1": 1.3198261751290121, "2": 0.9406610086308139}, "mu": {"0": 1.1155777632690405, "1": 1.068305429320105, "2": 1.092503887433742}, "phi": {"0": 0.2147371737583148, "1": 0.014624079279732638, "2": 0.33218814192523827}, "psi": {"0": 0.8885314410623245, "1": 1.2903351778117487, "2": 0.7316225525914292}, "sigma": {"0": 0.6920601076633955, "1": 0.6185332173484426, "2": 0.0}, "chi_high": 0.9542550497812081, "beta_low": 0.9829030910012714}