{"R": 40.0, "wi": 2, "di": 2, "delta": 1.0, "gamma": {"0": 1.126382506771253, "1": 1.1420378875901984, "2": 0.5630364174955669}, "mu": {"0": 1.0280552385833208, "1": 1.017335884016596, "2": 1.1445579451281562}, "phi": {"0": 0.06471415467665442, "1": 0.7518774142848065, "2": 0.45482561066658245}, "psi": {"0": 0.9239353085034302, "1": 0.8932734047301654, "2": 1.1209563544944432}, "sigma": {"0": 0.7924416075911471, "1": 0.8650202584366715, "2": 0.0}, "chi_high": null, "beta_low": null}