{"R": 40.0, "wi": 3, "di": 0, "delta": 1.0, "gamma": {"0": 0.7970188485443739, "1": 1.2509027211589694, "2": 1.0061599642136498}, "mu": {"0": 1.0324884193890438, "1": 1.0687743333932547, "2": 1.038895815892283}, "phi": {"0": 0.504729631748815, "1": 0.6986876807095008, "2": 0.8265123419787096}, "psi": {"0": 1.3233186173291105, "1": 1.2495987634498786, "2": 1.11435722030255}, "sigma": {"0": 0.7559692370446998, "1": 0.9284092485664818, "2": 0.0}, "chi_high": 0.9458435155442142, "beta_low": null}