{"R": 40.0, "wi": 2, "di": 0, "delta": 1.0, "gamma": {"0": 0.7627355740902156, "1": 0.5671877503830076, "2": 0.968620164681366}, "mu": {"0": 1.0942313332310938, "1": 1.0060612178221595, "2": 1.0599721631852452}, "phi": {"0": 0.6192400550475222, "1": 0.22492194684641365, "2": 0.9293084593946419}, "psi": {"0": 1.156814332807142, "1": 0.8059183037332439, "2": 1.096017645647143}, "sigma": {"0": 0.93009429566058, "1": 0.9354528379421183, "2": 0.0}, "chi_high": null, "beta_low": null}