{"R": 40.0, "wi": 1, "di": 2, "delta": 1.0, "gamma": {"0": 0.9824568888166512, "1": 1.2120432339217104, "2": 1.4742884696335952}, "mu": {"0": 1.0669755438802118, "1": 1.0949267292786826, "2": 1.068805121195622}, "phi": {"0": 0.5639346339563652, "1": 0.4507665511745609, "2": 0.20375008255114535}, "psi": {"0": 0.6684410997757353, "1": 1.4075920102504949, "2": 1.0863920091166055}, "sigma": {"0": 0.7841515805032178, "1": 0.0, "2": 0.0}, "chi_high": null, "beta_low": 0.1118845465852625}