{"R": 40.0, "wi": 1, "di": 1, "delta": 1.0, "gamma": {"0": 0.8597534123529362, "1": 0.5907326252093302, "2": 1.3889242722176816}, "mu": {"0": 1.0588430192853506, "1": 1.1490120981113632, "2": 1.0630310704475094}, "phi": {"0": 0.01723153399221844, "1": 0.26546233245704787, "2": 0.4970694384834725}, "psi": {"0": 1.3592285406250646, "1": 0.5404217525642119, "2": 0.8550529168185627}, "sigma": {"0": 0.9014918642021934, "1": 0.0, "2": 0.0}, "chi_high": null, "beta_low": 0.9127544336823086}