{"R": 40.0, "wi": 0, "di": 1, "delta": 1.0, "gamma": {"0": 0.7780865544375359, "1": 1.0277155318728233, "2": 1.2053008704501564}, "mu": {"0": 1.111914607559379, "1": 1.0186942247098714, "2": 1.1465530333805296}, "phi": {"0": 0.040621898036341975, "1": 0.5110154593127395, "2": 0.2848723415413664}, "psi": {"0": 0.7056651183452911, "1": 0.981071927689616, "2": 1.3101130943969306}, "sigma": {"0": 0.6305650427628333, "1": 0.8034039176946601, "2": 0.0}, "chi_high": 0.3524346667920826, "beta_low": 0.40285361108164836}