{"R": 40.0, "wi": 2, "di": 2, "delta": 1.0, "gamma": {"0": 0.671789901858807, "1": 1.1237502795389172, "2": 0.5811150453381576}, "mu": {"0": 1.084708547169842, "1": 1.1030444370942056, "2": 1.0531733239550505}, "phi": {"0": 0.8381218866881825, "1": 0.8307986162842065, "2": 0.35607627878965986}, "psi": {"0": 1.029719420356404, "1": 0.8364393622662826, "2": 1.476070773108737}, "sigma": {"0": 0.7889726046411432, "1": 0.5510337106907253, "2": 0.0}, "chi_high": null, "beta_low": null}