{"R": 40.0, "wi": 3, "di": 1, "delta": 1.0, "gamma": {"0": 0.8190658805435774, "1": 0.58559853015898, "2": 1.3041025970155538}, "mu": {"0": 1.1210184955779505, "1": 1.0419762826789376, "2": 1.1192474300721413}, "phi": {"0": 0.91475960434826, "1": 0.09068147454454367, "2": 0.18338571640989865}, "psi": {"0": 0.7864444996170815, "1": 1.3793060878461558, "2": 0.5677821248567323}, "sigma": {"0": 0.6035576506925404, "1": 0.6391810200025261, "2": 0.0}, "chi_high": 0.062446889288264314, "beta_low": null}