{"R": 40.0, "wi": 1, "di": 2, "delta": 1.0, "gamma": {"0": 0.8313315787436015, "1": 1.1203505397905698, "2": 0.5604769530333049}, "mu": {"0": 1.111285785344473, "1": 1.0958578525896934, "2": 1.141050456136894}, "phi": {"0": 0.7369377761859398, "1": 0.10941595287338002, "2": 0.8174447769705818}, "psi": {"0": 0.6589999098817929, "1": 1.2348605629772975, "2": 0.566832662054527}, "sigma": {"0": 0.8637565113885626, "1": 0.0, "2": 0.0}, "chi_high": null, "beta_low": 0.36698658075876384}