{"R": 40.0, "wi": 0, "di": 2, "delta": 1.0, "gamma": {"0": 0.5800281827740561, "1": 0.6539611018820255, "2": 1.222991084261185}, "mu": {"0": 1.05258049025823, "1": 1.0546832612996648, "2": 1.0383155776248196}, "phi": {"0": 0.6453385298139024, "1": 0.847611018357453, "2": 0.6767290957577735}, "psi": {"0": 0.6966515130535976, "1": 1.0079685516738273, "2": 0.518106723049194}, "sigma": {"0": 0.572986410284361, "1": 0.6135311596466215, "2": 0.0}, "chi_high": 0.8970816340694651, "beta_low": 0.049423394485908344}