{"R": 40.0, "wi": 1, "di": 1, "delta": 1.0, "gamma": {"0": 0.672169378097777, "1": 0.6289036722550468, "2": 0.5435067424664196}, "mu": {"0": 1.027531908806009, "1": 1.1084872611874508, "2": 1.1494899057964134}, "phi": {"0": 0.4544687316556416, "1": 0.9975556026727023, "2": 0.4046973261108454}, "psi": {"0": 0.7847290414913745, "1": 0.9176538034233962, "2": 0.9152625259597406}, "sigma": {"0": 0.9259079958282999, "1": 0.0, "2": 0.0}, "chi_high": null, "beta_low": 0.4329286878408722}