{"R": 40.0, "wi": 3, "di": 2, "delta": 1.0, "gamma": {"0": 1.2822255296479814, "1": 1.4330420877791, "2": 1.4256927367599068}, "mu": {"0": 1.0478414205311182, "1": 1.0120831298416766, "2": 1.0308539576694769}, "phi": {"0": 0.2685958793970933, "1": 0.9221669221640761, "2": 0.5717078260172345}, "psi": {"0": 1.3323946153193622, "1": 1.488403277171963, "2": 0.5198228216047602}, "sigma": {"0": 0.5600358348078232, "1": 0.549148051328735, "2": 0.0}, "chi_high": 0.4584988547617006, "beta_low": null}