{"R": 40.0, "wi": 2, "di": 0, "delta": 1.0, "gamma": {"0": 1.2600779515815295, "1": 1.2767919952944726, "2": 0.8511100540095647}, "mu": {"0": 1.0555104908151969, "1": 1.1397145058763136, "2": 1.0412452712662672}, "phi": {"0": 0.6070085297899216, "1": 0.8096134791082321, "2": 0.8576897948137513}, "psi": {"0": 0.868881785912962, "1": 1.3524765326215684, "2": 1.414022996622072}, "sigma": {"0": 0.9089414906752712, "1": 0.6380587420559849, "2": 0.0}, "chi_high": null, "beta_low": null}