{"R": 40.0, "wi": 0, "di": 0, "delta": 1.0, "gamma": {"0": 0.8416683388803795, "1": 0.9256283465470723, "2": 0.9598028509039435}, "mu": {"0": 1.0828893102216564, "1": 1.017788033638813, "2": 1.1496915896393218}, "phi": {"0": 0.05658292477999005, "1": 0.02230520653497481, "2": 0.09491729722615072}, "psi": {"0": 0.6864984814669, "1": 0.6838656023116242, "2": 1.3120302995372526}, "sigma": {"0": 0.6684621001343993, "1": 0.8039279515015654, "2": 0.0}, "chi_high": 0.07995439584064197, "beta_low": 0.4668647818651604}