{"R": 40.0, "wi": 0, "di": 2, "delta": 1.0, "gamma": {"0": 0.9004311927231876, "1": 0.8999754273595905, "2": 0.9095759283051978}, "mu": {"0": 1.0025017827346268, "1": 1.035307943004167, "2": 1.0456303265974762}, "phi": {"0": 0.29298660558677014, "1": 0.21795950793879926, "2": 0.4382948312054049}, "psi": {"0": 1.0728969538239754, "1": 0.6586934034194046, "2": 0.5997435783558809}, "sigma": {"0": 0.6261296884063788, "1": 0.6203766294535094, "2": 0.0}, "chi_high": 0.4717183965780322, "beta_low": 0.4749631806021368}