{"R": 40.0, "wi": 0, "di": 0, "delta": 1.0, "gamma": {"0": 0.8754071462299292, "1": 0.5316533699612513, "2": 0.6817804719009029}, "mu": {"0": 1.105484310510589, "1": 1.0946540716203499, "2": 1.0954293403287654}, "phi": {"0": 0.7590033119859733, "1": 0.6161674571095381, "2": 0.24594158581368486}, "psi": {"0": 1.4558482671645878, "1": 0.677109368887717, "2": 1.225322762296393}, "sigma": {"0": 0.7283341096306146, "1": 0.8873054132692547, "2": 0.0}, "chi_high": 0.2800912984637767, "beta_low": 0.543744747128828}