{"R": 40.0, "wi": 3, "di": 0, "delta": 1.0, "gamma": {"0": 0.8326296843877482, "1": 0.5968813965251231, "2": 0.6251723740552181}, "mu": {"0": 1.0894949906845495, "1": 1.1311815348973568, "2": 1.0341195802166996}, "phi": {"0": 0.7875067626428508, "1": 0.2157402661940554, "2": 0.3433879143318427}, "psi": {"0": 1.4307208448730844, "1": 0.8813193155933596, "2": 1.1099015568903032}, "sigma": {"0": 0.756681143372743, "1": 0.8117833430596744, "2": 0.0}, "chi_high": 0.8020407187548145, "beta_low": null}