{"R": 40.0, "wi": 0, "di": 0, "delta": 1.0, "gamma": {"0": 0.5542371761572675, "1": 0.6338014102611237, "2": 1.4328487554876426}, "mu": {"0": 1.1358969854735186, "1": 1.105549234434871, "2": 1.089643739052538}, "phi": {"0": 0.6804544892350168, "1": 0.13244560918249726, "2": 0.5218978347239437}, "psi": {"0": 0.7889473821020839, "1": 0.8103743539108265, "2": 1.4554937046745624}, "sigma": {"0": 0.6331358955132526, "1": 0.99267766133322, "2": 0.0}, "chi_high": 0.8747734155287737, "beta_low": 0.8433906054451413}