{"R": 40.0, "wi": 1, "di": 1, "delta": 1.0, "gamma": {"0": 1.483411613359349, "1": 0.6476367101123864, "2": 0.5150920350852085}, "mu": {"0": 1.0512191771536379, "1": 1.116023734974667, "2": 1.0968830699657928}, "phi": {"0": 0.6467214457253595, "1": 0.8223593563011443, "2": 0.27248141219077304}, "psi": {"0": 1.3354761611614694, "1": 1.3954498048351838, "2": 0.7721611025535493}, "sigma": {"0": 0.9898661742261239, "1": 0.0, "2": 0.0}, "chi_high": null, "beta_low": 0.4523449784954766}