{"R": 40.0, "wi": 3, "di": 2, "delta": 1.0, "gamma": {"0": 0.9305533430571546, "1": 1.3007532667306516, "2": 1.2117835467391238}, "mu": {"0": 1.1388381660320792, "1": 1.1015468219485085, "2": 1.105385287335739}, "phi": {"0": 0.6780480302885157, "1": 0.9855742273692116, "2": 0.4240460819761538}, "psi": {"0": 0.8467436655812375, "1": 1.1369519915768598, "2": 0.8041481725986391}, "sigma": {"0": 0.7675640160725424, "1": 0.7605272167985988, "2": 0.0}, "chi_high": 0.41994177026962465, "beta_low": null}