{"R": 40.0, "wi": 0, "di": 2, "delta": 1.0, "gamma": {"0": 1.2929917725771545, "1": 0.5695853781516141, "2": 1.3609469494257116}, "mu": {"0": 1.0095886065698074, "1": 1.0767613679140358, "2": 1.1245843636823427}, "phi": {"0": 0.35106959879722865, "1": 0.14087494458068905, "2": 0.19485233864817086}, "psi": {"0": 0.5801521447597807, "1": 1.467455608419694, "2": 0.5207521803660001}, "sigma": {"0": 0.9637905124841833, "1": 0.8906963691525556, "2": 0.0}, "chi_high": 0.3815927909218367, "beta_low": 0.2221054811846697}