{"R": 40.0, "wi": 2, "di": 0, "delta": 1.0, "gamma": {"0": 1.3596691184810514, "1": 1.0287568166409495, "2": 0.5605302889132618}, "mu": {"0": 1.0761083148655874, "1": 1.1043300876957693, "2": 1.0576658418653524}, "phi": {"0": 0.16061178452530056, "1": 0.863407115970077, "2": 0.5225532927165819}, "psi": {"0": 1.484171590574967, "1": 0.7211429509469558, "2": 0.8681121302776013}, "sigma": {"0": 0.6427687626866421, "1": 0.895749787630763, "2": 0.0}, "chi_high": null, "beta_low": null}