{"R": 40.0, "wi": 1, "di": 2, "delta": 1.0, "gamma": {"0": 1.2959373785492263, "1": 0.9379770437356745, "2": 1.39274890273045}, "mu": {"0": 1.0500549088762914, "1": 1.136637538824001, "2": 1.112619738845565}, "phi": {"0": 0.13105037028477606, "1": 0.25103743484619456, "2": 0.4520520152947818}, "psi": {"0": 1.0611984239612284, "1": 0.8696353952224799, "2": 0.5117089177975872}, "sigma": {"0": 0.9925929529510665, "1": 0.0, "2": 0.0}, "chi_high": null, "beta_low": 0.27820311868617825}