{"R": 40.0, "wi": 1, "di": 0, "delta": 1.0, "gamma": {"0": 0.721106755566787, "1": 1.2717626535751148, "2": 0.7761376964178537}, "mu": {"0": 1.098452949620328, "1": 1.0590775416225557, "2": 1.09751440434278}, "phi": {"0": 0.46037008079611896, "1": 0.5659545970690177, "2": 0.5559890419422602}, "psi": {"0": 1.0780339453851502, "1": 1.3663369881404839, "2": 1.2863635776890447}, "sigma": {"0": 0.9155964829528187, "1": 0.0, "2": 0.0}, "chi_high": null, "beta_low": 0.25111875534318884}