{"R": 40.0, "wi": 2, "di": 0, "delta": 1.0, "gamma": {"0": 1.0574789318633164, "1": 1.2260739824907172, "2": 0.9200413472487516}, "mu": {"0": 1.0914769589416136, "1": 1.1388968110077566, "2": 1.1329915385478528}, "phi": {"0": 0.8926487512604828, "1": 0.3488296939459452, "2": 0.8837693022783604}, "psi": {"0": 1.219506340865719, "1": 1.1167000617278133, "2": 0.7148061304563522}, "sigma": {"0": 0.9660789813208781, "1": 0.6998992413035741, "2": 0.0}, "chi_high": null, "beta_low": null}