{"R": 40.0, "wi": 0, "di": 2, "delta": 1.0, "gamma": {"0": 1.1094742235750417, "1": 1.0742140043591881, "2": 1.183128761436366}, "mu": {"0": 1.0752230571993373, "1": 1.0024497633380034, "2": 1.0861493783159664}, "phi": {"0": 0.6091650651809603, "1": 0.5195766896835942, "2": 0.20206733532896515}, "psi": {"0": 1.1164845486238848, "1": 0.541374984910463, "2": 0.8370973344717771}, "sigma": {"0": 0.8647688561496572, "1": 0.5347543837463916, "2": 0.0}, "chi_high": 0.37896583428033787, "beta_low": 0.5199141262967821}