{"R": 40.0, "wi": 3, "di": 1, "delta": 1.0, "gamma": {"0": 0.8886766029266926, "1": 0.9904722065206899, "2": 0.92459819083669}, "mu": {"0": 1.1219598316482196, "1": 1.0497700069199094, "2": 1.0872025717802851}, "phi": {"0": 0.10118014131498554, "1": 0.49260317354278804, "2": 0.658610631940776}, "psi": {"0": 1.1739387300843247, "1": 0.5669817639361029, "2": 0.8382789712721574}, "sigma": {"0": 0.6141346836558144, "1": 0.8365555875678345, "2": 0.0}, "chi_high": 0.9168898519455976, "beta_low": null}