{"R": 40.0, "wi": 3, "di": 2, "delta": 1.0, "gamma": {"0": 1.420793859747161, "1": 1.103209699433084, "2": 0.9128763552517454}, "mu": {"0": 1.0736242305384893, "1": 1.0397807317481835, "2": 1.0151525350439699}, "phi": {"0": 0.209478832696966, "1": 0.16817322669336665, "2": 0.45981275933735943}, "psi": {"0": 1.0773313738242043, "1": 1.199783759487586, "2": 0.9485501752175921}, "sigma": {"0": 0.7979667777893629, "1": 0.9596646464474883, "2": 0.0}, "chi_high": 0.06724339082116121, "beta_low": null}