{"R": 40.0, "wi": 1, "di": 1, "delta": 1.0, "gamma": {"0": 1.436431077900711, "1": 1.0860574655417694, "2": 0.5144317209065994}, "mu": {"0": 1.1266334611028233, "1": 1.14881551428371, "2": 1.000707624715639}, "phi": {"0": 0.5558742193106905, "1": 0.6501475022008855, "2": 0.873667898747835}, "psi": {"0": 0.6406481353241458, "1": 0.5649535827850491, "2": 1.3613462491863348}, "sigma": {"0": 0.9328688358273873, "1": 0.0, "2": 0.0}, "chi_high": null, "beta_low": 0.615887128424742}