{"R": 40.0, "wi": 0, "di": 1, "delta": 1.0, "gamma": {"0": 0.7226378872756468, "1": 0.8144876571648039, "2": 1.1555532131750113}, "mu": {"0": 1.1156615942270256, "1": 1.0966198858401934, "2": 1.060611705431516}, "phi": {"0": 0.23480022571758108, "1": 0.15104907977755178, "2": 0.5785216973943815}, "psi": {"0": 1.4633179505803695, "1": 1.3844193537279672, "2": 0.7890122271372376}, "sigma": {"0": 0.7360520576636624, "1": 0.790700199558235, "2": 0.0}, "chi_high": 0.49430207421415956, "beta_low": 0.7700243175226047}