{"R": 40.0, "wi": 1, "di": 2, "delta": 1.0, "gamma": {"0": 0.7281779070946308, "1": 0.6045653183237217, "2": 0.7087968855712876}, "mu": {"0": 1.0614591696352034, "1": 1.0474325394006896, "2": 1.0651120575773456}, "phi": {"0": 0.48197846186390814, "1": 0.7583848343930618, "2": 0.22960123644987573}, "psi": {"0": 0.8531059007361551, "1": 0.8222958369243293, "2": 1.473916891130198}, "sigma": {"0": 0.615223265255298, "1": 0.0, "2": 0.0}, "chi_high": null, "beta_low": 0.9464660163708051}