{"R": 40.0, "wi": 3, "di": 1, "delta": 1.0, "gamma": {"0": 1.4206016960113563, "1": 0.5580923884078732, "2": 0.7932244780538951}, "mu": {"0": 1.0891799462321081, "1": 1.073381888078514, "2": 1.1373873468439162}, "phi": {"0": 0.301762288232156, "1": 0.7056567036073313, "2": 0.2837398054616349}, "psi": {"0": 1.3522656582169499, "1": 1.1803754091448537, "2": 0.7660694368625024}, "sigma": {"0": 0.5088744595034361, "1": 0.8460259259214709, "2": 0.0}, "chi_high": 0.22368288314770696, "beta_low": null}