{"R": 40.0, "wi": 3, "di": 1, "delta": 1.0, "gamma": {"0": 0.7139002990632605, "1": 0.8257722935212383, "2": 1.1251029716252083}, "mu": {"0": 1.1357393095693438, "1": 1.1036350374784683, "2": 1.0587642648740365}, "phi": {"0": 0.41528051549179645, "1": 0.2837725794467776, "2": 0.9882192655624048}, "psi": {"0": 1.354060488640664, "1": 0.9161987039680833, "2": 0.5430254005143492}, "sigma": {"0": 0.8016473296876947, "1": 0.8396291195033637, "2": 0.0}, "chi_high": 0.8868881028473996, "beta_low": null}