{"R": 40.0, "wi": 0, "di": 1, "delta": 1.0, "gamma": {"0": 1.3760487863192572, "1": 0.9589109671520172, "2": 0.8376069447066467}, "mu": {"0": 1.0847654987598863, "1": 1.1348628816586117, "2": 1.0574872183695836}, "phi": {"0": 0.8365856280264787, "1": 0.15234141701217607, "2": 0.2544132902490417}, "psi": {"0": 0.9877140346918676, "1": 1.2901913122182807, "2": 1.3013063982488302}, "sigma": {"0": 0.7924556211644525, "1": 0.7890060848597917, "2": 0.0}, "chi_high": 0.06183711386583917, "beta_low": 0.5354369560237409}