{"R": 40.0, "wi": 0, "di": 2, "delta": 1.0, "gamma": {"0": 0.9536907316578747, "1": 1.3894742384021008, "2": 0.7891700477912389}, "mu": {"0": 1.0397471401714442, "1": 1.0254311062113572, "2": 1.0730719710832488}, "phi": {"0": 0.02128763882287943, "1": 0.08004465982417408, "2": 0.2131621686825903}, "psi": {"0": 1.0104673149307715, "1": 1.4881022657800915, "2": 0.6307445362348721}, "sigma": {"0": 0.730502933915381, "1": 0.5173812524064418, "2": 0.0}, "chi_high": 0.8840252812305359, "beta_low": 0.5370241656629888}