{"R": 40.0, "wi": 2, "di": 0, "delta": 1.0, "gamma": {"0": 0.8062756836270896, "1": 0.7146277772015821, "2": 1.3537056715677789}, "mu": {"0": 1.1361934153681035, "1": 1.1006497977892695, "2": 1.0752654534650623}, "phi": {"0": 0.5380262926243456, "1": 0.24055436325039437, "2": 0.009732597124963105}, "psi": {"0": 0.7365431496762636, "1": 0.6312334909764499, "2": 1.1657830372583646}, "sigma": {"0": 0.9614449777256855, "1": 0.5115860486248217, "2": 0.0}, "chi_high": null, "beta_low": null}