{"R": 40.0, "wi": 2, "di": 1, "delta": 1.0, "gamma": {"0": 1.2852447865155134, "1": 0.8919073431242622, "2": 0.8521249182453188}, "mu": {"0": 1.0913038870852507, "1": 1.0344122573612853, "2": 1.052460758984774}, "phi": {"0": 0.4237685545076221, "1": 0.0586162101512997, "2": 0.13622696579426607}, "psi": {"0": 1.2182771383132023, "1": 0.7969137353748507, "2": 0.7716425932968558}, "sigma": {"0": 0.5393898235485839, "1": 0.5209923867825041, "2": 0.0}, "chi_high": null, "beta_low": null}