{"R": 40.0, "wi": 1, "di": 2, "delta": 1.0, "gamma": {"0": 1.3713524367337282, "1": 0.7860632845831165, "2": 1.0882889649603555}, "mu": {"0": 1.1091825095049186, "1": 1.079974930313965, "2": 1.0660334724885252}, "phi": {"0": 0.6517286370422477, "1": 0.44796400851648543, "2": 0.7999966819995548}, "psi": {"0": 0.869585244794845, "1": 0.989479557804043, "2": 0.8537406424783394}, "sigma": {"0": 0.9882136481780361, "1": 0.0, "2": 0.0}, "chi_high": null, "beta_low": 0.4536517995169919}