{"R": 40.0, "wi": 2, "di": 2, "delta": 1.0, "gamma": {"0": 0.5567413533705566, "1": 0.7633524599021827, "2": 0.6186655963152835}, "mu": {"0": 1.0644019583434459, "1": 1.0184968856922256, "2": 1.120427004685356}, "phi": {"0": 0.23278822331718196, "1": 0.3525485001784957, "2": 0.38702009018044536}, "psi": {"0": 0.7052950124382283, "1": 0.9970058395110389, "2": 1.050044918817013}, "sigma": {"0": 0.8571858958266507, "1": 0.9984809576756347, "2": 0.0}, "chi_high": null, "beta_low": null}