{"R": 40.0, "wi": 0, "di": 2, "delta": 1.0, "gamma": {"0": 1.3528745749829847, "1": 0.5212459733554542, "2": 0.9195661186445834}, "mu": {"0": 1.063349731077654, "1": 1.0881013685811172, "2": 1.0631635640879291}, "phi": {"0": 0.5402303306185797, "1": 0.7142322923370195, "2": 0.00851594116332921}, "psi": {"0": 1.3582414704477854, "1": 1.4993551256509137, "2": 0.5833492819656765}, "sigma": {"0": 0.6030513383500058, "1": 0.6344198168183999, "2": 0.0}, "chi_high": 0.8582336253122741, "beta_low": 0.8531674174300097}