{"R": 40.0, "wi": 0, "di": 0, "delta": 1.0, "gamma": {"0": 1.3590279253718776, "1": 1.350271006297731, "2": 1.2007699359280548}, "mu": {"0": 1.1162702580875339, "1": 1.112032351998986, "2": 1.0811021616001872}, "phi": {"0": 0.22619287258361254, "1": 0.8555511361078058, "2": 0.03824608368085847}, "psi": {"0": 0.8935847700091578, "1": 0.5019399742710668, "2": 1.081123303858611}, "sigma": {"0": 0.7487714238554395, "1": 0.7540741939019304, "2": 0.0}, "chi_high": 0.2110933176507623, "beta_low": 0.986931748684456}