{"R": 40.0, "wi": 2, "di": 2, "delta": 1.0, "gamma": {"0": 1.2152486881459867, "1": 1.4459952695562082, "2": 1.3663749227796291}, "mu": {"0": 1.1177601700907709, "1": 1.1127115403405121, "2": 1.10009496973825}, "phi": {"0": 0.3171833449347503, "1": 0.07741971352584931, "2": 0.34414899210263317}, "psi": {"0": 0.7499108222527512, "1": 0.7001163092058096, "2": 0.7204505937636253}, "sigma": {"0": 0.5334538418433215, "1": 0.9566484702686651, "2": 0.0}, "chi_high": null, "beta_low": null}