{"R": 40.0, "wi": 2, "di": 1, "delta": 1.0, "gamma": {"0": 1.3981991832296443, "1": 1.2986626808065451, "2": 1.4299637810602839}, "mu": {"0": 1.0524572176643072, "1": 1.0788467167097222, "2": 1.106761060239413}, "phi": {"0": 0.5341906867510869, "1": 0.31879480521595616, "2": 0.10151672352628327}, "psi": {"0": 0.5464694474129465, "1": 0.5528240084167626, "2": 1.372249422322207}, "sigma": {"0": 0.8824229344270722, "1": 0.5443660925940413, "2": 0.0}, "chi_high": null, "beta_low": null}