{"R": 40.0, "wi": 3, "di": 1, "delta": 1.0, "gamma": {"0": 1.4778189575257128, "1": 1.3663936261230742, "2": 0.5291278964580789}, "mu": {"0": 1.0611931007274065, "1": 1.1395151291335428, "2": 1.0148522134936422}, "phi": {"0": 0.9607988188242145, "1": 0.8614750219712457, "2": 0.8407828318892194}, "psi": {"0": 1.3027070871071529, "1": 0.6679558789808565, "2": 1.4092047531918093}, "sigma": {"0": 0.6432386793092021, "1": 0.8339771026002722, "2": 0.0}, "chi_high": 0.31095894809107893, "beta_low": null}