{"R": 40.0, "wi": 0, "di": 2, "delta": 1.0, "gamma": {"0": 1.1473865641196412, "1": 0.6373946439105407, "2": 0.7698434249146465}, "mu": {"0": 1.027793917197024, "1": 1.0585315643670519, "2": 1.0391151701375858}, "phi": {"0": 0.7695791655012159, "1": 0.6063084226759197, "2": 0.739193437546215}, "psi": {"0": 1.1813336152540619, "1": 0.801053941283445, "2": 1.38664912750359}, "sigma": {"0": 0.664532138682836, "1": 0.7796448648368826, "2": 0.0}, "chi_high": 0.3472934654644461, "beta_low": 0.4193644164605878}