{"R": 40.0, "wi": 0, "di": 1, "delta": 1.0, "gamma": {"0": 1.3380355145476812, "1": 0.7217850645023537, "2": 1.1624646366059848}, "mu": {"0": 1.091625079774347, "1": 1.13337247946607, "2": 1.0158314702712297}, "phi": {"0": 0.09856625695638588, "1": 0.21268227240215964, "2": 0.33738762646291476}, "psi": {"0": 1.3378601392346772, "1": 0.6320774406061903, "2": 1.0003399992619197}, "sigma": {"0": 0.9917800650314118, "1": 0.7847159511824617, "2": 0.0}, "chi_high": 0.6331021573493819, "beta_low": 0.3840421458114106}