{"R": 40.0, "wi": 0, "di": 2, "delta": 1.0, "gamma": {"0": 0.882740080970268, "1": 1.382669659277501, "2": 0.6589756546685868}, "mu": {"0": 1.0583698571936746, "1": 1.0373969678752237, "2": 1.0337144414990618}, "phi": {"0": 0.20496746437647806, "1": 0.4433598969746274, "2": 0.552015302297342}, "psi": {"0": 0.6465936895656039, "1": 0.5846579697519309, "2": 1.171798881582506}, "sigma": {"0": 0.705740625491984, "1": 0.5696921580437566, "2": 0.0}, "chi_high": 0.09441312497042399, "beta_low": 0.7000111732675924}