{"R": 40.0, "wi": 0, "di": 0, "delta": 1.0, "gamma": {"0": 0.7977683776273162, "1": 0.7743070709008921, "2": 0.7943270948815044}, "mu": {"0": 1.0786434054525913, "1": 1.0105605915155211, "2": 1.0310744108767387}, "phi": {"0": 0.860023507806518, "1": 0.06420626042848354, "2": 0.3541822735159875}, "psi": {"0": 0.9171261147727311, "1": 1.3200995279217858, "2": 1.4561844180065964}, "sigma": {"0": 0.7210915081613836, "1": 0.522662292873866, "2": 0.0}, "chi_high": 0.20543330769323687, "beta_low": 0.8305582748128447}