{"R": 40.0, "wi": 0, "di": 0, "delta": 1.0, "gamma": {"0": 1.4732840280694175, "1": 1.3806326925423518, "2": 0.9622117135108612}, "mu": {"0": 1.0368510713290804, "1": 1.052778266336813, "2": 1.1181044143359948}, "phi": {"0": 0.08618850288524382, "1": 0.3265435633424464, "2": 0.8100403964505298}, "psi": {"0": 0.5796694030834242, "1": 0.5391774396591547, "2": 0.9337258529690767}, "sigma": {"0": 0.6788775332558588, "1": 0.9195316213538303, "2": 0.0}, "chi_high": 0.0672041334275217, "beta_low": 0.4762560935504689}