{"R": 40.0, "wi": 2, "di": 1, "delta": 1.0, "gamma": {"0": 0.8758001486222476, "1": 0.8083684007847319, "2": 1.1097861720406321}, "mu": {"0": 1.1172503615946758, "1": 1.1191425929083476, "2": 1.088125916734665}, "phi": {"0": 0.05771250412660378, "1": 0.14534127684051934, "2": 0.349636144573806}, "psi": {"0": 0.7584416932274242, "1": 1.2310297531045287, "2": 0.5088125513923636}, "sigma": {"0": 0.6744688570944157, "1": 0.6498296517465563, "2": 0.0}, "chi_high": null, "beta_low": null}