{"R": 40.0, "wi": 1, "di": 2, "delta": 1.0, "gamma": {"0": 0.7999973462690902, "1": 1.2182902388564663, "2": 1.4724007986356762}, "mu": {"0": 1.0754501537305508, "1": 1.0701764057389969, "2": 1.0828107706967476}, "phi": {"0": 0.44796418178042274, "1": 0.21190037068221768, "2": 0.4383930742074298}, "psi": {"0": 0.5707190095331129, "1": 1.225278756770264, "2": 0.5743197954059913}, "sigma": {"0": 0.8983737496657234, "1": 0.0, "2": 0.0}, "chi_high": null, "beta_low": 0.7013295549882685}