{"R": 40.0, "wi": 3, "di": 0, "delta": 1.0, "gamma": {"0": 1.4364010609582158, "1": 0.6837083226619193, "2": 0.8422462405704974}, "mu": {"0": 1.0694689812521605, "1": 1.030814552357442, "2": 1.097932587444684}, "phi": {"0": 0.6545120028816547, "1": 0.5952285753450147, "2": 0.6934583549845303}, "psi": {"0": 1.2301624623700418, "1": 1.296671787443112, "2": 0.8020108678127613}, "sigma": {"0": 0.7009069512775268, "1": 0.7561971380040811, "2": 0.0}, "chi_high": 0.196295136773646, "beta_low": null}