{"R": 40.0, "wi": 3, "di": 0, "delta": 1.0, "gamma": {"0": 1.2525014782908819, "1": 1.0946921553912667, "2": 0.9077457760912735}, "mu": {"0": 1.1333510092777594, "1": 1.023798892298771, "2": 1.1074565728591592}, "phi": {"0": 0.8618966642687313, "1": 0.2895754812852639, "2": 0.6518473334214282}, "psi": {"0": 1.3501162733005962, "1": 1.056320718399688, "2": 0.6529905587913724}, "sigma": {"0": 0.7077814119327793, "1": 0.5643562055742176, "2": 0.0}, "chi_high": 0.4849677743651152, "beta_low": null}