{"R": 40.0, "wi": 2, "di": 0, "delta": 1.0, "gamma": {"0": 0.6607788986923823, "1": 0.6835891860694565, "2": 1.2960432109110047}, "mu": {"0": 1.0810170364993408, "1": 1.0830071597497968, "2": 1.123370324755381}, "phi": {"0": 0.0424679398246649, "1": 0.6340208151055188, "2": 0.352981507301238}, "psi": {"0": 1.0926288412563205, "1": 1.453949690606163, "2": 1.1815039382398695}, "sigma": {"0": 0.672987471344581, "1": 0.6654689291881462, "2": 0.0}, "chi_high": null, "beta_low": null}