{"R": 40.0, "wi": 0, "di": 2, "delta": 1.0, "gamma": {"0": 1.2587966484653135, "1": 0.6682932594430545, "2": 0.6237976581910011}, "mu": {"0": 1.1393099329903214, "1": 1.0726877008720026, "2": 1.0269165537053664}, "phi": {"0": 0.7572020158139326, "1": 0.14933960209768493, "2": 0.0787342449864602}, "psi": {"0": 0.8306841732187408, "1": 1.0604184290758516, "2": 1.3752745289269117}, "sigma": {"0": 0.9028388635706479, "1": 0.5372715056517918, "2": 0.0}, "chi_high": 0.012037818747670005, "beta_low": 0.36328689353818977}