{"R": 40.0, "wi": 0, "di": 1, "delta": 1.0, "gamma": {"0": 1.2907992154556007, "1": 1.325885113675829, "2": 1.0896755013010884}, "mu": {"0": 1.028542653376699, "1": 1.0139119855278422, "2": 1.0980055747645983}, "phi": {"0": 0.3711746619785956, "1": 0.6513568284696403, "2": 0.2394599377891098}, "psi": {"0": 1.3040401453671189, "1": 1.1625890459423052, "2": 0.7322661610148382}, "sigma": {"0": 0.9066559434559138, "1": 0.6935418141240499, "2": 0.0}, "chi_high": 0.16876179655829213, "beta_low": 0.3364683756576245}