{"R": 40.0, "wi": 1, "di": 0, "delta": 1.0, "gamma": {"0": 1.1197064138373425, "1": 0.7619202165141061, "2": 0.7208429959412368}, "mu": {"0": 1.0731739321060576, "1": 1.0985534693522305, "2": 1.0832539716428011}, "phi": {"0": 0.7213626466688112, "1": 0.024635109395689803, "2": 0.9802350616715669}, "psi": {"0": 0.7331095726012986, "1": 0.598397768952777, "2": 0.8241567191989494}, "sigma": {"0": 0.9487737056849488, "1": 0.0, "2": 0.0}, "chi_high": null, "beta_low": 0.9483902354372812}