{"R": 40.0, "wi": 2, "di": 2, "delta": 1.0, "gamma": {"0": 1.1039532043338989, "1": 0.5833315908769158, "2": 0.6251149666228168}, "mu": {"0": 1.07817942440605, "1": 1.0864038135691503, "2": 1.0371521034700268}, "phi": {"0": 0.8061258594990639, "1": 0.31779158972584165, "2": 0.725888498814809}, "psi": {"0": 0.7929617996988787, "1": 0.5399292436458338, "2": 1.4294873794216152}, "sigma": {"0": 0.6529830451998676, "1": 0.8064111532184441, "2": 0.0}, "chi_high": null, "beta_low": null}