{"R": 40.0, "wi": 2, "di": 1, "delta": 1.0, "gamma": {"0": 1.3693973140962123, "1": 0.8257006264596191, "2": 0.9292802803714324}, "mu": {"0": 1.027460902988334, "1": 1.0373129189686738, "2": 1.1353945451407117}, "phi": {"0": 0.6825489516550752, "1": 0.13773929191430567, "2": 0.17735149188502353}, "psi": {"0": 1.2862219099641181, "1": 1.2758586250084343, "2": 0.9542097647695614}, "sigma": {"0": 0.9899624610015749, "1": 0.5717886045215814, "2": 0.0}, "chi_high": null, "beta_low": null}