{"R": 40.0, "wi": 1, "di": 2, "delta": 1.0, "gamma": {"0": 1.4755328858545345, "1": 1.1333732256179225, "2": 0.5554937815547166}, "mu": {"0": 1.1124307793124646, "1": 1.1209710055622282, "2": 1.0572204059860026}, "phi": {"0": 0.004042784024624546, "1": 0.25906909701980085, "2": 0.17026013812216056}, "psi": {"0": 0.6339689529034698, "1": 0.5961944348541803, "2": 0.8117766587858216}, "sigma": {"0": 0.7348336325302518, "1": 0.0, "2": 0.0}, "chi_high": null, "beta_low": 0.17882808020838345}