{"R": 40.0, "wi": 1, "di": 0, "delta": 1.0, "gamma": {"0": 1.1316031313844066, "1": 0.7413548072057853, "2": 1.3897271413748653}, "mu": {"0": 1.127189394190749, "1": 1.054626871817301, "2": 1.13791474424305}, "phi": {"0": 0.5286389253131941, "1": 0.2873025415839402, "2": 0.2640223742124499}, "psi": {"0": 1.473146739093402, "1": 0.7775645916304884, "2": 0.8516570942369507}, "sigma": {"0": 0.6666393994835875, "1": 0.0, "2": 0.0}, "chi_high": null, "beta_low": 0.22363380811284822}