{"R": 40.0, "wi": 3, "di": 1, "delta": 1.0, "gamma": {"0": 0.5305695347172177, "1": 1.1830416984924688, "2": 1.3945905181952116}, "mu": {"0": 1.004158059296426, "1": 1.0434194794977067, "2": 1.1385248311341796}, "phi": {"0": 0.049823946927809115, "1": 0.25531587853589466, "2": 0.6708049769275735}, "psi": {"0": 0.9265093561809603, "1": 1.2412793245868081, "2": 1.4303518153436983}, "sigma": {"0": 0.9505652028167373, "1": 0.7811316467591722, "2": 0.0}, "chi_high": 0.555842165982027, "beta_low": null}