{"R": 40.0, "wi": 2, "di": 2, "delta": 1.0, "gamma": {"0": 1.217822112562975, "1": 0.877796153857268, "2": 0.5185029207417241}, "mu": {"0": 1.0929553549860438, "1": 1.1276289751427306, "2": 1.098853845500533}, "phi": {"0": 0.7022087236665917, "1": 0.8990977459663437, "2": 0.25428207105998335}, "psi": {"0": 0.590133685695257, "1": 1.2187517012833866, "2": 1.2668557694557787}, "sigma": {"0": 0.8778112812116208, "1": 0.5792397896677103, "2": 0.0}, "chi_high": null, "beta_low": null}