{"R": 40.0, "wi": 1, "di": 1, "delta": 1.0, "gamma": {"0": 0.7059478732941454, "1": 1.2349701980498815, "2": 0.7649635298260816}, "mu": {"0": 1.0336903818666237, "1": 1.00205220429523, "2": 1.1197123449573674}, "phi": {"0": 0.2948613996356989, "1": 0.40376295232935033, "2": 0.3437639656301572}, "psi": {"0": 0.6814557144590146, "1": 1.253408950765715, "2": 0.7914662212358098}, "sigma": {"0": 0.979370525499311, "1": 0.0, "2": 0.0}, "chi_high": null, "beta_low": 0.06411310755006662}