{"R": 40.0, "wi": 2, "di": 1, "delta": 1.0, "gamma": {"0": 1.2241884409386905, "1": 1.1599921745768225, "2": 1.1848604963725657}, "mu": {"0": 1.1484011139182182, "1": 1.0659135191743936, "2": 1.0680230733256966}, "phi": {"0": 0.2503125918288327, "1": 0.4428989993027407, "2": 0.6365335076699562}, "psi": {"0": 1.1890070989046664, "1": 1.3972250066690368, "2": 1.2151776445378686}, "sigma": {"0": 0.6594196409546516, "1": 0.5295741001434783, "2": 0.0}, "chi_high": null, "beta_low": null}