{"R": 40.0, "wi": 1, "di": 1, "delta": 1.0, "gamma": {"0": 1.3678175952859601, "1": 1.4601277621157793, "2": 0.6940702117597167}, "mu": {"0": 1.0702296962109092, "1": 1.0564958274294354, "2": 1.146607737583579}, "phi": {"0": 0.25202277844503496, "1": 0.5464801162023581, "2": 0.0392345070556257}, "psi": {"0": 0.5971092884926273, "1": 0.8260605143618572, "2": 0.7210767709233799}, "sigma": {"0": 0.8359087412583137, "1": 0.0, "2": 0.0}, "chi_high": null, "beta_low": 0.6847955757745321}