{"R": 40.0, "wi": 3, "di": 1, "delta": 1.0, "gamma": {"0": 1.4176802879179506, "1": 0.5990865545236224, "2": 0.8086691497302316}, "mu": {"0": 1.0313420360680354, "1": 1.0408921921143495, "2": 1.0152476225407658}, "phi": {"0": 0.18481099664366873, "1": 0.5797828638150367, "2": 0.85392861294747}, "psi": {"0": 1.4693929363023062, "1": 0.6836566820953457, "2": 1.3968916754930207}, "sigma": {"0": 0.6155857340925142, "1": 0.7975959552572436, "2": 0.0}, "chi_high": 0.9850084224065792, "beta_low": null}