{"R": 40.0, "wi": 0, "di": 0, "delta": 1.0, "gamma": {"0": 1.4095803825040722, "1": 0.7500858787991868, "2": 1.388815251452094}, "mu": {"0": 1.1009575703279524, "1": 1.0294860683576161, "2": 1.050000181072629}, "phi": {"0": 0.3615970296883998, "1": 0.27822780217560017, "2": 0.23163779608464263}, "psi": {"0": 0.5289350890283738, "1": 0.5310589088481483, "2": 0.8368458043656402}, "sigma": {"0": 0.9269303428418214, "1": 0.8135242792049135, "2": 0.0}, "chi_high": 0.09347794328692778, "beta_low": 0.48096986044327317}