{"R": 40.0, "wi": 1, "di": 1, "delta": 1.0, "gamma": {"0": 0.7708707005524748, "1": 1.042217170909825, "2": 0.5639618571608548}, "mu": {"0": 1.03335395463321, "1": 1.0751626711397997, "2": 1.0852245023762037}, "phi": {"0": 0.8437582458985723, "1": 0.9502673190058971, "2": 0.05223451013669189}, "psi": {"0": 1.15944995684585, "1": 1.4776628880861402, "2": 0.9118900967264543}, "sigma": {"0": 0.5352418564361647, "1": 0.0, "2": 0.0}, "chi_high": null, "beta_low": 0.01997218059209785}