{"R": 40.0, "wi": 1, "di": 2, "delta": 1.0, "gamma": {"0": 0.9681368656507955, "1": 0.9851547454743437, "2": 1.0029496872807049}, "mu": {"0": 1.008569527796161, "1": 1.0380900520252967, "2": 1.0992382571590902}, "phi": {"0": 0.23525814986783622, "1": 0.2508200224365562, "2": 0.6336183019616285}, "psi": {"0": 0.6341970681032119, "1": 0.6376630460422849, "2": 1.0391980875104934}, "sigma": {"0": 0.6759661902002783, "1": 0.0, "2": 0.0}, "chi_high": null, "beta_low": 0.3190661746424303}