{"R": 40.0, "wi": 3, "di": 0, "delta": 1.0, "gamma": {"0": 0.8987837867281018, "1": 0.7001387171247371, "2": 0.7861151565427746}, "mu": {"0": 1.014273113635975, "1": 1.1122673242705994, "2": 1.09091552511314}, "phi": {"0": 0.9000762557467267, "1": 0.34743917627754195, "2": 0.2935638646165596}, "psi": {"0": 0.7981423130751027, "1": 1.2950657940343047, "2": 0.8973802633209764}, "sigma": {"0": 0.849061903202162, "1": 0.7254226558995803, "2": 0.0}, "chi_high": 0.23783607291332504, "beta_low": null}