{"R": 40.0, "wi": 2, "di": 0, "delta": 1.0, "gamma": {"0": 1.0060528894462792, "1": 1.011481263007421, "2": 1.4365671419988164}, "mu": {"0": 1.0324520161412754, "1": 1.051494180619783, "2": 1.101682280489917}, "phi": {"0": 0.2850986267590727, "1": 0.6978960916023402, "2": 0.23270120256664661}, "psi": {"0": 1.1383411382073414, "1": 0.8809679055199175, "2": 1.0189244679243037}, "sigma": {"0": 0.9192980433364255, "1": 0.8856432083458201, "2": 0.0}, "chi_high": null, "beta_low": null}