{"R": 40.0, "wi": 1, "di": 1, "delta": 1.0, "gamma": {"0": 1.1300735826847814, "1": 1.0556092266196417, "2": 0.8892048738687384}, "mu": {"0": 1.1474637743972997, "1": 1.1277604055857138, "2": 1.143678433491064}, "phi": {"0": 0.667049569868319, "1": 0.8914129618123562, "2": 0.4833229137590419}, "psi": {"0": 0.6127266134831333, "1": 0.5839513749247952, "2": 1.1635464178962454}, "sigma": {"0": 0.6237079327451931, "1": 0.0, "2": 0.0}, "chi_high": null, "beta_low": 0.19403266811685052}