{"R": 40.0, "wi": 2, "di": 1, "delta": 1.0, "gamma": {"0": 0.6321065399453016, "1": 0.8074233390616062, "2": 0.7651754884983288}, "mu": {"0": 1.0386186984988925, "1": 1.048354427228922, "2": 1.092276667088827}, "phi": {"0": 0.3174885546731431, "1": 0.7851615110387897, "2": 0.7160180299203177}, "psi": {"0": 1.3705918356464988, "1": 1.4970123539414435, "2": 0.8403282398180942}, "sigma": {"0": 0.7826358255580169, "1": 0.963132530032574, "2": 0.0}, "chi_high": null, "beta_low": null}