{"R": 40.0, "wi": 2, "di": 2, "delta": 1.0, "gamma": {"0": 1.0465608785074694, "1": 0.6771677569729763, "2": 0.7815388894048975}, "mu": {"0": 1.002311759571412, "1": 1.0429483656940026, "2": 1.1017903422007174}, "phi": {"0": 0.48122749604014525, "1": 0.8692084408232998, "2": 0.20500741511094678}, "psi": {"0": 1.1895311115033, "1": 0.7477411511304638, "2": 0.7423491929085021}, "sigma": {"0": 0.9427318477001583, "1": 0.9561462403682057, "2": 0.0}, "chi_high": null, "beta_low": null}