{"R": 40.0, "wi": 2, "di": 1, "delta": 1.0, "gamma": {"0": 0.6878922663644264, "1": 1.342534040771269, "2": 1.1113160876016384}, "mu": {"0": 1.0101993413097992, "1": 1.0030403707019335, "2": 1.0291197229559075}, "phi": {"0": 0.9485187663355671, "1": 0.4039847700024044, "2": 0.8717270707870715}, "psi": {"0": 1.0772953695631795, "1": 0.8894333897835824, "2": 1.497188973962612}, "sigma": {"0": 0.6456856837404303, "1": 0.8082468529068498, "2": 0.0}, "chi_high": null, "beta_low": null}