{"R": 40.0, "wi": 0, "di": 0, "delta": 1.0, "gamma": {"0": 0.7506569364563664, "1": 0.8023800036760067, "2": 0.9942356397361536}, "mu": {"0": 1.0660719918909238, "1": 1.0737770740422348, "2": 1.038904937916247}, "phi": {"0": 0.08458874815906492, "1": 0.49005486552004485, "2": 0.09299110157370227}, "psi": {"0": 0.8494783651824834, "1": 1.0644226883098913, "2": 0.6310392323948195}, "sigma": {"0": 0.9136367490104527, "1": 0.650450325453592, "2": 0.0}, "chi_high": 0.6457193832822099, "beta_low": 0.1668523500621233}