{"R": 40.0, "wi": 1, "di": 1, "delta": 1.0, "gamma": {"0": 1.1991762106058474, "1": 0.696356201592472, "2": 0.9411674154412398}, "mu": {"0": 1.0981934155028075, "1": 1.1331400063840404, "2": 1.008973975061655}, "phi": {"0": 0.07245932995780191, "1": 0.0256005832832642, "2": 0.28846962138915166}, "psi": {"0": 0.9511903191013152, "1": 1.1087416400970658, "2": 1.1275074923824615}, "sigma": {"0": 0.6863267487683957, "1": 0.0, "2": 0.0}, "chi_high": null, "beta_low": 0.8300161689571571}