{"R": 40.0, "wi": 2, "di": 1, "delta": 1.0, "gamma": {"0": 1.1299639203096183, "1": 0.7351225618008156, "2": 1.3020106001739054}, "mu": {"0": 1.0204367030500496, "1": 1.1400363675390799, "2": 1.1405849184870354}, "phi": {"0": 0.3660733595788631, "1": 0.9048034213511622, "2": 0.7349181386704738}, "psi": {"0": 0.5227074420325329, "1": 1.4280593266195498, "2": 0.5703279944820844}, "sigma": {"0": 0.870934212847791, "1": 0.9163470823659425, "2": 0.0}, "chi_high": null, "beta_low": null}