{"R": 40.0, "wi": 2, "di": 2, "delta": 1.0, "gamma": {"0": 1.2387919932288742, "1": 0.6342541029039854, "2": 0.8004216494176163}, "mu": {"0": 1.0986521294670717, "1": 1.0437457212089172, "2": 1.013622504823209}, "phi": {"0": 0.9794424905769735, "1": 0.8205567883185924, "2": 0.8259239879608119}, "psi": {"0": 1.054142894840489, "1": 0.7642153831705176, "2": 1.371707211489094}, "sigma": {"0": 0.5520477444519565, "1": 0.7920003569131251, "2": 0.0}, "chi_high": null, "beta_low": null}