{"R": 40.0, "wi": 2, "di": 1, "delta": 1.0, "gamma": {"0": 1.2330916270026933, "1": 0.5068561060471823, "2": 0.7099680167588988}, "mu": {"0": 1.058737042102454, "1": 1.0847216420181405, "2": 1.1424509341441087}, "phi": {"0": 0.23576117382758954, "1": 0.947066920255429, "2": 0.006540234632011921}, "psi": {"0": 1.296339109754483, "1": 1.2410858830680103, "2": 0.9300702152233735}, "sigma": {"0": 0.9666437791272209, "1": 0.9880028000047831, "2": 0.0}, "chi_high": null, "beta_low": null}