{"R": 40.0, "wi": 2, "di": 0, "delta": 1.0, "gamma": {"0": 0.798793161492228, "1": 1.2578554833188065, "2": 0.5815814302758984}, "mu": {"0": 1.0448758199348813, "1": 1.0578232831279066, "2": 1.012418845779134}, "phi": {"0": 0.239646807900734, "1": 0.6175847675356531, "2": 0.788771278374161}, "psi": {"0": 0.5139994494372789, "1": 0.8031043175076178, "2": 0.6572805274611444}, "sigma": {"0": 0.6342192081895903, "1": 0.803366682051385, "2": 0.0}, "chi_high": null, "beta_low": null}