{"R": 40.0, "wi": 2, "di": 0, "delta": 1.0, "gamma": {"0": 0.7793938444986699, "1": 1.2274354024279819, "2": 0.7480180948880113}, "mu": {"0": 1.144254651677473, "1": 1.1031777271305327, "2": 1.1274524209556827}, "phi": {"0": 0.8308795988721333, "1": 0.7225240997519038, "2": 0.4555056170075964}, "psi": {"0": 0.7432517525368613, "1": 1.3252245676576462, "2": 1.1218606770528365}, "sigma": {"0": 0.9265973775931065, "1": 0.8168613675587391, "2": 0.0}, "chi_high": null, "beta_low": null}