{"R": 40.0, "wi": 3, "di": 2, "delta": 1.0, "gamma": {"0": 1.0435297527872172, "1": 0.5443317763484992, "2": 1.4963150375830605}, "mu": {"0": 1.0623046449197622, "1": 1.0562154685454754, "2": 1.1378374466921306}, "phi": {"0": 0.2154890544505883, "1": 0.17255815732739332, "2": 0.19865597637427035}, "psi": {"0": 1.3865048090489567, "1": 0.7434112425743675, "2": 0.8929928195742904}, "sigma": {"0": 0.6326514222282364, "1": 0.5530655258768046, "2": 0.0}, "chi_high": 0.29293942608240564, "beta_low": null}