{"R": 40.0, "wi": 1, "di": 1, "delta": 1.0, "gamma": {"0": 0.7721341731993603, "1": 0.6590350240466528, "2": 0.6279185441062368}, "mu": {"0": 1.0252854852457798, "1": 1.0728132006140023, "2": 1.0624758747737855}, "phi": {"0": 0.32887484657524113, "1": 0.016844916809536148, "2": 0.5309485586317008}, "psi": {"0": 1.4026318928650507, "1": 0.74081264293455, "2": 1.0949453409959702}, "sigma": {"0": 0.7820814127849345, "1": 0.0, "2": 0.0}, "chi_high": null, "beta_low": 0.7603854866381107}