{"R": 40.0, "wi": 0, "di": 0, "delta": 1.0, "gamma": {"0": 0.7663467922076851, "1": 0.8936159255725467, "2": 0.9199940412347778}, "mu": {"0": 1.0800687214984093, "1": 1.108008138644792, "2": 1.0953396646066036}, "phi": {"0": 0.41653746033393746, "1": 0.15391465390694536, "2": 0.4424972666526542}, "psi": {"0": 1.4345065099377603, "1": 0.8431566829735246, "2": 0.967050122171768}, "sigma": {"0": 0.8123985611481899, "1": 0.6519236218900346, "2": 0.0}, "chi_high": 0.28925134272688374, "beta_low": 0.13777431042477412}