{"R": 40.0, "wi": 2, "di": 0, "delta": 1.0, "gamma": {"0": 1.4043779239257015, "1": 0.676039040073159, "2": 0.9720265231726128}, "mu": {"0": 1.071308302281644, "1": 1.007726742808841, "2": 1.052992839481997}, "phi": {"0": 0.5730763442009426, "1": 0.8814907269916077, "2": 0.2372702101776788}, "psi": {"0": 1.2051214694278232, "1": 0.8040246415645106, "2": 1.4605879468184726}, "sigma": {"0": 0.8616174649800394, "1": 0.648195757433506, "2": 0.0}, "chi_high": null, "beta_low": null}