{"R": 40.0, "wi": 3, "di": 2, "delta": 1.0, "gamma": {"0": 1.0488084955917776, "1": 1.492455596093285, "2": 0.6366075665293804}, "mu": {"0": 1.0158020437899833, "1": 1.059790276585235, "2": 1.0986933646054882}, "phi": {"0": 0.4930522283654175, "1": 0.31051529192566363, "2": 0.6273347508679796}, "psi": {"0": 0.817017253183109, "1": 1.1292754907324496, "2": 0.7367572802857485}, "sigma": {"0": 0.5519323751215711, "1": 0.7628934477355886, "2": 0.0}, "chi_high": 0.699912556555854, "beta_low": null}