{"R": 40.0, "wi": 2, "di": 2, "delta": 1.0, "gamma": {"0": 0.9953597950503256, "1": 0.9007762259548908, "2": 1.3650267454923277}, "mu": {"0": 1.133984498692522, "1": 1.018645930616637, "2": 1.0830466486803005}, "phi": {"0": 0.1878187313121683, "1": 0.26892165358920894, "2": 0.7865532177818231}, "psi": {"0": 1.040870492431439, "1": 0.7318065778521372, "2": 1.2863741857571394}, "sigma": {"0": 0.6414857533231186, "1": 0.5372387627805076, "2": 0.0}, "chi_high": null, "beta_low": null}