{"R": 40.0, "wi": 0, "di": 0, "delta": 1.0, "gamma": {"0": 1.39805163007252, "1": 1.2808621517427268, "2": 1.2556558005440217}, "mu": {"0": 1.0439777406789619, "1": 1.1226845492350626, "2": 1.0578582178312665}, "phi": {"0": 0.09333427858033094, "1": 0.9696286927705239, "2": 0.07029721236074704}, "psi": {"0": 1.2510670052608879, "1": 0.8076285678629569, "2": 0.9490532157998133}, "sigma": {"0": 0.6156272953815762, "1": 0.786686574331591, "2": 0.0}, "chi_high": 0.6800251797146787, "beta_low": 0.5533595460628656}