{"R": 40.0, "wi": 3, "di": 2, "delta": 1.0, "gamma": {"0": 0.5754898446181006, "1": 0.9254616659046501, "2": 0.918955643406367}, "mu": {"0": 1.0110181347639293, "1": 1.0840229933968075, "2": 1.0931294586779583}, "phi": {"0": 0.27305096268796036, "1": 0.4988808403437154, "2": 0.8136946106467735}, "psi": {"0": 1.22672974131211, "1": 1.36551696562243, "2": 0.8794217072242131}, "sigma": {"0": 0.9194589921512337, "1": 0.8057559295373067, "2": 0.0}, "chi_high": 0.468077607074848, "beta_low": null}