{"R": 40.0, "wi": 3, "di": 0, "delta": 1.0, "gamma": {"0": 0.8886919083342718, "1": 1.045273034510341, "2": 1.129848101803478}, "mu": {"0": 1.0704551623852046, "1": 1.1052031073168476, "2": 1.1480423869157053}, "phi": {"0": 0.19535941237938215, "1": 0.3512994836760409, "2": 0.9814607742338677}, "psi": {"0": 0.6827932133634446, "1": 1.3720119485343094, "2": 1.3237892094143562}, "sigma": {"0": 0.9677627975178292, "1": 0.608901546955801, "2": 0.0}, "chi_high": 0.6661354765043147, "beta_low": null}