{"R": 40.0, "wi": 3, "di": 0, "delta": 1.0, "gamma": {"0": 0.7718945454577586, "1": 1.396064934701288, "2": 1.224549724657623}, "mu": {"0": 1.0305293376418172, "1": 1.1409825892519532, "2": 1.0770817683775329}, "phi": {"0": 0.8221358077868633, "1": 0.322230152483145, "2": 0.32518747549029503}, "psi": {"0": 0.8311449261054012, "1": 0.6198476795887459, "2": 1.1960553848561668}, "sigma": {"0": 0.942023806361313, "1": 0.9955219475846616, "2": 0.0}, "chi_high": 0.32803309862523644, "beta_low": null}