{"R": 40.0, "wi": 3, "di": 0, "delta": 1.0, "gamma": {"0": 0.7283903847720494, "1": 0.807595373558651, "2": 1.1150446739202633}, "mu": {"0": 1.0903899777312802, "1": 1.0499714958307373, "2": 1.038075127553542}, "phi": {"0": 0.5403437776018697, "1": 0.35982951583327083, "2": 0.5233448767558389}, "psi": {"0": 0.7404628844521657, "1": 1.4666437229591844, "2": 0.9648647987224369}, "sigma": {"0": 0.5509586517663381, "1": 0.521410194645568, "2": 0.0}, "chi_high": 0.6022848308564298, "beta_low": null}