{"R": 40.0, "wi": 2, "di": 1, "delta": 1.0, "gamma": {"0": 1.0940977585414067, "1": 0.5943214965335686, "2": 1.234643603133338}, "mu": {"0": 1.1204338480781915, "1": 1.0204112278200133, "2": 1.067025686152293}, "phi": {"0": 0.8693099303942855, "1": 0.43014018302445267, "2": 0.9539331781589082}, "psi": {"0": 1.1596311675407223, "1": 0.649235608150484, "2": 0.9114523318417906}, "sigma": {"0": 0.7349984281894604, "1": 0.5622115420552152, "2": 0.0}, "chi_high": null, "beta_low": null}