{"R": 40.0, "wi": 0, "di": 1, "delta": 1.0, "gamma": {"0": 1.030879794229476, "1": 1.116481106948473, "2": 0.958685374014407}, "mu": {"0": 1.0468927230069724, "1": 1.0036555855232836, "2": 1.126465836427041}, "phi": {"0": 0.7619172913162027, "1": 0.9172317462335225, "2": 0.6168652443846188}, "psi": {"0": 0.9286993303923943, "1": 1.244660168691308, "2": 0.9229330352332329}, "sigma": {"0": 0.9876257113847797, "1": 0.7506216369793377, "2": 0.0}, "chi_high": 0.4755244414620147, "beta_low": 0.783056390185189}