{"R": 40.0, "wi": 2, "di": 2, "delta": 1.0, "gamma": {"0": 1.1706154619384717, "1": 0.7391036635455119, "2": 0.9734314408542374}, "mu": {"0": 1.1258561203134565, "1": 1.0527812063378092, "2": 1.0939668521438755}, "phi": {"0": 0.11043222223879501, "1": 0.08839957836382017, "2": 0.7007310848267368}, "psi": {"0": 0.8028361029986778, "1": 1.0049090506350602, "2": 0.6401700357751496}, "sigma": {"0": 0.9146489589592937, "1": 0.7997290977298529, "2": 0.0}, "chi_high": null, "beta_low": null}