{"R": 40.0, "wi": 2, "di": 2, "delta": 1.0, "gamma": {"0": 0.6769000731243592, "1": 1.2374243616966427, "2": 0.9882260563563638}, "mu": {"0": 1.1266185340623767, "1": 1.0448047441610933, "2": 1.0297627141242012}, "phi": {"0": 0.44114113084060247, "1": 0.62026386909966, "2": 0.659210235662084}, "psi": {"0": 1.0654685093897431, "1": 1.2668971606341892, "2": 1.407014368122011}, "sigma": {"0": 0.5005390002746168, "1": 0.9796597487755133, "2": 0.0}, "chi_high": null, "beta_low": null}