{"R": 40.0, "wi": 1, "di": 2, "delta": 1.0, "gamma": {"0": 0.8679997618785649, "1": 1.4425518948818072, "2": 1.0167651632115846}, "mu": {"0": 1.1499093448170579, "1": 1.0577800765081584, "2": 1.0478805303351941}, "phi": {"0": 0.8321935001641632, "1": 0.40452629783047167, "2": 0.6148579277497643}, "psi": {"0": 1.476327338863153, "1": 0.9043150359667111, "2": 0.6191379695264871}, "sigma": {"0": 0.9192102125455865, "1": 0.0, "2": 0.0}, "chi_high": null, "beta_low": 0.7145741824521873}