{"R": 40.0, "wi": 3, "di": 2, "delta": 1.0, "gamma": {"0": 0.7665661187113163, "1": 1.3370343367380846, "2": 1.4063713296309006}, "mu": {"0": 1.0276571026076544, "1": 1.0760001944487392, "2": 1.1231939745511987}, "phi": {"0": 0.25894143735760666, "1": 0.18150705625161656, "2": 0.6397425131173684}, "psi": {"0": 0.62977061421351, "1": 0.673838622933763, "2": 1.072858815023427}, "sigma": {"0": 0.7670558086196955, "1": 0.5654878807917624, "2": 0.0}, "chi_high": 0.27701947468279814, "beta_low": null}