{"R": 40.0, "wi": 1, "di": 1, "delta": 1.0, "gamma": {"0": 0.8345784464623304, "1": 1.430518863072324, "2": 0.790802064262379}, "mu": {"0": 1.036193759496377, "1": 1.02029739494269, "2": 1.0358932917585206}, "phi": {"0": 0.4764348830214128, "1": 0.07209479095722438, "2": 0.4586775383527234}, "psi": {"0": 0.8648123985004106, "1": 1.240155659571172, "2": 1.2750427993792157}, "sigma": {"0": 0.9677003829076256, "1": 0.0, "2": 0.0}, "chi_high": null, "beta_low": 0.37435897443568916}