{"R": 40.0, "wi": 1, "di": 1, "delta": 1.0, "gamma": {"0": 1.3365032631826148, "1": 1.157625341123489, "2": 1.200154118151708}, "mu": {"0": 1.068888225418814, "1": 1.1272751417168296, "2": 1.0859921498600034}, "phi": {"0": 0.07656858919602838, "1": 0.5596839090982313, "2": 0.27627558895513393}, "psi": {"0": 1.005029263513642, "1": 1.064835809189876, "2": 1.390960295004767}, "sigma": {"0": 0.836961393859573, "1": 0.0, "2": 0.0}, "chi_high": null, "beta_low": 0.4303479667408365}