{"R": 40.0, "wi": 3, "di": 1, "delta": 1.0, "gamma": {"0": 1.2488082401811642, "1": 1.1236538713885746, "2": 0.7735502559335902}, "mu": {"0": 1.0397635496058797, "1": 1.0024847704836353, "2": 1.0300009820826346}, "phi": {"0": 0.5753989129837415, "1": 0.13657905502086753, "2": 0.25681048912516036}, "psi": {"0": 0.7279466795861391, "1": 0.6334786547546436, "2": 1.3199069238130376}, "sigma": {"0": 0.5040810983866344, "1": 0.9288035922368698, "2": 0.0}, "chi_high": 0.2012611035745851, "beta_low": null}