{"R": 40.0, "wi": 0, "di": 1, "delta": 1.0, "gamma": {"0": 0.9420453235850085, "1": 1.2677848487466998, "2": 1.444435697150594}, "mu": {"0": 1.1163285818643358, "1": 1.1056129811031254, "2": 1.0594098797513927}, "phi": {"0": 0.08799954248332964, "1": 0.07637234103383472, "2": 0.2174971425740958}, "psi": {"0": 0.5684682719189528, "1": 0.7958564354321779, "2": 0.5710617009139259}, "sigma": {"0": 0.5683826643369553, "1": 0.8348946560389221, "2": 0.0}, "chi_high": 0.4070670927997221, "beta_low": 0.10135409515639152}