{"R": 40.0, "wi": 0, "di": 1, "delta": 1.0, "gamma": {"0": 0.9552523837930155, "1": 1.4885975784601446, "2": 1.4088493616111029}, "mu": {"0": 1.0601507996352213, "1": 1.10196893312618, "2": 1.024983434400494}, "phi": {"0": 0.7020877127975013, "1": 0.4042528558058833, "2": 0.3530467167146901}, "psi": {"0": 1.273783092726516, "1": 0.9489569374262999, "2": 1.427816904096125}, "sigma": {"0": 0.6734979287089963, "1": 0.657742031305639, "2": 0.0}, "chi_high": 0.3578173279097919, "beta_low": 0.7490896041655004}