{"R": 40.0, "wi": 1, "di": 1, "delta": 1.0, "gamma": {"0": 1.1198929167553358, "1": 1.0835514400187942, "2": 1.438478630607058}, "mu": {"0": 1.1386437155965774, "1": 1.026318868590323, "2": 1.0974412647910514}, "phi": {"0": 0.8627928164214731, "1": 0.8911743041460943, "2": 0.19372930657885046}, "psi": {"0": 1.1617396117261554, "1": 1.3189932293354008, "2": 0.8847177139351156}, "sigma": {"0": 0.9589059528727932, "1": 0.0, "2": 0.0}, "chi_high": null, "beta_low": 0.1791587702488453}