{"R": 40.0, "wi": 0, "di": 2, "delta": 1.0, "gamma": {"0": 1.0053386711221752, "1": 1.1509021560931858, "2": 0.9048777396202092}, "mu": {"0": 1.1054787209747412, "1": 1.0472799032597486, "2": 1.1323601208095377}, "phi": {"0": 0.604567053003776, "1": 0.702792954932288, "2": 0.9806269642003191}, "psi": {"0": 0.6905864186739258, "1": 0.6110807228834837, "2": 0.5372787640897235}, "sigma": {"0": 0.710215973322668, "1": 0.9721046340948487, "2": 0.0}, "chi_high": 0.9665421129517466, "beta_low": 0.5623280981662124}