{"R": 40.0, "wi": 2, "di": 2, "delta": 1.0, "gamma": {"0": 1.4630000202382845, "1": 1.4613996525157114, "2": 0.8630841750766398}, "mu": {"0": 1.0907804345290608, "1": 1.0456678422262624, "2": 1.11320056841513}, "phi": {"0": 0.26531751813461246, "1": 0.1785016765543075, "2": 0.2435800341620168}, "psi": {"0": 0.7913121959508181, "1": 0.5317327612943209, "2": 0.9573033181952546}, "sigma": {"0": 0.5711225199231962, "1": 0.5632189080142411, "2": 0.0}, "chi_high": null, "beta_low": null}