{"R": 40.0, "wi": 1, "di": 0, "delta": 1.0, "gamma": {"0": 1.1357852011114664, "1": 0.9528741449271018, "2": 0.5722403392719595}, "mu": {"0": 1.0226413438235233, "1": 1.055353022857479, "2": 1.136947802632569}, "phi": {"0": 0.7572916772595977, "1": 0.9716002480036883, "2": 0.2446607373309364}, "psi": {"0": 0.556449043540442, "1": 1.1658950701008965, "2": 0.9331250553532913}, "sigma": {"0": 0.893453358663497, "1": 0.0, "2": 0.0}, "chi_high": null, "beta_low": 0.29074655374563196}