{"R": 40.0, "wi": 3, "di": 2, "delta": 1.0, "gamma": {"0": 0.707053796138282, "1": 0.7788890963440196, "2": 0.6977308962408592}, "mu": {"0": 1.1278438064631027, "1": 1.1392378669342127, "2": 1.083760210535867}, "phi": {"0": 0.36623986062429126, "1": 0.42974018805619874, "2": 0.7829250923001689}, "psi": {"0": 1.288827714510357, "1": 1.4261703198966083, "2": 0.6889322963755916}, "sigma": {"0": 0.5818498891275925, "1": 0.8142063989480881, "2": 0.0}, "chi_high": 0.33957997819841806, "beta_low": null}