{"R": 40.0, "wi": 1, "di": 2, "delta": 1.0, "gamma": {"0": 1.460198217674187, "1": 1.4829952924589045, "2": 1.493751425119512}, "mu": {"0": 1.1186969668299014, "1": 1.101575857379953, "2": 1.0479687861853164}, "phi": {"0": 0.5629341299734296, "1": 0.5523589179112464, "2": 0.795796636613671}, "psi": {"0": 0.8044785660889822, "1": 1.3743613177184233, "2": 1.0435653700040974}, "sigma": {"0": 0.9218277718400427, "1": 0.0, "2": 0.0}, "chi_high": null, "beta_low": 0.18423047888214367}