{"R": 40.0, "wi": 1, "di": 1, "delta": 1.0, "gamma": {"0": 0.7658494508690918, "1": 0.520476642660475, "2": 0.765538407733204}, "mu": {"0": 1.1356773585701192, "1": 1.0434698882385787, "2": 1.0497328328308777}, "phi": {"0": 0.8646478083902122, "1": 0.5195773584126566, "2": 0.7953799983189832}, "psi": {"0": 0.94246204229659, "1": 1.3843247017753995, "2": 0.8052306876563121}, "sigma": {"0": 0.6310963545858697, "1": 0.0, "2": 0.0}, "chi_high": null, "beta_low": 0.8481373511613333}