{"R": 40.0, "wi": 3, "di": 1, "delta": 1.0, "gamma": {"0": 0.957629543338284, "1": 1.226411432416548, "2": 0.7605619058616293}, "mu": {"0": 1.1232854783134085, "1": 1.0563039908387373, "2": 1.039763787742536}, "phi": {"0": 0.7618640027477187, "1": 0.17223851206453067, "2": 0.6221771548035675}, "psi": {"0": 0.6603042763196394, "1": 0.672092240321146, "2": 1.297924953136067}, "sigma": {"0": 0.6885506081094659, "1": 0.8556163797048009, "2": 0.0}, "chi_high": 0.45962085391356156, "beta_low": null}