{"R": 40.0, "wi": 0, "di": 2, "delta": 1.0, "gamma": {"0": 0.8394709084360469, "1": 1.3241290959105623, "2": 1.4938308998430325}, "mu": {"0": 1.1091134018898057, "1": 1.0396924231929339, "2": 1.1218608596281836}, "phi": {"0": 0.12800686558269214, "1": 0.0009811384044461358, "2": 0.01598737961257246}, "psi": {"0": 0.6552406418246126, "1": 1.351119085437427, "2": 1.1537272736352358}, "sigma": {"0": 0.9261277550714504, "1": 0.8036925697493356, "2": 0.0}, "chi_high": 0.3994730164640068, "beta_low": 0.16611314381557982}