{"R": 40.0, "wi": 0, "di": 0, "delta": 1.0, "gamma": {"0": 0.6321902834467119, "1": 0.5303378132649237, "2": 1.2374443051572621}, "mu": {"0": 1.0733263109172846, "1": 1.0674403264604828, "2": 1.1004794233610269}, "phi": {"0": 0.5120733087782041, "1": 0.7545465700591742, "2": 0.8629399436394485}, "psi": {"0": 1.387601319315252, "1": 1.3957694832184573, "2": 1.2416125739123558}, "sigma": {"0": 0.9763682304876578, "1": 0.9216975969243011, "2": 0.0}, "chi_high": 0.16164009350402228, "beta_low": 0.4516901125168427}