{"R": 40.0, "wi": 1, "di": 0, "delta": 1.0, "gamma": {"0": 1.034933761265542, "1": 0.7324566531450607, "2": 0.9582477703919098}, "mu": {"0": 1.043696657233676, "1": 1.0823556885360661, "2": 1.0776641738105424}, "phi": {"0": 0.8912786401937035, "1": 0.4737056935432058, "2": 0.8917705034973403}, "psi": {"0": 0.6365547365155549, "1": 0.967397597902817, "2": 1.0570359525463222}, "sigma": {"0": 0.9174441847426023, "1": 0.0, "2": 0.0}, "chi_high": null, "beta_low": 0.3689639968270518}