{"R": 40.0, "wi": 0, "di": 0, "delta": 1.0, "gamma": {"0": 0.8044366817092261, "1": 1.1961566731859272, "2": 1.4714062895107265}, "mu": {"0": 1.0155927254582333, "1": 1.0961738676736588, "2": 1.1127561881466899}, "phi": {"0": 0.8898589611363011, "1": 0.4698908923392654, "2": 0.6990732568291846}, "psi": {"0": 0.8338380895255698, "1": 0.8902856389886202, "2": 1.4146964274197353}, "sigma": {"0": 0.619881904543318, "1": 0.5509147700273529, "2": 0.0}, "chi_high": 0.7191515000551159, "beta_low": 0.8283886755077687}