{"R": 40.0, "wi": 0, "di": 2, "delta": 1.0, "gamma": {"0": 1.259824227647158, "1": 0.9047878808850128, "2": 1.1660387141621171}, "mu": {"0": 1.0060522581513873, "1": 1.1308627833694842, "2": 1.0715542648362606}, "phi": {"0": 0.05130318866991579, "1": 0.5978108756935352, "2": 0.8441577166440859}, "psi": {"0": 1.3486966371390672, "1": 1.358746726609584, "2": 1.1370652035708257}, "sigma": {"0": 0.5732474726483375, "1": 0.8138503473628665, "2": 0.0}, "chi_high": 0.6116593878338394, "beta_low": 0.39226932646264845}