{"R": 40.0, "wi": 0, "di": 0, "delta": 1.0, "gamma": {"0": 1.4014610859380323, "1": 0.9522053952824965, "2": 0.5530620208870471}, "mu": {"0": 1.000106779948297, "1": 1.079825736234348, "2": 1.055178336595952}, "phi": {"0": 0.5921759873507831, "1": 0.1128239957337146, "2": 0.362500570714987}, "psi": {"0": 1.0369682410719112, "1": 0.7268048696549643, "2": 1.0249240892283618}, "sigma": {"0": 0.9325571474694152, "1": 0.7619097114523055, "2": 0.0}, "chi_high": 0.780996859176896, "beta_low": 0.10562691041763224}