{"R": 40.0, "wi": 1, "di": 0, "delta": 1.0, "gamma": {"0": 0.5003979777591083, "1": 0.6424037736675338, "2": 0.5878238551298994}, "mu": {"0": 1.0492183747567054, "1": 1.015791807610053, "2": 1.105372508578492}, "phi": {"0": 0.33020217154134224, "1": 0.012080681000187221, "2": 0.31123719400597516}, "psi": {"0": 1.2611593132786305, "1": 0.6430415262975123, "2": 0.896847805692484}, "sigma": {"0": 0.7851644504549089, "1": 0.0, "2": 0.0}, "chi_high": null, "beta_low": 0.6845924348646814}