{"R": 40.0, "wi": 1, "di": 1, "delta": 1.0, "gamma": {"0": 0.8420565964970977, "1": 1.133830283990739, "2": 0.5919745866503782}, "mu": {"0": 1.0405937242631655, "1": 1.1435920014509489, "2": 1.024203178187961}, "phi": {"0": 0.7019690921511403, "1": 0.1106478753249488, "2": 0.7109683552479925}, "psi": {"0": 1.3828696719133626, "1": 1.1003590351880068, "2": 1.3570005386440593}, "sigma": {"0": 0.5539722992070619, "1": 0.0, "2": 0.0}, "chi_high": null, "beta_low": 0.0799747176071169}