{"R": 40.0, "wi": 3, "di": 1, "delta": 1.0, "gamma": {"0": 1.4269697151335987, "1": 1.3883674745047219, "2": 0.8102145971376397}, "mu": {"0": 1.1269807569179784, "1": 1.1146674777418815, "2": 1.0172055929094366}, "phi": {"0": 0.06495627693041384, "1": 0.6491607683816024, "2": 0.28971531513461957}, "psi": {"0": 0.5904538363101719, "1": 0.8156382616702422, "2": 0.6930684094102706}, "sigma": {"0": 0.9201178413748292, "1": 0.7558655001966601, "2": 0.0}, "chi_high": 0.4299389551915179, "beta_low": null}