{"R": 40.0, "wi": 2, "di": 0, "delta": 1.0, "gamma": {"0": 1.3604669259177815, "1": 0.9742333081082735, "2": 1.1089826837819983}, "mu": {"0": 1.0012240595405866, "1": 1.1039977460221169, "2": 1.0890196035472663}, "phi": {"0": 0.5163150411768946, "1": 0.3156294167694579, "2": 0.3347323740927842}, "psi": {"0": 0.9265233066430231, "1": 1.0769898708919787, "2": 1.4546446082990045}, "sigma": {"0": 0.7303622136603805, "1": 0.6484394399043283, "2": 0.0}, "chi_high": null, "beta_low": null}