{"R": 40.0, "wi": 1, "di": 2, "delta": 1.0, "gamma": {"0": 1.0947532116274725, "1": 1.3287642623323215, "2": 1.05133010844025}, "mu": {"0": 1.1084167649354413, "1": 1.054888780967655, "2": 1.1282424063956835}, "phi": {"0": 0.0017252086474490724, "1": 0.9108836861194171, "2": 0.14434173497919167}, "psi": {"0": 0.7584407399901049, "1": 0.885611170473226, "2": 1.208562720901396}, "sigma": {"0": 0.5410166302415369, "1": 0.0, "2": 0.0}, "chi_high": null, "beta_low": 0.7062544929911734}