{"R": 40.0, "wi": 1, "di": 1, "delta": 1.0, "gamma": {"0": 0.8687839715241331, "1": 1.069999114986178, "2": 1.0541071670571731}, "mu": {"0": 1.0866505101915038, "1": 1.0817518381874371, "2": 1.0261305948024753}, "phi": {"0": 0.7437787536707386, "1": 0.7879849117103687, "2": 0.4880289542991352}, "psi": {"0": 0.6958368517032893, "1": 1.1161107955307206, "2": 1.4983781923664827}, "sigma": {"0": 0.9806562052490178, "1": 0.0, "2": 0.0}, "chi_high": null, "beta_low": 0.6241625731720822}