{"R": 40.0, "wi": 2, "di": 0, "delta": 1.0, "gamma": {"0": 0.7717245414878618, "1": 1.376070419231769, "2": 1.0676239908900125}, "mu": {"0": 1.0333372962685234, "1": 1.0128986435255236, "2": 1.0165620414637455}, "phi": {"0": 0.6329959910041913, "1": 0.9783977874168965, "2": 0.5363846378615813}, "psi": {"0": 1.37797435855733, "1": 0.6770383501011398, "2": 1.4082595248331684}, "sigma": {"0": 0.8570882023490717, "1": 0.8825504643131218, "2": 0.0}, "chi_high": null, "beta_low": null}