{"R": 40.0, "wi": 0, "di": 0, "delta": 1.0, "gamma": {"0": 0.7370953370770009, "1": 0.774850658333252, "2": 1.3324743797245655}, "mu": {"0": 1.0045332245491998, "1": 1.0248447326665886, "2": 1.1364289305878743}, "phi": {"0": 0.12574259414401723, "1": 0.9558244377297008, "2": 0.9714399550493592}, "psi": {"0": 0.9309000051915195, "1": 0.7400149313843013, "2": 0.6501512953648685}, "sigma": {"0": 0.9601928742676058, "1": 0.5346061584850565, "2": 0.0}, "chi_high": 0.8509088413552519, "beta_low": 0.5004764498774182}