{"R": 40.0, "wi": 0, "di": 2, "delta": 1.0, "gamma": {"0": 0.7146378914361743, "1": 0.79029935970364, "2": 1.0493027988970145}, "mu": {"0": 1.124823532691391, "1": 1.0404921861508685, "2": 1.0766555143838232}, "phi": {"0": 0.14016848153221517, "1": 0.24293636790311146, "2": 0.9781336520084009}, "psi": {"0": 1.497187359558624, "1": 1.477303333947638, "2": 0.5376412510568908}, "sigma": {"0": 0.869299562816858, "1": 0.8775660362103364, "2": 0.0}, "chi_high": 0.6217408126586406, "beta_low": 0.2946139216873799}