{"R": 40.0, "wi": 2, "di": 2, "delta": 1.0, "gamma": {"0": 1.2473809805552722, "1": 0.5022448796848406, "2": 1.0981775165289758}, "mu": {"0": 1.0616568177923582, "1": 1.0625225577228694, "2": 1.1347389449267526}, "phi": {"0": 0.471924198173425, "1": 0.7994631096929823, "2": 0.7565142480151594}, "psi": {"0": 1.497476387555304, "1": 0.8835258607337314, "2": 1.1379719381142672}, "sigma": {"0": 0.9992771526746793, "1": 0.5054760678695824, "2": 0.0}, "chi_high": null, "beta_low": null}