{"R": 40.0, "wi": 3, "di": 2, "delta": 1.0, "gamma": {"0": 0.6311810892177612, "1": 0.7983457739215996, "2": 0.9791172687783787}, "mu": {"0": 1.1426965236502318, "1": 1.141584351625864, "2": 1.108215460260153}, "phi": {"0": 0.14051400680447257, "1": 0.357266589939746, "2": 0.3251744740266328}, "psi": {"0": 1.463857181355346, "1": 0.5840619214801724, "2": 0.6115443542477303}, "sigma": {"0": 0.5097158716367762, "1": 0.9614027864243331, "2": 0.0}, "chi_high": 0.28356464695716643, "beta_low": null}