{"R": 40.0, "wi": 1, "di": 1, "delta": 1.0, "gamma": {"0": 1.1215702109301042, "1": 0.8658953488267752, "2": 1.1912261315206392}, "mu": {"0": 1.0299097111835651, "1": 1.0361390737475058, "2": 1.1219921220075202}, "phi": {"0": 0.03883741147734543, "1": 0.46459264263918, "2": 0.4790546561471405}, "psi": {"0": 0.8897991783982743, "1": 1.228206714741257, "2": 1.0475261110216658}, "sigma": {"0": 0.7031735725882173, "1": 0.0, "2": 0.0}, "chi_high": null, "beta_low": 0.013924799933105256}