{"R": 40.0, "wi": 3, "di": 2, "delta": 1.0, "gamma": {"0": 1.4740271916525862, "1": 0.7808377833150314, "2": 1.1932498983279451}, "mu": {"0": 1.0675395081385348, "1": 1.0252696380463717, "2": 1.1386281511054341}, "phi": {"0": 0.013293771433190549, "1": 0.44744527482656304, "2": 0.7595572669563577}, "psi": {"0": 1.1503708893195417, "1": 1.4994411996342523, "2": 0.9398384202776819}, "sigma": {"0": 0.5204369638922453, "1": 0.7942725844527804, "2": 0.0}, "chi_high": 0.6488875258267488, "beta_low": null}