{"R": 40.0, "wi": 0, "di": 2, "delta": 1.0, "gamma": {"0": 1.1615462478709837, "1": 1.2047484756757685, "2": 0.8790313950191319}, "mu": {"0": 1.081267883814663, "1": 1.0521328343260927, "2": 1.0304107892920882}, "phi": {"0": 0.040099382215662005, "1": 0.9177558609057017, "2": 0.7237290617853027}, "psi": {"0": 0.8382562779571553, "1": 1.4763619196982773, "2": 0.9651142097356837}, "sigma": {"0": 0.7083367295296353, "1": 0.9341514514037772, "2": 0.0}, "chi_high": 0.8130243393432541, "beta_low": 0.31764552541769625}