{"R": 40.0, "wi": 0, "di": 0, "delta": 1.0, "gamma": {"0": 1.4435071503664405, "1": 0.6569682657653045, "2": 1.2401744779051818}, "mu": {"0": 1.0462040388148515, "1": 1.0394875516508413, "2": 1.129856585011187}, "phi": {"0": 0.9072345729255189, "1": 0.16816237103588794, "2": 0.5464237161761148}, "psi": {"0": 0.971905080224529, "1": 0.7160783407859838, "2": 1.0363131500395588}, "sigma": {"0": 0.6068864020587508, "1": 0.977217080934786, "2": 0.0}, "chi_high": 0.5753256985354899, "beta_low": 0.29342197387284663}