{"R": 40.0, "wi": 1, "di": 1, "delta": 1.0, "gamma": {"0": 0.8486327833058852, "1": 0.9967702498102646, "2": 0.9113574630664382}, "mu": {"0": 1.067089915037436, "1": 1.1427583722362293, "2": 1.006011518918311}, "phi": {"0": 0.9597615195932091, "1": 0.42061137529082404, "2": 0.2567855541671873}, "psi": {"0": 0.6892966765386427, "1": 0.7069639974088855, "2": 1.0711357729064335}, "sigma": {"0": 0.8245348173156459, "1": 0.0, "2": 0.0}, "chi_high": null, "beta_low": 0.34745887246081686}