{"R": 40.0, "wi": 0, "di": 2, "delta": 1.0, "gamma": {"0": 0.974186891223849, "1": 0.934831910951733, "2": 0.657541067228379}, "mu": {"0": 1.1355574446816508, "1": 1.0680076281824444, "2": 1.0048428499282804}, "phi": {"0": 0.7465581196236586, "1": 0.8999319440781555, "2": 0.7090427143893351}, "psi": {"0": 1.0692111497024883, "1": 1.2238587841186117, "2": 0.7079807036457471}, "sigma": {"0": 0.6891191889617971, "1": 0.9764137097487396, "2": 0.0}, "chi_high": 0.6296338169090031, "beta_low": 0.6939260442493557}