{"R": 40.0, "wi": 0, "di": 1, "delta": 1.0, "gamma": {"0": 1.2852415208294188, "1": 0.5322901616034348, "2": 1.4824065359489302}, "mu": {"0": 1.0908803542768184, "1": 1.1241236935502212, "2": 1.0035835986625183}, "phi": {"0": 0.011488717476722754, "1": 0.1289685138624339, "2": 0.42215373755558616}, "psi": {"0": 0.9937523666821615, "1": 1.0493063154117621, "2": 0.5358872038679714}, "sigma": {"0": 0.7417860691170841, "1": 0.9405302753470575, "2": 0.0}, "chi_high": 0.9306092046633921, "beta_low": 0.22213959421444868}