{"R": 40.0, "wi": 3, "di": 1, "delta": 1.0, "gamma": {"0": 1.0947268471851257, "1": 1.163821977618686, "2": 1.4192592642599773}, "mu": {"0": 1.148720338906049, "1": 1.1259730200391127, "2": 1.1430723637153497}, "phi": {"0": 0.19013692542211258, "1": 0.2691126387633642, "2": 0.698855757757349}, "psi": {"0": 1.4438808660892173, "1": 1.0866425338014238, "2": 0.7724268462881277}, "sigma": {"0": 0.7144469328138803, "1": 0.9438846304386399, "2": 0.0}, "chi_high": 0.6370113598065198, "beta_low": null}