{"R": 40.0, "wi": 2, "di": 0, "delta": 1.0, "gamma": {"0": 1.4757705516894615, "1": 0.5835176979404171, "2": 0.9227502852054803}, "mu": {"0": 1.0189706063619928, "1": 1.040110613558876, "2": 1.0813879690507058}, "phi": {"0": 0.4000555971229044, "1": 0.1296008534034686, "2": 0.320324308186533}, "psi": {"0": 0.5026563229377956, "1": 1.479305820692362, "2": 1.157325219855612}, "sigma": {"0": 0.5243626699956476, "1": 0.9491815054488694, "2": 0.0}, "chi_high": null, "beta_low": null}