{"R": 40.0, "wi": 0, "di": 1, "delta": 1.0, "gamma": {"0": 1.0417726177478586, "1": 1.2995462201389527, "2": 0.5251689388047998}, "mu": {"0": 1.0771563356252323, "1": 1.0947739464869286, "2": 1.0302497664497663}, "phi": {"0": 0.20166987341955744, "1": 0.5777370538615939, "2": 0.35652806958429484}, "psi": {"0": 0.9635509180288995, "1": 1.385407484991863, "2": 1.0392321226454784}, "sigma": {"0": 0.7139393951886202, "1": 0.5950974147504366, "2": 0.0}, "chi_high": 0.19233016847457432, "beta_low": 0.7709527843018998}