{"R": 40.0, "wi": 0, "di": 0, "delta": 1.0, "gamma": {"0": 1.1607117728400662, "1": 1.457888722178776, "2": 0.7778254004381465}, "mu": {"0": 1.1415802725037427, "1": 1.1127155972703837, "2": 1.0857644219520584}, "phi": {"0": 0.08742329461205267, "1": 0.9087303613615061, "2": 0.4172410921441635}, "psi": {"0": 0.7036049632782816, "1": 0.5112903039414107, "2": 0.5802383405161283}, "sigma": {"0": 0.5040601605580504, "1": 0.8199413706337113, "2": 0.0}, "chi_high": 0.47919617339933224, "beta_low": 0.6832909291307973}