{"R": 40.0, "wi": 3, "di": 0, "delta": 1.0, "gamma": {"0": 1.3537467664544, "1": 0.9496388640439221, "2": 0.8322181058876877}, "mu": {"0": 1.0043695415070728, "1": 1.1414485813381776, "2": 1.1095731364001113}, "phi": {"0": 0.5963287300614906, "1": 0.23402847211640299, "2": 0.8505358921648593}, "psi": {"0": 1.1732724385930204, "1": 1.111821138883725, "2": 1.3247141389232366}, "sigma": {"0": 0.7000819334636831, "1": 0.9651334453442628, "2": 0.0}, "chi_high": 0.6791808851650843, "beta_low": null}