{"R": 40.0, "wi": 0, "di": 2, "delta": 1.0, "gamma": {"0": 0.6599895139943932, "1": 1.4078472887821634, "2": 0.7199019611145437}, "mu": {"0": 1.0597367117241472, "1": 1.07656573374926, "2": 1.110399385880231}, "phi": {"0": 0.0019338939204052163, "1": 0.128301008695479, "2": 0.5003530814546592}, "psi": {"0": 1.2974533811038347, "1": 0.7432729136202403, "2": 1.355670652534017}, "sigma": {"0": 0.6665455901831513, "1": 0.6474857147283238, "2": 0.0}, "chi_high": 0.7418585726418138, "beta_low": 0.3712579498771495}