{"R": 40.0, "wi": 0, "di": 0, "delta": 1.0, "gamma": {"0": 0.7784379855000463, "1": 1.158333099424349, "2": 1.0065034669146147}, "mu": {"0": 1.0937928129422825, "1": 1.1331001968863919, "2": 1.0590557314674245}, "phi": {"0": 0.086033494374123, "1": 0.8750272587157323, "2": 0.9052605265179355}, "psi": {"0": 0.6020701126090512, "1": 0.5458527507033331, "2": 1.3626607583707178}, "sigma": {"0": 0.930448345220324, "1": 0.6746944212617673, "2": 0.0}, "chi_high": 0.19510763829709205, "beta_low": 0.4162580960319982}