{"R": 40.0, "wi": 3, "di": 2, "delta": 1.0, "gamma": {"0": 0.620381562449628, "1": 1.3588085384512336, "2": 0.6727480259937644}, "mu": {"0": 1.1050830958289999, "1": 1.1465856428663066, "2": 1.1036592674709338}, "phi": {"0": 0.039164261562591896, "1": 0.341413498539195, "2": 0.4293992836921041}, "psi": {"0": 0.6282375908269594, "1": 1.0348411086295144, "2": 0.7710122555458293}, "sigma": {"0": 0.6916296000120981, "1": 0.9701384533176807, "2": 0.0}, "chi_high": 0.7644599658108814, "beta_low": null}