{"R": 40.0, "wi": 0, "di": 0, "delta": 1.0, "gamma": {"0": 0.861089270589292, "1": 1.4201997674364741, "2": 1.1642746388641205}, "mu": {"0": 1.1491834723637042, "1": 1.126558391812191, "2": 1.0233896565309097}, "phi": {"0": 0.9866937463076209, "1": 0.9408212131770513, "2": 0.36712535736569074}, "psi": {"0": 0.8758199784662108, "1": 0.5541861036924379, "2": 0.8463133315841513}, "sigma": {"0": 0.5701683517555625, "1": 0.8806262491110295, "2": 0.0}, "chi_high": 0.14941994727628977, "beta_low": 0.6879875409018661}