{"R": 40.0, "wi": 2, "di": 0, "delta": 1.0, "gamma": {"0": 1.2929287981839388, "1": 0.94234520790139, "2": 0.525111853118978}, "mu": {"0": 1.1087862787940614, "1": 1.0786601538086278, "2": 1.0564189228166123}, "phi": {"0": 0.5321383253349459, "1": 0.4935964482912446, "2": 0.3310953389078177}, "psi": {"0": 1.0309406582721745, "1": 1.4165615768159425, "2": 0.9405375644910398}, "sigma": {"0": 0.948207437911583, "1": 0.9191425973714469, "2": 0.0}, "chi_high": null, "beta_low": null}