{"R": 40.0, "wi": 3, "di": 0, "delta": 1.0, "gamma": {"0": 0.6184817335289696, "1": 0.5469493406266343, "2": 0.5395127817999394}, "mu": {"0": 1.147509011120124, "1": 1.133496300210604, "2": 1.1201841385048092}, "phi": {"0": 0.007093820316001587, "1": 0.5059206806638208, "2": 0.31029877674632067}, "psi": {"0": 1.409938043753551, "1": 1.2292466700624836, "2": 0.746070993095205}, "sigma": {"0": 0.9089411031064019, "1": 0.5228698612324447, "2": 0.0}, "chi_high": 0.11049552812175147, "beta_low": null}