{"R": 40.0, "wi": 0, "di": 0, "delta": 1.0, "gamma": {"0": 1.3555846846455137, "1": 1.1186170824813724, "2": 0.7553053216024928}, "mu": {"0": 1.0672879360869856, "1": 1.0901563623769726, "2": 1.1443995582721342}, "phi": {"0": 0.25200658429058054, "1": 0.01400738629489695, "2": 0.5694445697192166}, "psi": {"0": 1.1069652133568293, "1": 1.4450238465512286, "2": 1.355018237318804}, "sigma": {"0": 0.8812445991743463, "1": 0.7250261420946945, "2": 0.0}, "chi_high": 0.373566008371028, "beta_low": 0.4235447466037073}