{"R": 40.0, "wi": 3, "di": 2, "delta": 1.0, "gamma": {"0": 0.9638461226717434, "1": 0.6381012520852769, "2": 0.8787747104853393}, "mu": {"0": 1.0445583967390533, "1": 1.0721148658309243, "2": 1.0032572413524317}, "phi": {"0": 0.5882384351076234, "1": 0.11416531242093553, "2": 0.8488737560920813}, "psi": {"0": 1.2107491482504795, "1": 1.2958744210161197, "2": 1.178438714219503}, "sigma": {"0": 0.9297116915913528, "1": 0.694851320482401, "2": 0.0}, "chi_high": 0.3049308790204766, "beta_low": null}