{"R": 40.0, "wi": 3, "di": 1, "delta": 1.0, "gamma": {"0": 1.204133360856051, "1": 1.2960442272695492, "2": 1.3333106033431306}, "mu": {"0": 1.0566548054372118, "1": 1.1106558064610963, "2": 1.0965216337517438}, "phi": {"0": 0.7595376289102448, "1": 0.9324286407609794, "2": 0.16510028942048738}, "psi": {"0": 1.290989354308302, "1": 0.5384684997930749, "2": 0.923908534129192}, "sigma": {"0": 0.7106288147413866, "1": 0.745214465011409, "2": 0.0}, "chi_high": 0.7652418884222316, "beta_low": null}