{"R": 40.0, "wi": 1, "di": 0, "delta": 1.0, "gamma": {"0": 0.5510369011365056, "1": 0.8973989607616744, "2": 0.99753793706629}, "mu": {"0": 1.0394882049599514, "1": 1.0913857114918166, "2": 1.1162931506587999}, "phi": {"0": 0.5088412806977863, "1": 0.9420309370047202, "2": 0.28829999083470226}, "psi": {"0": 0.5866361838598684, "1": 0.5391607379483686, "2": 0.6552534341061566}, "sigma": {"0": 0.5866210159784389, "1": 0.0, "2": 0.0}, "chi_high": null, "beta_low": 0.7651325935507789}