{"R": 40.0, "wi": 2, "di": 0, "delta": 1.0, "gamma": {"0": 1.4238775393467304, "1": 0.8904701742786644, "2": 0.8360411133523901}, "mu": {"0": 1.0936657496318771, "1": 1.0735924002097412, "2": 1.0712853969939153}, "phi": {"0": 0.3867962755633483, "1": 0.4847779379388163, "2": 0.5506850645396681}, "psi": {"0": 0.8302704218179827, "1": 1.3150079959322245, "2": 1.125599736972808}, "sigma": {"0": 0.532970585772658, "1": 0.5636449162208341, "2": 0.0}, "chi_high": null, "beta_low": null}