{"R": 40.0, "wi": 3, "di": 2, "delta": 1.0, "gamma": {"0": 0.7838144908276838, "1": 1.054234764305198, "2": 1.4096729040213158}, "mu": {"0": 1.0442131271689998, "1": 1.1277801766558093, "2": 1.1162969545811114}, "phi": {"0": 0.5074451048948517, "1": 0.9328077788648605, "2": 0.9132997773527568}, "psi": {"0": 1.4256338266502047, "1": 0.7755426465999896, "2": 0.8426756944321038}, "sigma": {"0": 0.6608920693882608, "1": 0.7086194015109873, "2": 0.0}, "chi_high": 0.6824405730412078, "beta_low": null}