{"R": 40.0, "wi": 1, "di": 2, "delta": 1.0, "gamma": {"0": 0.7134779556795645, "1": 0.6704466826524803, "2": 1.0668422450980792}, "mu": {"0": 1.1471258090097398, "1": 1.0377490806099878, "2": 1.0721495402003582}, "phi": {"0": 0.10974291264581926, "1": 0.22589828531349998, "2": 0.806069102731602}, "psi": {"0": 0.5487207631930562, "1": 0.6563214089411163, "2": 0.6444000961060233}, "sigma": {"0": 0.9663990051774564, "1": 0.0, "2": 0.0}, "chi_high": null, "beta_low": 0.26111183410317357}