{"R": 40.0, "wi": 2, "di": 1, "delta": 1.0, "gamma": {"0": 0.5470027644732831, "1": 0.8210675426280847, "2": 1.3174621872982213}, "mu": {"0": 1.0956654083398945, "1": 1.0486072412089251, "2": 1.1239231365743594}, "phi": {"0": 0.33922430379291224, "1": 0.15307196096888953, "2": 0.05532248788242744}, "psi": {"0": 1.38468241090913, "1": 1.3130010725344468, "2": 0.879583736827018}, "sigma": {"0": 0.5475121614888858, "1": 0.5185338942420523, "2": 0.0}, "chi_high": null, "beta_low": null}