{"R": 40.0, "wi": 3, "di": 0, "delta": 1.0, "gamma": {"0": 0.9761185374201657, "1": 1.263879752628595, "2": 1.3864610926248648}, "mu": {"0": 1.1433235950594132, "1": 1.1067385097916702, "2": 1.1305497700156066}, "phi": {"0": 0.28283161931010214, "1": 0.42845584262408143, "2": 0.0454318280269399}, "psi": {"0": 1.265013489821686, "1": 1.156813907954378, "2": 1.4119532975870932}, "sigma": {"0": 0.8884441082475336, "1": 0.7401718328271969, "2": 0.0}, "chi_high": 0.014833542581031893, "beta_low": null}