{"R": 40.0, "wi": 2, "di": 2, "delta": 1.0, "gamma": {"0": 1.0856060111939327, "1": 0.965008652400219, "2": 1.4197229686165267}, "mu": {"0": 1.0056400087762642, "1": 1.04899918364984, "2": 1.0905401382942521}, "phi": {"0": 0.7393597293948964, "1": 0.006676783561312516, "2": 0.14227393312770953}, "psi": {"0": 1.1424491746525693, "1": 1.1095231818197993, "2": 1.2351892114392071}, "sigma": {"0": 0.5980938812357929, "1": 0.6896563408245598, "2": 0.0}, "chi_high": null, "beta_low": null}