{"R": 40.0, "wi": 2, "di": 1, "delta": 1.0, "gamma": {"0": 1.4720281763778615, "1": 0.5145509751557504, "2": 0.5671660909959128}, "mu": {"0": 1.005617670868169, "1": 1.067874559768729, "2": 1.009833547745558}, "phi": {"0": 0.7080186225746411, "1": 0.22019125232315429, "2": 0.8941803208909117}, "psi": {"0": 1.3565542867274076, "1": 1.0116697768175074, "2": 1.4850497383192256}, "sigma": {"0": 0.8543646086357599, "1": 0.746962628506721, "2": 0.0}, "chi_high": null, "beta_low": null}