{"R": 40.0, "wi": 3, "di": 2, "delta": 1.0, "gamma": {"0": 0.5689167331920948, "1": 1.075167562119412, "2": 1.207843233749327}, "mu": {"0": 1.0819637569399636, "1": 1.0240486307970762, "2": 1.0025841905990884}, "phi": {"0": 0.453831664037026, "1": 0.544029449133091, "2": 0.31299742486062854}, "psi": {"0": 0.9037479018624541, "1": 0.921336346237969, "2": 0.8959694274639897}, "sigma": {"0": 0.5390158748485221, "1": 0.9439422169636857, "2": 0.0}, "chi_high": 0.5040461627081488, "beta_low": null}