{"R": 40.0, "wi": 3, "di": 1, "delta": 1.0, "gamma": {"0": 1.1006464466873274, "1": 1.075295932131716, "2": 0.6267199980295826}, "mu": {"0": 1.010926886224815, "1": 1.0566746183616558, "2": 1.0292528243599954}, "phi": {"0": 0.9285905531073174, "1": 0.1581302572453126, "2": 0.9896688816005828}, "psi": {"0": 0.9704726388715958, "1": 1.3682029055924403, "2": 1.412872514863964}, "sigma": {"0": 0.5536993800557438, "1": 0.658422399738027, "2": 0.0}, "chi_high": 0.7883914131971507, "beta_low": null}