{"R": 40.0, "wi": 2, "di": 1, "delta": 1.0, "gamma": {"0": 1.207291687285341, "1": 1.0516296240122687, "2": 0.7455970488638551}, "mu": {"0": 1.0269550037892163, "1": 1.0096379972422747, "2": 1.0744480283078683}, "phi": {"0": 0.7033808918133093, "1": 0.5036971449834825, "2": 0.6610831056753643}, "psi": {"0": 0.5656783679616987, "1": 1.2736860051414371, "2": 0.6785815968761748}, "sigma": {"0": 0.6365829111974456, "1": 0.8896696898224961, "2": 0.0}, "chi_high": null, "beta_low": null}