{"R": 40.0, "wi": 1, "di": 0, "delta": 1.0, "gamma": {"0": 0.7425646095438876, "1": 0.6944771669365033, "2": 0.6006581095866039}, "mu": {"0": 1.0698077534255508, "1": 1.0300276843327605, "2": 1.0623143069262153}, "phi": {"0": 0.14071241651625888, "1": 0.761673402978774, "2": 0.7579951442322498}, "psi": {"0": 0.9366701736530959, "1": 0.5544781659430592, "2": 1.3508525659361075}, "sigma": {"0": 0.9866652354809882, "1": 0.0, "2": 0.0}, "chi_high": null, "beta_low": 0.06256865752869525}