{"R": 40.0, "wi": 0, "di": 1, "delta": 1.0, "gamma": {"0": 0.8642340317850452, "1": 0.5311791588867616, "2": 1.4389754488945976}, "mu": {"0": 1.0268703348355832, "1": 1.0293515683847438, "2": 1.0048295237863019}, "phi": {"0": 0.8600184901521554, "1": 0.36583178887455003, "2": 0.31009670304405335}, "psi": {"0": 1.4788261478306213, "1": 1.2510891099837997, "2": 1.1178804924319596}, "sigma": {"0": 0.9782661829601833, "1": 0.5670607454698526, "2": 0.0}, "chi_high": 0.14199996563947118, "beta_low": 0.5230175685356824}