{"R": 40.0, "wi": 3, "di": 1, "delta": 1.0, "gamma": {"0": 0.8619947067656015, "1": 0.5276961791889903, "2": 1.0076906214372379}, "mu": {"0": 1.0311578107433643, "1": 1.0532763247872294, "2": 1.0306629601785184}, "phi": {"0": 0.281816526381206, "1": 0.8183532948030372, "2": 0.18181313576293945}, "psi": {"0": 1.285699270999907, "1": 1.4149216195551504, "2": 1.3482567071307738}, "sigma": {"0": 0.7615706418004198, "1": 0.6936196735443347, "2": 0.0}, "chi_high": 0.42875768346100745, "beta_low": null}