{"R": 40.0, "wi": 3, "di": 0, "delta": 1.0, "gamma": {"0": 1.2336664222102989, "1": 1.0384931842465566, "2": 1.3352689295924587}, "mu": {"0": 1.073931255713113, "1": 1.1213845255662522, "2": 1.0603663704363773}, "phi": {"0": 0.9587152287930053, "1": 0.0813339099539716, "2": 0.9788109468433014}, "psi": {"0": 1.0827282066169484, "1": 0.8934890172347167, "2": 1.2380247765843388}, "sigma": {"0": 0.7066476352440998, "1": 0.6611603846842076, "2": 0.0}, "chi_high": 0.38750229218046, "beta_low": null}