{"R": 40.0, "wi": 1, "di": 2, "delta": 1.0, "gamma": {"0": 0.9248624559653842, "1": 0.7114174033207299, "2": 0.5737359854357261}, "mu": {"0": 1.070481362927417, "1": 1.0552081825649235, "2": 1.0515992775068925}, "phi": {"0": 0.22266029482168725, "1": 0.15354459443854562, "2": 0.9619624455656892}, "psi": {"0": 1.3757828081199173, "1": 1.3992365274019363, "2": 0.9820580628759673}, "sigma": {"0": 0.6632491994384292, "1": 0.0, "2": 0.0}, "chi_high": null, "beta_low": 0.3730603730866164}