{"R": 40.0, "wi": 1, "di": 2, "delta": 1.0, "gamma": {"0": 1.423101465131071, "1": 0.5166331280768822, "2": 0.6862438994033352}, "mu": {"0": 1.0084553954177948, "1": 1.0113994916882707, "2": 1.0840792584459498}, "phi": {"0": 0.9874323564296261, "1": 0.18228322350697834, "2": 0.03776606761349721}, "psi": {"0": 0.5195511778738299, "1": 1.236804107199645, "2": 0.5185475780490953}, "sigma": {"0": 0.7287210206578927, "1": 0.0, "2": 0.0}, "chi_high": null, "beta_low": 0.290974532469817}