{"R": 40.0, "wi": 2, "di": 1, "delta": 1.0, "gamma": {"0": 0.9928450798090801, "1": 1.4597674445050537, "2": 0.5324538441518138}, "mu": {"0": 1.0294877425464928, "1": 1.0614577535032943, "2": 1.0228296323288537}, "phi": {"0": 0.9348536848195507, "1": 0.2701679676224059, "2": 0.9150122192512528}, "psi": {"0": 0.9479355958000798, "1": 0.7691849878616357, "2": 0.7532248099974405}, "sigma": {"0": 0.9162051925435033, "1": 0.9400057543159493, "2": 0.0}, "chi_high": null, "beta_low": null}