{"R": 40.0, "wi": 3, "di": 2, "delta": 1.0, "gamma": {"0": 0.8544904040934704, "1": 0.9098931870551785, "2": 1.29801565494966}, "mu": {"0": 1.0523478974435228, "1": 1.0072401268201152, "2": 1.0665103460143541}, "phi": {"0": 0.18471211744519023, "1": 0.6928816403461417, "2": 0.4071987497577355}, "psi": {"0": 1.4074213021157753, "1": 0.6309271645298489, "2": 0.5002587191042338}, "sigma": {"0": 0.5662978025504664, "1": 0.592739380547497, "2": 0.0}, "chi_high": 0.3826412240660267, "beta_low": null}