{"R": 40.0, "wi": 2, "di": 2, "delta": 1.0, "gamma": {"0": 0.7068827443185995, "1": 0.5187711152805827, "2": 1.2141014503474734}, "mu": {"0": 1.1220798865559627, "1": 1.0342330935496125, "2": 1.1219309212288278}, "phi": {"0": 0.7598738510141564, "1": 0.7240585973656579, "2": 0.8416178491362918}, "psi": {"0": 0.9633572817630333, "1": 0.951003394205646, "2": 0.8285612415267755}, "sigma": {"0": 0.8715774732952846, "1": 0.597181164126067, "2": 0.0}, "chi_high": null, "beta_low": null}