{"R": 40.0, "wi": 2, "di": 1, "delta": 1.0, "gamma": {"0": 0.880787891594155, "1": 1.3016620008204978, "2": 1.21297398708084}, "mu": {"0": 1.1065910419884324, "1": 1.0596230953374035, "2": 1.0763135688157224}, "phi": {"0": 0.31072845190207354, "1": 0.07867284973411304, "2": 0.20610841438384897}, "psi": {"0": 0.6531715499012426, "1": 1.3758044980273791, "2": 1.2810122641382238}, "sigma": {"0": 0.9891628991970625, "1": 0.9247332880008226, "2": 0.0}, "chi_high": null, "beta_low": null}