{"R": 40.0, "wi": 2, "di": 0, "delta": 1.0, "gamma": {"0": 0.9105135912603953, "1": 0.50959888677589, "2": 0.7154521031626853}, "mu": {"0": 1.0326935404054662, "1": 1.075339137565137, "2": 1.0782409664961878}, "phi": {"0": 0.7098044413635586, "1": 0.9426427460111251, "2": 0.5518772591286467}, "psi": {"0": 0.5271164855038596, "1": 0.6358953525458452, "2": 0.7417330848234931}, "sigma": {"0": 0.5949926677788168, "1": 0.9672117339872779, "2": 0.0}, "chi_high": null, "beta_low": null}