{"R": 40.0, "wi": 1, "di": 0, "delta": 1.0, "gamma": {"0": 0.9182738373498132, "1": 0.8775878064906871, "2": 1.3161609801409488}, "mu": {"0": 1.008010013904174, "1": 1.0117349668785598, "2": 1.14219387000317}, "phi": {"0": 0.19278990336476598, "1": 0.9271786445802495, "2": 0.8066626774492748}, "psi": {"0": 1.1017908298474843, "1": 1.2720714325812492, "2": 1.44619123223243}, "sigma": {"0": 0.5318066303489405, "1": 0.0, "2": 0.0}, "chi_high": null, "beta_low": 0.31825544745734147}