{"R": 40.0, "wi": 2, "di": 1, "delta": 1.0, "gamma": {"0": 0.5486984390900667, "1": 0.5359874674565678, "2": 0.9827321392680892}, "mu": {"0": 1.0360968568292621, "1": 1.073741404182437, "2": 1.1202559568678137}, "phi": {"0": 0.26817530448155635, "1": 0.27594428763573475, "2": 0.060904221835691885}, "psi": {"0": 0.8313977860718855, "1": 1.4481410915835622, "2": 0.7398211897698708}, "sigma": {"0": 0.5421014631471484, "1": 0.5698645390220198, "2": 0.0}, "chi_high": null, "beta_low": null}