{"R": 40.0, "wi": 2, "di": 0, "delta": 1.0, "gamma": {"0": 1.471402181466781, "1": 1.0726685995257093, "2": 1.258443761358019}, "mu": {"0": 1.0926065673121235, "1": 1.098545190161632, "2": 1.0317094799125446}, "phi": {"0": 0.5469434090744452, "1": 0.4297808675944519, "2": 0.6450556334672768}, "psi": {"0": 0.9075005129877636, "1": 0.9263920027549571, "2": 0.8480231322250936}, "sigma": {"0": 0.5847098149367636, "1": 0.8166832007689258, "2": 0.0}, "chi_high": null, "beta_low": null}