{"R": 40.0, "wi": 3, "di": 1, "delta": 1.0, "gamma": {"0": 0.5985987171285884, "1": 1.2565445083659486, "2": 1.1224807381696953}, "mu": {"0": 1.1315580833611412, "1": 1.0446149908044218, "2": 1.1203782552224597}, "phi": {"0": 0.8877966508397916, "1": 0.35267954985239025, "2": 0.17747066561240077}, "psi": {"0": 0.6717947365385771, "1": 1.2728398960589913, "2": 1.378139363576559}, "sigma": {"0": 0.958814967500111, "1": 0.913996515730218, "2": 0.0}, "chi_high": 0.905944481996461, "beta_low": null}