{"R": 40.0, "wi": 0, "di": 1, "delta": 1.0, "gamma": {"0": 1.3319932765412847, "1": 0.9766139076351918, "2": 0.7438307627958274}, "mu": {"0": 1.0724491815659385, "1": 1.0387109655722517, "2": 1.0877383462723955}, "phi": {"0": 0.2020896696256017, "1": 0.9334901756807004, "2": 0.54402581278453}, "psi": {"0": 1.0689101122473725, "1": 1.2817310924669456, "2": 1.3098493468216796}, "sigma": {"0": 0.611138228413519, "1": 0.626923581909002, "2": 0.0}, "chi_high": 0.5979530085598481, "beta_low": 0.052766033278763516}