{"R": 40.0, "wi": 0, "di": 0, "delta": 1.0, "gamma": {"0": 0.5274521260676602, "1": 0.7197260282953455, "2": 0.6438155163909524}, "mu": {"0": 1.0494109640057108, "1": 1.1349857581448903, "2": 1.1002554118538008}, "phi": {"0": 0.17048825047167238, "1": 0.35693210160316113, "2": 0.3505181605317843}, "psi": {"0": 0.5267402186381198, "1": 1.4239341349242083, "2": 0.6243743626631509}, "sigma": {"0": 0.6516283842769389, "1": 0.9035677888589762, "2": 0.0}, "chi_high": 0.325592774839585, "beta_low": 0.13203327901563566}