{"R": 40.0, "wi": 3, "di": 2, "delta": 1.0, "gamma": {"0": 0.8555445319451233, "1": 1.4787876574585743, "2": 1.0932450079191685}, "mu": {"0": 1.0361619698857525, "1": 1.075593300309642, "2": 1.094355573998341}, "phi": {"0": 0.7259199449421596, "1": 0.5013652997405228, "2": 0.627242819134719}, "psi": {"0": 0.6509228430185795, "1": 0.7507720422686845, "2": 1.0817449384887983}, "sigma": {"0": 0.7851544390818952, "1": 0.800377625421831, "2": 0.0}, "chi_high": 0.9843425823859523, "beta_low": null}