{"R": 40.0, "wi": 0, "di": 1, "delta": 1.0, "gamma": {"0": 0.9869891051689774, "1": 0.6082235936691712, "2": 1.3323206347095304}, "mu": {"0": 1.0628536612821842, "1": 1.0748743932267733, "2": 1.0989756806993265}, "phi": {"0": 0.0525517085089654, "1": 0.824105514715334, "2": 0.6763314206939005}, "psi": {"0": 0.6259509144482708, "1": 0.765811856353604, "2": 0.990229541878138}, "sigma": {"0": 0.6102115141837419, "1": 0.5148746980304262, "2": 0.0}, "chi_high": 0.048415371415340046, "beta_low": 0.975461717061965}