{"R": 40.0, "wi": 2, "di": 1, "delta": 1.0, "gamma": {"0": 0.8917376390259446, "1": 0.546041120681771, "2": 0.5931311537136212}, "mu": {"0": 1.075634192398747, "1": 1.0879665210440967, "2": 1.0879744154936513}, "phi": {"0": 0.4110617371228439, "1": 0.43459820565878715, "2": 0.2706145688817825}, "psi": {"0": 0.64860682608755, "1": 1.4491031551553109, "2": 1.196798815929877}, "sigma": {"0": 0.6787009501893674, "1": 0.9176391644321662, "2": 0.0}, "chi_high": null, "beta_low": null}