{"R": 40.0, "wi": 0, "di": 1, "delta": 1.0, "gamma": {"0": 1.3669334186369597, "1": 1.2402656905512517, "2": 0.5812897327122284}, "mu": {"0": 1.082311258491353, "1": 1.1067238343848824, "2": 1.099179882473871}, "phi": {"0": 0.74532770545251, "1": 0.8285899746629802, "2": 0.16540612084981843}, "psi": {"0": 0.598051846315562, "1": 0.9229804994000356, "2": 1.1487716344944774}, "sigma": {"0": 0.7280441088321512, "1": 0.8285669000341445, "2": 0.0}, "chi_high": 0.94791345077125, "beta_low": 0.8463057096600042}