{"R": 40.0, "wi": 0, "di": 2, "delta": 1.0, "gamma": {"0": 1.403586786377101, "1": 1.0419672746104078, "2": 1.0426071971069497}, "mu": {"0": 1.0556467932936773, "1": 1.0626503529713818, "2": 1.0850823712770392}, "phi": {"0": 0.9594353902245908, "1": 0.6944586430539832, "2": 0.6570120075129684}, "psi": {"0": 1.178742803070544, "1": 0.7825513429254175, "2": 0.7438363545348707}, "sigma": {"0": 0.9804525690871286, "1": 0.5299307596446943, "2": 0.0}, "chi_high": 0.9432540878102476, "beta_low": 0.3085923704441422}