{"R": 40.0, "wi": 0, "di": 2, "delta": 1.0, "gamma": {"0": 1.2926240648108736, "1": 1.4184111107726205, "2": 0.7336689600883685}, "mu": {"0": 1.0964499805096661, "1": 1.0474020370189276, "2": 1.1296157400408522}, "phi": {"0": 0.5335554378959472, "1": 0.19655560293251395, "2": 0.2291385911931091}, "psi": {"0": 1.1138512714457902, "1": 1.1259883021520907, "2": 0.7294498170097118}, "sigma": {"0": 0.7618642695528559, "1": 0.8565059226308497, "2": 0.0}, "chi_high": 0.02590804459723528, "beta_low": 0.7269388968646296}