{"R": 40.0, "wi": 1, "di": 2, "delta": 1.0, "gamma": {"0": 0.8205077126834636, "1": 0.8424091496261122, "2": 0.9382305292109775}, "mu": {"0": 1.12705433082022, "1": 1.102615074050302, "2": 1.1315211526316202}, "phi": {"0": 0.7843591471681641, "1": 0.0791717229833091, "2": 0.139276807477284}, "psi": {"0": 1.4940577417280236, "1": 1.3899800715240147, "2": 0.8011894043166145}, "sigma": {"0": 0.9881018556649467, "1": 0.0, "2": 0.0}, "chi_high": null, "beta_low": 0.9756091612375881}