{"R": 40.0, "wi": 3, "di": 0, "delta": 1.0, "gamma": {"0": 0.8266828997516481, "1": 0.7167221297063905, "2": 0.7290067874101656}, "mu": {"0": 1.1458042804384156, "1": 1.009728409194013, "2": 1.130415889412106}, "phi": {"0": 0.8109723690729164, "1": 0.9654490585557215, "2": 0.650959961617269}, "psi": {"0": 1.2986037224868427, "1": 0.6670236263671716, "2": 0.6616790510711347}, "sigma": {"0": 0.8806703914774408, "1": 0.9267098486180243, "2": 0.0}, "chi_high": 0.12732434127799505, "beta_low": null}