{"R": 40.0, "wi": 3, "di": 1, "delta": 1.0, "gamma": {"0": 0.7828338416117369, "1": 0.727574504080181, "2": 0.8380206398923629}, "mu": {"0": 1.0511897815267455, "1": 1.0994329380975834, "2": 1.0125726331311926}, "phi": {"0": 0.6403859459353464, "1": 0.3032825720787372, "2": 0.46121473227304577}, "psi": {"0": 1.4518261259637555, "1": 1.2244703376542716, "2": 0.7238934559525728}, "sigma": {"0": 0.6960060273765739, "1": 0.9720140046786745, "2": 0.0}, "chi_high": 0.5053008509892729, "beta_low": null}