{"R": 40.0, "wi": 2, "di": 2, "delta": 1.0, "gamma": {"0": 1.3854908329675666, "1": 1.187983480744228, "2": 0.5218317675086245}, "mu": {"0": 1.07334198898196, "1": 1.0784048331873062, "2": 1.09915519702984}, "phi": {"0": 0.29228611663768056, "1": 0.8452554813231847, "2": 0.305169918374968}, "psi": {"0": 0.557037638779344, "1": 0.9232772168229193, "2": 0.5352643431449295}, "sigma": {"0": 0.8802217978499448, "1": 0.5841954028108651, "2": 0.0}, "chi_high": null, "beta_low": null}