{"R": 40.0, "wi": 2, "di": 0, "delta": 1.0, "gamma": {"0": 0.6111960756572454, "1": 1.4395508356415552, "2": 1.029941647682497}, "mu": {"0": 1.0029760372146452, "1": 1.024375427355338, "2": 1.0659206271382868}, "phi": {"0": 0.3973623093397479, "1": 0.3389406676466249, "2": 0.58656039933254}, "psi": {"0": 1.0165915965690595, "1": 0.6343574507799156, "2": 0.9760320924763995}, "sigma": {"0": 0.8753720608867839, "1": 0.652520487710471, "2": 0.0}, "chi_high": null, "beta_low": null}