{"R": 40.0, "wi": 2, "di": 0, "delta": 1.0, "gamma": {"0": 0.7725389072048803, "1": 0.9283718590345176, "2": 1.0347132972991577}, "mu": {"0": 1.1379315813761222, "1": 1.0141904880279258, "2": 1.0734177985544178}, "phi": {"0": 0.8231980838353059, "1": 0.05397058691671641, "2": 0.5767222598795676}, "psi": {"0": 0.7401434332934991, "1": 0.7358990468924059, "2": 1.014563084804402}, "sigma": {"0": 0.9690899768021074, "1": 0.5418556266981869, "2": 0.0}, "chi_high": null, "beta_low": null}