{"R": 40.0, "wi": 3, "di": 0, "delta": 1.0, "gamma": {"0": 0.6996645462962998, "1": 1.3059946086395917, "2": 1.2658560989046364}, "mu": {"0": 1.08694256395618, "1": 1.1380555231002583, "2": 1.1309033414712}, "phi": {"0": 0.23633260093456498, "1": 0.18813802997093676, "2": 0.5978559712239222}, "psi": {"0": 1.0347874155011274, "1": 0.5571049400398894, "2": 1.4781657384940767}, "sigma": {"0": 0.825969315832564, "1": 0.9668697535626518, "2": 0.0}, "chi_high": 0.0958980278305988, "beta_low": null}