{"R": 40.0, "wi": 0, "di": 0, "delta": 1.0, "gamma": {"0": 1.2312131804637187, "1": 1.1792488592274015, "2": 1.1272232971073128}, "mu": {"0": 1.1301997112574385, "1": 1.0792308933753278, "2": 1.1215250006063862}, "phi": {"0": 0.8478106627059769, "1": 0.38057544690425316, "2": 0.16003890319303227}, "psi": {"0": 1.1410390873849838, "1": 0.6463200677646033, "2": 0.551164869485727}, "sigma": {"0": 0.6425120529880722, "1": 0.6196913529979803, "2": 0.0}, "chi_high": 0.44804784135426157, "beta_low": 0.03440073688887624}