{"R": 40.0, "wi": 2, "di": 2, "delta": 1.0, "gamma": {"0": 0.6962692222463189, "1": 0.576484597386927, "2": 0.6871725785829244}, "mu": {"0": 1.0264267827911222, "1": 1.0369737755210868, "2": 1.0178389553412657}, "phi": {"0": 0.11498791013442367, "1": 0.45350599289997395, "2": 0.7679218155110822}, "psi": {"0": 0.8275524545169453, "1": 0.6287604144907705, "2": 1.2068174613569336}, "sigma": {"0": 0.7185752168667279, "1": 0.7225995909163341, "2": 0.0}, "chi_high": null, "beta_low": null}