{"R": 40.0, "wi": 0, "di": 1, "delta": 1.0, "gamma": {"0": 0.5130411055672258, "1": 1.3658785832773634, "2": 0.756192609020357}, "mu": {"0": 1.1369075231066927, "1": 1.0226722076915926, "2": 1.1460427897470506}, "phi": {"0": 0.14235237908566822, "1": 0.5065105206255922, "2": 0.818363918514417}, "psi": {"0": 0.5326303683333777, "1": 0.8994141433887032, "2": 1.412332874824632}, "sigma": {"0": 0.6480189156222713, "1": 0.6942512507018685, "2": 0.0}, "chi_high": 0.9393742254387927, "beta_low": 0.04932484197087143}