{"R": 40.0, "wi": 3, "di": 2, "delta": 1.0, "gamma": {"0": 1.3906665117197257, "1": 0.6499790598811859, "2": 1.304714801378164}, "mu": {"0": 1.0412784256241778, "1": 1.1204979145947227, "2": 1.0286836260524101}, "phi": {"0": 0.41583975441850374, "1": 0.6445918892155134, "2": 0.2473645289149059}, "psi": {"0": 1.3625877655658911, "1": 1.4004138233099237, "2": 1.3561072031628192}, "sigma": {"0": 0.5541061733890047, "1": 0.7054109074143419, "2": 0.0}, "chi_high": 0.6576595560475312, "beta_low": null}