{"R": 40.0, "wi": 1, "di": 0, "delta": 1.0, "gamma": {"0": 1.1990456364746152, "1": 1.4770217844098086, "2": 1.041235346418847}, "mu": {"0": 1.02245154956742, "1": 1.1416377923682008, "2": 1.1298374721558366}, "phi": {"0": 0.5826774365649173, "1": 0.3597978504641153, "2": 0.9612236365508764}, "psi": {"0": 1.1587326404779588, "1": 0.6454499509219042, "2": 0.7584551609427609}, "sigma": {"0": 0.7794379224151253, "1": 0.0, "2": 0.0}, "chi_high": null, "beta_low": 0.6956437339518472}