{"R": 40.0, "wi": 3, "di": 0, "delta": 1.0, "gamma": {"0": 1.3403827471023757, "1": 1.2673200824430015, "2": 1.2253552300709907}, "mu": {"0": 1.1056801539865382, "1": 1.069451834179361, "2": 1.0140572982198197}, "phi": {"0": 0.07313389168818807, "1": 0.901622075126449, "2": 0.05271988597985877}, "psi": {"0": 1.1688097556297128, "1": 1.457322364833387, "2": 1.4181048060720927}, "sigma": {"0": 0.687659725911195, "1": 0.9311584185391446, "2": 0.0}, "chi_high": 0.7045112102459363, "beta_low": null}