{"R": 40.0, "wi": 2, "di": 0, "delta": 1.0, "gamma": {"0": 0.6226515353614113, "1": 1.4269543642013645, "2": 1.1089071640598704}, "mu": {"0": 1.0076732330734368, "1": 1.1165468918898054, "2": 1.0868488214917305}, "phi": {"0": 0.1004900529819589, "1": 0.5504341863712824, "2": 0.7608951211273651}, "psi": {"0": 0.7374800879570423, "1": 1.3096087320507193, "2": 0.8935311728709816}, "sigma": {"0": 0.7272017157678095, "1": 0.7383515068259952, "2": 0.0}, "chi_high": null, "beta_low": null}