{"R": 40.0, "wi": 2, "di": 1, "delta": 1.0, "gamma": {"0": 0.5157717818663871, "1": 1.089881999934002, "2": 1.329965635676106}, "mu": {"0": 1.1145426471824431, "1": 1.0560974757240134, "2": 1.122182903527433}, "phi": {"0": 0.9404445814602432, "1": 0.5661637163596375, "2": 0.47908906236190163}, "psi": {"0": 0.8535482937862949, "1": 0.9064203170095274, "2": 0.8803165751489442}, "sigma": {"0": 0.6244145841075801, "1": 0.9794976821196952, "2": 0.0}, "chi_high": null, "beta_low": null}