{"R": 40.0, "wi": 3, "di": 1, "delta": 1.0, "gamma": {"0": 1.3978167135598731, "1": 0.8686517366989022, "2": 0.6576093902955928}, "mu": {"0": 1.040873209209333, "1": 1.0813810595093702, "2": 1.1318520484667467}, "phi": {"0": 0.2171790055954177, "1": 0.4889567026434951, "2": 0.06522353290131255}, "psi": {"0": 0.5336768521149431, "1": 0.9008767705850745, "2": 0.828233958044398}, "sigma": {"0": 0.6207251606361437, "1": 0.8988489638129857, "2": 0.0}, "chi_high": 0.9407688360264823, "beta_low": null}