{"R": 40.0, "wi": 3, "di": 1, "delta": 1.0, "gamma": {"0": 1.4422032969980596, "1": 1.3490631615543056, "2": 1.2041603171764692}, "mu": {"0": 1.123065198032497, "1": 1.1309447562968087, "2": 1.1226682268531853}, "phi": {"0": 0.8867220749995073, "1": 0.285035205499534, "2": 0.46372046530488964}, "psi": {"0": 0.8348365598799099, "1": 0.5465137443717166, "2": 1.4921937873324977}, "sigma": {"0": 0.5707999179238467, "1": 0.8861854747567034, "2": 0.0}, "chi_high": 0.9113642842882081, "beta_low": null}