{"R": 40.0, "wi": 3, "di": 0, "delta": 1.0, "gamma": {"0": 0.9677977554934792, "1": 1.0054175894718815, "2": 1.291838448704432}, "mu": {"0": 1.114571865392211, "1": 1.1361682645983882, "2": 1.053131991581378}, "phi": {"0": 0.19514465016467963, "1": 0.38162028525729363, "2": 0.5440474831007373}, "psi": {"0": 1.464249435549987, "1": 0.9377714729444463, "2": 0.7871362000409698}, "sigma": {"0": 0.7712526054156561, "1": 0.8950842290060698, "2": 0.0}, "chi_high": 0.928127180911484, "beta_low": null}