{"R": 40.0, "wi": 2, "di": 2, "delta": 1.0, "gamma": {"0": 1.4270810139330943, "1": 0.9215700523923137, "2": 0.7117363863382854}, "mu": {"0": 1.1080054034410833, "1": 1.0166108354880254, "2": 1.113850307863264}, "phi": {"0": 0.39190675363515337, "1": 0.38886514406132733, "2": 0.8586033597623338}, "psi": {"0": 0.5179265072719137, "1": 0.9550521176509501, "2": 1.2308032427894808}, "sigma": {"0": 0.5155709259682075, "1": 0.7440280150048546, "2": 0.0}, "chi_high": null, "beta_low": null}