{"R": 40.0, "wi": 3, "di": 2, "delta": 1.0, "gamma": {"0": 1.1140511656723842, "1": 1.4344883434415112, "2": 1.4481040583248186}, "mu": {"0": 1.107851781801925, "1": 1.0724284249573006, "2": 1.0207871843750507}, "phi": {"0": 0.6167437332537304, "1": 0.7311791411012574, "2": 0.7436851450432718}, "psi": {"0": 0.798331824986715, "1": 0.6944438912346647, "2": 0.8844957166177557}, "sigma": {"0": 0.9672831856310561, "1": 0.8220559503383739, "2": 0.0}, "chi_high": 0.1329433150540284, "beta_low": null}