{"R": 40.0, "wi": 1, "di": 1, "delta": 1.0, "gamma": {"0": 0.6319270621559655, "1": 0.93257091407122, "2": 0.9478516198122722}, "mu": {"0": 1.1067084935178406, "1": 1.1461422763128122, "2": 1.138868729722856}, "phi": {"0": 0.1787756778068148, "1": 0.5972988429543886, "2": 0.4003207130843157}, "psi": {"0": 1.0791379932416545, "1": 0.9071196078038644, "2": 1.3530885673153787}, "sigma": {"0": 0.5247925816072252, "1": 0.0, "2": 0.0}, "chi_high": null, "beta_low": 0.4554907700921747}