{"R": 40.0, "wi": 1, "di": 0, "delta": 1.0, "gamma": {"0": 0.7360495711042241, "1": 0.9400892934916254, "2": 1.1252576152010478}, "mu": {"0": 1.0873804335798707, "1": 1.0212118519969606, "2": 1.0656394652220125}, "phi": {"0": 0.9267476123921708, "1": 0.9107685883026623, "2": 0.2958048519606028}, "psi": {"0": 0.598955063579432, "1": 0.6319907666570721, "2": 0.7765226493912649}, "sigma": {"0": 0.6040469483416302, "1": 0.0, "2": 0.0}, "chi_high": null, "beta_low": 0.37659903819494817}