{"R": 40.0, "wi": 2, "di": 1, "delta": 1.0, "gamma": {"0": 0.6967514411910153, "1": 0.6953920653458766, "2": 1.4645588694148661}, "mu": {"0": 1.1479726992086874, "1": 1.0704403518733598, "2": 1.091874290469962}, "phi": {"0": 0.1996941720353419, "1": 0.8747035230406535, "2": 0.0373261435593778}, "psi": {"0": 0.7629062777019783, "1": 1.3125519212768824, "2": 0.9242977530631523}, "sigma": {"0": 0.5262652223840216, "1": 0.8147337699062962, "2": 0.0}, "chi_high": null, "beta_low": null}