{"R": 40.0, "wi": 1, "di": 2, "delta": 1.0, "gamma": {"0": 1.2026615679891006, "1": 0.5090489124838217, "2": 1.1561913542989095}, "mu": {"0": 1.1121766087820586, "1": 1.1460544880204757, "2": 1.089517443041997}, "phi": {"0": 0.42438398174223013, "1": 0.12206650264731767, "2": 0.8887870818823759}, "psi": {"0": 1.138199331779648, "1": 1.4521710002179993, "2": 1.307594777869875}, "sigma": {"0": 0.702856182678901, "1": 0.0, "2": 0.0}, "chi_high": null, "beta_low": 0.8933453027760921}