{"R": 40.0, "wi": 2, "di": 1, "delta": 1.0, "gamma": {"0": 1.1061396279542621, "1": 0.7407143951084401, "2": 0.783203859246097}, "mu": {"0": 1.1244900575964838, "1": 1.141768577228473, "2": 1.0242721506021593}, "phi": {"0": 0.25361866884105, "1": 0.032553668725831986, "2": 0.361067918448123}, "psi": {"0": 1.280710542760441, "1": 0.7433304108918314, "2": 1.3701740484027471}, "sigma": {"0": 0.7805111674826599, "1": 0.88323774338959, "2": 0.0}, "chi_high": null, "beta_low": null}