{"R": 40.0, "wi": 3, "di": 1, "delta": 1.0, "gamma": {"0": 0.6459070705857616, "1": 1.1233058100114963, "2": 0.9754755615340497}, "mu": {"0": 1.0139031556368172, "1": 1.0633709214391347, "2": 1.0661665950490644}, "phi": {"0": 0.19360496103206548, "1": 0.7933164272693142, "2": 0.10666132889947222}, "psi": {"0": 0.8849204901530748, "1": 0.9035034870093857, "2": 1.066535402776824}, "sigma": {"0": 0.933446855377978, "1": 0.617576689054465, "2": 0.0}, "chi_high": 0.5930520684502372, "beta_low": null}