{"R": 40.0, "wi": 0, "di": 2, "delta": 1.0, "gamma": {"0": 1.0160723233652305, "1": 0.5340753071796553, "2": 1.102952317738571}, "mu": {"0": 1.0551112086896537, "1": 1.12136750431146, "2": 1.1454964918865473}, "phi": {"0": 0.6469307607965417, "1": 0.6690292478168265, "2": 0.36689305884926127}, "psi": {"0": 1.2911701758306315, "1": 0.676668548227976, "2": 1.2268593964475731}, "sigma": {"0": 0.6190132750050266, "1": 0.7183287877038638, "2": 0.0}, "chi_high": 0.9559693722629329, "beta_low": 0.9687476421820034}