{"R": 40.0, "wi": 2, "di": 1, "delta": 1.0, "gamma": {"0": 1.288758420888, "1": 1.226025174272062, "2": 0.6561282131784258}, "mu": {"0": 1.0562001419669402, "1": 1.1282911807353644, "2": 1.0167571951200336}, "phi": {"0": 0.8284966417884831, "1": 0.5740302090660709, "2": 0.09202961112549246}, "psi": {"0": 0.7932751531709724, "1": 1.0205742726472566, "2": 0.7716989443696521}, "sigma": {"0": 0.7305338367669729, "1": 0.5665098466360122, "2": 0.0}, "chi_high": null, "beta_low": null}