{"R": 40.0, "wi": 3, "di": 1, "delta": 1.0, "gamma": {"0": 1.4561743177942614, "1": 1.1456732978246933, "2": 1.383081927237726}, "mu": {"0": 1.1171262617477633, "1": 1.0029846312964885, "2": 1.0497827121299508}, "phi": {"0": 0.7674635522697107, "1": 0.38485716497972533, "2": 0.48907641010881286}, "psi": {"0": 0.8827207860537657, "1": 0.9158485880339579, "2": 0.7512744259602544}, "sigma": {"0": 0.8762270600416194, "1": 0.6001101525720653, "2": 0.0}, "chi_high": 0.6669770304489249, "beta_low": null}