{"R": 40.0, "wi": 2, "di": 2, "delta": 1.0, "gamma": {"0": 0.9775640439538649, "1": 1.2694201245632506, "2": 1.3737857562573295}, "mu": {"0": 1.0256844052772618, "1": 1.10393450889977, "2": 1.064012468893177}, "phi": {"0": 0.6422545525174028, "1": 0.349313904791555, "2": 0.8702206377400679}, "psi": {"0": 1.0542797222686433, "1": 1.3914684342122912, "2": 1.4182669469873417}, "sigma": {"0": 0.9058302219055705, "1": 0.9802431604227155, "2": 0.0}, "chi_high": null, "beta_low": null}