{"R": 40.0, "wi": 1, "di": 2, "delta": 1.0, "gamma": {"0": 1.2479842889583892, "1": 0.5025771247011609, "2": 0.8790629672634585}, "mu": {"0": 1.0628200390399531, "1": 1.0147343732684195, "2": 1.0630364055012724}, "phi": {"0": 0.2637624084069391, "1": 0.685125332025864, "2": 0.4520427409307354}, "psi": {"0": 0.7997350175750257, "1": 1.1716346636538453, "2": 1.3633822118272685}, "sigma": {"0": 0.6628785534570958, "1": 0.0, "2": 0.0}, "chi_high": null, "beta_low": 0.9426990644277223}