{"R": 40.0, "wi": 0, "di": 2, "delta": 1.0, "gamma": {"0": 0.9467503948121021, "1": 0.7259087233330167, "2": 1.3846410233240647}, "mu": {"0": 1.0119715656226964, "1": 1.0703144452561388, "2": 1.0870850665730099}, "phi": {"0": 0.26381374059083407, "1": 0.9986482542315274, "2": 0.5107329881846497}, "psi": {"0": 0.8161227533550615, "1": 1.4598080711007988, "2": 0.8354568037362133}, "sigma": {"0": 0.656308941652741, "1": 0.838789552487648, "2": 0.0}, "chi_high": 0.9497237657748342, "beta_low": 0.08412613594374078}