{"R": 40.0, "wi": 3, "di": 0, "delta": 1.0, "gamma": {"0": 1.008971719131599, "1": 0.5179082434848132, "2": 0.9668175558256931}, "mu": {"0": 1.119465037440289, "1": 1.1449363451373866, "2": 1.1160199581106265}, "phi": {"0": 0.9394331669483164, "1": 0.5253366806437819, "2": 0.7594483828972131}, "psi": {"0": 1.1891703980877026, "1": 0.7677916932754317, "2": 1.441130005553458}, "sigma": {"0": 0.9755400483502299, "1": 0.901759638407275, "2": 0.0}, "chi_high": 0.6439719907273355, "beta_low": null}