{"R": 40.0, "wi": 3, "di": 0, "delta": 1.0, "gamma": {"0": 1.0618068173913326, "1": 0.7850273244302997, "2": 1.0467497297850858}, "mu": {"0": 1.0842368724636817, "1": 1.015487783220841, "2": 1.0873359282713975}, "phi": {"0": 0.2561316337664914, "1": 0.9454592818524243, "2": 0.12823107435411696}, "psi": {"0": 0.5418715147579539, "1": 1.3723687731550647, "2": 0.7931380753368691}, "sigma": {"0": 0.9081009720608426, "1": 0.8534047299126041, "2": 0.0}, "chi_high": 0.7480024133412371, "beta_low": null}