{"R": 40.0, "wi": 2, "di": 1, "delta": 1.0, "gamma": {"0": 0.8054921028089902, "1": 0.7044646420143283, "2": 0.6698219683285834}, "mu": {"0": 1.012832000738833, "1": 1.1279817165211798, "2": 1.1009447797106164}, "phi": {"0": 0.26942967801660456, "1": 0.6466627123443172, "2": 0.20119195583503857}, "psi": {"0": 0.6356193878048048, "1": 0.648325970392982, "2": 0.7123594220788786}, "sigma": {"0": 0.9552582371052398, "1": 0.7699972409580219, "2": 0.0}, "chi_high": null, "beta_low": null}