{"R": 40.0, "wi": 1, "di": 0, "delta": 1.0, "gamma": {"0": 0.9171462592013067, "1": 0.6219966604708522, "2": 0.551139365354242}, "mu": {"0": 1.1070919521662408, "1": 1.0480819917786992, "2": 1.05013209231972}, "phi": {"0": 0.18032634375426104, "1": 0.9829266105278245, "2": 0.822916513195624}, "psi": {"0": 1.3976282838421596, "1": 1.100465603868059, "2": 0.6663282440912253}, "sigma": {"0": 0.8259143447103099, "1": 0.0, "2": 0.0}, "chi_high": null, "beta_low": 0.9446872236580176}