{"R": 40.0, "wi": 0, "di": 2, "delta": 1.0, "gamma": {"0": 0.6177018787742034, "1": 0.6598203988890029, "2": 0.9328221943619767}, "mu": {"0": 1.149939286190877, "1": 1.1118733230246705, "2": 1.0912862479664125}, "phi": {"0": 0.6263131144768976, "1": 0.6442550162936638, "2": 0.711681023823068}, "psi": {"0": 0.5185423108050451, "1": 0.9499324406277764, "2": 1.351214360237856}, "sigma": {"0": 0.8449146617622706, "1": 0.8786657204942696, "2": 0.0}, "chi_high": 0.12714671100591673, "beta_low": 0.6421160292511375}