{"R": 40.0, "wi": 3, "di": 1, "delta": 1.0, "gamma": {"0": 1.1987418953909423, "1": 0.505392667153131, "2": 1.294798170509676}, "mu": {"0": 1.0636951838299187, "1": 1.1361196086541654, "2": 1.1298089451331146}, "phi": {"0": 0.3602022171425302, "1": 0.26422680796416176, "2": 0.9207829145335739}, "psi": {"0": 0.8107797679385879, "1": 1.288574863025938, "2": 1.0187590074081425}, "sigma": {"0": 0.8278504985805569, "1": 0.644964248321163, "2": 0.0}, "chi_high": 0.38846353008355056, "beta_low": null}