{"R": 40.0, "wi": 0, "di": 1, "delta": 1.0, "gamma": {"0": 0.8830405343026251, "1": 0.7725278772306741, "2": 0.5462185933647093}, "mu": {"0": 1.072808009450299, "1": 1.0005804289168272, "2": 1.05196861748088}, "phi": {"0": 0.9105406994102944, "1": 0.15747723083956444, "2": 0.8196472448714931}, "psi": {"0": 1.121961652934986, "1": 0.6570768530174531, "2": 1.487235251023252}, "sigma": {"0": 0.9785191522509621, "1": 0.6784555068170672, "2": 0.0}, "chi_high": 0.9473760365906826, "beta_low": 0.8915890254495921}