{"R": 40.0, "wi": 2, "di": 1, "delta": 1.0, "gamma": {"0": 1.4052839369997523, "1": 1.185657109770077, "2": 1.1688551989653833}, "mu": {"0": 1.0443799625360555, "1": 1.1405592821172488, "2": 1.117030951530732}, "phi": {"0": 0.7986813951552187, "1": 0.8312968216301511, "2": 0.9757055337982647}, "psi": {"0": 0.5529436289289702, "1": 0.9714062526243057, "2": 0.503118681176467}, "sigma": {"0": 0.8111366255192776, "1": 0.7416803494020605, "2": 0.0}, "chi_high": null, "beta_low": null}