{"R": 40.0, "wi": 1, "di": 0, "delta": 1.0, "gamma": {"0": 0.7787680359476149, "1": 1.1157932845020304, "2": 1.2889756001427473}, "mu": {"0": 1.025696872587262, "1": 1.0909238226141362, "2": 1.0658213466780044}, "phi": {"0": 0.2345138334414102, "1": 0.6172447833292833, "2": 0.20982552030790547}, "psi": {"0": 0.8805898015270853, "1": 0.5701751382467934, "2": 0.7662608674257204}, "sigma": {"0": 0.8938753249536933, "1": 0.0, "2": 0.0}, "chi_high": null, "beta_low": 0.19936894226530516}