{"R": 40.0, "wi": 1, "di": 1, "delta": 1.0, "gamma": {"0": 0.6867529931754122, "1": 1.485997009921216, "2": 0.7893671759342767}, "mu": {"0": 1.0056560196060027, "1": 1.0356677933796563, "2": 1.0598287780043925}, "phi": {"0": 0.029174226101350675, "1": 0.165467310988473, "2": 0.657894950718693}, "psi": {"0": 0.5972819803851235, "1": 0.8852052112413514, "2": 0.618722453332304}, "sigma": {"0": 0.9735976045456514, "1": 0.0, "2": 0.0}, "chi_high": null, "beta_low": 0.21689504769044704}