{"R": 40.0, "wi": 0, "di": 1, "delta": 1.0, "gamma": {"0": 0.8829834150705337, "1": 1.1534652043991982, "2": 0.9614194559764624}, "mu": {"0": 1.076002856546073, "1": 1.1486521730998824, "2": 1.1452786808140538}, "phi": {"0": 0.7476610052287128, "1": 0.1902331857428723, "2": 0.8865019074382825}, "psi": {"0": 1.123079888075066, "1": 0.7362876593802639, "2": 0.6900790553373148}, "sigma": {"0": 0.605666058154763, "1": 0.8369090017372234, "2": 0.0}, "chi_high": 0.22396448596952892, "beta_low": 0.6019111677894837}