{"R": 40.0, "wi": 3, "di": 2, "delta": 1.0, "gamma": {"0": 1.0587174745670063, "1": 1.1014884523379567, "2": 0.7655424909913121}, "mu": {"0": 1.1002372941348715, "1": 1.1083242170613137, "2": 1.0628308157607942}, "phi": {"0": 0.8850228148150614, "1": 0.8614767260880418, "2": 0.7721476753323687}, "psi": {"0": 1.4218418981763037, "1": 0.9641958175508272, "2": 1.2060346894852914}, "sigma": {"0": 0.5056495409803179, "1": 0.7293159971865664, "2": 0.0}, "chi_high": 0.8261293974402745, "beta_low": null}