{"R": 40.0, "wi": 1, "di": 1, "delta": 1.0, "gamma": {"0": 1.4639623869269132, "1": 1.211042536847164, "2": 1.0792181775783583}, "mu": {"0": 1.111553624703795, "1": 1.0351404575529934, "2": 1.114792442742666}, "phi": {"0": 0.11934470179592216, "1": 0.7238747092810984, "2": 0.5454966708473082}, "psi": {"0": 0.7255787598746772, "1": 0.5432719071153654, "2": 0.6721290530141798}, "sigma": {"0": 0.7326581446589717, "1": 0.0, "2": 0.0}, "chi_high": null, "beta_low": 0.1306052886786972}