{"R": 40.0, "wi": 2, "di": 1, "delta": 1.0, "gamma": {"0": 1.1669536182738924, "1": 0.9574564262188644, "2": 1.001757293474071}, "mu": {"0": 1.0055810692192535, "1": 1.0916366657499705, "2": 1.1086829523480923}, "phi": {"0": 0.4140316153927467, "1": 0.31012795302813867, "2": 0.019256492156930816}, "psi": {"0": 1.1245231009725492, "1": 0.9123178989151273, "2": 1.472602308830762}, "sigma": {"0": 0.5548506586092199, "1": 0.6639764984337764, "2": 0.0}, "chi_high": null, "beta_low": null}