{"R": 40.0, "wi": 1, "di": 1, "delta": 1.0, "gamma": {"0": 1.4168589433884133, "1": 1.0861663840943239, "2": 1.0096168070755085}, "mu": {"0": 1.0446803689433086, "1": 1.0021788740362334, "2": 1.057084325482139}, "phi": {"0": 0.22427156849494767, "1": 0.04666670774136561, "2": 0.4403550060153667}, "psi": {"0": 0.5714265006932571, "1": 1.3299836121350805, "2": 0.838599270686012}, "sigma": {"0": 0.9501004708320362, "1": 0.0, "2": 0.0}, "chi_high": null, "beta_low": 0.5861904761124451}