{"R": 40.0, "wi": 2, "di": 0, "delta": 1.0, "gamma": {"0": 1.2411821471542228, "1": 0.5874699483829141, "2": 1.2379973903674917}, "mu": {"0": 1.017428215594581, "1": 1.137565983133253, "2": 1.1284571855692822}, "phi": {"0": 0.4561555640786611, "1": 0.19244661106791927, "2": 0.8159801913743597}, "psi": {"0": 1.2450121852190867, "1": 0.8178469616207769, "2": 1.04408402890778}, "sigma": {"0": 0.9504116197202344, "1": 0.7297851278101749, "2": 0.0}, "chi_high": null, "beta_low": null}