{"R": 40.0, "wi": 3, "di": 2, "delta": 1.0, "gamma": {"0": 1.1930790389181858, "1": 0.742460869648252, "2": 0.5766387235716401}, "mu": {"0": 1.0034826919851456, "1": 1.0479081349564239, "2": 1.143534278808883}, "phi": {"0": 0.5180609349718491, "1": 0.9346291205136279, "2": 0.9773127597129321}, "psi": {"0": 1.4376138547803254, "1": 0.8227242411283279, "2": 1.25362009949863}, "sigma": {"0": 0.9362566365415543, "1": 0.9363795250654607, "2": 0.0}, "chi_high": 0.6003058762392645, "beta_low": null}