{"R": 40.0, "wi": 1, "di": 2, "delta": 1.0, "gamma": {"0": 0.5382244941695646, "1": 1.4433934790944296, "2": 0.6611897832676077}, "mu": {"0": 1.0137115193644641, "1": 1.1229305479275384, "2": 1.0681160751839858}, "phi": {"0": 0.041895517944156024, "1": 0.8817945952864579, "2": 0.4699620500058691}, "psi": {"0": 1.3300723267686774, "1": 0.5444377279657562, "2": 0.5148433015677999}, "sigma": {"0": 0.931338682380793, "1": 0.0, "2": 0.0}, "chi_high": null, "beta_low": 0.03583822165661075}