{"R": 40.0, "wi": 2, "di": 1, "delta": 1.0, "gamma": {"0": 0.8822660513560787, "1": 1.4547547306281716, "2": 0.6768107998114642}, "mu": {"0": 1.0864906988027112, "1": 1.0728689346306806, "2": 1.035333608276355}, "phi": {"0": 0.7642982882319282, "1": 0.7491681494083842, "2": 0.7768368727746829}, "psi": {"0": 0.9895058689591127, "1": 0.8548326807517436, "2": 1.0623913812920294}, "sigma": {"0": 0.72128138043424, "1": 0.7892347506526904, "2": 0.0}, "chi_high": null, "beta_low": null}