{"R": 40.0, "wi": 1, "di": 2, "delta": 1.0, "gamma": {"0": 0.9546834503493665, "1": 1.1226845588391878, "2": 1.359575240957144}, "mu": {"0": 1.0750378631898783, "1": 1.0005916921054678, "2": 1.0270716566266984}, "phi": {"0": 0.2621811273572844, "1": 0.011501731540759064, "2": 0.8091663231928276}, "psi": {"0": 0.5303286462630045, "1": 1.2205810928072038, "2": 1.163362376703414}, "sigma": {"0": 0.556053012979491, "1": 0.0, "2": 0.0}, "chi_high": null, "beta_low": 0.15168343039717316}