{"R": 40.0, "wi": 2, "di": 0, "delta": 1.0, "gamma": {"0": 0.7558207885954094, "1": 0.6781748947780489, "2": 1.3633915076916439}, "mu": {"0": 1.1019079700792662, "1": 1.003896336882739, "2": 1.0636696770668534}, "phi": {"0": 0.1362153036059025, "1": 0.717492072084439, "2": 0.44263632203897496}, "psi": {"0": 0.8669233355575772, "1": 1.2295134282744027, "2": 1.3532472575936045}, "sigma": {"0": 0.6491001133441423, "1": 0.5488141358892918, "2": 0.0}, "chi_high": null, "beta_low": null}