{"R": 40.0, "wi": 1, "di": 2, "delta": 1.0, "gamma": {"0": 0.5601137542374824, "1": 0.7168804048023181, "2": 0.7854707072898671}, "mu": {"0": 1.0743636593018384, "1": 1.0790684592279691, "2": 1.07928946779151}, "phi": {"0": 0.825276804171029, "1": 0.9837225222575224, "2": 0.3452896031790833}, "psi": {"0": 0.6548622982733099, "1": 1.1564967281530216, "2": 1.2414032139271187}, "sigma": {"0": 0.7222913367060722, "1": 0.0, "2": 0.0}, "chi_high": null, "beta_low": 0.3320442271341258}