{"R": 40.0, "wi": 0, "di": 1, "delta": 1.0, "gamma": {"0": 0.9178306466701617, "1": 1.0572621504402124, "2": 0.8451850052211529}, "mu": {"0": 1.0795294347312472, "1": 1.061535492484854, "2": 1.0066072528788337}, "phi": {"0": 0.6583069928860927, "1": 0.13733969439922944, "2": 0.9743674913616199}, "psi": {"0": 1.3972401747825312, "1": 0.7772698650948738, "2": 0.765209631841895}, "sigma": {"0": 0.8597293470387404, "1": 0.7718675255383658, "2": 0.0}, "chi_high": 0.7386056129332595, "beta_low": 0.9856064824930704}