{"R": 40.0, "wi": 0, "di": 0, "delta": 1.0, "gamma": {"0": 0.5784245795256917, "1": 0.9891138584749067, "2": 1.0159919794464758}, "mu": {"0": 1.1356535108208154, "1": 1.0566392838664125, "2": 1.087822521104209}, "phi": {"0": 0.10883844145154398, "1": 0.8719345170382299, "2": 0.5386725584382468}, "psi": {"0": 1.3312696486794948, "1": 1.4798694104255972, "2": 1.0860424374051765}, "sigma": {"0": 0.7193391454856166, "1": 0.6811607465728835, "2": 0.0}, "chi_high": 0.1059649484526098, "beta_low": 0.7046021038504248}