{"R": 40.0, "wi": 2, "di": 0, "delta": 1.0, "gamma": {"0": 0.6704468838055885, "1": 1.1684356125772606, "2": 0.6494297290822924}, "mu": {"0": 1.0396513166848655, "1": 1.068459753967847, "2": 1.1125112670391304}, "phi": {"0": 0.03659854673911622, "1": 0.6890622467371638, "2": 0.8466694884876537}, "psi": {"0": 0.5513676354186234, "1": 1.1225012255214504, "2": 1.201903520559934}, "sigma": {"0": 0.5435657395555133, "1": 0.5873182583071722, "2": 0.0}, "chi_high": null, "beta_low": null}