{"R": 40.0, "wi": 3, "di": 0, "delta": 1.0, "gamma": {"0": 0.7343699775217788, "1": 0.6563317007899508, "2": 0.8374245004270722}, "mu": {"0": 1.1172703076318624, "1": 1.0265278453998306, "2": 1.0560337364073689}, "phi": {"0": 0.19970803975827456, "1": 0.5171035964558668, "2": 0.3627329089244883}, "psi": {"0": 0.7599350551280585, "1": 1.1847826381861148, "2": 1.1808817343537619}, "sigma": {"0": 0.8714806909452657, "1": 0.5784255442582518, "2": 0.0}, "chi_high": 0.3161671938080548, "beta_low": null}