{"R": 40.0, "wi": 1, "di": 0, "delta": 1.0, "gamma": {"0": 1.4820899461911776, "1": 1.403549335720089, "2": 1.0139859872616577}, "mu": {"0": 1.0168842902479995, "1": 1.0922649658023258, "2": 1.0187164372283282}, "phi": {"0": 0.7048642892330123, "1": 0.9162509864362463, "2": 0.1991043800619774}, "psi": {"0": 1.3155696203847964, "1": 1.3705630681215297, "2": 0.7690249225228734}, "sigma": {"0": 0.8202214416798888, "1": 0.0, "2": 0.0}, "chi_high": null, "beta_low": 0.49955291084599457}