{"R": 40.0, "wi": 1, "di": 2, "delta": 1.0, "gamma": {"0": 1.1113847531388121, "1": 1.337014954880872, "2": 1.0649733322627801}, "mu": {"0": 1.0847243630551164, "1": 1.0736155288205824, "2": 1.008756522117922}, "phi": {"0": 0.7927205952546612, "1": 0.8951114376251249, "2": 0.2752864600098418}, "psi": {"0": 0.6806462370642626, "1": 0.8753891549579957, "2": 1.2716366733073148}, "sigma": {"0": 0.5484717863419537, "1": 0.0, "2": 0.0}, "chi_high": null, "beta_low": 0.02331623142103296}