{"R": 40.0, "wi": 2, "di": 1, "delta": 1.0, "gamma": {"0": 0.5452612032425204, "1": 0.7699332343711949, "2": 1.1622355279778387}, "mu": {"0": 1.023533829269027, "1": 1.0322050133665033, "2": 1.0828022733705098}, "phi": {"0": 0.3813993636171601, "1": 0.38095064584506777, "2": 0.01563078667170481}, "psi": {"0": 0.5051615766371559, "1": 0.7066057479292606, "2": 1.493375641759412}, "sigma": {"0": 0.5905094116534173, "1": 0.8884360908050888, "2": 0.0}, "chi_high": null, "beta_low": null}