{"R": 40.0, "wi": 3, "di": 1, "delta": 1.0, "gamma": {"0": 1.1908939180337703, "1": 0.7667764252513521, "2": 1.205300155414649}, "mu": {"0": 1.0468685631340715, "1": 1.0113308757262374, "2": 1.051486175336747}, "phi": {"0": 0.09844549559986682, "1": 0.8302178324889409, "2": 0.20714651048427302}, "psi": {"0": 0.5456794173817301, "1": 0.805794125647458, "2": 0.8853178424039204}, "sigma": {"0": 0.8284706315250318, "1": 0.6554468134725577, "2": 0.0}, "chi_high": 0.19346979146331736, "beta_low": null}