{"R": 40.0, "wi": 1, "di": 2, "delta": 1.0, "gamma": {"0": 1.4497624114189585, "1": 0.7648410969623918, "2": 0.9069256147068512}, "mu": {"0": 1.1078823052133253, "1": 1.077438391647711, "2": 1.0200262541844405}, "phi": {"0": 0.09136714124686007, "1": 0.7710291263917785, "2": 0.7108793105893779}, "psi": {"0": 0.619569000380035, "1": 1.095417099420947, "2": 0.8962047796922802}, "sigma": {"0": 0.803083239550888, "1": 0.0, "2": 0.0}, "chi_high": null, "beta_low": 0.17171728061617017}