{"R": 40.0, "wi": 0, "di": 1, "delta": 1.0, "gamma": {"0": 1.471727964716564, "1": 0.7504512681825114, "2": 1.3301974345073893}, "mu": {"0": 1.051732396111318, "1": 1.1037423985676833, "2": 1.0339686118026532}, "phi": {"0": 0.8681292346028393, "1": 0.05287062914548535, "2": 0.43169928527637824}, "psi": {"0": 0.8965608644709314, "1": 1.3673238279426942, "2": 0.8020948654951721}, "sigma": {"0": 0.9588864576412907, "1": 0.5045128919190317, "2": 0.0}, "chi_high": 0.7121000727774867, "beta_low": 0.6590936599309503}