{"R": 40.0, "wi": 3, "di": 0, "delta": 1.0, "gamma": {"0": 1.4168697899223046, "1": 0.6116900012390273, "2": 0.7472116647616683}, "mu": {"0": 1.1197252965099689, "1": 1.054422130602266, "2": 1.0856296896200752}, "phi": {"0": 0.273809263589158, "1": 0.5978275082977598, "2": 0.37464572329851487}, "psi": {"0": 0.7230836879539306, "1": 1.2772434247460316, "2": 0.9396544843939733}, "sigma": {"0": 0.5956359045732935, "1": 0.6065838513982189, "2": 0.0}, "chi_high": 0.33979166282543366, "beta_low": null}