{"R": 40.0, "wi": 1, "di": 0, "delta": 1.0, "gamma": {"0": 0.9284922693372212, "1": 0.99968720443665, "2": 0.7343839908852959}, "mu": {"0": 1.0521127071108973, "1": 1.1025651002613153, "2": 1.0472442784984854}, "phi": {"0": 0.2992501219464774, "1": 0.7566164816360097, "2": 0.6623663888966075}, "psi": {"0": 0.8589134464943127, "1": 1.1408705730152007, "2": 0.9281554523112852}, "sigma": {"0": 0.7387996665304526, "1": 0.0, "2": 0.0}, "chi_high": null, "beta_low": 0.7812387837127186}