{"R": 40.0, "wi": 0, "di": 2, "delta": 1.0, "gamma": {"0": 1.1208194702059213, "1": 0.9703209194502734, "2": 0.8616724166745112}, "mu": {"0": 1.0141846490637945, "1": 1.122256101601579, "2": 1.066579446232071}, "phi": {"0": 0.14980983871153852, "1": 0.8045541463656869, "2": 0.4120687550140836}, "psi": {"0": 0.6175470309003294, "1": 0.5978714072913507, "2": 0.7644952707236503}, "sigma": {"0": 0.589757508089689, "1": 0.5564020590755, "2": 0.0}, "chi_high": 0.6975215505671347, "beta_low": 0.12424986130183287}