{"R": 40.0, "wi": 2, "di": 1, "delta": 1.0, "gamma": {"0": 0.5565813269848746, "1": 1.3773434733744874, "2": 1.0505476838684178}, "mu": {"0": 1.046863385934005, "1": 1.000971955753516, "2": 1.0556994036731513}, "phi": {"0": 0.8470455429589555, "1": 0.8695007754392069, "2": 0.4375098426176336}, "psi": {"0": 1.2279438647587582, "1": 1.1228252306249298, "2": 0.7089452023034275}, "sigma": {"0": 0.8639186124947495, "1": 0.7778922037715779, "2": 0.0}, "chi_high": null, "beta_low": null}