{"R": 40.0, "wi": 0, "di": 0, "delta": 1.0, "gamma": {"0": 1.4762700885671325, "1": 0.7588667604232834, "2": 1.3163749546594117}, "mu": {"0": 1.1066738609816886, "1": 1.1010830698602982, "2": 1.1380354923128986}, "phi": {"0": 0.9536265264085506, "1": 0.3038749454739844, "2": 0.18460653563202822}, "psi": {"0": 0.6788685561780643, "1": 0.7728714387219249, "2": 1.42090354504911}, "sigma": {"0": 0.5778343539171742, "1": 0.9557915110054502, "2": 0.0}, "chi_high": 0.4180451399287478, "beta_low": 0.6199691543759238}