{"R": 40.0, "wi": 3, "di": 0, "delta": 1.0, "gamma": {"0": 0.533183684161453, "1": 0.5773944077012466, "2": 0.5574014726212224}, "mu": {"0": 1.1168104878212315, "1": 1.081499476907825, "2": 1.0013909381518509}, "phi": {"0": 0.9710387367258415, "1": 0.4793404325380364, "2": 0.9618656842588096}, "psi": {"0": 1.27941470591214, "1": 1.4772771000968192, "2": 0.8608870160849988}, "sigma": {"0": 0.7416908882053126, "1": 0.6996909556397218, "2": 0.0}, "chi_high": 0.4171381175773427, "beta_low": null}