{"R": 40.0, "wi": 2, "di": 2, "delta": 1.0, "gamma": {"0": 0.9390840158526496, "1": 1.2356965706852263, "2": 1.473487586949724}, "mu": {"0": 1.077149518190614, "1": 1.0710385124371542, "2": 1.1054949203947648}, "phi": {"0": 0.7042808230589582, "1": 0.8648254981356799, "2": 0.6295763442012908}, "psi": {"0": 1.3462824585054214, "1": 1.3722002981906356, "2": 0.7365911413017895}, "sigma": {"0": 0.5221569650480729, "1": 0.7931928300182032, "2": 0.0}, "chi_high": null, "beta_low": null}