{"R": 40.0, "wi": 2, "di": 0, "delta": 1.0, "gamma": {"0": 1.2165771158724739, "1": 0.6331860539143931, "2": 0.5180344069178224}, "mu": {"0": 1.134692526425829, "1": 1.022737572989903, "2": 1.1098746651881213}, "phi": {"0": 0.09144995150218627, "1": 0.7876194227186395, "2": 0.6042217985990677}, "psi": {"0": 1.2609449269659558, "1": 1.193626793578774, "2": 0.5577723603036657}, "sigma": {"0": 0.5029595367420915, "1": 0.5348304174451399, "2": 0.0}, "chi_high": null, "beta_low": null}