{"R": 40.0, "wi": 2, "di": 1, "delta": 1.0, "gamma": {"0": 1.082994950280201, "1": 0.5128188831019652, "2": 0.996980247785902}, "mu": {"0": 1.0210927462604573, "1": 1.0683376155454778, "2": 1.0593545935990838}, "phi": {"0": 0.7933855453843585, "1": 0.9171218098576709, "2": 0.26812417875558336}, "psi": {"0": 0.7431658669544803, "1": 1.3558510750300519, "2": 1.175433659475885}, "sigma": {"0": 0.8174233701205784, "1": 0.8778333485356926, "2": 0.0}, "chi_high": null, "beta_low": null}