{"R": 40.0, "wi": 1, "di": 1, "delta": 1.0, "gamma": {"0": 0.7331913602863835, "1": 0.8530754588517576, "2": 1.1007675704952318}, "mu": {"0": 1.040826898323224, "1": 1.1498742886621758, "2": 1.1471432806263695}, "phi": {"0": 0.8660856198483765, "1": 0.7254920206406145, "2": 0.7875842165065662}, "psi": {"0": 0.762618664223986, "1": 1.3513692871865586, "2": 1.0793246377241381}, "sigma": {"0": 0.7165040775037151, "1": 0.0, "2": 0.0}, "chi_high": null, "beta_low": 0.6387534003221856}