{"R": 40.0, "wi": 2, "di": 0, "delta": 1.0, "gamma": {"0": 0.9551833168543419, "1": 1.3765725793336592, "2": 1.1235539536794845}, "mu": {"0": 1.066164831193506, "1": 1.0540261588154127, "2": 1.1266884467046303}, "phi": {"0": 0.8353871813130705, "1": 0.37284900901774787, "2": 0.8930947615795517}, "psi": {"0": 1.3670410848488999, "1": 1.2371603608829134, "2": 1.099448852779494}, "sigma": {"0": 0.5937443625041987, "1": 0.5265929457927228, "2": 0.0}, "chi_high": null, "beta_low": null}