{"R": 40.0, "wi": 3, "di": 2, "delta": 1.0, "gamma": {"0": 0.7954098761656064, "1": 0.5046713748968849, "2": 1.386431482080087}, "mu": {"0": 1.0879485311286698, "1": 1.010826660814553, "2": 1.1232405137673924}, "phi": {"0": 0.12662572653087123, "1": 0.9252870013065104, "2": 0.7023532043093664}, "psi": {"0": 1.4592566403345106, "1": 1.075029933155715, "2": 1.3930815498329099}, "sigma": {"0": 0.6993745075601027, "1": 0.958050136266791, "2": 0.0}, "chi_high": 0.2606863959523284, "beta_low": null}