{"R": 40.0, "wi": 2, "di": 2, "delta": 1.0, "gamma": {"0": 0.9770163852100116, "1": 0.6127338792293691, "2": 1.0990537648961598}, "mu": {"0": 1.0272787811396464, "1": 1.028049167913741, "2": 1.0774908144030115}, "phi": {"0": 0.30603783011738284, "1": 0.9877126223387472, "2": 0.5950245199043616}, "psi": {"0": 0.9607562732498963, "1": 0.6018822212581733, "2": 0.7234067126144865}, "sigma": {"0": 0.5219171353695591, "1": 0.5546984236284177, "2": 0.0}, "chi_high": null, "beta_low": null}