{"R": 40.0, "wi": 2, "di": 0, "delta": 1.0, "gamma": {"0": 1.223753131649347, "1": 0.5125506595240571, "2": 0.5906162294535705}, "mu": {"0": 1.0227374943102925, "1": 1.1277297423773702, "2": 1.0632642460000965}, "phi": {"0": 0.26063539922440015, "1": 0.8777305281078384, "2": 0.6825528402494173}, "psi": {"0": 1.065804594516342, "1": 0.6857694724634432, "2": 1.3102444885802624}, "sigma": {"0": 0.8679327433937136, "1": 0.7481197018524448, "2": 0.0}, "chi_high": null, "beta_low": null}