{"R": 40.0, "wi": 1, "di": 0, "delta": 1.0, "gamma": {"0": 0.9687905972008037, "1": 1.4816326795461474, "2": 0.5842120636424039}, "mu": {"0": 1.0134078126656398, "1": 1.0939221129796497, "2": 1.048339373641867}, "phi": {"0": 0.3628945816998782, "1": 0.7933230351795088, "2": 0.009581559042584287}, "psi": {"0": 1.4329083095373645, "1": 0.6239394654697205, "2": 1.2739939267829437}, "sigma": {"0": 0.8890741350277843, "1": 0.0, "2": 0.0}, "chi_high": null, "beta_low": 0.4105165887352567}