{"R": 40.0, "wi": 0, "di": 0, "delta": 1.0, "gamma": {"0": 0.8590709697933441, "1": 0.7120796404326697, "2": 0.6408646989949284}, "mu": {"0": 1.0688118797401833, "1": 1.0081541614761584, "2": 1.1029109703529856}, "phi": {"0": 0.8498472537179476, "1": 0.9861757452741989, "2": 0.9186217560364852}, "psi": {"0": 0.8924463396407671, "1": 0.8767219413421262, "2": 1.1360183036458387}, "sigma": {"0": 0.9392135240363487, "1": 0.5480202961154919, "2": 0.0}, "chi_high": 0.25552686960061166, "beta_low": 0.4250910063526937}