{"R": 40.0, "wi": 2, "di": 0, "delta": 1.0, "gamma": {"0": 1.116765517039524, "1": 0.5361828714391156, "2": 1.100723299017723}, "mu": {"0": 1.0999536164284387, "1": 1.0043213983804424, "2": 1.0399900580010468}, "phi": {"0": 0.516829530722167, "1": 0.6340052778917381, "2": 0.5225693876590122}, "psi": {"0": 1.2453193088836665, "1": 0.7990642047201062, "2": 1.1226893951959258}, "sigma": {"0": 0.803398384067042, "1": 0.9778588381131318, "2": 0.0}, "chi_high": null, "beta_low": null}