{"R": 40.0, "wi": 2, "di": 2, "delta": 1.0, "gamma": {"0": 1.159986241526341, "1": 1.0458647163279817, "2": 0.8823833405132457}, "mu": {"0": 1.1044844860738703, "1": 1.0794409809992511, "2": 1.0769551381242266}, "phi": {"0": 0.6012132059509222, "1": 0.8867437179177758, "2": 0.24590912933605502}, "psi": {"0": 1.1761386232214617, "1": 1.0327393171879473, "2": 0.737643409186713}, "sigma": {"0": 0.9714006502665691, "1": 0.8903350144281401, "2": 0.0}, "chi_high": null, "beta_low": null}