{"R": 40.0, "wi": 2, "di": 0, "delta": 1.0, "gamma": {"0": 1.4132223491317826, "1": 0.5271274951860156, "2": 1.138973010637668}, "mu": {"0": 1.043394661052132, "1": 1.0622856775732388, "2": 1.048977338276183}, "phi": {"0": 0.32195473009859155, "1": 0.3357716874966773, "2": 0.287280243859226}, "psi": {"0": 1.0064376793140628, "1": 1.4746014587695924, "2": 0.8519080503003202}, "sigma": {"0": 0.548941658724196, "1": 0.7335541752173389, "2": 0.0}, "chi_high": null, "beta_low": null}