{"R": 40.0, "wi": 1, "di": 0, "delta": 1.0, "gamma": {"0": 1.1282184892086282, "1": 0.6843453989381747, "2": 0.6877299656154142}, "mu": {"0": 1.0731139040555628, "1": 1.12887619396194, "2": 1.1491606647976678}, "phi": {"0": 0.5508608439676138, "1": 0.6912153967865817, "2": 0.474387134967698}, "psi": {"0": 0.5076631249955439, "1": 1.2591212693937552, "2": 0.7441945455015951}, "sigma": {"0": 0.5549540797982766, "1": 0.0, "2": 0.0}, "chi_high": null, "beta_low": 0.641143849766337}