{"R": 40.0, "wi": 3, "di": 0, "delta": 1.0, "gamma": {"0": 0.9993118898486455, "1": 0.6410075758726853, "2": 0.5003143871805933}, "mu": {"0": 1.1453852685456887, "1": 1.0279640110129942, "2": 1.0837952536295221}, "phi": {"0": 0.7231938786534347, "1": 0.6591846739680071, "2": 0.1539796784206905}, "psi": {"0": 0.5273506254928807, "1": 1.0759244611781633, "2": 1.0976988709951132}, "sigma": {"0": 0.5409911405399536, "1": 0.997528542686326, "2": 0.0}, "chi_high": 0.8300044567599332, "beta_low": null}