{"R": 40.0, "wi": 3, "di": 2, "delta": 1.0, "gamma": {"0": 0.979386450768425, "1": 1.3729265002017672, "2": 1.346945096907774}, "mu": {"0": 1.0304012539287468, "1": 1.130978704346797, "2": 1.0882006000737445}, "phi": {"0": 0.1963401918226283, "1": 0.3363527944503346, "2": 0.7234127245970817}, "psi": {"0": 1.0094233908194181, "1": 1.0483180791978874, "2": 1.188018343137685}, "sigma": {"0": 0.7078739790178241, "1": 0.5404005817127676, "2": 0.0}, "chi_high": 0.2923365437474892, "beta_low": null}