{"R": 40.0, "wi": 1, "di": 0, "delta": 1.0, "gamma": {"0": 0.5512088230443702, "1": 0.6189821851428897, "2": 0.6780276201293218}, "mu": {"0": 1.0227088915218234, "1": 1.093343703245978, "2": 1.1384527486171172}, "phi": {"0": 0.8261593143226424, "1": 0.3705266732325254, "2": 0.4211638520183557}, "psi": {"0": 0.7899223002860789, "1": 1.4339214026951725, "2": 0.5370087348422654}, "sigma": {"0": 0.9956609430424399, "1": 0.0, "2": 0.0}, "chi_high": null, "beta_low": 0.8146670258111745}