{"R": 40.0, "wi": 0, "di": 2, "delta": 1.0, "gamma": {"0": 1.0481411356046644, "1": 0.9953928265317228, "2": 1.409124130165436}, "mu": {"0": 1.0169361429926445, "1": 1.092675869029461, "2": 1.006184702250438}, "phi": {"0": 0.5008934390467457, "1": 0.4985006663204501, "2": 0.1045304277839918}, "psi": {"0": 0.9778669095912251, "1": 0.9873568936721379, "2": 1.0596771134478067}, "sigma": {"0": 0.6115759776801795, "1": 0.9805549635167414, "2": 0.0}, "chi_high": 0.17410205056924716, "beta_low": 0.4232872013437529}