{"R": 40.0, "wi": 0, "di": 1, "delta": 1.0, "gamma": {"0": 1.3562397088363283, "1": 0.8055163419870972, "2": 0.8014841239616931}, "mu": {"0": 1.1250663174905873, "1": 1.0806894042996702, "2": 1.0060630771509096}, "phi": {"0": 0.9831878072772944, "1": 0.08176455708300578, "2": 0.9121446563766178}, "psi": {"0": 0.6349209219806068, "1": 1.1857515522905617, "2": 0.8145667759581314}, "sigma": {"0": 0.5915017593365675, "1": 0.9847431839861074, "2": 0.0}, "chi_high": 0.12759982375733986, "beta_low": 0.9338004699013435}