{"R": 40.0, "wi": 0, "di": 0, "delta": 1.0, "gamma": {"0": 0.797130933496749, "1": 1.021892455199874, "2": 1.420149384946392}, "mu": {"0": 1.080039574705564, "1": 1.130205406819525, "2": 1.1268350001569194}, "phi": {"0": 0.28767992166559475, "1": 0.9036641160775856, "2": 0.5449560484907615}, "psi": {"0": 1.0132502926090328, "1": 1.352943237913682, "2": 1.3185928858056863}, "sigma": {"0": 0.5395132169606541, "1": 0.6014278216735537, "2": 0.0}, "chi_high": 0.807995064660898, "beta_low": 0.07972029810332784}