{"R": 40.0, "wi": 2, "di": 0, "delta": 1.0, "gamma": {"0": 1.2232070856024708, "1": 1.0687479329086673, "2": 1.022853327597523}, "mu": {"0": 1.10938579458301, "1": 1.141296694374927, "2": 1.1275716204136468}, "phi": {"0": 0.5364121422381619, "1": 0.15168560394394892, "2": 0.07335835696947723}, "psi": {"0": 0.7933822023769226, "1": 1.2254989055277217, "2": 1.2776298902198056}, "sigma": {"0": 0.5572385138855658, "1": 0.8292510885963884, "2": 0.0}, "chi_high": null, "beta_low": null}