{"R": 40.0, "wi": 1, "di": 1, "delta": 1.0, "gamma": {"0": 1.0120707128886082, "1": 0.7966454667910753, "2": 0.7546282775791738}, "mu": {"0": 1.0845655627727318, "1": 1.0778271336506497, "2": 1.0595097572881156}, "phi": {"0": 0.438383904247315, "1": 0.6351500960034482, "2": 0.20496719703172084}, "psi": {"0": 0.8099787635840265, "1": 1.4878806101231021, "2": 1.1557283200959243}, "sigma": {"0": 0.7912776297981514, "1": 0.0, "2": 0.0}, "chi_high": null, "beta_low": 0.9283963992972805}