{"R": 40.0, "wi": 1, "di": 0, "delta": 1.0, "gamma": {"0": 0.9702336278820678, "1": 0.9159790043871678, "2": 0.7917887167416369}, "mu": {"0": 1.076673650969265, "1": 1.082321441941857, "2": 1.0095509038197075}, "phi": {"0": 0.041784555656751765, "1": 0.7715293017711549, "2": 0.8030390754093198}, "psi": {"0": 0.7203951907389142, "1": 1.4614065805473562, "2": 1.354799125620085}, "sigma": {"0": 0.8737514671354181, "1": 0.0, "2": 0.0}, "chi_high": null, "beta_low": 0.871972032480109}