{"R": 40.0, "wi": 0, "di": 1, "delta": 1.0, "gamma": {"0": 1.2709717103811689, "1": 1.2649010930910767, "2": 0.924706678475267}, "mu": {"0": 1.015387427593274, "1": 1.0840068490016501, "2": 1.127362481574448}, "phi": {"0": 0.2315603191865283, "1": 0.4159456672565566, "2": 0.9039803074015001}, "psi": {"0": 0.5345842143366666, "1": 0.8013446174638534, "2": 1.1939261120833224}, "sigma": {"0": 0.7612642994328334, "1": 0.6524312910402497, "2": 0.0}, "chi_high": 0.33399084407473717, "beta_low": 0.8545118885548544}