{"R": 40.0, "wi": 3, "di": 2, "delta": 1.0, "gamma": {"0": 1.362635339734213, "1": 1.3177523817758454, "2": 0.5512225343645876}, "mu": {"0": 1.001151802323536, "1": 1.118610425528777, "2": 1.0806561897959601}, "phi": {"0": 0.5432225190373958, "1": 0.3800488044727792, "2": 0.0942300478608622}, "psi": {"0": 0.8902354978907199, "1": 1.0325236801038224, "2": 1.1979285457000566}, "sigma": {"0": 0.9611631968191572, "1": 0.5068165314704687, "2": 0.0}, "chi_high": 0.9642982444599797, "beta_low": null}