{"R": 40.0, "wi": 0, "di": 1, "delta": 1.0, "gamma": {"0": 1.3139197394954967, "1": 1.0850735647189675, "2": 1.058058162615818}, "mu": {"0": 1.0945442312122882, "1": 1.011853869393533, "2": 1.1349163415821784}, "phi": {"0": 0.6919001000299742, "1": 0.9013347843268678, "2": 0.528768538142271}, "psi": {"0": 0.9114274606005554, "1": 1.1653487320726361, "2": 1.1523502771300351}, "sigma": {"0": 0.8983221564541987, "1": 0.7821477266308654, "2": 0.0}, "chi_high": 0.08731385226523729, "beta_low": 0.6658736566700243}