{"R": 40.0, "wi": 0, "di": 1, "delta": 1.0, "gamma": {"0": 1.0163959710966761, "1": 0.5135268909602474, "2": 1.1504175315260314}, "mu": {"0": 1.095284144835182, "1": 1.0146376323900246, "2": 1.0775019147184153}, "phi": {"0": 0.9244813447852651, "1": 0.9933770399193247, "2": 0.6753734510492874}, "psi": {"0": 0.6059657953534878, "1": 1.4214346417762738, "2": 1.1644146015506738}, "sigma": {"0": 0.8991996042336776, "1": 0.5578603350301532, "2": 0.0}, "chi_high": 0.16160977263791598, "beta_low": 0.7454940462374269}