{"R": 40.0, "wi": 0, "di": 2, "delta": 1.0, "gamma": {"0": 1.3295674885852011, "1": 0.7395435892024769, "2": 1.2243679788288375}, "mu": {"0": 1.0683511089113493, "1": 1.1250993815766073, "2": 1.0601746636507174}, "phi": {"0": 0.2786317224589089, "1": 0.05750489161361372, "2": 0.3996122858082207}, "psi": {"0": 1.2839369170557027, "1": 0.5499166369489964, "2": 1.2015721077052133}, "sigma": {"0": 0.6804037949468585, "1": 0.7892937905521081, "2": 0.0}, "chi_high": 0.3702172302325063, "beta_low": 0.1713835656083217}