{"R": 40.0, "wi": 2, "di": 1, "delta": 1.0, "gamma": {"0": 1.044022600755508, "1": 0.7652680553907759, "2": 1.4374414586240467}, "mu": {"0": 1.0241230990089636, "1": 1.1485989783566886, "2": 1.0981211484271218}, "phi": {"0": 0.15997599465941115, "1": 0.6457559317827335, "2": 0.8276264820943579}, "psi": {"0": 1.004615604613397, "1": 1.2729475558771812, "2": 1.473776120007491}, "sigma": {"0": 0.7387062561853208, "1": 0.5374718171183206, "2": 0.0}, "chi_high": null, "beta_low": null}