{"R": 40.0, "wi": 1, "di": 0, "delta": 1.0, "gamma": {"0": 0.7181176884557622, "1": 0.8751992000709585, "2": 0.6423380088011083}, "mu": {"0": 1.1398148392208725, "1": 1.000073782689493, "2": 1.1357650277088474}, "phi": {"0": 0.43609198155913076, "1": 0.17321425489627673, "2": 0.32657775278787815}, "psi": {"0": 1.0857236239328547, "1": 1.0061328329171546, "2": 0.9984978946080278}, "sigma": {"0": 0.963815619989397, "1": 0.0, "2": 0.0}, "chi_high": null, "beta_low": 0.560761807925139}