{"R": 40.0, "wi": 1, "di": 2, "delta": 1.0, "gamma": {"0": 1.0293260454542306, "1": 1.0157014834853904, "2": 1.110237882695748}, "mu": {"0": 1.0999732539613944, "1": 1.0100953908821262, "2": 1.0394820542042404}, "phi": {"0": 0.4790874180258141, "1": 0.8214511332071808, "2": 0.1664269695148184}, "psi": {"0": 0.9594288415139064, "1": 0.916482989139672, "2": 0.7848869549782868}, "sigma": {"0": 0.5928016056471179, "1": 0.0, "2": 0.0}, "chi_high": null, "beta_low": 0.10669361255199324}