{"R": 40.0, "wi": 1, "di": 2, "delta": 1.0, "gamma": {"0": 1.0950375029850108, "1": 1.2598017957663252, "2": 0.8731247508452242}, "mu": {"0": 1.115394595905433, "1": 1.0410415701596982, "2": 1.1270533141395012}, "phi": {"0": 0.5307006165569983, "1": 0.2224014395640821, "2": 0.9496288593263973}, "psi": {"0": 0.6712546674083053, "1": 1.4099937333456438, "2": 0.9372853418919508}, "sigma": {"0": 0.9236027496151827, "1": 0.0, "2": 0.0}, "chi_high": null, "beta_low": 0.48888074513022883}