{"R": 40.0, "wi": 3, "di": 0, "delta": 1.0, "gamma": {"0": 1.473022500236612, "1": 0.6478017033369753, "2": 0.942270206006017}, "mu": {"0": 1.1287654625830628, "1": 1.1377116482164216, "2": 1.0024070536263183}, "phi": {"0": 0.057011529465557764, "1": 0.5431081492082793, "2": 0.1618009480579169}, "psi": {"0": 1.063437227183175, "1": 0.7661695567418447, "2": 0.6133677924394576}, "sigma": {"0": 0.8125576512366517, "1": 0.7976120789395869, "2": 0.0}, "chi_high": 0.9880497316794019, "beta_low": null}