{"R": 40.0, "wi": 3, "di": 2, "delta": 1.0, "gamma": {"0": 1.2806305453078588, "1": 0.598818959589002, "2": 0.775579817244276}, "mu": {"0": 1.1483227685295743, "1": 1.05388618105788, "2": 1.1365660132989097}, "phi": {"0": 0.5770178755555465, "1": 0.04438914259612503, "2": 0.8359974445865505}, "psi": {"0": 0.8820760406916481, "1": 1.3363825106796878, "2": 1.3508234304235098}, "sigma": {"0": 0.9651217052328916, "1": 0.5215427299008482, "2": 0.0}, "chi_high": 0.04904332301315395, "beta_low": null}