{"R": 40.0, "wi": 2, "di": 0, "delta": 1.0, "gamma": {"0": 0.8091801766383377, "1": 1.0721092237221739, "2": 1.3546844747785252}, "mu": {"0": 1.0666105709235012, "1": 1.0529012228134265, "2": 1.0373822420117798}, "phi": {"0": 0.014917206567442887, "1": 0.6556635861726484, "2": 0.33087826980125434}, "psi": {"0": 1.4057398689259801, "1": 1.0766637846775118, "2": 1.4428805375088833}, "sigma": {"0": 0.74971070493864, "1": 0.5920812226840202, "2": 0.0}, "chi_high": null, "beta_low": null}