{"R": 40.0, "wi": 1, "di": 2, "delta": 1.0, "gamma": {"0": 1.4579877734276523, "1": 1.4407737617015777, "2": 0.9470476880768414}, "mu": {"0": 1.0011065320838186, "1": 1.114326745579195, "2": 1.0275439560729227}, "phi": {"0": 0.49428952521462666, "1": 0.6072251570198872, "2": 0.501697331575664}, "psi": {"0": 1.0804595970289865, "1": 0.7260272498148663, "2": 0.702469761407565}, "sigma": {"0": 0.9309402724600511, "1": 0.0, "2": 0.0}, "chi_high": null, "beta_low": 0.9234366183692027}