{"R": 40.0, "wi": 2, "di": 0, "delta": 1.0, "gamma": {"0": 0.7791822426175508, "1": 0.7549991771001235, "2": 1.3223164965730798}, "mu": {"0": 1.1386277868498746, "1": 1.0223215302703756, "2": 1.0437887743199898}, "phi": {"0": 0.3552315772545731, "1": 0.6343312556057338, "2": 0.9255210879060317}, "psi": {"0": 0.8935036080789025, "1": 1.0221035127503986, "2": 1.2071098394550073}, "sigma": {"0": 0.9184866684798271, "1": 0.9673874869554375, "2": 0.0}, "chi_high": null, "beta_low": null}