{"R": 40.0, "wi": 2, "di": 2, "delta": 1.0, "gamma": {"0": 0.7141237874126256, "1": 0.5805717556964424, "2": 0.6910835894441948}, "mu": {"0": 1.1072235156969756, "1": 1.0325972309796174, "2": 1.0421427157913212}, "phi": {"0": 0.22361958966079198, "1": 0.6094153129086614, "2": 0.8822881443915173}, "psi": {"0": 0.9172714132068931, "1": 1.496905141307273, "2": 0.8096814019516331}, "sigma": {"0": 0.5119977586636646, "1": 0.6465669790690478, "2": 0.0}, "chi_high": null, "beta_low": null}