{"R": 40.0, "wi": 2, "di": 0, "delta": 1.0, "gamma": {"0": 0.6089395747374311, "1": 1.3244820922215235, "2": 0.5070935809308493}, "mu": {"0": 1.1231921383704724, "1": 1.1307311163386504, "2": 1.1050623197489609}, "phi": {"0": 0.1826703256781783, "1": 0.76984888183554, "2": 0.0394286592149925}, "psi": {"0": 0.6887234322799469, "1": 0.5521742657335396, "2": 0.9888623388198673}, "sigma": {"0": 0.7691878437916282, "1": 0.7575812758137078, "2": 0.0}, "chi_high": null, "beta_low": null}