{"R": 40.0, "wi": 2, "di": 2, "delta": 1.0, "gamma": {"0": 1.3280727216536468, "1": 0.7568717698618495, "2": 1.0798085944071611}, "mu": {"0": 1.0268514704458749, "1": 1.1146066601447728, "2": 1.0272361778331862}, "phi": {"0": 0.7908547085864049, "1": 0.31086984895203507, "2": 0.3608465740275417}, "psi": {"0": 0.6721492096941868, "1": 0.929484785032167, "2": 1.2844279136485353}, "sigma": {"0": 0.921250789364859, "1": 0.729921245371557, "2": 0.0}, "chi_high": null, "beta_low": null}