{"R": 40.0, "wi": 2, "di": 1, "delta": 1.0, "gamma": {"0": 0.6427778463656393, "1": 0.6175865996478177, "2": 0.9026624970743745}, "mu": {"0": 1.0502712426642584, "1": 1.1114320680926277, "2": 1.0972894334420318}, "phi": {"0": 0.9306656518220492, "1": 0.8418218080699612, "2": 0.7023039325080814}, "psi": {"0": 1.2290629628274559, "1": 0.8962081615768239, "2": 0.8437122157502348}, "sigma": {"0": 0.6457508155450857, "1": 0.9435894080265739, "2": 0.0}, "chi_high": null, "beta_low": null}