{"R": 40.0, "wi": 3, "di": 1, "delta": 1.0, "gamma": {"0": 1.182965459411316, "1": 0.919618178537708, "2": 0.8042440658510771}, "mu": {"0": 1.0729783470418963, "1": 1.1217991733196215, "2": 1.0573675727106273}, "phi": {"0": 0.3400191900143701, "1": 0.9533230872430436, "2": 0.9471101793237752}, "psi": {"0": 0.7175093077752711, "1": 1.4070411895191515, "2": 0.7347121699888286}, "sigma": {"0": 0.9881129685627253, "1": 0.7140186236983606, "2": 0.0}, "chi_high": 0.5675522812996637, "beta_low": null}