{"R": 40.0, "wi": 0, "di": 0, "delta": 1.0, "gamma": {"0": 0.9361300463498269, "1": 1.3420821576193056, "2": 1.369428251881148}, "mu": {"0": 1.098049292459116, "1": 1.1198401454037417, "2": 1.089218028063151}, "phi": {"0": 0.012251660627676686, "1": 0.8329999822642487, "2": 0.36594486352959954}, "psi": {"0": 0.6581261975338549, "1": 0.800880514598616, "2": 0.8614709275503053}, "sigma": {"0": 0.8769541178014673, "1": 0.6140892146335161, "2": 0.0}, "chi_high": 0.8822439801067519, "beta_low": 0.6651893716587868}