{"R": 40.0, "wi": 3, "di": 1, "delta": 1.0, "gamma": {"0": 0.6911144095287027, "1": 0.9226766255269121, "2": 0.7931963526259133}, "mu": {"0": 1.0624153767650528, "1": 1.1062161473619812, "2": 1.136304006703024}, "phi": {"0": 0.7626253634455481, "1": 0.11898199096273254, "2": 0.03295574971643778}, "psi": {"0": 0.5395493671309028, "1": 1.042819610665749, "2": 1.3584626227789458}, "sigma": {"0": 0.5511410979136475, "1": 0.821619640002111, "2": 0.0}, "chi_high": 0.8775842940433329, "beta_low": null}