{"R": 40.0, "wi": 0, "di": 1, "delta": 1.0, "gamma": {"0": 1.0876302727213276, "1": 0.5852264236285188, "2": 0.525366370597055}, "mu": {"0": 1.131318731104498, "1": 1.1148350979542785, "2": 1.1037789166968563}, "phi": {"0": 0.27924971934256304, "1": 0.16175534555468396, "2": 0.40419475236347835}, "psi": {"0": 0.7323094461551899, "1": 0.7085017537165065, "2": 0.7243032415334812}, "sigma": {"0": 0.6080778284414874, "1": 0.503847609519859, "2": 0.0}, "chi_high": 0.8340358612406843, "beta_low": 0.6070273084858678}