{"R": 40.0, "wi": 1, "di": 0, "delta": 1.0, "gamma": {"0": 0.6561086523092864, "1": 0.5827931937275908, "2": 0.9183916487492151}, "mu": {"0": 1.0137725195396456, "1": 1.0246613803608355, "2": 1.10484839825352}, "phi": {"0": 0.44537101216776964, "1": 0.625049926617033, "2": 0.44606196272688836}, "psi": {"0": 1.2689794996028663, "1": 1.4248084259507268, "2": 1.174274771588958}, "sigma": {"0": 0.8512314462434578, "1": 0.0, "2": 0.0}, "chi_high": null, "beta_low": 0.4191868726661499}