{"R": 40.0, "wi": 1, "di": 1, "delta": 1.0, "gamma": {"0": 1.2783217342004103, "1": 0.9499037310921663, "2": 0.5932266756312248}, "mu": {"0": 1.1020630364029964, "1": 1.0438676745615858, "2": 1.052953089787536}, "phi": {"0": 0.9055185813711617, "1": 0.8525977745731582, "2": 0.9393128074449734}, "psi": {"0": 0.6308357394092045, "1": 0.6013140314439002, "2": 0.782087959287277}, "sigma": {"0": 0.9404520146057245, "1": 0.0, "2": 0.0}, "chi_high": null, "beta_low": 0.17793118604526212}