{"R": 40.0, "wi": 3, "di": 1, "delta": 1.0, "gamma": {"0": 0.6434648995795135, "1": 1.2560917225367245, "2": 0.9356445214413357}, "mu": {"0": 1.0687041230313394, "1": 1.009983092579352, "2": 1.01483802930768}, "phi": {"0": 0.12559986179744675, "1": 0.0499619097252898, "2": 0.9480178325249483}, "psi": {"0": 0.629517674213348, "1": 0.5272175541588575, "2": 1.090750857550173}, "sigma": {"0": 0.7500012951065588, "1": 0.6236603456537964, "2": 0.0}, "chi_high": 0.22799870869507108, "beta_low": null}