{"R": 40.0, "wi": 0, "di": 0, "delta": 1.0, "gamma": {"0": 0.5995972269035424, "1": 0.6468483089664151, "2": 0.7506580288327804}, "mu": {"0": 1.1175158663326625, "1": 1.0009457797758938, "2": 1.0619232162480081}, "phi": {"0": 0.734893883013259, "1": 0.809507440173107, "2": 0.7270009263957721}, "psi": {"0": 0.85277076002785, "1": 0.8742867067950783, "2": 1.3041010220806313}, "sigma": {"0": 0.7868536939825906, "1": 0.829336022747799, "2": 0.0}, "chi_high": 0.8154615379912361, "beta_low": 0.37551923186029745}