{"R": 40.0, "wi": 3, "di": 2, "delta": 1.0, "gamma": {"0": 0.9835758843831951, "1": 0.6233335650146556, "2": 1.1785975504667388}, "mu": {"0": 1.0515276212300593, "1": 1.084343152235036, "2": 1.1398982189890023}, "phi": {"0": 0.30808924820723826, "1": 0.11611682570134951, "2": 0.10150424261610247}, "psi": {"0": 0.6651408242758632, "1": 1.2377803173986197, "2": 1.4796422105459586}, "sigma": {"0": 0.9036086548391478, "1": 0.5751373312435586, "2": 0.0}, "chi_high": 0.09157629429604748, "beta_low": null}