{"R": 40.0, "wi": 2, "di": 0, "delta": 1.0, "gamma": {"0": 0.7494965688663336, "1": 1.4464440727673633, "2": 0.9393828211045743}, "mu": {"0": 1.0574446868357017, "1": 1.0917375939655956, "2": 1.0301400920955}, "phi": {"0": 0.5241874986158289, "1": 0.8874083872515571, "2": 0.9325475202322991}, "psi": {"0": 1.4092109972253137, "1": 0.7644057466523453, "2": 1.130522168002079}, "sigma": {"0": 0.9241644656574298, "1": 0.9362643456139246, "2": 0.0}, "chi_high": null, "beta_low": null}