{"R": 40.0, "wi": 3, "di": 0, "delta": 1.0, "gamma": {"0": 1.2929247636224095, "1": 0.8143051948215623, "2": 0.8859918461559719}, "mu": {"0": 1.0381442191093424, "1": 1.0265401687508398, "2": 1.0431131180632318}, "phi": {"0": 0.23159005523767506, "1": 0.09206746037294244, "2": 0.8846816632279128}, "psi": {"0": 0.9615876991621155, "1": 1.2237170715530086, "2": 0.5630405202538215}, "sigma": {"0": 0.8260955539562049, "1": 0.5902805255007855, "2": 0.0}, "chi_high": 0.750359135232658, "beta_low": null}