{"R": 40.0, "wi": 2, "di": 1, "delta": 1.0, "gamma": {"0": 0.7709039835071821, "1": 1.0208418084416189, "2": 1.059524711695016}, "mu": {"0": 1.0435130808903073, "1": 1.0911681766192893, "2": 1.1094793030686063}, "phi": {"0": 0.9186739865358733, "1": 0.2592588262671208, "2": 0.8785159262493574}, "psi": {"0": 0.7027367966333108, "1": 1.2063457989030244, "2": 1.3391209540721718}, "sigma": {"0": 0.8040552469248302, "1": 0.9995926800235683, "2": 0.0}, "chi_high": null, "beta_low": null}