{"R": 40.0, "wi": 0, "di": 1, "delta": 1.0, "gamma": {"0": 1.439838507541464, "1": 0.9892782582985913, "2": 1.0870796221121077}, "mu": {"0": 1.0458199135441457, "1": 1.1278636261551198, "2": 1.0955366053173967}, "phi": {"0": 0.21317181784098516, "1": 0.8072253989381135, "2": 0.11100934460828915}, "psi": {"0": 1.179454656448222, "1": 0.8393269664698422, "2": 1.2015176776772645}, "sigma": {"0": 0.8563807793446109, "1": 0.8250806039820084, "2": 0.0}, "chi_high": 0.11102839599601373, "beta_low": 0.6142109142971245}