{"R": 40.0, "wi": 3, "di": 1, "delta": 1.0, "gamma": {"0": 0.5782826380584579, "1": 0.5313493395166689, "2": 1.2352562580302227}, "mu": {"0": 1.0343111289194082, "1": 1.0138541163185038, "2": 1.0494006752549188}, "phi": {"0": 0.5608709682884886, "1": 0.06294268352753285, "2": 0.26084087762504293}, "psi": {"0": 0.9395772248854843, "1": 1.2400447980308908, "2": 1.4424296333647253}, "sigma": {"0": 0.7731098879157603, "1": 0.8208147303040659, "2": 0.0}, "chi_high": 0.8373901974439786, "beta_low": null}