{"R": 40.0, "wi": 0, "di": 2, "delta": 1.0, "gamma": {"0": 0.5574030656564125, "1": 1.0275419453927603, "2": 1.1977406329417861}, "mu": {"0": 1.0981535164519254, "1": 1.128894568591561, "2": 1.0965079984664001}, "phi": {"0": 0.8869794150898698, "1": 0.008175935967519088, "2": 0.1646210286245553}, "psi": {"0": 1.204507270752305, "1": 1.2198643934934346, "2": 0.9050272137422309}, "sigma": {"0": 0.9563917075705035, "1": 0.5824483748002082, "2": 0.0}, "chi_high": 0.8496225212475155, "beta_low": 0.04235938566388996}