{"R": 40.0, "wi": 3, "di": 1, "delta": 1.0, "gamma": {"0": 0.7210257588229622, "1": 0.872183020643194, "2": 0.5498842204167665}, "mu": {"0": 1.1298388253515692, "1": 1.114356978696256, "2": 1.0546176985127431}, "phi": {"0": 0.6367198110430378, "1": 0.15618851726817118, "2": 0.5650951482947524}, "psi": {"0": 1.0986207340260572, "1": 1.1357542947517691, "2": 1.078457270580342}, "sigma": {"0": 0.8788347890940985, "1": 0.5725798752031763, "2": 0.0}, "chi_high": 0.8729075829767888, "beta_low": null}