{"R": 40.0, "wi": 3, "di": 2, "delta": 1.0, "gamma": {"0": 1.4145113716273499, "1": 0.8433079309156793, "2": 0.7194473370337312}, "mu": {"0": 1.1145788142721957, "1": 1.0187705723978764, "2": 1.0867306458004626}, "phi": {"0": 0.6075990246534506, "1": 0.020999133882437127, "2": 0.4461301063362765}, "psi": {"0": 1.346985745195488, "1": 0.8988484305019551, "2": 0.9097470376454236}, "sigma": {"0": 0.9120655587561963, "1": 0.7555104844725495, "2": 0.0}, "chi_high": 0.6923970668701659, "beta_low": null}