{"R": 40.0, "wi": 2, "di": 0, "delta": 1.0, "gamma": {"0": 1.0595155145545179, "1": 1.3300769473998322, "2": 1.3974647510039868}, "mu": {"0": 1.1394201001113435, "1": 1.096218211433159, "2": 1.114512995377505}, "phi": {"0": 0.8034434343235491, "1": 0.46297309799863107, "2": 0.6008735395014334}, "psi": {"0": 1.007458714793405, "1": 1.1975196199442761, "2": 0.8795935574299267}, "sigma": {"0": 0.7822235164419351, "1": 0.5906313601956807, "2": 0.0}, "chi_high": null, "beta_low": null}