{"R": 40.0, "wi": 3, "di": 2, "delta": 1.0, "gamma": {"0": 0.8350888908734656, "1": 0.944621088679286, "2": 0.5210779664380153}, "mu": {"0": 1.1011150054246115, "1": 1.0519385247269324, "2": 1.0617555434129065}, "phi": {"0": 0.34472661734601917, "1": 0.08075227828104681, "2": 0.8579787389553171}, "psi": {"0": 1.2000193589993624, "1": 1.087122865950326, "2": 1.1371518301825922}, "sigma": {"0": 0.7938059599375721, "1": 0.6066004141582123, "2": 0.0}, "chi_high": 0.06322005940126982, "beta_low": null}