{"R": 40.0, "wi": 1, "di": 1, "delta": 1.0, "gamma": {"0": 1.3561433687345115, "1": 0.6913093838961788, "2": 0.5884992456184651}, "mu": {"0": 1.1451502259070838, "1": 1.0072642413839357, "2": 1.110874543223112}, "phi": {"0": 0.05725062540208525, "1": 0.42992745013150035, "2": 0.407943373923892}, "psi": {"0": 1.2021924249593998, "1": 0.7957409428545295, "2": 1.0285364350363246}, "sigma": {"0": 0.785142578499758, "1": 0.0, "2": 0.0}, "chi_high": null, "beta_low": 0.3516110971229955}