{"R": 40.0, "wi": 1, "di": 1, "delta": 1.0, "gamma": {"0": 1.055312836292939, "1": 1.0115459881874826, "2": 1.1725712513850235}, "mu": {"0": 1.137923595401429, "1": 1.0485275155995206, "2": 1.0896061785210247}, "phi": {"0": 0.2541871543204953, "1": 0.8467712308352284, "2": 0.5762181147753535}, "psi": {"0": 0.5695214288699839, "1": 1.0581726578637671, "2": 0.6169898449428759}, "sigma": {"0": 0.9311912174621031, "1": 0.0, "2": 0.0}, "chi_high": null, "beta_low": 0.8773740762647138}