{"R": 40.0, "wi": 0, "di": 2, "delta": 1.0, "gamma": {"0": 0.802856566027251, "1": 1.079867395566386, "2": 1.3134344565553946}, "mu": {"0": 1.1197295688401712, "1": 1.0171917623835034, "2": 1.12046063970947}, "phi": {"0": 0.39176329873275273, "1": 0.7154263407693423, "2": 0.1592477866998021}, "psi": {"0": 0.9153497224338817, "1": 1.2050079521138781, "2": 0.7570384234100833}, "sigma": {"0": 0.9612405610625434, "1": 0.5398924235898878, "2": 0.0}, "chi_high": 0.4626752982091078, "beta_low": 0.947103074552264}