{"R": 40.0, "wi": 1, "di": 1, "delta": 1.0, "gamma": {"0": 1.231190558095932, "1": 0.713514789233387, "2": 0.7042233355512769}, "mu": {"0": 1.118226739952761, "1": 1.0374729104170426, "2": 1.0174756321627074}, "phi": {"0": 0.5126821557465293, "1": 0.8501460336713687, "2": 0.2825413079296357}, "psi": {"0": 0.6314217844972508, "1": 1.2263236300870473, "2": 0.7685024169408711}, "sigma": {"0": 0.5578875963312225, "1": 0.0, "2": 0.0}, "chi_high": null, "beta_low": 0.1748667942262219}