{"R": 40.0, "wi": 1, "di": 1, "delta": 1.0, "gamma": {"0": 1.1596439947304178, "1": 1.2838045167805996, "2": 0.8458334318365144}, "mu": {"0": 1.0336306052941444, "1": 1.1190665901770618, "2": 1.0622172892128505}, "phi": {"0": 0.13965781891740958, "1": 0.011868556922396967, "2": 0.395822956157295}, "psi": {"0": 0.6828982251891487, "1": 0.608852661076021, "2": 1.3600964131843667}, "sigma": {"0": 0.754542262798725, "1": 0.0, "2": 0.0}, "chi_high": null, "beta_low": 0.5018621424944607}