{"R": 40.0, "wi": 2, "di": 1, "delta": 1.0, "gamma": {"0": 1.4643612397287238, "1": 0.5150190636524713, "2": 0.5457730414088543}, "mu": {"0": 1.0501589386486676, "1": 1.012977728319952, "2": 1.0946951882656346}, "phi": {"0": 0.6479695786791293, "1": 0.5923814306195461, "2": 0.6145641400986879}, "psi": {"0": 0.6942251692801475, "1": 0.9792188153204597, "2": 0.8828514908435039}, "sigma": {"0": 0.9068870843764413, "1": 0.7741023680147214, "2": 0.0}, "chi_high": null, "beta_low": null}