{"R": 40.0, "wi": 3, "di": 2, "delta": 1.0, "gamma": {"0": 0.6998571599247222, "1": 0.9225449367687554, "2": 0.9141330222637075}, "mu": {"0": 1.118046098148455, "1": 1.1154909584183812, "2": 1.0073067135349356}, "phi": {"0": 0.41657076559424744, "1": 0.5029115464320935, "2": 0.6972940284064805}, "psi": {"0": 0.8719713317806621, "1": 0.8208682466080913, "2": 0.680173810450315}, "sigma": {"0": 0.547930805360501, "1": 0.7955745914696026, "2": 0.0}, "chi_high": 0.5608400545014978, "beta_low": null}