{"R": 40.0, "wi": 1, "di": 2, "delta": 1.0, "gamma": {"0": 1.2598023550032642, "1": 0.5529378973959526, "2": 0.6686705155440174}, "mu": {"0": 1.0488102597847424, "1": 1.0477411324307084, "2": 1.0928060456535496}, "phi": {"0": 0.1784118455214282, "1": 0.929120291059107, "2": 0.3860937227921709}, "psi": {"0": 1.1181855050091087, "1": 1.3635888349870018, "2": 1.0953970364641705}, "sigma": {"0": 0.5350817322205859, "1": 0.0, "2": 0.0}, "chi_high": null, "beta_low": 0.15811714793884737}