{"R": 40.0, "wi": 1, "di": 2, "delta": 1.0, "gamma": {"0": 1.1386324011025524, "1": 1.2230929049265242, "2": 0.6338976156770969}, "mu": {"0": 1.0232026555873903, "1": 1.0651206203388268, "2": 1.051732715362149}, "phi": {"0": 0.803674253689909, "1": 0.8688609064022883, "2": 0.6092422970362852}, "psi": {"0": 0.9343241617064174, "1": 0.8871181002254602, "2": 0.9772076728035185}, "sigma": {"0": 0.5614402674644925, "1": 0.0, "2": 0.0}, "chi_high": null, "beta_low": 0.9000815105583668}