{"R": 40.0, "wi": 3, "di": 1, "delta": 1.0, "gamma": {"0": 1.0813173320015266, "1": 0.7512971205030681, "2": 0.977946533726654}, "mu": {"0": 1.106749827464558, "1": 1.0714222002165954, "2": 1.1378597778910347}, "phi": {"0": 0.6651203022944001, "1": 0.7118668786394194, "2": 0.3684516699435605}, "psi": {"0": 1.143367865006435, "1": 1.2780324938097944, "2": 1.0786810832377225}, "sigma": {"0": 0.6872367389530512, "1": 0.551839845103472, "2": 0.0}, "chi_high": 0.4544458142537922, "beta_low": null}