{"R": 40.0, "wi": 3, "di": 1, "delta": 1.0, "gamma": {"0": 1.253651249655653, "1": 0.8839466014285934, "2": 1.2104840483591541}, "mu": {"0": 1.107532076179304, "1": 1.0782819021536807, "2": 1.02493602807016}, "phi": {"0": 0.3014292987396874, "1": 0.8129068850586523, "2": 0.48446808441523925}, "psi": {"0": 0.7635141044276916, "1": 1.387540643087681, "2": 1.2093174150734791}, "sigma": {"0": 0.8190838699010823, "1": 0.9040109324882877, "2": 0.0}, "chi_high": 0.9827783576616846, "beta_low": null}