{"R": 40.0, "wi": 0, "di": 2, "delta": 1.0, "gamma": {"0": 0.6661371116763823, "1": 0.583706939017785, "2": 1.4037472497056582}, "mu": {"0": 1.0285471688952654, "1": 1.1469803518634651, "2": 1.035845126911182}, "phi": {"0": 0.6674986532849281, "1": 0.20493956541602665, "2": 0.17951482074287783}, "psi": {"0": 1.092173505122847, "1": 0.8397728087529167, "2": 0.599895288044841}, "sigma": {"0": 0.5456084620719184, "1": 0.9937164714665263, "2": 0.0}, "chi_high": 0.5099508240787771, "beta_low": 0.9751365994205464}