{"R": 40.0, "wi": 2, "di": 0, "delta": 1.0, "gamma": {"0": 0.9954208060549286, "1": 1.488031326663334, "2": 1.497053433036642}, "mu": {"0": 1.0935966306069809, "1": 1.145900869879046, "2": 1.1170239703682447}, "phi": {"0": 0.6240545959291471, "1": 0.5479364767782867, "2": 0.09291755206718821}, "psi": {"0": 0.9192753689795122, "1": 0.7656608157246705, "2": 0.6952889703918701}, "sigma": {"0": 0.8750446650201976, "1": 0.7961569014384735, "2": 0.0}, "chi_high": null, "beta_low": null}