{"R": 40.0, "wi": 1, "di": 2, "delta": 1.0, "gamma": {"0": 1.2914494867557798, "1": 0.5594047909503753, "2": 0.682635924928183}, "mu": {"0": 1.047926631165971, "1": 1.1174584317355987, "2": 1.0243089466535762}, "phi": {"0": 0.9580451911627601, "1": 0.7010520152131241, "2": 0.19423867231745584}, "psi": {"0": 0.6207776206208114, "1": 0.710278286893545, "2": 1.3945477115215033}, "sigma": {"0": 0.7506093216906736, "1": 0.0, "2": 0.0}, "chi_high": null, "beta_low": 0.7954576364959424}