{"R": 40.0, "wi": 3, "di": 2, "delta": 1.0, "gamma": {"0": 1.4731774649024612, "1": 1.0499279269224293, "2": 1.1374252962501092}, "mu": {"0": 1.0502099102877527, "1": 1.121553415431568, "2": 1.0971867138517302}, "phi": {"0": 0.7586536409974473, "1": 0.7470356432548166, "2": 0.7796887287113267}, "psi": {"0": 1.0466088956280526, "1": 1.3416260978610586, "2": 1.4426939673969552}, "sigma": {"0": 0.7259880650386082, "1": 0.6081421283201776, "2": 0.0}, "chi_high": 0.3392939258031868, "beta_low": null}