{"R": 40.0, "wi": 0, "di": 2, "delta": 1.0, "gamma": {"0": 1.489623470004921, "1": 0.5974549844437889, "2": 1.4829133680514008}, "mu": {"0": 1.1319351516535958, "1": 1.0672256405562268, "2": 1.088599012181698}, "phi": {"0": 0.33676010235297216, "1": 0.3958792874200915, "2": 0.6817094674642542}, "psi": {"0": 0.6002254006930715, "1": 0.9537236237682487, "2": 0.7088730938482615}, "sigma": {"0": 0.9267942097309065, "1": 0.8288128810620283, "2": 0.0}, "chi_high": 0.5345480386980934, "beta_low": 0.9108757192789712}