{"R": 40.0, "wi": 1, "di": 0, "delta": 1.0, "gamma": {"0": 0.8764739011414885, "1": 1.3023306093359186, "2": 1.4431684751052596}, "mu": {"0": 1.0620238392703303, "1": 1.1334413912639256, "2": 1.094558837458233}, "phi": {"0": 0.6490733020666658, "1": 0.9503748032640795, "2": 0.28946393657111513}, "psi": {"0": 1.1779514843763343, "1": 1.3627574860882157, "2": 1.233331349765563}, "sigma": {"0": 0.5408340299976826, "1": 0.0, "2": 0.0}, "chi_high": null, "beta_low": 0.6397846993622842}