{"R": 40.0, "wi": 3, "di": 1, "delta": 1.0, "gamma": {"0": 0.8353873861771034, "1": 0.7422348075657413, "2": 0.9691384927304221}, "mu": {"0": 1.0042766405202426, "1": 1.0631211746686544, "2": 1.121700712539262}, "phi": {"0": 0.07597801096291135, "1": 0.7257756732518982, "2": 0.03910897850252393}, "psi": {"0": 0.7838704123791992, "1": 0.51322788863653, "2": 0.6777528661412823}, "sigma": {"0": 0.7377105161376157, "1": 0.9789974269010668, "2": 0.0}, "chi_high": 0.7827810989097307, "beta_low": null}