{"R": 40.0, "wi": 0, "di": 1, "delta": 1.0, "gamma": {"0": 0.9206283453445865, "1": 1.0778011473893385, "2": 1.4397596328618039}, "mu": {"0": 1.03452376240793, "1": 1.0076564216988857, "2": 1.1383991660068258}, "phi": {"0": 0.3428218643805272, "1": 0.185952605481859, "2": 0.1735654407023679}, "psi": {"0": 0.9554887268807156, "1": 1.221629741811099, "2": 1.3413845174257375}, "sigma": {"0": 0.6864767768595259, "1": 0.6018128361959671, "2": 0.0}, "chi_high": 0.7058278668346797, "beta_low": 0.18108112094818815}