{"R": 40.0, "wi": 2, "di": 1, "delta": 1.0, "gamma": {"0": 1.0734133087700755, "1": 0.6234656156609388, "2": 1.2737570441652049}, "mu": {"0": 1.000680023232581, "1": 1.0642632365284286, "2": 1.1075574978613114}, "phi": {"0": 0.455667969542508, "1": 0.9289991513577669, "2": 0.41892114047654816}, "psi": {"0": 1.3094893414459867, "1": 1.2507328314289619, "2": 1.2176839467603704}, "sigma": {"0": 0.68729522643868, "1": 0.798916040521549, "2": 0.0}, "chi_high": null, "beta_low": null}