{"R": 40.0, "wi": 2, "di": 2, "delta": 1.0, "gamma": {"0": 0.6760805075892695, "1": 0.9483508349956873, "2": 0.8175270647496928}, "mu": {"0": 1.0613072936396872, "1": 1.1206104476851588, "2": 1.0639041242493823}, "phi": {"0": 0.5179094151738921, "1": 0.8338081515191736, "2": 0.8279619816090953}, "psi": {"0": 0.9327505573610877, "1": 0.8608939196639142, "2": 1.316763867674489}, "sigma": {"0": 0.900680985902289, "1": 0.9179337533087653, "2": 0.0}, "chi_high": null, "beta_low": null}