{"R": 40.0, "wi": 1, "di": 1, "delta": 1.0, "gamma": {"0": 1.3981999268698044, "1": 0.9889160824966363, "2": 1.288572378204127}, "mu": {"0": 1.0586207066452538, "1": 1.0593667900752888, "2": 1.1149668840816036}, "phi": {"0": 0.583257072939894, "1": 0.7233632241633173, "2": 0.35492083330871005}, "psi": {"0": 0.8840397353200261, "1": 0.617139225337886, "2": 1.272518189014368}, "sigma": {"0": 0.6288879711825757, "1": 0.0, "2": 0.0}, "chi_high": null, "beta_low": 0.7084022056017915}