{"R": 40.0, "wi": 3, "di": 1, "delta": 1.0, "gamma": {"0": 0.8775447670962483, "1": 0.6379251201623474, "2": 1.4766778385387744}, "mu": {"0": 1.0578465866339886, "1": 1.0895178062784114, "2": 1.0543444482259243}, "phi": {"0": 0.38132309491455985, "1": 0.7870081508869314, "2": 0.6221426203174436}, "psi": {"0": 0.6500577959154329, "1": 0.5275249103556786, "2": 0.7331586679245685}, "sigma": {"0": 0.8924936818846314, "1": 0.6089078891573982, "2": 0.0}, "chi_high": 0.6402380209494751, "beta_low": null}