{"R": 40.0, "wi": 3, "di": 0, "delta": 1.0, "gamma": {"0": 0.6420076382886175, "1": 0.636996499332075, "2": 0.9006324808300256}, "mu": {"0": 1.0619327081314534, "1": 1.1423863972816075, "2": 1.0477847616959794}, "phi": {"0": 0.561881850124033, "1": 0.30430688562345687, "2": 0.15896521000214658}, "psi": {"0": 0.8795029959291502, "1": 0.6404886390397669, "2": 1.490038047182944}, "sigma": {"0": 0.9521572263918292, "1": 0.5028822303738005, "2": 0.0}, "chi_high": 0.43991920967145776, "beta_low": null}