{"R": 40.0, "wi": 3, "di": 0, "delta": 1.0, "gamma": {"0": 1.1631376862126028, "1": 0.9049728485008333, "2": 0.548904440147826}, "mu": {"0": 1.0589082598977342, "1": 1.0736700232687406, "2": 1.1381882204834763}, "phi": {"0": 0.9056185496292756, "1": 0.4649996227746578, "2": 0.9508059423593685}, "psi": {"0": 1.0848357865480596, "1": 1.0553292391808886, "2": 0.9622189291430712}, "sigma": {"0": 0.5825133132389462, "1": 0.6559698244753435, "2": 0.0}, "chi_high": 0.5776597639849897, "beta_low": null}