{"R": 40.0, "wi": 2, "di": 2, "delta": 1.0, "gamma": {"0": 1.2496574554385818, "1": 1.4975522025729808, "2": 0.8968227358502205}, "mu": {"0": 1.0597136140250023, "1": 1.0967928626016379, "2": 1.1338784932952266}, "phi": {"0": 0.6649335015668648, "1": 0.12071490656307537, "2": 0.9828188953575133}, "psi": {"0": 1.4891048557635456, "1": 0.7479355403654863, "2": 1.0978374500520471}, "sigma": {"0": 0.5842058736674338, "1": 0.8393491448365555, "2": 0.0}, "chi_high": null, "beta_low": null}