{"R": 40.0, "wi": 2, "di": 0, "delta": 1.0, "gamma": {"0": 1.1123238644583224, "1": 1.2378307729005544, "2": 0.6447565613316582}, "mu": {"0": 1.0662586042837883, "1": 1.1291819699302412, "2": 1.0792753017717855}, "phi": {"0": 0.30337564940092054, "1": 0.6655087349227597, "2": 0.771405884937007}, "psi": {"0": 1.3754384286499977, "1": 0.6324431409419562, "2": 1.079812413595918}, "sigma": {"0": 0.6954542355926745, "1": 0.8405923861836033, "2": 0.0}, "chi_high": null, "beta_low": null}