{"R": 40.0, "wi": 0, "di": 0, "delta": 1.0, "gamma": {"0": 0.5132183374701277, "1": 1.1467968441581253, "2": 0.9244425008573065}, "mu": {"0": 1.063244777691429, "1": 1.1020933297039128, "2": 1.0040324967930478}, "phi": {"0": 0.4645622857250351, "1": 0.4576158903307551, "2": 0.750966793007751}, "psi": {"0": 0.863046879671909, "1": 0.5407181888564162, "2": 1.348364142678561}, "sigma": {"0": 0.8724520911411279, "1": 0.8998553356934877, "2": 0.0}, "chi_high": 0.9352808744434317, "beta_low": 0.6002581220011161}