{"R": 40.0, "wi": 0, "di": 0, "delta": 1.0, "gamma": {"0": 0.5755271799663638, "1": 1.0503256502473026, "2": 1.1206226212991872}, "mu": {"0": 1.0720282295717778, "1": 1.1319121986006293, "2": 1.0856437937686592}, "phi": {"0": 0.6067634846466782, "1": 0.7854700659930526, "2": 0.5612973321244963}, "psi": {"0": 1.1528961096907988, "1": 1.1500279717080237, "2": 0.6800889709571188}, "sigma": {"0": 0.8338726548679057, "1": 0.652259602289698, "2": 0.0}, "chi_high": 0.07030698661540553, "beta_low": 0.8092129477901608}