{"R": 40.0, "wi": 3, "di": 1, "delta": 1.0, "gamma": {"0": 1.0987064046846493, "1": 0.6036930885208186, "2": 0.7424424558332656}, "mu": {"0": 1.0912698991275442, "1": 1.0350883538153568, "2": 1.114259721143963}, "phi": {"0": 0.8208612029682568, "1": 0.4639160838976272, "2": 0.8230936281845972}, "psi": {"0": 0.6318110148314526, "1": 0.7746812818702628, "2": 1.0235455648417342}, "sigma": {"0": 0.6529907996973087, "1": 0.9724390092922621, "2": 0.0}, "chi_high": 0.9105065901651395, "beta_low": null}