{"R": 40.0, "wi": 3, "di": 0, "delta": 1.0, "gamma": {"0": 0.6984775262831356, "1": 1.4786998172522048, "2": 0.7458967315465878}, "mu": {"0": 1.0831907084261068, "1": 1.1389527258265684, "2": 1.0180400601609638}, "phi": {"0": 0.9665633768320963, "1": 0.025419101377436304, "2": 0.7313957629130156}, "psi": {"0": 1.4253995760183875, "1": 0.6259574654962066, "2": 1.1382201718248157}, "sigma": {"0": 0.790085265543431, "1": 0.7715421698601626, "2": 0.0}, "chi_high": 0.014277425711982993, "beta_low": null}