{"R": 40.0, "wi": 1, "di": 0, "delta": 1.0, "gamma": {"0": 1.314583114448324, "1": 0.6806284400298225, "2": 1.3368567164251064}, "mu": {"0": 1.0862724157492811, "1": 1.0417885396514182, "2": 1.1188944493353015}, "phi": {"0": 0.47667757584642056, "1": 0.048801872850194994, "2": 0.7626996856246845}, "psi": {"0": 0.9916431376280334, "1": 1.4282210177067407, "2": 0.7957262500775243}, "sigma": {"0": 0.8893938817659126, "1": 0.0, "2": 0.0}, "chi_high": null, "beta_low": 0.17461356614898527}