{"R": 40.0, "wi": 0, "di": 0, "delta": 1.0, "gamma": {"0": 1.1311012423505629, "1": 0.9785834695508862, "2": 1.1297974105080275}, "mu": {"0": 1.1259108174220096, "1": 1.1013748737149893, "2": 1.048220557838183}, "phi": {"0": 0.0317589155425031, "1": 0.15937342901519813, "2": 0.1278391294430128}, "psi": {"0": 0.9824996418342612, "1": 1.3073614077465114, "2": 1.2030955122488174}, "sigma": {"0": 0.892421715181321, "1": 0.9782178681404041, "2": 0.0}, "chi_high": 0.3183303385620966, "beta_low": 0.9725695792539915}