{"R": 40.0, "wi": 0, "di": 0, "delta": 1.0, "gamma": {"0": 0.8652069297564475, "1": 0.7653241313548245, "2": 0.78359071428895}, "mu": {"0": 1.1340179993840562, "1": 1.015852209333374, "2": 1.1325335365750475}, "phi": {"0": 0.29819543377882674, "1": 0.8566978036134768, "2": 0.8760250914565595}, "psi": {"0": 1.2969862548302415, "1": 0.8496216554506131, "2": 0.9905111505573082}, "sigma": {"0": 0.8218433586933147, "1": 0.8430511378329351, "2": 0.0}, "chi_high": 0.9298922812180361, "beta_low": 0.496895669637751}