{"R": 40.0, "wi": 3, "di": 2, "delta": 1.0, "gamma": {"0": 1.2907651117662464, "1": 1.0358961430069344, "2": 1.2512965598879728}, "mu": {"0": 1.1020354842003728, "1": 1.1301955112355124, "2": 1.123774454006315}, "phi": {"0": 0.8849761690185525, "1": 0.9379903564716151, "2": 0.5336112883674754}, "psi": {"0": 1.2720988069237777, "1": 0.7061963067498201, "2": 1.4881986339558162}, "sigma": {"0": 0.7055513765320056, "1": 0.649513412536447, "2": 0.0}, "chi_high": 0.5737576449004629, "beta_low": null}