{"R": 40.0, "wi": 2, "di": 0, "delta": 1.0, "gamma": {"0": 0.5212732719053952, "1": 0.594584139467601, "2": 1.1960582753124678}, "mu": {"0": 1.0346648401732739, "1": 1.006138966791897, "2": 1.084057308196901}, "phi": {"0": 0.4026364146312049, "1": 0.8126327318012286, "2": 0.9122935860293822}, "psi": {"0": 1.0241657636756951, "1": 1.4459251648059965, "2": 1.2761503422139637}, "sigma": {"0": 0.8739136760618671, "1": 0.5702450494629148, "2": 0.0}, "chi_high": null, "beta_low": null}