{"R": 40.0, "wi": 3, "di": 1, "delta": 1.0, "gamma": {"0": 1.3661151664672109, "1": 1.2364951697418927, "2": 0.7613736820860435}, "mu": {"0": 1.043447497121768, "1": 1.089053871153899, "2": 1.122733533858437}, "phi": {"0": 0.45244142837870227, "1": 0.08189123383753649, "2": 0.3447966577697613}, "psi": {"0": 1.1114381948567449, "1": 0.9070351352822521, "2": 0.9550791713800989}, "sigma": {"0": 0.7599348228406082, "1": 0.9365704975557567, "2": 0.0}, "chi_high": 0.408326982671148, "beta_low": null}