{"R": 40.0, "wi": 1, "di": 1, "delta": 1.0, "gamma": {"0": 1.3266794109033269, "1": 0.6177679565152627, "2": 0.5487948598627317}, "mu": {"0": 1.012173665434499, "1": 1.0498608033042267, "2": 1.0918438102972285}, "phi": {"0": 0.23151099365903627, "1": 0.5587477380685164, "2": 0.9308299293363236}, "psi": {"0": 0.8234875474149742, "1": 1.145919787735272, "2": 1.1793666166521688}, "sigma": {"0": 0.7873114754840032, "1": 0.0, "2": 0.0}, "chi_high": null, "beta_low": 0.6371388298221788}