{"R": 40.0, "wi": 2, "di": 0, "delta": 1.0, "gamma": {"0": 1.1731885392208625, "1": 1.0017646280761106, "2": 1.2025538958258157}, "mu": {"0": 1.072856520620508, "1": 1.1205712273964605, "2": 1.0129280291247833}, "phi": {"0": 0.5612792542189218, "1": 0.585424379291024, "2": 0.4126898464944776}, "psi": {"0": 0.5558236187292733, "1": 0.6937502945538939, "2": 0.9454849309573513}, "sigma": {"0": 0.9113524786183954, "1": 0.5517078951282341, "2": 0.0}, "chi_high": null, "beta_low": null}