{"R": 40.0, "wi": 1, "di": 2, "delta": 1.0, "gamma": {"0": 1.2055905740461048, "1": 0.6215345581370749, "2": 0.8801239037416786}, "mu": {"0": 1.0396011073005165, "1": 1.0377140027085858, "2": 1.1014406846260052}, "phi": {"0": 0.6273712899219982, "1": 0.6161248155501531, "2": 0.8971851193744041}, "psi": {"0": 1.4517356296448403, "1": 1.2901580131283958, "2": 0.6947238814570397}, "sigma": {"0": 0.7583898231294406, "1": 0.0, "2": 0.0}, "chi_high": null, "beta_low": 0.6575947561274547}