{"R": 40.0, "wi": 0, "di": 0, "delta": 1.0, "gamma": {"0": 1.265255076818523, "1": 1.1945113866869883, "2": 1.2812899095158334}, "mu": {"0": 1.1332662370759004, "1": 1.02462761432955, "2": 1.0720259038731803}, "phi": {"0": 0.27896238078031055, "1": 0.8587702883021889, "2": 0.28363817008857295}, "psi": {"0": 0.8131385838075605, "1": 0.8030064829178065, "2": 0.940375558174541}, "sigma": {"0": 0.6833939532730269, "1": 0.840825487289097, "2": 0.0}, "chi_high": 0.6795557362763073, "beta_low": 0.9725611294079755}