{"R": 40.0, "wi": 1, "di": 0, "delta": 1.0, "gamma": {"0": 1.2186572607236372, "1": 1.269941538941314, "2": 1.3255768236371976}, "mu": {"0": 1.0198947285581292, "1": 1.1047520370977237, "2": 1.0981313148251415}, "phi": {"0": 0.1922711532639011, "1": 0.6772021589190845, "2": 0.0012694664171701842}, "psi": {"0": 1.331748962604174, "1": 0.5202420592677673, "2": 0.5689812809955013}, "sigma": {"0": 0.7001803480920643, "1": 0.0, "2": 0.0}, "chi_high": null, "beta_low": 0.38121996378554723}