{"R": 40.0, "wi": 0, "di": 0, "delta": 1.0, "gamma": {"0": 0.9355081309818527, "1": 1.1126529554395077, "2": 1.0716996568602069}, "mu": {"0": 1.1369060609049593, "1": 1.1300119051183886, "2": 1.1422813186057301}, "phi": {"0": 0.9172030422913124, "1": 0.22215616184533216, "2": 0.4062473826071398}, "psi": {"0": 0.8249419909823811, "1": 0.640414548096647, "2": 1.328929763251557}, "sigma": {"0": 0.6927269683142591, "1": 0.8620111638727599, "2": 0.0}, "chi_high": 0.25943217973251637, "beta_low": 0.9301785750234458}