{"R": 40.0, "wi": 0, "di": 2, "delta": 1.0, "gamma": {"0": 1.0507172292676943, "1": 0.5015653510671062, "2": 0.5500600189220637}, "mu": {"0": 1.0023390605632196, "1": 1.0215113165390743, "2": 1.125007749153559}, "phi": {"0": 0.31624746876355336, "1": 0.9966625900614593, "2": 0.12451235463727406}, "psi": {"0": 1.49746153722362, "1": 1.4674456911903495, "2": 0.6299472054623938}, "sigma": {"0": 0.8861073858144735, "1": 0.9776294070275113, "2": 0.0}, "chi_high": 0.6657317358492086, "beta_low": 0.8708146544022748}