{"R": 40.0, "wi": 2, "di": 0, "delta": 1.0, "gamma": {"0": 1.31025328401835, "1": 0.7627342062625108, "2": 0.9731355091564964}, "mu": {"0": 1.0966634672511741, "1": 1.0025527024294885, "2": 1.1085434678996133}, "phi": {"0": 0.8124004597283903, "1": 0.6708745357721276, "2": 0.0689644915408677}, "psi": {"0": 0.7318216797758514, "1": 1.3336906166805629, "2": 0.8434386409290464}, "sigma": {"0": 0.8515452998946829, "1": 0.555323403884447, "2": 0.0}, "chi_high": null, "beta_low": null}