{"R": 40.0, "wi": 0, "di": 0, "delta": 1.0, "gamma": {"0": 1.176340801416119, "1": 1.2542642855029895, "2": 1.1839979944220744}, "mu": {"0": 1.1320945107726992, "1": 1.1253950505134551, "2": 1.0983131359029745}, "phi": {"0": 0.8197664547484119, "1": 0.5793535235186238, "2": 0.6682901942386055}, "psi": {"0": 0.8164263056176145, "1": 0.9275989207269995, "2": 0.5818212194867478}, "sigma": {"0": 0.9774057978975025, "1": 0.8130062610595779, "2": 0.0}, "chi_high": 0.33875193057998865, "beta_low": 0.13175658573496907}