{"R": 40.0, "wi": 0, "di": 2, "delta": 1.0, "gamma": {"0": 0.6105333558409247, "1": 1.2995793577279224, "2": 1.2007478784370682}, "mu": {"0": 1.1180890706702131, "1": 1.086878551714367, "2": 1.141898579034322}, "phi": {"0": 0.9204102461688898, "1": 0.8061542151971594, "2": 0.3879905595198525}, "psi": {"0": 0.6968347284452073, "1": 0.8967187419832079, "2": 0.9793702346295878}, "sigma": {"0": 0.8117317284269996, "1": 0.7613591903039683, "2": 0.0}, "chi_high": 0.8437185710534292, "beta_low": 0.9179269605024266}