{"R": 40.0, "wi": 1, "di": 1, "delta": 1.0, "gamma": {"0": 1.4268335408732966, "1": 1.4417253014947318, "2": 0.759547410303229}, "mu": {"0": 1.0874249833171132, "1": 1.105925079567032, "2": 1.0691612535799266}, "phi": {"0": 0.5428769866122984, "1": 0.10079260149317537, "2": 0.7675732821220778}, "psi": {"0": 0.5627283904710829, "1": 0.8263603336291739, "2": 0.575972579299825}, "sigma": {"0": 0.6744655326412718, "1": 0.0, "2": 0.0}, "chi_high": null, "beta_low": 0.9842937752267219}