{"R": 40.0, "wi": 1, "di": 2, "delta": 1.0, "gamma": {"0": 1.409741951479159, "1": 1.4945062162066958, "2": 1.2761482501779073}, "mu": {"0": 1.136466444793181, "1": 1.0652516793325033, "2": 1.1365599401754831}, "phi": {"0": 0.7639768367914316, "1": 0.4596478321145828, "2": 0.8769907196432516}, "psi": {"0": 0.7335679843669272, "1": 0.7209700087633099, "2": 1.4310323632078572}, "sigma": {"0": 0.6995582211049036, "1": 0.0, "2": 0.0}, "chi_high": null, "beta_low": 0.6165380659711499}