{"R": 40.0, "wi": 1, "di": 1, "delta": 1.0, "gamma": {"0": 0.8551635442110821, "1": 1.4910136118770096, "2": 1.0613240581290366}, "mu": {"0": 1.105706747096071, "1": 1.0455911288546798, "2": 1.0028632631452818}, "phi": {"0": 0.4975204711117477, "1": 0.03241096189209658, "2": 0.6006982202904352}, "psi": {"0": 1.1027293611583573, "1": 1.2131791972167854, "2": 0.977535900795065}, "sigma": {"0": 0.9133408116150209, "1": 0.0, "2": 0.0}, "chi_high": null, "beta_low": 0.8738855551397195}