{"R": 40.0, "wi": 3, "di": 0, "delta": 1.0, "gamma": {"0": 0.9045876078490966, "1": 0.7975254002092571, "2": 0.7451591570653162}, "mu": {"0": 1.0752367847100894, "1": 1.0510530987202265, "2": 1.1062790816447776}, "phi": {"0": 0.784882322545596, "1": 0.0006975889813265468, "2": 0.5964242192004697}, "psi": {"0": 1.2056177647711346, "1": 0.9206887212358971, "2": 0.8429496943317628}, "sigma": {"0": 0.9009442541417028, "1": 0.9377875025527586, "2": 0.0}, "chi_high": 0.5241002443801105, "beta_low": null}