{"R": 40.0, "wi": 1, "di": 0, "delta": 1.0, "gamma": {"0": 1.0985048385380094, "1": 1.3353006532587215, "2": 0.9025411565983466}, "mu": {"0": 1.1241649648653926, "1": 1.0720282498731666, "2": 1.1132969783543696}, "phi": {"0": 0.7917815535887366, "1": 0.02962466606670533, "2": 0.7791055672127732}, "psi": {"0": 0.5380513712647207, "1": 0.7552923150524906, "2": 0.6236216549845135}, "sigma": {"0": 0.8321954478836907, "1": 0.0, "2": 0.0}, "chi_high": null, "beta_low": 0.9023516997683564}