{"R": 40.0, "wi": 2, "di": 0, "delta": 1.0, "gamma": {"0": 1.318390901645731, "1": 0.898854174952775, "2": 0.8054995978199057}, "mu": {"0": 1.1335072905628913, "1": 1.0714058508013744, "2": 1.0848683463711917}, "phi": {"0": 0.3836325082191273, "1": 0.516409335630633, "2": 0.9284180995356491}, "psi": {"0": 1.4401052951832218, "1": 1.1419835123360518, "2": 1.2049113577686126}, "sigma": {"0": 0.9471600187491113, "1": 0.8819854100133601, "2": 0.0}, "chi_high": null, "beta_low": null}