{"R": 40.0, "wi": 1, "di": 0, "delta": 1.0, "gamma": {"0": 0.535691978130161, "1": 1.4639850824193725, "2": 0.8354517669627757}, "mu": {"0": 1.0277673159447032, "1": 1.0328088551152512, "2": 1.0538827605956915}, "phi": {"0": 0.594349952948202, "1": 0.056706235391419724, "2": 0.8076825028101503}, "psi": {"0": 0.8968567931773574, "1": 0.5548124762686002, "2": 0.5862444789007164}, "sigma": {"0": 0.5103339147359884, "1": 0.0, "2": 0.0}, "chi_high": null, "beta_low": 0.3824225426888437}