{"R": 40.0, "wi": 1, "di": 1, "delta": 1.0, "gamma": {"0": 0.6626796852443149, "1": 0.876132633271092, "2": 1.4000779327144175}, "mu": {"0": 1.0557708782891324, "1": 1.0230862690940126, "2": 1.0719623701894758}, "phi": {"0": 0.06765087753511023, "1": 0.046797475766044316, "2": 0.6767510104372106}, "psi": {"0": 1.3999448246916804, "1": 0.8421356964172689, "2": 1.4417340768798288}, "sigma": {"0": 0.7823231541287383, "1": 0.0, "2": 0.0}, "chi_high": null, "beta_low": 0.6110634625023503}