{"R": 40.0, "wi": 2, "di": 2, "delta": 1.0, "gamma": {"0": 0.7957490358287318, "1": 0.6691975140135731, "2": 0.5093393426899518}, "mu": {"0": 1.0644148624501055, "1": 1.1217703444165055, "2": 1.0352512485969576}, "phi": {"0": 0.48693788430519724, "1": 0.1968224054366109, "2": 0.8965636812289657}, "psi": {"0": 0.7464624576770631, "1": 1.39436253038388, "2": 0.8366544201293938}, "sigma": {"0": 0.8179893619772822, "1": 0.5168776696485, "2": 0.0}, "chi_high": null, "beta_low": null}