{"R": 40.0, "wi": 1, "di": 0, "delta": 1.0, "gamma": {"0": 0.8280063718086088, "1": 0.7406288105742304, "2": 0.7341885578824674}, "mu": {"0": 1.006113176089411, "1": 1.0609548894072254, "2": 1.074390088818461}, "phi": {"0": 0.39748429404251673, "1": 0.48895629590201306, "2": 0.19731436435478478}, "psi": {"0": 1.3104978097827527, "1": 0.762428330387931, "2": 0.8559981084833022}, "sigma": {"0": 0.7075565380191974, "1": 0.0, "2": 0.0}, "chi_high": null, "beta_low": 0.24924658702224173}