{"R": 40.0, "wi": 0, "di": 0, "delta": 1.0, "gamma": {"0": 1.283264911457125, "1": 1.0332491973884, "2": 1.1614050129547357}, "mu": {"0": 1.0196468773525653, "1": 1.1107884055426707, "2": 1.0755673754468926}, "phi": {"0": 0.307570039494503, "1": 0.12856861212761483, "2": 0.6321186675033614}, "psi": {"0": 0.9487491892356426, "1": 0.5147941631757517, "2": 0.7923607839576268}, "sigma": {"0": 0.8915157972669432, "1": 0.9368520702370564, "2": 0.0}, "chi_high": 0.7307531030338653, "beta_low": 0.835588823751294}