{"R": 40.0, "wi": 3, "di": 0, "delta": 1.0, "gamma": {"0": 0.6064108633065292, "1": 1.4079975119243633, "2": 1.326628898802003}, "mu": {"0": 1.129166955958033, "1": 1.0664644090943496, "2": 1.0063332209491507}, "phi": {"0": 0.021326265850399873, "1": 0.4094253575191136, "2": 0.5616081442562357}, "psi": {"0": 1.3064349529213675, "1": 1.1767194134461958, "2": 1.3710263215360476}, "sigma": {"0": 0.8151547649462343, "1": 0.6280466685945569, "2": 0.0}, "chi_high": 0.9261222597897342, "beta_low": null}