{"R": 40.0, "wi": 0, "di": 2, "delta": 1.0, "gamma": {"0": 0.7552475938467501, "1": 1.1913828552403083, "2": 1.4112609994221375}, "mu": {"0": 1.015319189970193, "1": 1.0762302944059337, "2": 1.0037211275446052}, "phi": {"0": 0.31317904279629327, "1": 0.5658233669404749, "2": 0.23208177027541432}, "psi": {"0": 0.9062262568321473, "1": 1.292018271375877, "2": 1.2152074737860992}, "sigma": {"0": 0.7382805930736491, "1": 0.5177009647031647, "2": 0.0}, "chi_high": 0.2898703951993555, "beta_low": 0.9771932166743458}