{"R": 40.0, "wi": 3, "di": 2, "delta": 1.0, "gamma": {"0": 1.3798854378600476, "1": 0.6511319263106586, "2": 1.120453979617424}, "mu": {"0": 1.1292533754641663, "1": 1.1168115161433065, "2": 1.0524142471906568}, "phi": {"0": 0.037074056863561355, "1": 0.8064624367908667, "2": 0.08645115648572455}, "psi": {"0": 0.5606973352300539, "1": 1.1661189205387723, "2": 0.862923142233808}, "sigma": {"0": 0.8645753862710548, "1": 0.5802772619134693, "2": 0.0}, "chi_high": 0.25709205167462473, "beta_low": null}