{"R": 40.0, "wi": 2, "di": 0, "delta": 1.0, "gamma": {"0": 1.1279128462234262, "1": 0.7014850403470377, "2": 0.5114299840243839}, "mu": {"0": 1.0862858147584324, "1": 1.0646733986992631, "2": 1.0443969128813284}, "phi": {"0": 0.6404998166899718, "1": 0.6877736976106441, "2": 0.658924486837882}, "psi": {"0": 0.5369963780267469, "1": 0.9925264226558718, "2": 0.605106292444016}, "sigma": {"0": 0.9954599528051146, "1": 0.8835737986249192, "2": 0.0}, "chi_high": null, "beta_low": null}