{"R": 40.0, "wi": 2, "di": 0, "delta": 1.0, "gamma": {"0": 0.8876527818116461, "1": 1.1550431449020286, "2": 1.3728566300056315}, "mu": {"0": 1.0037842322655603, "1": 1.066676485283407, "2": 1.1195359869329482}, "phi": {"0": 0.10049218331877041, "1": 0.062140452542344904, "2": 0.07141571528519852}, "psi": {"0": 0.599063890652447, "1": 0.6608718827851511, "2": 0.6131581856736481}, "sigma": {"0": 0.6830959480914338, "1": 0.7617068620252293, "2": 0.0}, "chi_high": null, "beta_low": null}