{"R": 40.0, "wi": 1, "di": 1, "delta": 1.0, "gamma": {"0": 1.1521894100388042, "1": 1.0283070131642682, "2": 0.7434154060983964}, "mu": {"0": 1.1214296218521054, "1": 1.0848545949468813, "2": 1.062717420690894}, "phi": {"0": 0.3321024610367519, "1": 0.189425398966531, "2": 0.7468406967761082}, "psi": {"0": 0.5913185983792976, "1": 1.2170032882080557, "2": 0.6611723672716586}, "sigma": {"0": 0.6574761318998301, "1": 0.0, "2": 0.0}, "chi_high": null, "beta_low": 0.16452203510463426}