{"R": 40.0, "wi": 1, "di": 1, "delta": 1.0, "gamma": {"0": 1.402890081077476, "1": 1.4740820815854083, "2": 1.3042433732232772}, "mu": {"0": 1.0352323759961548, "1": 1.0633697283752925, "2": 1.0654331615605328}, "phi": {"0": 0.23818192566926943, "1": 0.009751202651322122, "2": 0.5528414717738984}, "psi": {"0": 1.096152446645499, "1": 0.7027927602277164, "2": 0.6344947084714538}, "sigma": {"0": 0.9030427510402482, "1": 0.0, "2": 0.0}, "chi_high": null, "beta_low": 0.7484229571701141}