{"R": 40.0, "wi": 3, "di": 2, "delta": 1.0, "gamma": {"0": 0.5078133402718589, "1": 1.2674818726397707, "2": 1.4207214693291181}, "mu": {"0": 1.0647886544659646, "1": 1.038042984778981, "2": 1.0086798722194281}, "phi": {"0": 0.49807684797257223, "1": 0.7512253742678636, "2": 0.7322608013605387}, "psi": {"0": 0.6335225220012344, "1": 0.6868723685609218, "2": 0.9162436064390079}, "sigma": {"0": 0.8587464740714109, "1": 0.9601618299365681, "2": 0.0}, "chi_high": 0.44614519339782716, "beta_low": null}