{"R": 40.0, "wi": 3, "di": 1, "delta": 1.0, "gamma": {"0": 1.4570598573960427, "1": 1.298577088647503, "2": 1.3227985782235172}, "mu": {"0": 1.0766931326347384, "1": 1.031298988710275, "2": 1.0383879216002339}, "phi": {"0": 0.7683786794680725, "1": 0.0192600646005463, "2": 0.9214330129434669}, "psi": {"0": 1.4915925225027902, "1": 0.9458517636224317, "2": 0.5070578562153297}, "sigma": {"0": 0.7367236526185876, "1": 0.6190426613023494, "2": 0.0}, "chi_high": 0.41646419838538595, "beta_low": null}