{"R": 40.0, "wi": 2, "di": 1, "delta": 1.0, "gamma": {"0": 1.4028899608306529, "1": 1.2706342831741986, "2": 1.4867497521523845}, "mu": {"0": 1.0165031288086446, "1": 1.0261262023054738, "2": 1.1472754288061116}, "phi": {"0": 0.4479245243526063, "1": 0.03351427878971047, "2": 0.4802344022932191}, "psi": {"0": 0.6756161562914833, "1": 0.6489252537698429, "2": 0.8045725448079094}, "sigma": {"0": 0.7878614998351576, "1": 0.8031026475796472, "2": 0.0}, "chi_high": null, "beta_low": null}