{"R": 40.0, "wi": 0, "di": 0, "delta": 1.0, "gamma": {"0": 0.6879890724048796, "1": 0.9440986700511371, "2": 0.8532794721283785}, "mu": {"0": 1.0022178541735998, "1": 1.0245949350190426, "2": 1.0865007353195406}, "phi": {"0": 0.24876443125532188, "1": 0.18834178187379091, "2": 0.9913801755677275}, "psi": {"0": 0.5346374580370973, "1": 1.489619807802045, "2": 0.7186686813878346}, "sigma": {"0": 0.5989810401380351, "1": 0.5559720960647829, "2": 0.0}, "chi_high": 0.41438327360978366, "beta_low": 0.053743928696092125}