{"R": 40.0, "wi": 2, "di": 1, "delta": 1.0, "gamma": {"0": 1.2258804722151853, "1": 0.7246902454545915, "2": 0.9997436060897792}, "mu": {"0": 1.1438457989594437, "1": 1.1212594708121042, "2": 1.0700512044167596}, "phi": {"0": 0.24157527579766935, "1": 0.9196959823267747, "2": 0.1566704659201873}, "psi": {"0": 1.4357271214174152, "1": 0.5584875163517821, "2": 0.8288693905882815}, "sigma": {"0": 0.6547484867807147, "1": 0.9674876712885402, "2": 0.0}, "chi_high": null, "beta_low": null}