{"R": 40.0, "wi": 2, "di": 0, "delta": 1.0, "gamma": {"0": 0.7332465400106795, "1": 1.3880921293980506, "2": 0.8780394836701403}, "mu": {"0": 1.0618821448711044, "1": 1.0872221679039604, "2": 1.0859170695984013}, "phi": {"0": 0.9906164235226705, "1": 0.4091614656981014, "2": 0.1340045805816127}, "psi": {"0": 0.9194508072844494, "1": 0.8345473998520547, "2": 0.782610663889064}, "sigma": {"0": 0.9831464839121857, "1": 0.9322240671513722, "2": 0.0}, "chi_high": null, "beta_low": null}