{"R": 40.0, "wi": 0, "di": 1, "delta": 1.0, "gamma": {"0": 0.81009610749987, "1": 1.1806330461847523, "2": 0.7441072147176152}, "mu": {"0": 1.0004325323518388, "1": 1.0555548128148111, "2": 1.1032515016546962}, "phi": {"0": 0.9514798681950641, "1": 0.6133848091564063, "2": 0.9711874167266751}, "psi": {"0": 0.9714531407607957, "1": 0.844368239657968, "2": 0.6975105033665855}, "sigma": {"0": 0.7517642858552671, "1": 0.6035741723150483, "2": 0.0}, "chi_high": 0.047453801743648556, "beta_low": 0.10005077887417932}