{"R": 40.0, "wi": 0, "di": 2, "delta": 1.0, "gamma": {"0": 0.8964728019610444, "1": 1.0004087520462528, "2": 0.9767883406278696}, "mu": {"0": 1.0733657600985724, "1": 1.002130284598299, "2": 1.0981692200466011}, "phi": {"0": 0.37781993811641734, "1": 0.2917022192319858, "2": 0.5346057802960482}, "psi": {"0": 1.1080101543363963, "1": 1.206362432694899, "2": 0.7322378400560651}, "sigma": {"0": 0.6722842550930619, "1": 0.5596578091211418, "2": 0.0}, "chi_high": 0.5978303086607396, "beta_low": 0.31965924241133936}