{"R": 40.0, "wi": 3, "di": 0, "delta": 1.0, "gamma": {"0": 1.1860589279889715, "1": 0.868783695938214, "2": 0.5956757751159802}, "mu": {"0": 1.0588896056258321, "1": 1.0380423112936916, "2": 1.0484289142482672}, "phi": {"0": 0.058660520060821675, "1": 0.6817930951696283, "2": 0.6350178992860042}, "psi": {"0": 1.3945420542716955, "1": 0.8735083556043313, "2": 0.9195311017105683}, "sigma": {"0": 0.6294191038974055, "1": 0.6059873456370952, "2": 0.0}, "chi_high": 0.18138129596320576, "beta_low": null}