{"R": 40.0, "wi": 1, "di": 2, "delta": 1.0, "gamma": {"0": 1.3529499033219643, "1": 1.4065502844018964, "2": 1.1983874292840215}, "mu": {"0": 1.0398305099706906, "1": 1.0714387170676094, "2": 1.1043725931527875}, "phi": {"0": 0.3612371417251694, "1": 0.7509246685827458, "2": 0.824079706713659}, "psi": {"0": 1.475866710231601, "1": 1.4488718466575579, "2": 1.3529129310900294}, "sigma": {"0": 0.50905868088645, "1": 0.0, "2": 0.0}, "chi_high": null, "beta_low": 0.29747582722318655}