{"R": 40.0, "wi": 2, "di": 0, "delta": 1.0, "gamma": {"0": 1.0354861923901488, "1": 1.0759440698653258, "2": 1.0191701528595338}, "mu": {"0": 1.1400346699611468, "1": 1.0212567176020027, "2": 1.0257417616812903}, "phi": {"0": 0.512527496345723, "1": 0.8624566554509888, "2": 0.6276068631230463}, "psi": {"0": 1.0581780769926237, "1": 1.4224253297134846, "2": 1.4417515633118163}, "sigma": {"0": 0.8448857634227349, "1": 0.6254233598324774, "2": 0.0}, "chi_high": null, "beta_low": null}