{"R": 40.0, "wi": 0, "di": 2, "delta": 1.0, "gamma": {"0": 0.7012202575941279, "1": 1.068625060834099, "2": 0.9276220130663866}, "mu": {"0": 1.1159578929534535, "1": 1.0016079479153337, "2": 1.055906330770292}, "phi": {"0": 0.5980573816740186, "1": 0.26689053398552676, "2": 0.13093421647260417}, "psi": {"0": 1.3196265953395712, "1": 0.5292407222664673, "2": 1.313628254634283}, "sigma": {"0": 0.656989824859628, "1": 0.753774781421439, "2": 0.0}, "chi_high": 0.9814193109058498, "beta_low": 0.988343784019067}