{"R": 40.0, "wi": 0, "di": 1, "delta": 1.0, "gamma": {"0": 1.3708655596690333, "1": 0.5513779324518178, "2": 0.6748092387811442}, "mu": {"0": 1.0731021786679242, "1": 1.0088324616874935, "2": 1.0633892558550502}, "phi": {"0": 0.4578893288691517, "1": 0.2619505364695217, "2": 0.14303095722303116}, "psi": {"0": 0.7224983897159422, "1": 1.089936990537448, "2": 1.392689273355023}, "sigma": {"0": 0.6350091858896931, "1": 0.8230518961287333, "2": 0.0}, "chi_high": 0.6547012055731996, "beta_low": 0.3839412595539174}