{"R": 40.0, "wi": 1, "di": 1, "delta": 1.0, "gamma": {"0": 0.6110945465337536, "1": 1.146103543501241, "2": 1.4559453337882684}, "mu": {"0": 1.1267725946755933, "1": 1.0164481926793054, "2": 1.0968242511570803}, "phi": {"0": 0.32824934028582553, "1": 0.8944594577196257, "2": 0.39483399935711905}, "psi": {"0": 0.5399011540909815, "1": 0.9222801548067348, "2": 1.0835902705186893}, "sigma": {"0": 0.5972936669581621, "1": 0.0, "2": 0.0}, "chi_high": null, "beta_low": 0.46642094853178445}