{"R": 40.0, "wi": 0, "di": 0, "delta": 1.0, "gamma": {"0": 0.9064795802162373, "1": 0.771817834247189, "2": 0.525015091566806}, "mu": {"0": 1.079635717747204, "1": 1.0231925090447713, "2": 1.073473333269387}, "phi": {"0": 0.8105654237683233, "1": 0.6496476846596799, "2": 0.3115429494519296}, "psi": {"0": 0.657024633758839, "1": 1.1627023728353718, "2": 0.5300383218478696}, "sigma": {"0": 0.7351202628432802, "1": 0.5964982522133973, "2": 0.0}, "chi_high": 0.4088048204976723, "beta_low": 0.19763664206850837}