{"R": 40.0, "wi": 3, "di": 0, "delta": 1.0, "gamma": {"0": 0.7203932053239656, "1": 0.7341569915862874, "2": 0.5264676338387727}, "mu": {"0": 1.1389150423183372, "1": 1.0340451868795564, "2": 1.138722938058543}, "phi": {"0": 0.8016613407535158, "1": 0.14362025583815796, "2": 0.15146216202375284}, "psi": {"0": 1.2871463967926597, "1": 0.7843783699882604, "2": 1.2859615699421578}, "sigma": {"0": 0.737130464616341, "1": 0.6764189723594104, "2": 0.0}, "chi_high": 0.682618915027755, "beta_low": null}