{"R": 40.0, "wi": 1, "di": 2, "delta": 1.0, "gamma": {"0": 1.167187365457318, "1": 0.8742743723861214, "2": 1.3079006374493725}, "mu": {"0": 1.005797199197413, "1": 1.040502762320907, "2": 1.0744150422932248}, "phi": {"0": 0.8264025597250336, "1": 0.8933912573023802, "2": 0.7328583499376307}, "psi": {"0": 0.6331045250682695, "1": 1.0080139297881394, "2": 1.3612296829995691}, "sigma": {"0": 0.811719604482099, "1": 0.0, "2": 0.0}, "chi_high": null, "beta_low": 0.014005678160225729}