{"R": 40.0, "wi": 0, "di": 2, "delta": 1.0, "gamma": {"0": 1.228269288779586, "1": 0.8184073229055165, "2": 1.119158000036049}, "mu": {"0": 1.0993003863794089, "1": 1.0979634916045462, "2": 1.0951654771316788}, "phi": {"0": 0.30525375344491434, "1": 0.42876053319367435, "2": 0.7913537733363123}, "psi": {"0": 0.6891493586416236, "1": 1.289967971705437, "2": 0.9554480156298226}, "sigma": {"0": 0.8925966118517117, "1": 0.8897841172076713, "2": 0.0}, "chi_high": 0.6327926428119834, "beta_low": 0.08059908819988995}