{"R": 40.0, "wi": 2, "di": 1, "delta": 1.0, "gamma": {"0": 1.0013502361460123, "1": 0.589306894595611, "2": 0.5057559997952027}, "mu": {"0": 1.0760465380864759, "1": 1.0562178034088376, "2": 1.093830608088778}, "phi": {"0": 0.975544806908105, "1": 0.8112363422642045, "2": 0.4966112281647891}, "psi": {"0": 0.6259170989300424, "1": 0.5113020972756326, "2": 0.5445926766687218}, "sigma": {"0": 0.7031363666911247, "1": 0.8904004421849687, "2": 0.0}, "chi_high": null, "beta_low": null}