{"R": 40.0, "wi": 1, "di": 1, "delta": 1.0, "gamma": {"0": 1.2901967675848662, "1": 0.7739254838630527, "2": 1.4547528691110307}, "mu": {"0": 1.070905029657954, "1": 1.0550709632349247, "2": 1.1100888835736837}, "phi": {"0": 0.5568385211022175, "1": 0.12492245448625683, "2": 0.07770697299800278}, "psi": {"0": 1.2163674215311024, "1": 0.6900102161082245, "2": 1.2518366115643107}, "sigma": {"0": 0.9709734500551626, "1": 0.0, "2": 0.0}, "chi_high": null, "beta_low": 0.5379139998533334}