{"R": 40.0, "wi": 0, "di": 2, "delta": 1.0, "gamma": {"0": 0.5050196550578032, "1": 0.9503956165916501, "2": 1.4264094210074196}, "mu": {"0": 1.0720386921952019, "1": 1.0480561075863606, "2": 1.0597271699103756}, "phi": {"0": 0.6823822093276587, "1": 0.9749211045199718, "2": 0.6547445625370027}, "psi": {"0": 0.8993675861139188, "1": 0.9311989912864902, "2": 1.3749941095749019}, "sigma": {"0": 0.8076110051550963, "1": 0.8015280933157587, "2": 0.0}, "chi_high": 0.12752963043542592, "beta_low": 0.36011287732814873}