{"R": 40.0, "wi": 2, "di": 1, "delta": 1.0, "gamma": {"0": 1.182458861958041, "1": 0.8467781534588252, "2": 1.203765607270672}, "mu": {"0": 1.147134277942907, "1": 1.112080929579653, "2": 1.0330445782553157}, "phi": {"0": 0.3945242852123543, "1": 0.617145380969657, "2": 0.42491502165818384}, "psi": {"0": 0.6814037221421455, "1": 0.9900847289709868, "2": 0.5180437374068502}, "sigma": {"0": 0.8101859756582253, "1": 0.6752175864480768, "2": 0.0}, "chi_high": null, "beta_low": null}