{"R": 40.0, "wi": 0, "di": 2, "delta": 1.0, "gamma": {"0": 1.0226603233970217, "1": 1.4233437541325948, "2": 1.442252131210187}, "mu": {"0": 1.0554111912926143, "1": 1.0732969166691626, "2": 1.0567751919384563}, "phi": {"0": 0.8092678273213214, "1": 0.2901777637334735, "2": 0.4158026369827962}, "psi": {"0": 1.0504087589585884, "1": 1.2978362444030682, "2": 0.9005903294452224}, "sigma": {"0": 0.5431758941947307, "1": 0.5393918931586325, "2": 0.0}, "chi_high": 0.7269213999063145, "beta_low": 0.18086721559011723}