{"R": 40.0, "wi": 2, "di": 2, "delta": 1.0, "gamma": {"0": 0.9512402345262014, "1": 0.6275270346435242, "2": 0.6725444665361195}, "mu": {"0": 1.0633677483193191, "1": 1.005709459679781, "2": 1.0237683246768057}, "phi": {"0": 0.21001035496628573, "1": 0.5526527440907296, "2": 0.8696593022638743}, "psi": {"0": 0.8505355240205666, "1": 0.7736528464884476, "2": 0.5956685601109063}, "sigma": {"0": 0.6104149886131035, "1": 0.9783113130701012, "2": 0.0}, "chi_high": null, "beta_low": null}