{"R": 40.0, "wi": 1, "di": 2, "delta": 1.0, "gamma": {"0": 0.9160728871707345, "1": 1.4334291815716633, "2": 0.6232544035983493}, "mu": {"0": 1.0547313333314712, "1": 1.0913440147210638, "2": 1.0617060062868144}, "phi": {"0": 0.06289510291882283, "1": 0.05909476321290086, "2": 0.050896221812908204}, "psi": {"0": 0.9356557740634278, "1": 0.8540385092416524, "2": 1.4631961137460885}, "sigma": {"0": 0.6259183282009283, "1": 0.0, "2": 0.0}, "chi_high": null, "beta_low": 0.051880202297612595}