{"R": 40.0, "wi": 2, "di": 1, "delta": 1.0, "gamma": {"0": 1.1338457257289993, "1": 1.3318599630498622, "2": 1.2056371949602114}, "mu": {"0": 1.0419998905859127, "1": 1.1038569849542734, "2": 1.1377699179203598}, "phi": {"0": 0.6737267518175623, "1": 0.012561375764319038, "2": 0.027093576678314024}, "psi": {"0": 0.9883647284580944, "1": 1.2790506770110985, "2": 1.149580092178954}, "sigma": {"0": 0.8895875543156799, "1": 0.5533272149644877, "2": 0.0}, "chi_high": null, "beta_low": null}