{"R": 40.0, "wi": 0, "di": 1, "delta": 1.0, "gamma": {"0": 0.6103074084907869, "1": 1.06464038406604, "2": 1.4426334506391045}, "mu": {"0": 1.092008782642155, "1": 1.0533456766782772, "2": 1.0206764391310819}, "phi": {"0": 0.5557776448795188, "1": 0.12131386956342594, "2": 0.6542752739200814}, "psi": {"0": 1.1151460166811835, "1": 1.4351765142258115, "2": 1.0161090533149078}, "sigma": {"0": 0.9697475890167734, "1": 0.8928344874010836, "2": 0.0}, "chi_high": 0.7759980878215382, "beta_low": 0.4558357821566367}