{"R": 40.0, "wi": 3, "di": 1, "delta": 1.0, "gamma": {"0": 1.4973701187655846, "1": 0.553017756453856, "2": 0.8943323808498395}, "mu": {"0": 1.0337901618928964, "1": 1.1298646014781923, "2": 1.0619016560477763}, "phi": {"0": 0.5003432735233114, "1": 0.28459482406225856, "2": 0.917742899068633}, "psi": {"0": 1.4176546074633947, "1": 0.6350068734137301, "2": 1.23369797655084}, "sigma": {"0": 0.7750566345733849, "1": 0.6897235550520142, "2": 0.0}, "chi_high": 0.8298263961322175, "beta_low": null}