{"R": 40.0, "wi": 2, "di": 1, "delta": 1.0, "gamma": {"0": 1.1173382009545052, "1": 1.3712480352565408, "2": 0.7640932505293133}, "mu": {"0": 1.026181718840806, "1": 1.1481140713783256, "2": 1.0583987833200108}, "phi": {"0": 0.8811737767031962, "1": 0.4719413645481094, "2": 0.5139703891610637}, "psi": {"0": 0.9446419352766249, "1": 0.5490200207697273, "2": 1.31815912501032}, "sigma": {"0": 0.6487475206984674, "1": 0.6138223586115656, "2": 0.0}, "chi_high": null, "beta_low": null}