{"R": 40.0, "wi": 2, "di": 0, "delta": 1.0, "gamma": {"0": 1.0837243779589656, "1": 1.3765343520170346, "2": 0.9091711973056913}, "mu": {"0": 1.0273518810965119, "1": 1.1008935981863799, "2": 1.138101176575279}, "phi": {"0": 0.9120262319549974, "1": 0.9863105534404246, "2": 0.4214298465273699}, "psi": {"0": 1.2266940605769672, "1": 0.6353237022214422, "2": 1.4424330613811844}, "sigma": {"0": 0.604559340842115, "1": 0.6756155025719821, "2": 0.0}, "chi_high": null, "beta_low": null}