{"R": 40.0, "wi": 1, "di": 1, "delta": 1.0, "gamma": {"0": 0.7630142603123781, "1": 1.283571683627478, "2": 1.3668788346236158}, "mu": {"0": 1.0525049676033231, "1": 1.0196220428453289, "2": 1.0976115011150347}, "phi": {"0": 0.8360396096484863, "1": 0.36694371052977803, "2": 0.12339656803717602}, "psi": {"0": 0.6890254340686256, "1": 0.6301059677728441, "2": 1.1264477842285834}, "sigma": {"0": 0.7365784255567126, "1": 0.0, "2": 0.0}, "chi_high": null, "beta_low": 0.358978532328249}