{"R": 40.0, "wi": 2, "di": 2, "delta": 1.0, "gamma": {"0": 1.2157355164998327, "1": 0.9490763204964238, "2": 0.8385568233724768}, "mu": {"0": 1.0582834739585574, "1": 1.0251779546395439, "2": 1.1175250139570028}, "phi": {"0": 0.2601339309257048, "1": 0.6062015650693728, "2": 0.6371168941048816}, "psi": {"0": 0.8746605257166906, "1": 0.7430345493897932, "2": 1.398762397965509}, "sigma": {"0": 0.8071035863671046, "1": 0.6281190066467575, "2": 0.0}, "chi_high": null, "beta_low": null}