{"R": 40.0, "wi": 2, "di": 2, "delta": 1.0, "gamma": {"0": 1.0990550287412233, "1": 1.083798943797658, "2": 1.3503908088828729}, "mu": {"0": 1.047696371138825, "1": 1.036482903345504, "2": 1.087543317052773}, "phi": {"0": 0.8209121752522556, "1": 0.055173265852234366, "2": 0.42346493233903737}, "psi": {"0": 0.8360582451764984, "1": 0.6589616327216776, "2": 0.6499198367184778}, "sigma": {"0": 0.8578888809882567, "1": 0.5863253472222978, "2": 0.0}, "chi_high": null, "beta_low": null}