{"R": 40.0, "wi": 1, "di": 0, "delta": 1.0, "gamma": {"0": 1.068328907167166, "1": 1.3932544686425898, "2": 1.2980568717946623}, "mu": {"0": 1.0743933051743242, "1": 1.0811712880340822, "2": 1.081087228338056}, "phi": {"0": 0.786953136825452, "1": 0.01571716915881405, "2": 0.180812211946748}, "psi": {"0": 0.7601106826145778, "1": 0.7842342912407848, "2": 0.8351167707850662}, "sigma": {"0": 0.7739138585048451, "1": 0.0, "2": 0.0}, "chi_high": null, "beta_low": 0.7508598695178652}