{"R": 40.0, "wi": 3, "di": 1, "delta": 1.0, "gamma": {"0": 0.6934278268398086, "1": 0.7281201146411855, "2": 1.4739423758008363}, "mu": {"0": 1.0005216938953654, "1": 1.0787686630913684, "2": 1.0243922453629908}, "phi": {"0": 0.10365905050450819, "1": 0.7307851924241611, "2": 0.926703925711899}, "psi": {"0": 1.1828261564605524, "1": 0.8585945748594087, "2": 1.0143623195030402}, "sigma": {"0": 0.7860220557343318, "1": 0.5774170394946034, "2": 0.0}, "chi_high": 0.2942876687081235, "beta_low": null}