{"R": 40.0, "wi": 2, "di": 0, "delta": 1.0, "gamma": {"0": 1.0352723480854833, "1": 1.0077816851845807, "2": 0.7650210634875275}, "mu": {"0": 1.0165205040025282, "1": 1.111310151264553, "2": 1.0967404926482605}, "phi": {"0": 0.29310126292844807, "1": 0.7260162822177811, "2": 0.2886979215403388}, "psi": {"0": 0.8963864238546178, "1": 0.7360327748335754, "2": 0.8228038737761005}, "sigma": {"0": 0.9383632533566928, "1": 0.5725671164250281, "2": 0.0}, "chi_high": null, "beta_low": null}