{"R": 40.0, "wi": 1, "di": 1, "delta": 1.0, "gamma": {"0": 0.9803951228105738, "1": 0.7252147534109019, "2": 1.0828060665899493}, "mu": {"0": 1.0314672622931766, "1": 1.1106189168901244, "2": 1.0089521404281152}, "phi": {"0": 0.9295056133231726, "1": 0.15722048992159265, "2": 0.9829125759997451}, "psi": {"0": 0.6553360399435005, "1": 0.9794507640838381, "2": 1.287343464717558}, "sigma": {"0": 0.7681967076865154, "1": 0.0, "2": 0.0}, "chi_high": null, "beta_low": 0.5334218738612898}