{"R": 40.0, "wi": 3, "di": 2, "delta": 1.0, "gamma": {"0": 0.980673705948947, "1": 0.9117825755804477, "2": 1.156180002111863}, "mu": {"0": 1.108085807722228, "1": 1.1389063238596542, "2": 1.0064552648251441}, "phi": {"0": 0.2181404387625483, "1": 0.3656807143831956, "2": 0.7571453908520106}, "psi": {"0": 1.4670789351634967, "1": 0.7471712194780616, "2": 1.1722222510100466}, "sigma": {"0": 0.5697968096254572, "1": 0.8069528321608304, "2": 0.0}, "chi_high": 0.019237115723156742, "beta_low": null}