{"R": 40.0, "wi": 1, "di": 0, "delta": 1.0, "gamma": {"0": 0.9927311265096, "1": 1.0095249512833284, "2": 1.0409693868055085}, "mu": {"0": 1.0213135150192747, "1": 1.0821594904966554, "2": 1.1008221909877356}, "phi": {"0": 0.42384417665272467, "1": 0.14337234023913203, "2": 0.2292162350793575}, "psi": {"0": 1.3659431519413188, "1": 0.8673378115056938, "2": 1.0300278358925863}, "sigma": {"0": 0.9879553649832917, "1": 0.0, "2": 0.0}, "chi_high": null, "beta_low": 0.025181962767773333}