{"R": 40.0, "wi": 2, "di": 1, "delta": 1.0, "gamma": {"0": 0.6342409235536252, "1": 1.4858524734856804, "2": 1.0222057757938505}, "mu": {"0": 1.1187197760252794, "1": 1.1361557246945226, "2": 1.0677018064872186}, "phi": {"0": 0.06403629186577275, "1": 0.52299121854229, "2": 0.49616920028709766}, "psi": {"0": 0.8325257079055884, "1": 0.6050993239610861, "2": 0.9657276855296334}, "sigma": {"0": 0.9242495830166757, "1": 0.6662711107417709, "2": 0.0}, "chi_high": null, "beta_low": null}