{"R": 40.0, "wi": 0, "di": 1, "delta": 1.0, "gamma": {"0": 1.485381230513326, "1": 1.0863688155208813, "2": 1.4104408876624923}, "mu": {"0": 1.0937739299270977, "1": 1.072681937107142, "2": 1.1060340986443378}, "phi": {"0": 0.026112364506652885, "1": 0.8590508895749669, "2": 0.6992566483989254}, "psi": {"0": 0.5303121192344165, "1": 0.6393032738209371, "2": 0.5606422809936005}, "sigma": {"0": 0.6998364294396995, "1": 0.8339921538800257, "2": 0.0}, "chi_high": 0.354938404930316, "beta_low": 0.8458725217249211}