{"R": 40.0, "wi": 2, "di": 2, "delta": 1.0, "gamma": {"0": 0.5229313083075622, "1": 1.3082220365316024, "2": 1.0958992240103802}, "mu": {"0": 1.1458234730673365, "1": 1.095490785108985, "2": 1.0796472260614636}, "phi": {"0": 0.5661053809981349, "1": 0.4672516156350699, "2": 0.12424255661474615}, "psi": {"0": 0.7350945444651658, "1": 1.2373829095676068, "2": 1.0981389719284036}, "sigma": {"0": 0.7478841648198766, "1": 0.649409902345305, "2": 0.0}, "chi_high": null, "beta_low": null}