{"R": 40.0, "wi": 1, "di": 1, "delta": 1.0, "gamma": {"0": 0.5129414956243078, "1": 0.9525419560778129, "2": 0.5326478221016318}, "mu": {"0": 1.0367567707068055, "1": 1.14796167391067, "2": 1.1402633704010878}, "phi": {"0": 0.3431002725968447, "1": 0.5402241906079621, "2": 0.4896745609758939}, "psi": {"0": 1.2930866809615067, "1": 0.6723394457618395, "2": 1.0902369227235857}, "sigma": {"0": 0.5312158072161968, "1": 0.0, "2": 0.0}, "chi_high": null, "beta_low": 0.7197438276513787}