{"R": 40.0, "wi": 0, "di": 0, "delta": 1.0, "gamma": {"0": 0.6107437055560392, "1": 1.3557948676316296, "2": 1.137845775477329}, "mu": {"0": 1.0443642117032408, "1": 1.0927036746528291, "2": 1.1180390337391164}, "phi": {"0": 0.5881566216641001, "1": 0.8881444964006712, "2": 0.15782292595177883}, "psi": {"0": 0.5666075003078934, "1": 1.0575807982847087, "2": 0.5214697354279092}, "sigma": {"0": 0.5186396833446674, "1": 0.5024482333278061, "2": 0.0}, "chi_high": 0.39995391923135915, "beta_low": 0.9473470558145091}