{"R": 40.0, "wi": 0, "di": 2, "delta": 1.0, "gamma": {"0": 0.7590026424769277, "1": 1.0101882170050245, "2": 1.0679507102374708}, "mu": {"0": 1.0066783601750637, "1": 1.0079478951431626, "2": 1.140260471503829}, "phi": {"0": 0.23585271909759697, "1": 0.8747936773414103, "2": 0.00036736293656247643}, "psi": {"0": 0.7935027378650803, "1": 0.5200059929919777, "2": 1.2676870940654406}, "sigma": {"0": 0.9379355626308137, "1": 0.633590163952669, "2": 0.0}, "chi_high": 0.22299942537444278, "beta_low": 0.6677390069830558}