{"R": 40.0, "wi": 1, "di": 0, "delta": 1.0, "gamma": {"0": 1.207306634393043, "1": 0.9252933864226222, "2": 0.9384668206177186}, "mu": {"0": 1.107776873458292, "1": 1.1074154848740454, "2": 1.145573888852752}, "phi": {"0": 0.09939182059025364, "1": 0.20358482094913155, "2": 0.39781960959505114}, "psi": {"0": 1.3514235345597898, "1": 0.7124176331807496, "2": 0.9482484331570368}, "sigma": {"0": 0.5054687134160498, "1": 0.0, "2": 0.0}, "chi_high": null, "beta_low": 0.8695394416724969}