{"R": 40.0, "wi": 1, "di": 2, "delta": 1.0, "gamma": {"0": 1.2700840713085182, "1": 0.8805603624654724, "2": 0.8520284592018379}, "mu": {"0": 1.0644856087707326, "1": 1.0944686229085507, "2": 1.1316920395411023}, "phi": {"0": 0.40335050586153653, "1": 0.03736160810204969, "2": 0.3613860561161988}, "psi": {"0": 1.387905737947775, "1": 1.0848519234458798, "2": 0.509614024000245}, "sigma": {"0": 0.9377719121723651, "1": 0.0, "2": 0.0}, "chi_high": null, "beta_low": 0.071622094376431}