{"R": 40.0, "wi": 0, "di": 2, "delta": 1.0, "gamma": {"0": 0.7869423379535847, "1": 0.8983631133930133, "2": 0.5612996172691236}, "mu": {"0": 1.1459703548722429, "1": 1.045563747783092, "2": 1.0950533744628967}, "phi": {"0": 0.35306559684884153, "1": 0.4108603324158251, "2": 0.8440906165163238}, "psi": {"0": 0.5717714635848108, "1": 1.3181516586316047, "2": 0.8940451015506531}, "sigma": {"0": 0.6882841422967771, "1": 0.7743525670910041, "2": 0.0}, "chi_high": 0.4225341459298295, "beta_low": 0.39081490283427955}