{"R": 40.0, "wi": 3, "di": 2, "delta": 1.0, "gamma": {"0": 0.9819546846026751, "1": 0.5653435602786508, "2": 1.094910401290175}, "mu": {"0": 1.102088231500135, "1": 1.0912200486933699, "2": 1.09674810217653}, "phi": {"0": 0.0710253468357539, "1": 0.5262138842867781, "2": 0.8279195122431177}, "psi": {"0": 1.435838470605087, "1": 1.3246674822576128, "2": 1.0534194381945352}, "sigma": {"0": 0.660417458391198, "1": 0.9549023195363304, "2": 0.0}, "chi_high": 0.464274666092808, "beta_low": null}