{"R": 40.0, "wi": 1, "di": 1, "delta": 1.0, "gamma": {"0": 0.8128369722001306, "1": 0.5405559794089952, "2": 0.5070931727711763}, "mu": {"0": 1.0098509720885724, "1": 1.0867782150586716, "2": 1.1111639581158128}, "phi": {"0": 0.3845131001950536, "1": 0.4365448726814962, "2": 0.889107580961891}, "psi": {"0": 1.4283726916265962, "1": 1.4069647704617947, "2": 1.4430725533195745}, "sigma": {"0": 0.972560522653137, "1": 0.0, "2": 0.0}, "chi_high": null, "beta_low": 0.7229036880316007}