{"R": 40.0, "wi": 2, "di": 2, "delta": 1.0, "gamma": {"0": 1.153340487806512, "1": 1.2413267856256507, "2": 0.976810265461127}, "mu": {"0": 1.019206384315648, "1": 1.0462270220763, "2": 1.1270344870719942}, "phi": {"0": 0.8284419958290584, "1": 0.9998279918202109, "2": 0.9053358598702361}, "psi": {"0": 1.1005392458458303, "1": 0.8820580040186247, "2": 1.448011874300359}, "sigma": {"0": 0.6905915955835815, "1": 0.599055806065343, "2": 0.0}, "chi_high": null, "beta_low": null}