{"R": 40.0, "wi": 3, "di": 0, "delta": 1.0, "gamma": {"0": 0.5505631509918463, "1": 0.7534861381581631, "2": 0.9475597906872488}, "mu": {"0": 1.0778407376244423, "1": 1.1366791177383424, "2": 1.0260209447372493}, "phi": {"0": 0.5109009637290309, "1": 0.17933497485529126, "2": 0.2857617842455462}, "psi": {"0": 1.0392603015179671, "1": 0.9087021694634551, "2": 1.4203049254858011}, "sigma": {"0": 0.9473729813891262, "1": 0.7939047034481386, "2": 0.0}, "chi_high": 0.8417342946172176, "beta_low": null}