{"R": 40.0, "wi": 1, "di": 2, "delta": 1.0, "gamma": {"0": 1.436479776028391, "1": 0.7893196001271578, "2": 1.4404442364844925}, "mu": {"0": 1.1180093080144633, "1": 1.1006224457776133, "2": 1.032722972557279}, "phi": {"0": 0.6403297401936501, "1": 0.15537407952222004, "2": 0.6135557508899996}, "psi": {"0": 1.2832373877754386, "1": 0.9188320991693465, "2": 1.23650343318092}, "sigma": {"0": 0.743667960061526, "1": 0.0, "2": 0.0}, "chi_high": null, "beta_low": 0.7484138183385118}