{"R": 40.0, "wi": 0, "di": 1, "delta": 1.0, "gamma": {"0": 0.5540357689575847, "1": 1.2809165645545417, "2": 1.125335953003702}, "mu": {"0": 1.0416099709037239, "1": 1.1125668553199672, "2": 1.1379697439617142}, "phi": {"0": 0.8123517288420691, "1": 0.3054573018414868, "2": 0.2072797392629384}, "psi": {"0": 0.8150387259903876, "1": 1.1288184152036544, "2": 1.3741912021175091}, "sigma": {"0": 0.8095332934534059, "1": 0.515713717434989, "2": 0.0}, "chi_high": 0.6347600937729881, "beta_low": 0.7275407131871166}