{"R": 40.0, "wi": 0, "di": 1, "delta": 1.0, "gamma": {"0": 1.4979609827714262, "1": 0.948873108736468, "2": 0.8923166158391166}, "mu": {"0": 1.1052158244738979, "1": 1.142011126119504, "2": 1.1383855553586735}, "phi": {"0": 0.6985294314702616, "1": 0.7694329899379807, "2": 0.7199668100603379}, "psi": {"0": 1.320225747346397, "1": 1.353452219604354, "2": 1.367376745544116}, "sigma": {"0": 0.6793503230267453, "1": 0.5629453237473283, "2": 0.0}, "chi_high": 0.48977360993906166, "beta_low": 0.34577884314860075}