{"R": 40.0, "wi": 3, "di": 1, "delta": 1.0, "gamma": {"0": 1.3274773776551705, "1": 0.8902383779129381, "2": 0.773166269403496}, "mu": {"0": 1.0356136654367747, "1": 1.023822404536608, "2": 1.117385125980085}, "phi": {"0": 0.9853669692630034, "1": 0.7639886342073121, "2": 0.8162241265184407}, "psi": {"0": 0.9138876150614957, "1": 0.6772132864054008, "2": 0.6198735476991032}, "sigma": {"0": 0.5702750237084921, "1": 0.9708447455275708, "2": 0.0}, "chi_high": 0.30785219301935396, "beta_low": null}