{"R": 40.0, "wi": 2, "di": 1, "delta": 1.0, "gamma": {"0": 0.7881489872805592, "1": 0.5382825453029068, "2": 1.123695104539944}, "mu": {"0": 1.0640570650412873, "1": 1.050191955231934, "2": 1.0230013976738153}, "phi": {"0": 0.5845571538447373, "1": 0.61635489943736, "2": 0.8967058715540738}, "psi": {"0": 0.7440518171828447, "1": 1.1770588792210872, "2": 1.4353836803608322}, "sigma": {"0": 0.6560140722025473, "1": 0.9374551203088518, "2": 0.0}, "chi_high": null, "beta_low": null}