{"R": 40.0, "wi": 0, "di": 2, "delta": 1.0, "gamma": {"0": 0.6778641468272668, "1": 1.134885462099851, "2": 0.9459067752390089}, "mu": {"0": 1.1051346231850836, "1": 1.0732010623935402, "2": 1.1060697222147808}, "phi": {"0": 0.723156643338066, "1": 0.9355247765789535, "2": 0.32430757226997575}, "psi": {"0": 0.8759909692644814, "1": 1.2331487801780825, "2": 1.3792964104989967}, "sigma": {"0": 0.6856208387004863, "1": 0.9911059531049113, "2": 0.0}, "chi_high": 0.5819202469493855, "beta_low": 0.6602249787038901}