{"R": 40.0, "wi": 1, "di": 1, "delta": 1.0, "gamma": {"0": 0.747190016856415, "1": 0.5409148464451637, "2": 0.5588214500880507}, "mu": {"0": 1.012220360986596, "1": 1.0401432476672134, "2": 1.02705076456408}, "phi": {"0": 0.3843741092889741, "1": 0.6625673743693269, "2": 0.23128644565976042}, "psi": {"0": 0.9667389463254438, "1": 0.8979913139978403, "2": 1.3857064302663555}, "sigma": {"0": 0.6204008072819247, "1": 0.0, "2": 0.0}, "chi_high": null, "beta_low": 0.4615720737302057}