{"R": 40.0, "wi": 2, "di": 2, "delta": 1.0, "gamma": {"0": 1.4047783665961102, "1": 0.5514427763167752, "2": 1.2886797061542323}, "mu": {"0": 1.0058861532320937, "1": 1.0768364129663208, "2": 1.040817192379099}, "phi": {"0": 0.8384151946799938, "1": 0.7681215557963408, "2": 0.24781238407020278}, "psi": {"0": 0.7750702052453095, "1": 0.5889139493672535, "2": 1.3528852416505268}, "sigma": {"0": 0.5475396296289801, "1": 0.6106953015510925, "2": 0.0}, "chi_high": null, "beta_low": null}