{"R": 40.0, "wi": 1, "di": 1, "delta": 1.0, "gamma": {"0": 1.473022013359823, "1": 0.6840702092360488, "2": 1.2446888502745066}, "mu": {"0": 1.1251299904644807, "1": 1.0063416901035116, "2": 1.112540407572316}, "phi": {"0": 0.1942559959792377, "1": 0.33597653039137476, "2": 0.3805260789500847}, "psi": {"0": 1.097484832317897, "1": 1.4051903325293824, "2": 0.6035427390328952}, "sigma": {"0": 0.8961870215538575, "1": 0.0, "2": 0.0}, "chi_high": null, "beta_low": 0.648609037626022}