{"R": 40.0, "wi": 2, "di": 0, "delta": 1.0, "gamma": {"0": 0.5335630481444951, "1": 1.1699377431907054, "2": 0.5068813678965339}, "mu": {"0": 1.0226652015975088, "1": 1.0086718640787893, "2": 1.1089393685338536}, "phi": {"0": 0.1495109306359419, "1": 0.35070805980727526, "2": 0.9034143107336662}, "psi": {"0": 1.4357040270558135, "1": 1.4875636697208203, "2": 1.2409578258534668}, "sigma": {"0": 0.6561811356488851, "1": 0.7988336944258243, "2": 0.0}, "chi_high": null, "beta_low": null}