{"R": 40.0, "wi": 2, "di": 2, "delta": 1.0, "gamma": {"0": 0.9551093183514621, "1": 1.0144736497764164, "2": 1.186405678331857}, "mu": {"0": 1.100961484471624, "1": 1.0404063435155766, "2": 1.0433213397052647}, "phi": {"0": 0.06114119265721352, "1": 0.1271865262718086, "2": 0.7680915880244543}, "psi": {"0": 0.6675257851423861, "1": 0.6648454616165893, "2": 0.6433144979423945}, "sigma": {"0": 0.693405127869203, "1": 0.5352048925471633, "2": 0.0}, "chi_high": null, "beta_low": null}