{"R": 40.0, "wi": 0, "di": 2, "delta": 1.0, "gamma": {"0": 0.9935615995468892, "1": 1.2298688757666765, "2": 0.8420618599040467}, "mu": {"0": 1.0071891615838926, "1": 1.0935568424640174, "2": 1.1308524169037064}, "phi": {"0": 0.8248529394800718, "1": 0.4240175401497146, "2": 0.9648034788028953}, "psi": {"0": 0.8024627549883059, "1": 0.7706550385921922, "2": 0.8448363067679048}, "sigma": {"0": 0.6858080371869599, "1": 0.8857948713161892, "2": 0.0}, "chi_high": 0.20956007422394532, "beta_low": 0.5561439708395398}