{"R": 40.0, "wi": 3, "di": 0, "delta": 1.0, "gamma": {"0": 0.950282863882372, "1": 0.6633115722856946, "2": 1.1786374013828196}, "mu": {"0": 1.0412375077645897, "1": 1.0769312591365223, "2": 1.0409620476241226}, "phi": {"0": 0.4914915468885144, "1": 0.920692347376098, "2": 0.702524553137399}, "psi": {"0": 1.1573875643299256, "1": 0.588603501037741, "2": 1.1679962643277266}, "sigma": {"0": 0.8070209045557741, "1": 0.9299512822118707, "2": 0.0}, "chi_high": 0.6728053153923114, "beta_low": null}