{"R": 40.0, "wi": 2, "di": 2, "delta": 1.0, "gamma": {"0": 0.862489486262617, "1": 0.9069910231772103, "2": 1.2989553520842803}, "mu": {"0": 1.0421624877219458, "1": 1.0229555890817024, "2": 1.0674068049672332}, "phi": {"0": 0.6567715450745656, "1": 0.8750700292181843, "2": 0.9048642449874018}, "psi": {"0": 0.7612163458985333, "1": 0.822679303824163, "2": 1.167769351791837}, "sigma": {"0": 0.7292132675371055, "1": 0.6783334693301575, "2": 0.0}, "chi_high": null, "beta_low": null}