{"R": 40.0, "wi": 3, "di": 1, "delta": 1.0, "gamma": {"0": 0.5429648124316341, "1": 1.3656635671925303, "2": 0.9892560118279982}, "mu": {"0": 1.0127582799768746, "1": 1.1345188729465592, "2": 1.0420726696162539}, "phi": {"0": 0.45066118320570603, "1": 0.2350632978619689, "2": 0.5983544018282526}, "psi": {"0": 0.8942131240408933, "1": 1.4685087699110937, "2": 0.8299308804806513}, "sigma": {"0": 0.7441596850314767, "1": 0.857740357572492, "2": 0.0}, "chi_high": 0.4920862015746564, "beta_low": null}