{"R": 40.0, "wi": 0, "di": 2, "delta": 1.0, "gamma": {"0": 0.8147254737798311, "1": 1.1660257522727595, "2": 0.6721086583867318}, "mu": {"0": 1.0321447505339552, "1": 1.1161417126636186, "2": 1.1266125929121809}, "phi": {"0": 0.36252492801157377, "1": 0.047113333836388716, "2": 0.10267840005479623}, "psi": {"0": 1.0563209277212875, "1": 0.8909409955254655, "2": 1.048061694126421}, "sigma": {"0": 0.8331671635686099, "1": 0.8789141086933713, "2": 0.0}, "chi_high": 0.9681211364945016, "beta_low": 0.3472502668249455}