{"R": 40.0, "wi": 0, "di": 1, "delta": 1.0, "gamma": {"0": 1.026946343417707, "1": 1.00231865518215, "2": 1.426371692962027}, "mu": {"0": 1.0306322225240498, "1": 1.0180140017167456, "2": 1.0427489596705317}, "phi": {"0": 0.28566923006555733, "1": 0.017452374417604166, "2": 0.9486034747078304}, "psi": {"0": 0.9103565572712204, "1": 0.5051364399884829, "2": 1.274470474855793}, "sigma": {"0": 0.5390425372816965, "1": 0.8512693367086681, "2": 0.0}, "chi_high": 0.017676553559365232, "beta_low": 0.15460816507164282}