{"R": 40.0, "wi": 0, "di": 1, "delta": 1.0, "gamma": {"0": 1.2094184121317395, "1": 0.8041644322676464, "2": 1.1314909850680248}, "mu": {"0": 1.0188224641234893, "1": 1.0791731314644828, "2": 1.061668199536848}, "phi": {"0": 0.9809062571628319, "1": 0.4519349685691948, "2": 0.5003414664950258}, "psi": {"0": 0.5196709363142897, "1": 0.6528009233931549, "2": 0.5318206938868683}, "sigma": {"0": 0.7378761356151966, "1": 0.8492481920312924, "2": 0.0}, "chi_high": 0.7601728652622354, "beta_low": 0.33188094567403115}