{"R": 40.0, "wi": 0, "di": 0, "delta": 1.0, "gamma": {"0": 0.8191578769136322, "1": 1.0413593117061886, "2": 0.6237232828783544}, "mu": {"0": 1.1382853022655337, "1": 1.0820806541409302, "2": 1.1461462729530918}, "phi": {"0": 0.28446826059912067, "1": 0.6565844528878427, "2": 0.8306878005849673}, "psi": {"0": 1.214669048079666, "1": 0.6490264886330727, "2": 1.0194383991990739}, "sigma": {"0": 0.5944432869100413, "1": 0.8772078762193329, "2": 0.0}, "chi_high": 0.383168284675252, "beta_low": 0.31637608116584687}