{"R": 40.0, "wi": 1, "di": 2, "delta": 1.0, "gamma": {"0": 0.9783408737607524, "1": 0.6894004362644118, "2": 1.2248340801064412}, "mu": {"0": 1.1392285520894716, "1": 1.0735589482491275, "2": 1.148114445475103}, "phi": {"0": 0.5662639429027262, "1": 0.5427740860617726, "2": 0.0957452144504145}, "psi": {"0": 0.878186260671342, "1": 1.090686825696518, "2": 0.7549786644357622}, "sigma": {"0": 0.6277976844737403, "1": 0.0, "2": 0.0}, "chi_high": null, "beta_low": 0.9467787497828152}