{"R": 40.0, "wi": 2, "di": 2, "delta": 1.0, "gamma": {"0": 1.2271168285535545, "1": 1.1577472802098385, "2": 0.9811041999851268}, "mu": {"0": 1.027471621567809, "1": 1.088486076427156, "2": 1.082796477965471}, "phi": {"0": 0.299393280786158, "1": 0.7910072139031274, "2": 0.25257662168670925}, "psi": {"0": 1.2988053737104037, "1": 1.4316042576259154, "2": 1.3405195800381642}, "sigma": {"0": 0.9559135584283025, "1": 0.5102120133307834, "2": 0.0}, "chi_high": null, "beta_low": null}