{"R": 40.0, "wi": 2, "di": 1, "delta": 1.0, "gamma": {"0": 1.4987122377451794, "1": 1.166896709806994, "2": 0.90624407341517}, "mu": {"0": 1.0784745018160187, "1": 1.052673052000839, "2": 1.0549881397584404}, "phi": {"0": 0.13316785731643788, "1": 0.9082529366300753, "2": 0.10082952806967971}, "psi": {"0": 0.7102360951431381, "1": 0.6487058698757585, "2": 0.7891768388181013}, "sigma": {"0": 0.5182251924945228, "1": 0.7981308051162115, "2": 0.0}, "chi_high": null, "beta_low": null}