{"R": 40.0, "wi": 2, "di": 1, "delta": 1.0, "gamma": {"0": 1.485451527202367, "1": 1.3406892367531322, "2": 0.8737819923012274}, "mu": {"0": 1.1343536124103826, "1": 1.02582607942145, "2": 1.1180308789580626}, "phi": {"0": 0.8555739453235226, "1": 0.5168698905941923, "2": 0.5648493412621001}, "psi": {"0": 0.7006983892129636, "1": 0.5185637618963598, "2": 1.2146197301250612}, "sigma": {"0": 0.8409906236899805, "1": 0.8588328487127219, "2": 0.0}, "chi_high": null, "beta_low": null}