{"R": 40.0, "wi": 3, "di": 1, "delta": 1.0, "gamma": {"0": 0.742639807193685, "1": 0.9953286007336785, "2": 1.1627602947482343}, "mu": {"0": 1.0714627491351856, "1": 1.1457334207248164, "2": 1.091642031958301}, "phi": {"0": 0.009936793456209347, "1": 0.5722935061098765, "2": 0.5826523541881927}, "psi": {"0": 0.7621209607901368, "1": 1.1725861199486092, "2": 1.0612359081718468}, "sigma": {"0": 0.639852571977169, "1": 0.9388149456257966, "2": 0.0}, "chi_high": 0.01648214146059018, "beta_low": null}