{"R": 40.0, "wi": 1, "di": 1, "delta": 1.0, "gamma": {"0": 0.5361746710713102, "1": 0.8344958839597652, "2": 0.7475261670768611}, "mu": {"0": 1.0247494062125089, "1": 1.010622400451454, "2": 1.1166575537601553}, "phi": {"0": 0.1553825084901802, "1": 0.5721281518391935, "2": 0.579836291191106}, "psi": {"0": 0.9290791383363464, "1": 0.8977103410998649, "2": 1.3827236788125044}, "sigma": {"0": 0.8809621540215518, "1": 0.0, "2": 0.0}, "chi_high": null, "beta_low": 0.7602108022365879}