{"R": 40.0, "wi": 3, "di": 2, "delta": 1.0, "gamma": {"0": 1.2758092318354115, "1": 0.9601958620586779, "2": 0.9023577223264327}, "mu": {"0": 1.0331392526962964, "1": 1.1445373247421708, "2": 1.0438419483977612}, "phi": {"0": 0.07454993539507371, "1": 0.9035589114098375, "2": 0.14270062439986186}, "psi": {"0": 1.394171492446603, "1": 1.4562707098879235, "2": 1.2817179891201513}, "sigma": {"0": 0.7757682880627067, "1": 0.5119156188945013, "2": 0.0}, "chi_high": 0.5108265335016087, "beta_low": null}