{"R": 40.0, "wi": 1, "di": 0, "delta": 1.0, "gamma": {"0": 0.9839829374036856, "1": 0.8833625854213387, "2": 1.0057891317202161}, "mu": {"0": 1.1014108298968355, "1": 1.1162919300532304, "2": 1.1490285535134597}, "phi": {"0": 0.5437534325981502, "1": 0.30950048694129817, "2": 0.4982383630973114}, "psi": {"0": 0.5990382946522006, "1": 0.5551110938702791, "2": 0.5874057722153421}, "sigma": {"0": 0.9019608327842833, "1": 0.0, "2": 0.0}, "chi_high": null, "beta_low": 0.7640405938340482}