{"R": 40.0, "wi": 2, "di": 1, "delta": 1.0, "gamma": {"0": 0.8956048137553962, "1": 0.654688526043598, "2": 0.8622803534626468}, "mu": {"0": 1.0572830288022927, "1": 1.1188048281827927, "2": 1.0574346211196914}, "phi": {"0": 0.39544438134693816, "1": 0.7015208828393832, "2": 0.8198527216822169}, "psi": {"0": 0.7085322813406927, "1": 0.8515213131699553, "2": 1.361033874282644}, "sigma": {"0": 0.505428654355305, "1": 0.8471642054617827, "2": 0.0}, "chi_high": null, "beta_low": null}