{"R": 40.0, "wi": 1, "di": 2, "delta": 1.0, "gamma": {"0": 1.2466831891774217, "1": 1.3862834453541568, "2": 1.3025503946481507}, "mu": {"0": 1.0554787777465822, "1": 1.114243371929613, "2": 1.0924255730377581}, "phi": {"0": 0.5810889149559894, "1": 0.03799466928666673, "2": 0.4000388101409609}, "psi": {"0": 1.305060055977675, "1": 0.6811928999934532, "2": 0.9029525676573968}, "sigma": {"0": 0.9394559152776204, "1": 0.0, "2": 0.0}, "chi_high": null, "beta_low": 0.47157411165134144}