{"R": 40.0, "wi": 3, "di": 1, "delta": 1.0, "gamma": {"0": 0.55903708709689, "1": 1.4753890150825928, "2": 1.3023199283818254}, "mu": {"0": 1.1138727932976347, "1": 1.0855738516130136, "2": 1.1329562129451707}, "phi": {"0": 0.8924763018313306, "1": 0.13893463047782129, "2": 0.9141705542403205}, "psi": {"0": 0.7919601617492389, "1": 0.809501611960166, "2": 1.135582045654604}, "sigma": {"0": 0.8030610368744682, "1": 0.5440705885988568, "2": 0.0}, "chi_high": 0.171067659286512, "beta_low": null}