{"R": 40.0, "wi": 1, "di": 2, "delta": 1.0, "gamma": {"0": 0.9496451296624505, "1": 1.3152613338211143, "2": 1.0685670147144672}, "mu": {"0": 1.1025547767858788, "1": 1.0075105893245548, "2": 1.002031538947437}, "phi": {"0": 0.19389944316799967, "1": 0.10036976924439922, "2": 0.4324063719009378}, "psi": {"0": 0.8021742238180299, "1": 0.8947117459444487, "2": 0.7582883457143008}, "sigma": {"0": 0.8509534291789198, "1": 0.0, "2": 0.0}, "chi_high": null, "beta_low": 0.9705163957817321}