{"R": 40.0, "wi": 2, "di": 2, "delta": 1.0, "gamma": {"0": 0.7614325399060261, "1": 0.5595531045929302, "2": 0.8308477022211204}, "mu": {"0": 1.031029318991095, "1": 1.0539847487057108, "2": 1.0239900220875766}, "phi": {"0": 0.8323706862270326, "1": 0.09206646993649403, "2": 0.41308943792602715}, "psi": {"0": 1.3681251414662934, "1": 0.6882935430118802, "2": 1.273545061314615}, "sigma": {"0": 0.7051622327174123, "1": 0.9192003195326746, "2": 0.0}, "chi_high": null, "beta_low": null}