{"R": 40.0, "wi": 0, "di": 0, "delta": 1.0, "gamma": {"0": 0.8159441052364239, "1": 0.966862309743176, "2": 0.7259210573929291}, "mu": {"0": 1.0024528059184843, "1": 1.1116098353777235, "2": 1.0212544231789862}, "phi": {"0": 0.09787340853461035, "1": 0.37214291366053087, "2": 0.6021936129792647}, "psi": {"0": 0.8345429644501302, "1": 0.6508613324789058, "2": 0.8904775757684885}, "sigma": {"0": 0.7069672787331409, "1": 0.8077122602302287, "2": 0.0}, "chi_high": 0.016910954301216353, "beta_low": 0.8623150722063686}