{"R": 40.0, "wi": 2, "di": 0, "delta": 1.0, "gamma": {"0": 1.0094225084934254, "1": 0.8595373643321547, "2": 1.2379551521574568}, "mu": {"0": 1.1412563777299325, "1": 1.0369687982218123, "2": 1.1144511216451}, "phi": {"0": 0.04785050119157741, "1": 0.6349648090553127, "2": 0.205067960811111}, "psi": {"0": 1.1287251895058628, "1": 0.9033264827726005, "2": 1.1743914445821357}, "sigma": {"0": 0.7411383335777002, "1": 0.6105826450370271, "2": 0.0}, "chi_high": null, "beta_low": null}