{"R": 40.0, "wi": 1, "di": 0, "delta": 1.0, "gamma": {"0": 1.0809473306364992, "1": 1.0490386883152145, "2": 1.0771378980248474}, "mu": {"0": 1.110196860335694, "1": 1.0168233835115486, "2": 1.035576149298398}, "phi": {"0": 0.7157098392622044, "1": 0.5770588088922414, "2": 0.6620704100977018}, "psi": {"0": 0.5899727175436078, "1": 0.5386761531715019, "2": 1.0697324577076852}, "sigma": {"0": 0.6366894436542293, "1": 0.0, "2": 0.0}, "chi_high": null, "beta_low": 0.39187138715044045}