{"R": 40.0, "wi": 3, "di": 2, "delta": 1.0, "gamma": {"0": 1.4684621089017493, "1": 0.9459588366617324, "2": 1.4606535831742842}, "mu": {"0": 1.103277778580858, "1": 1.1395538127850067, "2": 1.0212720112010985}, "phi": {"0": 0.876864228943195, "1": 0.6201816946712151, "2": 0.6137287947124842}, "psi": {"0": 0.965101183518073, "1": 1.2559831864165836, "2": 1.2430927538156795}, "sigma": {"0": 0.5399519765069292, "1": 0.6849289796377903, "2": 0.0}, "chi_high": 0.29481934350687367, "beta_low": null}