{"R": 40.0, "wi": 0, "di": 2, "delta": 1.0, "gamma": {"0": 1.3741010466393733, "1": 1.1427328655041482, "2": 1.4390562402039864}, "mu": {"0": 1.0440719685212239, "1": 1.002014633834313, "2": 1.0134096011276381}, "phi": {"0": 0.07621142562918959, "1": 0.5429428363341151, "2": 0.12623929265248024}, "psi": {"0": 1.0485418080371864, "1": 1.4544169092408867, "2": 0.9686841403103521}, "sigma": {"0": 0.9210230244400367, "1": 0.7226633281174191, "2": 0.0}, "chi_high": 0.4255550219850713, "beta_low": 0.35976546645378543}