{"R": 40.0, "wi": 2, "di": 2, "delta": 1.0, "gamma": {"0": 0.5550390765804317, "1": 1.3483870002138316, "2": 0.5502269297415789}, "mu": {"0": 1.1240780514084983, "1": 1.091368866994878, "2": 1.053696073324189}, "phi": {"0": 0.8234443279519282, "1": 0.24422382958384048, "2": 0.8262942727127554}, "psi": {"0": 1.4547912291806553, "1": 0.6482246428072549, "2": 1.2140319438389384}, "sigma": {"0": 0.57549952222151, "1": 0.8019322083736681, "2": 0.0}, "chi_high": null, "beta_low": null}