{"R": 40.0, "wi": 2, "di": 1, "delta": 1.0, "gamma": {"0": 0.5754802784707543, "1": 0.9355059333425806, "2": 0.7244764538181953}, "mu": {"0": 1.0231096871135026, "1": 1.0840762539435946, "2": 1.137670854186608}, "phi": {"0": 0.433837210539173, "1": 0.6879395147062842, "2": 0.49913446702617403}, "psi": {"0": 1.3555841012511274, "1": 1.4974044953266972, "2": 1.435239127568419}, "sigma": {"0": 0.5539924100860557, "1": 0.8126911374788325, "2": 0.0}, "chi_high": null, "beta_low": null}