{"R": 40.0, "wi": 2, "di": 2, "delta": 1.0, "gamma": {"0": 0.9899605974055181, "1": 0.7591814804986935, "2": 1.3818317511952665}, "mu": {"0": 1.0934880363757167, "1": 1.0678113553618458, "2": 1.113741304836353}, "phi": {"0": 0.900890540084925, "1": 0.08123815667225875, "2": 0.349486907437899}, "psi": {"0": 1.19312596007223, "1": 0.9458683007713781, "2": 0.8803815865374983}, "sigma": {"0": 0.5285967033245617, "1": 0.5663457883196739, "2": 0.0}, "chi_high": null, "beta_low": null}