{"R": 40.0, "wi": 0, "di": 1, "delta": 1.0, "gamma": {"0": 1.4645431916384126, "1": 1.013099262315872, "2": 1.320946986261105}, "mu": {"0": 1.0367197033648883, "1": 1.101303777770198, "2": 1.0403440641772201}, "phi": {"0": 0.10843969771521877, "1": 0.40148630565252263, "2": 0.9160601742590995}, "psi": {"0": 0.9658085014807, "1": 1.1927232845287623, "2": 1.325085114867762}, "sigma": {"0": 0.5800048033456957, "1": 0.8408076966793983, "2": 0.0}, "chi_high": 0.8785422158950443, "beta_low": 0.7488206950785491}