{"R": 40.0, "wi": 2, "di": 0, "delta": 1.0, "gamma": {"0": 0.8648660623019715, "1": 0.8001813983135461, "2": 0.7906816608366305}, "mu": {"0": 1.0761517574993122, "1": 1.023066659529777, "2": 1.0163082702930988}, "phi": {"0": 0.6786509606036935, "1": 0.16427975701361586, "2": 0.6596837765249788}, "psi": {"0": 0.5640569751102527, "1": 0.9581554087118304, "2": 1.2816098721975089}, "sigma": {"0": 0.7848699029590835, "1": 0.9577720243707415, "2": 0.0}, "chi_high": null, "beta_low": null}