{"R": 40.0, "wi": 1, "di": 0, "delta": 1.0, "gamma": {"0": 0.5133709567579767, "1": 1.263828959950378, "2": 0.5994612404316937}, "mu": {"0": 1.1479675654885693, "1": 1.0807728439705575, "2": 1.049525845987191}, "phi": {"0": 0.5207992764172192, "1": 0.5652568814618802, "2": 0.25562867566652203}, "psi": {"0": 1.4312500402204429, "1": 1.0600792901057075, "2": 1.022479817847339}, "sigma": {"0": 0.9765023806238935, "1": 0.0, "2": 0.0}, "chi_high": null, "beta_low": 0.961590450268484}