{"R": 40.0, "wi": 0, "di": 1, "delta": 1.0, "gamma": {"0": 0.9402519151328383, "1": 1.1045266388721817, "2": 0.6690505614627775}, "mu": {"0": 1.1466447493283818, "1": 1.0881089393412449, "2": 1.0147473697211895}, "phi": {"0": 0.09024622180957054, "1": 0.13678707880274743, "2": 0.9067163688506117}, "psi": {"0": 1.423602745861562, "1": 1.220415427395896, "2": 0.9514299198464476}, "sigma": {"0": 0.6120599383749081, "1": 0.791602479040219, "2": 0.0}, "chi_high": 0.17659203526959982, "beta_low": 0.41848754262270743}