{"R": 40.0, "wi": 0, "di": 1, "delta": 1.0, "gamma": {"0": 1.3597810956574516, "1": 1.063907394309958, "2": 1.3940852320893855}, "mu": {"0": 1.074835746693016, "1": 1.0498714789905088, "2": 1.1463679968900906}, "phi": {"0": 0.20681139390671754, "1": 0.11007564517458324, "2": 0.4639961636379871}, "psi": {"0": 1.0504440717780308, "1": 1.0704829288993989, "2": 0.8621008683070626}, "sigma": {"0": 0.7679733361768967, "1": 0.8305175658031971, "2": 0.0}, "chi_high": 0.9880601435432224, "beta_low": 0.3975234515307978}