{"R": 40.0, "wi": 3, "di": 2, "delta": 1.0, "gamma": {"0": 0.7474135925507316, "1": 1.319067157617464, "2": 0.6515800515220954}, "mu": {"0": 1.0425478198536968, "1": 1.1189994897142015, "2": 1.0783004015714877}, "phi": {"0": 0.41689470384720073, "1": 0.8147209955730336, "2": 0.6715239553652693}, "psi": {"0": 1.3973436957250733, "1": 0.9212088786390659, "2": 1.4230182031873486}, "sigma": {"0": 0.6391603892611263, "1": 0.6398585695804776, "2": 0.0}, "chi_high": 0.5920468891599423, "beta_low": null}