{"R": 40.0, "wi": 0, "di": 2, "delta": 1.0, "gamma": {"0": 0.7170541797533757, "1": 0.9726790410466428, "2": 0.8704208609009634}, "mu": {"0": 1.096823943095636, "1": 1.1221253961488145, "2": 1.0585659260132696}, "phi": {"0": 0.10824409408848168, "1": 0.26900406044434155, "2": 0.1265408243001802}, "psi": {"0": 0.5736635223119233, "1": 0.5950608096753354, "2": 0.9632594982739734}, "sigma": {"0": 0.5739405037245806, "1": 0.8698979069168729, "2": 0.0}, "chi_high": 0.8619783911218547, "beta_low": 0.17454522697716524}