{"R": 40.0, "wi": 1, "di": 0, "delta": 1.0, "gamma": {"0": 1.430239348556481, "1": 1.0884356285476586, "2": 1.3793117138721156}, "mu": {"0": 1.0700361559336808, "1": 1.0459259773394631, "2": 1.1268070867904163}, "phi": {"0": 0.3206975058400766, "1": 0.46584986106940096, "2": 0.3902886738709884}, "psi": {"0": 0.8170873603143307, "1": 0.7142838547434741, "2": 1.087474039840321}, "sigma": {"0": 0.5988595038520798, "1": 0.0, "2": 0.0}, "chi_high": null, "beta_low": 0.7716620058279352}