{"R": 40.0, "wi": 2, "di": 1, "delta": 1.0, "gamma": {"0": 0.9849555270244517, "1": 1.1796769383000951, "2": 1.002610923920094}, "mu": {"0": 1.0584062596480286, "1": 1.1360613765231666, "2": 1.0576525598251156}, "phi": {"0": 0.8205974634823121, "1": 0.2544708095682986, "2": 0.2516693672851409}, "psi": {"0": 1.3607719125986626, "1": 1.267849079638907, "2": 0.6439852645646361}, "sigma": {"0": 0.7083609069615657, "1": 0.9812117286715754, "2": 0.0}, "chi_high": null, "beta_low": null}