{"R": 40.0, "wi": 1, "di": 2, "delta": 1.0, "gamma": {"0": 0.5966029615370951, "1": 0.7980834688185708, "2": 0.8171852929925546}, "mu": {"0": 1.0804833757852625, "1": 1.1320185083369672, "2": 1.1060352562653828}, "phi": {"0": 0.883770837090433, "1": 0.8223638715271724, "2": 0.5319910374117852}, "psi": {"0": 0.8289118809646111, "1": 1.3422273697966565, "2": 0.6798512834988196}, "sigma": {"0": 0.8327649490650619, "1": 0.0, "2": 0.0}, "chi_high": null, "beta_low": 0.21537513190899177}