{"R": 40.0, "wi": 0, "di": 0, "delta": 1.0, "gamma": {"0": 1.21500342202564, "1": 0.560461863041675, "2": 0.9296681868327378}, "mu": {"0": 1.1397799879963766, "1": 1.1131842148665274, "2": 1.0637441154532772}, "phi": {"0": 0.4487274195421669, "1": 0.2987982740236441, "2": 0.7218995206634273}, "psi": {"0": 1.0999663775376287, "1": 0.6318494426172139, "2": 0.7874423963153748}, "sigma": {"0": 0.9591696000851759, "1": 0.9230660182538428, "2": 0.0}, "chi_high": 0.44965255872751064, "beta_low": 0.39320627615544407}