{"R": 40.0, "wi": 1, "di": 1, "delta": 1.0, "gamma": {"0": 0.9019849707245862, "1": 1.0342568005471362, "2": 1.2667625634045074}, "mu": {"0": 1.1128549258573435, "1": 1.1193968525107323, "2": 1.0442782233680281}, "phi": {"0": 0.6393625129857488, "1": 0.466755737515269, "2": 0.3446545743567413}, "psi": {"0": 0.7188500583397519, "1": 0.9783664920953749, "2": 1.200237818917031}, "sigma": {"0": 0.5955720720695311, "1": 0.0, "2": 0.0}, "chi_high": null, "beta_low": 0.11346707232826544}