{"R": 40.0, "wi": 3, "di": 0, "delta": 1.0, "gamma": {"0": 1.334010713317303, "1": 0.5423789277594876, "2": 1.0969982467508288}, "mu": {"0": 1.0108869235765539, "1": 1.0945337786021245, "2": 1.0388393957356201}, "phi": {"0": 0.820505442431509, "1": 0.19587812218798173, "2": 0.05878514470410634}, "psi": {"0": 1.1835878240811075, "1": 0.8567281571058518, "2": 0.8710024580588186}, "sigma": {"0": 0.8034560646178974, "1": 0.7081866228183792, "2": 0.0}, "chi_high": 0.873555976383339, "beta_low": null}