{"R": 40.0, "wi": 1, "di": 0, "delta": 1.0, "gamma": {"0": 0.7748960538090213, "1": 0.6404970760724006, "2": 0.7636745051966983}, "mu": {"0": 1.0499964811310527, "1": 1.0774705375595846, "2": 1.0405344227756412}, "phi": {"0": 0.7788925364858281, "1": 0.5370476724641591, "2": 0.16916077482971337}, "psi": {"0": 1.3249758175759498, "1": 1.337104848355144, "2": 1.1611279513235786}, "sigma": {"0": 0.7906663268598826, "1": 0.0, "2": 0.0}, "chi_high": null, "beta_low": 0.4888711721161906}