{"R": 40.0, "wi": 2, "di": 0, "delta": 1.0, "gamma": {"0": 0.5984737156017182, "1": 0.6722710418991584, "2": 0.7838075770838949}, "mu": {"0": 1.0370641302029238, "1": 1.0082912266287833, "2": 1.1224554159316857}, "phi": {"0": 0.6071963565094611, "1": 0.4266017825562348, "2": 0.45768220007327143}, "psi": {"0": 0.8094817877407281, "1": 0.7415513366201123, "2": 1.1239703460080734}, "sigma": {"0": 0.767788948971597, "1": 0.6197843323942083, "2": 0.0}, "chi_high": null, "beta_low": null}