{"R": 40.0, "wi": 0, "di": 0, "delta": 1.0, "gamma": {"0": 0.6772847365915511, "1": 1.3570908668600716, "2": 0.6377640138749673}, "mu": {"0": 1.1450698466856646, "1": 1.0165068708990974, "2": 1.078159663883036}, "phi": {"0": 0.48788774771275434, "1": 0.6092461665688659, "2": 0.013859121118749984}, "psi": {"0": 0.6119606978500216, "1": 1.3927373380352375, "2": 0.9691916007571789}, "sigma": {"0": 0.7791711781452164, "1": 0.7209538066988439, "2": 0.0}, "chi_high": 0.5417509632541749, "beta_low": 0.986468076657776}