{"R": 40.0, "wi": 3, "di": 0, "delta": 1.0, "gamma": {"0": 1.423892171456732, "1": 0.7603168657592643, "2": 0.9869785951329454}, "mu": {"0": 1.1047312287770277, "1": 1.1349927618805826, "2": 1.1233767005362476}, "phi": {"0": 0.07576995984411283, "1": 0.18099427222053965, "2": 0.655238928000764}, "psi": {"0": 0.7280456088172035, "1": 0.8636641649101756, "2": 1.1068147069923118}, "sigma": {"0": 0.749347621603128, "1": 0.8672333449343859, "2": 0.0}, "chi_high": 0.2813663056290856, "beta_low": null}