{"R": 40.0, "wi": 0, "di": 1, "delta": 1.0, "gamma": {"0": 0.8788182973902198, "1": 1.3467607334942473, "2": 1.172787250367379}, "mu": {"0": 1.1050662332171004, "1": 1.1488615044622341, "2": 1.0274813108711116}, "phi": {"0": 0.7495160773502004, "1": 0.7508635785579656, "2": 0.514386754544768}, "psi": {"0": 1.422931580319355, "1": 0.9962942418759317, "2": 1.0413232515938533}, "sigma": {"0": 0.8599048780606935, "1": 0.5608174663486533, "2": 0.0}, "chi_high": 0.875059728577308, "beta_low": 0.8758763950023589}