{"R": 40.0, "wi": 2, "di": 1, "delta": 1.0, "gamma": {"0": 0.9308141054880454, "1": 1.4885108108948633, "2": 1.1307030966229221}, "mu": {"0": 1.0482903606701526, "1": 1.1053581646576442, "2": 1.0280700208553482}, "phi": {"0": 0.4387028007292608, "1": 0.15710439131860376, "2": 0.7524277116765766}, "psi": {"0": 0.9188437649634156, "1": 1.0658587764894534, "2": 0.9266323053519141}, "sigma": {"0": 0.7280887509925176, "1": 0.8053117470921833, "2": 0.0}, "chi_high": null, "beta_low": null}