{"R": 40.0, "wi": 2, "di": 1, "delta": 1.0, "gamma": {"0": 0.9460346313275622, "1": 1.4851685128340661, "2": 1.178650347660004}, "mu": {"0": 1.0844015246314616, "1": 1.1496723120082195, "2": 1.1340508667010607}, "phi": {"0": 0.6414667933822517, "1": 0.8883402376854275, "2": 0.08649737260173085}, "psi": {"0": 0.9323631755941671, "1": 0.7893884080150073, "2": 0.6114489246921918}, "sigma": {"0": 0.7880190635446296, "1": 0.5468560419021449, "2": 0.0}, "chi_high": null, "beta_low": null}