{"R": 40.0, "wi": 0, "di": 0, "delta": 1.0, "gamma": {"0": 1.0750123455873135, "1": 1.1527065691626524, "2": 1.18248960826603}, "mu": {"0": 1.0316603634630404, "1": 1.0686575671457987, "2": 1.0767494116713379}, "phi": {"0": 0.08336683911901199, "1": 0.003433799495011103, "2": 0.0198976977000217}, "psi": {"0": 1.0347478897719176, "1": 1.0336634971927001, "2": 0.5543039895752141}, "sigma": {"0": 0.5468945047986875, "1": 0.7273181362201027, "2": 0.0}, "chi_high": 0.2905477272677485, "beta_low": 0.6238472869668583}