{"R": 40.0, "wi": 1, "di": 0, "delta": 1.0, "gamma": {"0": 1.3645966929353297, "1": 0.5645645674212291, "2": 0.9712330570820934}, "mu": {"0": 1.1101353329401114, "1": 1.1195996733258198, "2": 1.1170462684828715}, "phi": {"0": 0.8568868758683086, "1": 0.21521888544043477, "2": 0.7476881276908065}, "psi": {"0": 0.7650775315450353, "1": 1.000683058295829, "2": 1.1183326322813116}, "sigma": {"0": 0.8417834894511622, "1": 0.0, "2": 0.0}, "chi_high": null, "beta_low": 0.2345555177994233}