{"R": 40.0, "wi": 0, "di": 1, "delta": 1.0, "gamma": {"0": 1.002495304692958, "1": 0.7492980336443956, "2": 1.452487586223561}, "mu": {"0": 1.0761272629072594, "1": 1.0612520198891238, "2": 1.1423194445494818}, "phi": {"0": 0.4031551345902944, "1": 0.05683149945169341, "2": 0.9847100827245774}, "psi": {"0": 0.5312510474247544, "1": 0.999718865859518, "2": 1.3544251022480487}, "sigma": {"0": 0.6087821881847439, "1": 0.7483854681506331, "2": 0.0}, "chi_high": 0.03901562950177592, "beta_low": 0.9596122946654239}