{"R": 40.0, "wi": 3, "di": 0, "delta": 1.0, "gamma": {"0": 0.9347962192796383, "1": 0.9172847026202412, "2": 1.3800982790466587}, "mu": {"0": 1.0979553159676316, "1": 1.057783132509471, "2": 1.1352187480347091}, "phi": {"0": 0.4896957614747016, "1": 0.7891821694835162, "2": 0.9198962472303907}, "psi": {"0": 0.7785016797551203, "1": 0.7376894894259628, "2": 1.3817093785974803}, "sigma": {"0": 0.6137623954582598, "1": 0.6630676854771818, "2": 0.0}, "chi_high": 0.46021825987301895, "beta_low": null}