{"R": 40.0, "wi": 0, "di": 0, "delta": 1.0, "gamma": {"0": 0.6689623107555063, "1": 1.4977319518338401, "2": 0.5032874381896422}, "mu": {"0": 1.033205549454501, "1": 1.0828488766488311, "2": 1.035724492435733}, "phi": {"0": 0.7922971714434003, "1": 0.5050685846707492, "2": 0.6746924185547379}, "psi": {"0": 1.234464463469219, "1": 0.6205556374729885, "2": 0.7485648702837014}, "sigma": {"0": 0.879991450641163, "1": 0.816491556459469, "2": 0.0}, "chi_high": 0.5186272726803411, "beta_low": 0.581988592510779}