{"R": 40.0, "wi": 2, "di": 2, "delta": 1.0, "gamma": {"0": 1.155400702002319, "1": 1.4371945046721617, "2": 1.4725273985047052}, "mu": {"0": 1.0553416087503216, "1": 1.0393114564854877, "2": 1.122234995369532}, "phi": {"0": 0.6442261949066208, "1": 0.7632048239209007, "2": 0.616370517679991}, "psi": {"0": 1.4349744307730772, "1": 1.2311579958605663, "2": 0.624328723884215}, "sigma": {"0": 0.7309868125667571, "1": 0.9031035122076324, "2": 0.0}, "chi_high": null, "beta_low": null}