{"R": 40.0, "wi": 0, "di": 2, "delta": 1.0, "gamma": {"0": 1.4749658570637207, "1": 1.349759744258797, "2": 0.5476872885555789}, "mu": {"0": 1.0364885438013118, "1": 1.0961265727593401, "2": 1.0873281408936488}, "phi": {"0": 0.36180241890503795, "1": 0.5462039352567102, "2": 0.08315796524724384}, "psi": {"0": 0.7747776540518929, "1": 0.5284006461254126, "2": 1.463684742388899}, "sigma": {"0": 0.8631015169398211, "1": 0.6690942016879217, "2": 0.0}, "chi_high": 0.7617509916399512, "beta_low": 0.8708264544038695}