{"R": 40.0, "wi": 1, "di": 1, "delta": 1.0, "gamma": {"0": 0.8023343421976256, "1": 1.3891567267743603, "2": 0.6787000998237581}, "mu": {"0": 1.0898335261421455, "1": 1.0729935613289754, "2": 1.0100345947068776}, "phi": {"0": 0.3547912933685624, "1": 0.7109905680256153, "2": 0.0660787484930837}, "psi": {"0": 1.1057535461602521, "1": 1.2969016121160681, "2": 1.1859898581782566}, "sigma": {"0": 0.7100984758855329, "1": 0.0, "2": 0.0}, "chi_high": null, "beta_low": 0.8274310850858974}