{"R": 40.0, "wi": 3, "di": 0, "delta": 1.0, "gamma": {"0": 0.9972508120920349, "1": 1.3925223167112923, "2": 1.383227651167668}, "mu": {"0": 1.0927570329189649, "1": 1.06927918259108, "2": 1.0936174598379595}, "phi": {"0": 0.896107331977096, "1": 0.7192455058325453, "2": 0.5714891575146813}, "psi": {"0": 0.5450557157813286, "1": 1.052886442717875, "2": 1.130360700277996}, "sigma": {"0": 0.837988462145645, "1": 0.9607106229732323, "2": 0.0}, "chi_high": 0.23141881358144128, "beta_low": null}