{"R": 40.0, "wi": 3, "di": 2, "delta": 1.0, "gamma": {"0": 1.2896513688064821, "1": 1.069043749458896, "2": 1.3419505975889932}, "mu": {"0": 1.1437353478838017, "1": 1.0567434732995378, "2": 1.0109907069468815}, "phi": {"0": 0.0670161709687025, "1": 0.4460075461045513, "2": 0.3932894462552493}, "psi": {"0": 1.1768255233051117, "1": 0.6740707735400724, "2": 0.726648009832616}, "sigma": {"0": 0.8134486485193004, "1": 0.5555766330180665, "2": 0.0}, "chi_high": 0.4292380551067532, "beta_low": null}