{"R": 40.0, "wi": 1, "di": 1, "delta": 1.0, "gamma": {"0": 0.7202006384063241, "1": 1.4286876226692522, "2": 1.2150933615700334}, "mu": {"0": 1.0720072546320494, "1": 1.0879923785467995, "2": 1.086225615832035}, "phi": {"0": 0.7884802673147143, "1": 0.8493575833859147, "2": 0.6538294117848784}, "psi": {"0": 1.0988342212786346, "1": 1.002324040967137, "2": 0.7767709102521749}, "sigma": {"0": 0.7842299329924407, "1": 0.0, "2": 0.0}, "chi_high": null, "beta_low": 0.9799479182833554}