{"R": 40.0, "wi": 0, "di": 0, "delta": 1.0, "gamma": {"0": 1.0952778648502535, "1": 1.3654120546950728, "2": 0.7805155137967603}, "mu": {"0": 1.0936499217983222, "1": 1.1118190079543357, "2": 1.0499829079579936}, "phi": {"0": 0.33924441774821723, "1": 0.04763204495916218, "2": 0.694129396760098}, "psi": {"0": 1.2344788185636877, "1": 0.5616912108880835, "2": 0.586960740358684}, "sigma": {"0": 0.9624139840134253, "1": 0.84184839542772, "2": 0.0}, "chi_high": 0.884279972598586, "beta_low": 0.17058813113190757}