{"R": 40.0, "wi": 3, "di": 0, "delta": 1.0, "gamma": {"0": 0.849097214371577, "1": 1.1021998520812513, "2": 1.367533466367469}, "mu": {"0": 1.0715634258748952, "1": 1.0274435907717707, "2": 1.0760209278469413}, "phi": {"0": 0.5006593798433636, "1": 0.13092802032118178, "2": 0.6435366979135089}, "psi": {"0": 0.8865186696986023, "1": 1.3223126813304917, "2": 0.8149175076217875}, "sigma": {"0": 0.6706235286433615, "1": 0.5485031438005443, "2": 0.0}, "chi_high": 0.4659071659590074, "beta_low": null}