{"R": 40.0, "wi": 1, "di": 2, "delta": 1.0, "gamma": {"0": 1.352480614064651, "1": 1.3549210199543529, "2": 0.797263889839387}, "mu": {"0": 1.044546872699095, "1": 1.1283749204097842, "2": 1.0215003444823294}, "phi": {"0": 0.7149796671183396, "1": 0.36238311255062894, "2": 0.9198663926456403}, "psi": {"0": 1.2542352328107915, "1": 0.7395277227616148, "2": 1.1053616145876934}, "sigma": {"0": 0.7649655783342264, "1": 0.0, "2": 0.0}, "chi_high": null, "beta_low": 0.7566361460208219}