{"R": 40.0, "wi": 1, "di": 0, "delta": 1.0, "gamma": {"0": 0.9830340574854398, "1": 0.8005785196660447, "2": 0.6829901605032775}, "mu": {"0": 1.1428110965324794, "1": 1.0714919414063104, "2": 1.128489925247533}, "phi": {"0": 0.22562204503937444, "1": 0.3643648153282927, "2": 0.47277561462469886}, "psi": {"0": 0.9910217225916543, "1": 1.4261985790608787, "2": 1.1506454942974842}, "sigma": {"0": 0.8515310250664407, "1": 0.0, "2": 0.0}, "chi_high": null, "beta_low": 0.025036338050603603}