{"R": 40.0, "wi": 2, "di": 1, "delta": 1.0, "gamma": {"0": 1.388916309393591, "1": 0.6445577528400349, "2": 1.0297117690604773}, "mu": {"0": 1.073062906948194, "1": 1.04491833392528, "2": 1.143530161573106}, "phi": {"0": 0.875705406183421, "1": 0.812064936617567, "2": 0.4554170552863429}, "psi": {"0": 1.1572629954126925, "1": 0.8124424356426814, "2": 0.7712117083695379}, "sigma": {"0": 0.7185041127585284, "1": 0.7431104178379038, "2": 0.0}, "chi_high": null, "beta_low": null}