{"R": 40.0, "wi": 2, "di": 2, "delta": 1.0, "gamma": {"0": 1.1657270916647415, "1": 1.2346793597869015, "2": 0.9198890778041386}, "mu": {"0": 1.1191035514036451, "1": 1.1160402681242558, "2": 1.0578147551613297}, "phi": {"0": 0.1657617257038948, "1": 0.4586621580647765, "2": 0.8351520122954322}, "psi": {"0": 1.4703364740642393, "1": 1.0627235214902497, "2": 0.9036844377358128}, "sigma": {"0": 0.7025580289950637, "1": 0.5500035673352203, "2": 0.0}, "chi_high": null, "beta_low": null}