{"R": 40.0, "wi": 3, "di": 0, "delta": 1.0, "gamma": {"0": 1.1314555523277852, "1": 1.2766357466470768, "2": 1.0085887984526185}, "mu": {"0": 1.004713290399171, "1": 1.130053151155809, "2": 1.0131069821704324}, "phi": {"0": 0.8730672852154712, "1": 0.23481782654469152, "2": 0.22052612707669061}, "psi": {"0": 0.5631206371903245, "1": 0.9294617920334874, "2": 0.8129824481466011}, "sigma": {"0": 0.664909603350752, "1": 0.920386874136129, "2": 0.0}, "chi_high": 0.5629994498033808, "beta_low": null}