{"R": 40.0, "wi": 0, "di": 1, "delta": 1.0, "gamma": {"0": 1.2665638132235484, "1": 0.6386930168602937, "2": 0.644172382145929}, "mu": {"0": 1.1023566707529746, "1": 1.1013947979190806, "2": 1.0329641958054872}, "phi": {"0": 0.8167276080816045, "1": 0.04307930198499588, "2": 0.2910730936417729}, "psi": {"0": 1.3093955231320222, "1": 1.4944521764078713, "2": 0.7788575286293659}, "sigma": {"0": 0.8052125497949669, "1": 0.675903851993469, "2": 0.0}, "chi_high": 0.4713748377292085, "beta_low": 0.5779131977281698}