{"R": 40.0, "wi": 2, "di": 1, "delta": 1.0, "gamma": {"0": 0.8642689798589653, "1": 1.2422170632093739, "2": 0.7753653404487483}, "mu": {"0": 1.1445272938588142, "1": 1.1491956585569711, "2": 1.0011733088296009}, "phi": {"0": 0.622527058765371, "1": 0.9345051842320713, "2": 0.41243974639144854}, "psi": {"0": 0.8033292842976233, "1": 1.3093486853919745, "2": 1.1628584923142318}, "sigma": {"0": 0.9486986064031098, "1": 0.6460294405038207, "2": 0.0}, "chi_high": null, "beta_low": null}