{"R": 40.0, "wi": 2, "di": 1, "delta": 1.0, "gamma": {"0": 0.7841052000154117, "1": 1.3066426120350254, "2": 1.0444505830619766}, "mu": {"0": 1.0164968703996498, "1": 1.0992194837569587, "2": 1.1477225983269113}, "phi": {"0": 0.1419192196650303, "1": 0.26971983359678164, "2": 0.0980283000053711}, "psi": {"0": 0.942084749160178, "1": 0.6002989611338932, "2": 0.9668830197954447}, "sigma": {"0": 0.9971604593615897, "1": 0.7114829446628625, "2": 0.0}, "chi_high": null, "beta_low": null}