{"R": 40.0, "wi": 3, "di": 0, "delta": 1.0, "gamma": {"0": 1.2369181754649015, "1": 0.5963032704963358, "2": 1.390258892142941}, "mu": {"0": 1.12838565704111, "1": 1.0593706099909912, "2": 1.131906722493551}, "phi": {"0": 0.19887155798947298, "1": 0.8849125879268332, "2": 0.6932624570235169}, "psi": {"0": 0.677606554158585, "1": 1.313847604431201, "2": 1.0997491640778811}, "sigma": {"0": 0.8414064814198883, "1": 0.5079944578847844, "2": 0.0}, "chi_high": 0.45085079201676687, "beta_low": null}