{"R": 40.0, "wi": 1, "di": 0, "delta": 1.0, "gamma": {"0": 0.5184152378954042, "1": 0.600240919580343, "2": 1.145146840267922}, "mu": {"0": 1.1016545295763163, "1": 1.010207428582122, "2": 1.088861999188846}, "phi": {"0": 0.5631075331636622, "1": 0.801622404548343, "2": 0.4359976156391675}, "psi": {"0": 1.134976421351284, "1": 1.424312372098724, "2": 1.4546209227403326}, "sigma": {"0": 0.9229971084566981, "1": 0.0, "2": 0.0}, "chi_high": null, "beta_low": 0.804383628801289}