{"R": 40.0, "wi": 0, "di": 2, "delta": 1.0, "gamma": {"0": 1.1300082967883753, "1": 0.6283878759418792, "2": 0.500766581315311}, "mu": {"0": 1.0049781241767928, "1": 1.07147569466029, "2": 1.063297110102577}, "phi": {"0": 0.5908450606406329, "1": 0.20151626452143023, "2": 0.7679846605856967}, "psi": {"0": 0.7950093949103578, "1": 0.8463516913080994, "2": 1.3050369359263931}, "sigma": {"0": 0.5134275262363399, "1": 0.8448174193810023, "2": 0.0}, "chi_high": 0.9045409697594257, "beta_low": 0.16063626003981998}