{"R": 40.0, "wi": 0, "di": 2, "delta": 1.0, "gamma": {"0": 1.2091852791243052, "1": 1.1247424921539757, "2": 0.7911601416461417}, "mu": {"0": 1.1439609122651555, "1": 1.0421237286123557, "2": 1.0461581789717422}, "phi": {"0": 0.23719792601517897, "1": 0.31762635423286023, "2": 0.3241354613424995}, "psi": {"0": 1.354978284857153, "1": 0.5973410554335308, "2": 1.3132050622349096}, "sigma": {"0": 0.961779001771709, "1": 0.542992467556306, "2": 0.0}, "chi_high": 0.4623612312439973, "beta_low": 0.44262673487665616}