{"R": 40.0, "wi": 2, "di": 1, "delta": 1.0, "gamma": {"0": 0.614585425639628, "1": 1.4613397734291658, "2": 1.11844901452533}, "mu": {"0": 1.1468395590340945, "1": 1.1267605049405622, "2": 1.010747940456565}, "phi": {"0": 0.533184059147971, "1": 0.6267432231099023, "2": 0.9404723179443849}, "psi": {"0": 1.207912249905391, "1": 0.8265470828471742, "2": 1.0558372726867973}, "sigma": {"0": 0.7080122730476175, "1": 0.7758475880265157, "2": 0.0}, "chi_high": null, "beta_low": null}