{"R": 40.0, "wi": 0, "di": 2, "delta": 1.0, "gamma": {"0": 1.1142801928473811, "1": 1.342516215808842, "2": 0.6126052532496705}, "mu": {"0": 1.0288210817155847, "1": 1.0269677238376924, "2": 1.1197957653312627}, "phi": {"0": 0.7230329311691884, "1": 0.6253381640795973, "2": 0.6433579397970917}, "psi": {"0": 0.9478501413083249, "1": 1.3453989794821255, "2": 1.1754755344171857}, "sigma": {"0": 0.7564597246314481, "1": 0.5674931717727627, "2": 0.0}, "chi_high": 0.3087985216167616, "beta_low": 0.13667874378255174}