{"R": 40.0, "wi": 2, "di": 2, "delta": 1.0, "gamma": {"0": 1.3845663571754203, "1": 0.6930282467662786, "2": 1.08124351427381}, "mu": {"0": 1.1255140838128468, "1": 1.063956946004183, "2": 1.005830575862424}, "phi": {"0": 0.6830967459204093, "1": 0.6942484620491532, "2": 0.11799210447016628}, "psi": {"0": 0.7640118287872534, "1": 1.0135634312609048, "2": 1.188464703847956}, "sigma": {"0": 0.709848058979856, "1": 0.7947814005971408, "2": 0.0}, "chi_high": null, "beta_low": null}