{"R": 40.0, "wi": 1, "di": 2, "delta": 1.0, "gamma": {"0": 1.447085327077283, "1": 1.4786861846236923, "2": 1.3900546173152772}, "mu": {"0": 1.0611677962355943, "1": 1.1136054570986058, "2": 1.0307672391505878}, "phi": {"0": 0.4253549097504359, "1": 0.49518522237490925, "2": 0.56207701483964}, "psi": {"0": 1.2013694193686049, "1": 1.0481309692521, "2": 0.588527711122204}, "sigma": {"0": 0.754396597002372, "1": 0.0, "2": 0.0}, "chi_high": null, "beta_low": 0.24731723298812644}