{"R": 40.0, "wi": 0, "di": 1, "delta": 1.0, "gamma": {"0": 1.3547879360221162, "1": 0.8659848550480076, "2": 0.7341190377323614}, "mu": {"0": 1.0025703759953046, "1": 1.0789087107709616, "2": 1.015621462889216}, "phi": {"0": 0.15309597548271048, "1": 0.06086356425349959, "2": 0.01830863679688699}, "psi": {"0": 1.3458633208060329, "1": 1.3679940197972615, "2": 0.607132333369522}, "sigma": {"0": 0.9599777549594439, "1": 0.5171744121219886, "2": 0.0}, "chi_high": 0.454530314058519, "beta_low": 0.5334325787711326}