{"R": 40.0, "wi": 1, "di": 2, "delta": 1.0, "gamma": {"0": 0.9096410151404316, "1": 1.243799359880782, "2": 0.8167247813188548}, "mu": {"0": 1.0497156595695778, "1": 1.0415791818272564, "2": 1.1025642039820405}, "phi": {"0": 0.1404060557379324, "1": 0.8102809120305777, "2": 0.37056845649419223}, "psi": {"0": 1.3798909622926163, "1": 0.5693402141347356, "2": 0.9474481222587959}, "sigma": {"0": 0.7953107949037959, "1": 0.0, "2": 0.0}, "chi_high": null, "beta_low": 0.5142665570815158}