{"R": 40.0, "wi": 0, "di": 0, "delta": 1.0, "gamma": {"0": 1.030186458949781, "1": 0.8525914431516382, "2": 1.4833418241554779}, "mu": {"0": 1.0983827115430982, "1": 1.0195750966692385, "2": 1.051824223036883}, "phi": {"0": 0.8591933890076734, "1": 0.08629328145215409, "2": 0.9330156672235763}, "psi": {"0": 1.1247169653516536, "1": 1.2914744132952372, "2": 1.030920138855034}, "sigma": {"0": 0.8456078747797546, "1": 0.7662561705626871, "2": 0.0}, "chi_high": 0.6647458577903037, "beta_low": 0.15643137821376135}