{"R": 40.0, "wi": 2, "di": 0, "delta": 1.0, "gamma": {"0": 1.473821454193431, "1": 0.761967237970025, "2": 0.8091211293261206}, "mu": {"0": 1.0547370057628755, "1": 1.0118992689661044, "2": 1.019712844645528}, "phi": {"0": 0.23945059391357726, "1": 0.25340092358481703, "2": 0.09519021593655785}, "psi": {"0": 1.2860996961304012, "1": 0.9860710961390298, "2": 1.351399322464053}, "sigma": {"0": 0.6137866282094541, "1": 0.7633167742128237, "2": 0.0}, "chi_high": null, "beta_low": null}