{"R": 40.0, "wi": 2, "di": 2, "delta": 1.0, "gamma": {"0": 1.4748724417866566, "1": 0.9425812171192286, "2": 1.2094055924472153}, "mu": {"0": 1.1077551840395177, "1": 1.1059079190384071, "2": 1.0068830663969264}, "phi": {"0": 0.4467962579963113, "1": 0.2453816998671322, "2": 0.27085599615483313}, "psi": {"0": 1.0116701077144468, "1": 1.0867910742252658, "2": 0.902068318312449}, "sigma": {"0": 0.5603642314269934, "1": 0.7961726378659735, "2": 0.0}, "chi_high": null, "beta_low": null}