{"R": 40.0, "wi": 1, "di": 1, "delta": 1.0, "gamma": {"0": 0.9275230596947023, "1": 1.2191997955068805, "2": 1.0871677868366425}, "mu": {"0": 1.1210332351396242, "1": 1.1077631771460652, "2": 1.0418473160998933}, "phi": {"0": 0.654387677214764, "1": 0.3993522644288682, "2": 0.011177904236817637}, "psi": {"0": 1.4381884604962387, "1": 1.306954232093408, "2": 1.4081072099923369}, "sigma": {"0": 0.5742731267069447, "1": 0.0, "2": 0.0}, "chi_high": null, "beta_low": 0.7700066891271763}