{"R": 40.0, "wi": 1, "di": 2, "delta": 1.0, "gamma": {"0": 0.8715817007806812, "1": 1.360117173061441, "2": 0.7530601035937665}, "mu": {"0": 1.009481338118455, "1": 1.1294761554221484, "2": 1.0026101211528733}, "phi": {"0": 0.7675171912673335, "1": 0.5382173500320551, "2": 0.5803537312558611}, "psi": {"0": 0.9240290799075594, "1": 0.8169802050094097, "2": 1.0097642745567643}, "sigma": {"0": 0.7491674327910702, "1": 0.0, "2": 0.0}, "chi_high": null, "beta_low": 0.22874563682559582}