{"R": 40.0, "wi": 2, "di": 0, "delta": 1.0, "gamma": {"0": 0.8122888283158652, "1": 0.9624517724845492, "2": 0.5741350251765902}, "mu": {"0": 1.0479408677908257, "1": 1.132062700595508, "2": 1.021205314875681}, "phi": {"0": 0.8550790637986327, "1": 0.4217512790138158, "2": 0.2500388653461021}, "psi": {"0": 0.5976670563816517, "1": 0.9806254675729521, "2": 1.1085598613630223}, "sigma": {"0": 0.9592129846924813, "1": 0.6358256966093123, "2": 0.0}, "chi_high": null, "beta_low": null}