{"R": 40.0, "wi": 3, "di": 0, "delta": 1.0, "gamma": {"0": 0.6867127168008256, "1": 1.3643754991267556, "2": 0.9062042372833734}, "mu": {"0": 1.0360243834795193, "1": 1.1058188695314635, "2": 1.0007592225535753}, "phi": {"0": 0.040858326651617705, "1": 0.8555197928765392, "2": 0.5875325521722432}, "psi": {"0": 1.3263796759112585, "1": 0.8507119774363451, "2": 1.470630570847952}, "sigma": {"0": 0.8504175376864276, "1": 0.6895161907111129, "2": 0.0}, "chi_high": 0.6257488145074427, "beta_low": null}