{"R": 40.0, "wi": 3, "di": 0, "delta": 1.0, "gamma": {"0": 1.1614203232430498, "1": 0.9268839823215429, "2": 1.1731367418514163}, "mu": {"0": 1.0879753002554924, "1": 1.0465656018754252, "2": 1.1322782559707745}, "phi": {"0": 0.9293003521957571, "1": 0.03696789011261803, "2": 0.4699237599872491}, "psi": {"0": 1.3894003828643737, "1": 1.3330667949294392, "2": 1.125798221659756}, "sigma": {"0": 0.64886927941691, "1": 0.5004234028780139, "2": 0.0}, "chi_high": 0.26152848470874435, "beta_low": null}