{"R": 40.0, "wi": 0, "di": 1, "delta": 1.0, "gamma": {"0": 1.4030564873082487, "1": 1.2092960120900418, "2": 1.1875465542335752}, "mu": {"0": 1.0643524671285967, "1": 1.1448613224100475, "2": 1.0580629455575508}, "phi": {"0": 0.8137973250263834, "1": 0.33394669055893056, "2": 0.16713928448270576}, "psi": {"0": 0.9314313353814437, "1": 0.9937267986977024, "2": 1.163820022932895}, "sigma": {"0": 0.839103043290341, "1": 0.5984066871943879, "2": 0.0}, "chi_high": 0.344883671225048, "beta_low": 0.783385674235559}