{"R": 40.0, "wi": 2, "di": 2, "delta": 1.0, "gamma": {"0": 1.2955180669797826, "1": 1.2099182638458268, "2": 1.04641290513088}, "mu": {"0": 1.1262327226106374, "1": 1.0376826587112598, "2": 1.1078838194147094}, "phi": {"0": 0.8160084804204317, "1": 0.5906580078894464, "2": 0.7293492948420824}, "psi": {"0": 0.8834723778062414, "1": 1.0280413641710577, "2": 1.2278301634449762}, "sigma": {"0": 0.7501707364319455, "1": 0.6738823446937783, "2": 0.0}, "chi_high": null, "beta_low": null}