{"R": 40.0, "wi": 3, "di": 0, "delta": 1.0, "gamma": {"0": 1.0035441081248302, "1": 1.0946323719825823, "2": 1.053741942136583}, "mu": {"0": 1.0537037227032895, "1": 1.0973313770324327, "2": 1.0409794871738502}, "phi": {"0": 0.14746267605427066, "1": 0.6304974315011738, "2": 0.03647422939396605}, "psi": {"0": 0.728258944463952, "1": 1.3125155259933032, "2": 1.0516853512468685}, "sigma": {"0": 0.7438839123581782, "1": 0.8779619139549165, "2": 0.0}, "chi_high": 0.4349397478760332, "beta_low": null}