{"R": 40.0, "wi": 1, "di": 0, "delta": 1.0, "gamma": {"0": 0.9922556065888531, "1": 1.0809876621550103, "2": 0.8938330755216385}, "mu": {"0": 1.1251062399317593, "1": 1.1465598137550659, "2": 1.1113820379024693}, "phi": {"0": 0.2462003190429055, "1": 0.9915314575682119, "2": 0.9465582957517134}, "psi": {"0": 0.6286433844033814, "1": 1.117406484642434, "2": 1.4566276192371546}, "sigma": {"0": 0.9675540030812975, "1": 0.0, "2": 0.0}, "chi_high": null, "beta_low": 0.13318713912844338}