{"R": 40.0, "wi": 2, "di": 1, "delta": 1.0, "gamma": {"0": 1.1001183993053971, "1": 0.73971421658864, "2": 1.2601516160088013}, "mu": {"0": 1.0366630131082242, "1": 1.1051234107630576, "2": 1.1078706592705267}, "phi": {"0": 0.17582595428892267, "1": 0.019497303016990486, "2": 0.8380125267813829}, "psi": {"0": 1.2770217057117277, "1": 0.8266180643171124, "2": 1.2156344772630736}, "sigma": {"0": 0.5555003679514163, "1": 0.8172245388514032, "2": 0.0}, "chi_high": null, "beta_low": null}