{"R": 40.0, "wi": 0, "di": 1, "delta": 1.0, "gamma": {"0": 0.7511211872838083, "1": 1.4367471560342953, "2": 1.2794061809598753}, "mu": {"0": 1.0695355202043668, "1": 1.1467323938623601, "2": 1.0513816043914919}, "phi": {"0": 0.8405895926511686, "1": 0.38570496779378516, "2": 0.202017154241664}, "psi": {"0": 0.9730687904451506, "1": 0.7136700439889452, "2": 1.228940967907778}, "sigma": {"0": 0.9138405093695453, "1": 0.7853791897821785, "2": 0.0}, "chi_high": 0.9608317622109567, "beta_low": 0.20731218595338768}