{"R": 40.0, "wi": 0, "di": 0, "delta": 1.0, "gamma": {"0": 1.2020562027576371, "1": 0.9554421038487835, "2": 0.749974838884321}, "mu": {"0": 1.0381044355197064, "1": 1.1305239909904332, "2": 1.09428507040003}, "phi": {"0": 0.9279402025459079, "1": 0.5877282439669981, "2": 0.631509658368771}, "psi": {"0": 1.3840605781489792, "1": 1.2438349391590484, "2": 1.0996666395806853}, "sigma": {"0": 0.6985918921120607, "1": 0.5083277187542855, "2": 0.0}, "chi_high": 0.17039501741013927, "beta_low": 0.5535663187686641}