{"R": 40.0, "wi": 0, "di": 1, "delta": 1.0, "gamma": {"0": 1.2759540667872658, "1": 0.6260520286872508, "2": 1.13504019903522}, "mu": {"0": 1.0585214439315522, "1": 1.0137523750539463, "2": 1.1229904804357103}, "phi": {"0": 0.1627189122107464, "1": 0.06721819142501206, "2": 0.7977938555334144}, "psi": {"0": 0.5777602419703414, "1": 1.4776671802448416, "2": 0.575414071559279}, "sigma": {"0": 0.9566579831791344, "1": 0.6621933282615731, "2": 0.0}, "chi_high": 0.7063191794034726, "beta_low": 0.7624112400722892}