{"R": 40.0, "wi": 1, "di": 2, "delta": 1.0, "gamma": {"0": 1.4813714150130681, "1": 1.4024844559257976, "2": 0.9816795309947822}, "mu": {"0": 1.016098071497253, "1": 1.007782783743815, "2": 1.103164746292835}, "phi": {"0": 0.524624315753968, "1": 0.758381027015538, "2": 0.5000763828613262}, "psi": {"0": 1.2728775253250162, "1": 1.178125460768698, "2": 0.7356080631304057}, "sigma": {"0": 0.9337925689269906, "1": 0.0, "2": 0.0}, "chi_high": null, "beta_low": 0.05703368180840543}