{"R": 40.0, "wi": 1, "di": 2, "delta": 1.0, "gamma": {"0": 1.0772059079675413, "1": 0.6726601345170163, "2": 1.3787760203315962}, "mu": {"0": 1.0139240482689984, "1": 1.0728409217652775, "2": 1.0730325171827528}, "phi": {"0": 0.6346439113871467, "1": 0.8220089154110438, "2": 0.5045900745694246}, "psi": {"0": 0.9015092148723254, "1": 0.888359019297872, "2": 0.5084668697064961}, "sigma": {"0": 0.8941100209465842, "1": 0.0, "2": 0.0}, "chi_high": null, "beta_low": 0.6357764060297326}