{"R": 40.0, "wi": 0, "di": 2, "delta": 1.0, "gamma": {"0": 0.8860276806426257, "1": 1.0876763036185189, "2": 1.1436986612390307}, "mu": {"0": 1.0434267829560369, "1": 1.0961872358381686, "2": 1.0588590264296869}, "phi": {"0": 0.0621364328025209, "1": 0.9136230938693679, "2": 0.31516154518754025}, "psi": {"0": 1.252320241228066, "1": 0.9931879611352017, "2": 1.0127005953936346}, "sigma": {"0": 0.7002613922134862, "1": 0.6406701633025231, "2": 0.0}, "chi_high": 0.19600008607375305, "beta_low": 0.0430549932588358}