{"R": 40.0, "wi": 2, "di": 2, "delta": 1.0, "gamma": {"0": 1.1504525747956107, "1": 1.3851421308086742, "2": 1.1239841161188302}, "mu": {"0": 1.0222684269541609, "1": 1.0800021418686523, "2": 1.0791798773727919}, "phi": {"0": 0.7598732719461209, "1": 0.49085269452900304, "2": 0.23643280991879478}, "psi": {"0": 1.3249462137845138, "1": 0.8167573163085605, "2": 1.0082069055174485}, "sigma": {"0": 0.7940772854539471, "1": 0.7607488885793068, "2": 0.0}, "chi_high": null, "beta_low": null}