{"R": 40.0, "wi": 0, "di": 0, "delta": 1.0, "gamma": {"0": 1.1739125568349578, "1": 1.467693922077721, "2": 1.4163336638766801}, "mu": {"0": 1.1169754662700178, "1": 1.1111231086203692, "2": 1.0599323086976138}, "phi": {"0": 0.6924916371336935, "1": 0.03999954245475501, "2": 0.12003752335042661}, "psi": {"0": 0.8315824939939103, "1": 0.627585508000318, "2": 1.457475562359865}, "sigma": {"0": 0.6664935128425344, "1": 0.7368994149440298, "2": 0.0}, "chi_high": 0.6723369305467837, "beta_low": 0.49381945133868177}