{"R": 40.0, "wi": 3, "di": 2, "delta": 1.0, "gamma": {"0": 1.2239325744457221, "1": 1.0054617795962015, "2": 1.2434975184003276}, "mu": {"0": 1.0541743729214033, "1": 1.0470780735389575, "2": 1.1242190511795231}, "phi": {"0": 0.3516705597624452, "1": 0.5562612620260226, "2": 0.3321537167978996}, "psi": {"0": 1.1859477988482356, "1": 0.7910883541125457, "2": 0.920060106989224}, "sigma": {"0": 0.8363517781307794, "1": 0.9245638023527828, "2": 0.0}, "chi_high": 0.7792266991993408, "beta_low": null}