{"R": 40.0, "wi": 0, "di": 1, "delta": 1.0, "gamma": {"0": 1.2790798508806165, "1": 0.6119681853813677, "2": 1.089063244177487}, "mu": {"0": 1.04551244748587, "1": 1.0410875591256, "2": 1.0693102870361948}, "phi": {"0": 0.4356225864001795, "1": 0.22560213533669904, "2": 0.9864100542201517}, "psi": {"0": 0.7513924030512794, "1": 0.8350403534057742, "2": 1.4186065576449005}, "sigma": {"0": 0.5846441381543652, "1": 0.5532197056158954, "2": 0.0}, "chi_high": 0.9828814857981066, "beta_low": 0.5482269208237216}