{"R": 40.0, "wi": 0, "di": 2, "delta": 1.0, "gamma": {"0": 0.779468673860853, "1": 1.3626961235593171, "2": 0.6956866462539885}, "mu": {"0": 1.0743702493024565, "1": 1.1278329071561817, "2": 1.0285854543112751}, "phi": {"0": 0.5649969037956143, "1": 0.7908866190528058, "2": 0.7879556414801122}, "psi": {"0": 1.104918711689356, "1": 0.9694369378550263, "2": 0.6405021561549111}, "sigma": {"0": 0.7940364772245427, "1": 0.8465378589259194, "2": 0.0}, "chi_high": 0.209197549095453, "beta_low": 0.9512605513205321}