{"R": 40.0, "wi": 2, "di": 0, "delta": 1.0, "gamma": {"0": 0.9319710654799935, "1": 0.9141742433317606, "2": 1.1696177834507697}, "mu": {"0": 1.035780148728936, "1": 1.0118344789093505, "2": 1.0497351573875628}, "phi": {"0": 0.19306466825738566, "1": 0.9824268589110555, "2": 0.9994943179892121}, "psi": {"0": 1.4271145476417, "1": 0.9669972232124922, "2": 0.7518010285021423}, "sigma": {"0": 0.5464800747748291, "1": 0.7028113526621451, "2": 0.0}, "chi_high": null, "beta_low": null}