{"R": 40.0, "wi": 1, "di": 2, "delta": 1.0, "gamma": {"0": 1.4550552027979529, "1": 1.2530207028454803, "2": 0.6564546237012004}, "mu": {"0": 1.0004610659737339, "1": 1.141324450465647, "2": 1.0282339892082977}, "phi": {"0": 0.3833609235374572, "1": 0.551278598923326, "2": 0.9092626438991533}, "psi": {"0": 1.3475483908365677, "1": 0.5398457075541951, "2": 0.750743999009987}, "sigma": {"0": 0.5089643402228157, "1": 0.0, "2": 0.0}, "chi_high": null, "beta_low": 0.7686382666403863}