{"R": 40.0, "wi": 2, "di": 1, "delta": 1.0, "gamma": {"0": 1.0940765705073145, "1": 0.7402947121728026, "2": 1.4191196553724639}, "mu": {"0": 1.117465784381511, "1": 1.0410125976377174, "2": 1.0274033635734843}, "phi": {"0": 0.7681177130150707, "1": 0.8193410928051149, "2": 0.7669741035107984}, "psi": {"0": 0.5768919830552505, "1": 0.9948776706891269, "2": 1.4181373514006794}, "sigma": {"0": 0.7314103333864576, "1": 0.800582240169404, "2": 0.0}, "chi_high": null, "beta_low": null}