{"R": 40.0, "wi": 2, "di": 1, "delta": 1.0, "gamma": {"0": 1.2750185984758184, "1": 0.767276380218833, "2": 0.7088967472676004}, "mu": {"0": 1.0459049154791222, "1": 1.0228111236342297, "2": 1.0124170452075767}, "phi": {"0": 0.9627855283531198, "1": 0.7121591586234904, "2": 0.20648700957856525}, "psi": {"0": 0.9847678673546405, "1": 0.9790151937582257, "2": 1.211153448190613}, "sigma": {"0": 0.6862192100407485, "1": 0.6267046936305283, "2": 0.0}, "chi_high": null, "beta_low": null}