{"R": 40.0, "wi": 2, "di": 2, "delta": 1.0, "gamma": {"0": 1.3740609338466419, "1": 0.7056926392821032, "2": 0.8996026488832308}, "mu": {"0": 1.1054211127106293, "1": 1.0381977677677845, "2": 1.035401608964138}, "phi": {"0": 0.7390218959059055, "1": 0.3244780683644559, "2": 0.7869920540957043}, "psi": {"0": 0.6138057177703978, "1": 1.2172734010832733, "2": 1.4239928112187563}, "sigma": {"0": 0.5530471887364071, "1": 0.5366125464629201, "2": 0.0}, "chi_high": null, "beta_low": null}