{"R": 40.0, "wi": 0, "di": 1, "delta": 1.0, "gamma": {"0": 0.5540877317095072, "1": 1.3650143681149065, "2": 1.057838658423596}, "mu": {"0": 1.0436709744000203, "1": 1.130991190908445, "2": 1.0158166429169289}, "phi": {"0": 0.1232090895892135, "1": 0.05762317386630522, "2": 0.37431180968479016}, "psi": {"0": 0.9898207799531088, "1": 0.9790544916968865, "2": 0.821969218161536}, "sigma": {"0": 0.9010365207193811, "1": 0.6511525181934759, "2": 0.0}, "chi_high": 0.8023671330850765, "beta_low": 0.41588019284314964}