{"R": 40.0, "wi": 1, "di": 0, "delta": 1.0, "gamma": {"0": 1.094487464726717, "1": 0.9711122829204312, "2": 1.4374469728391288}, "mu": {"0": 1.08505317785839, "1": 1.071938927864075, "2": 1.1485384239036625}, "phi": {"0": 0.6358539368733584, "1": 0.8865335563535763, "2": 0.6527283690711161}, "psi": {"0": 0.7262968508911832, "1": 1.2600689553584536, "2": 1.121352166498276}, "sigma": {"0": 0.7693356734973245, "1": 0.0, "2": 0.0}, "chi_high": null, "beta_low": 0.9124383875140256}