{"R": 40.0, "wi": 1, "di": 1, "delta": 1.0, "gamma": {"0": 1.3582521197381738, "1": 0.7460446921575126, "2": 1.496249353275109}, "mu": {"0": 1.0174827176439818, "1": 1.0769528772467176, "2": 1.1342801886311367}, "phi": {"0": 0.8764882775093389, "1": 0.31178280335541275, "2": 0.7498216302206675}, "psi": {"0": 1.48961127455442, "1": 0.7219706190085351, "2": 1.0876690997066758}, "sigma": {"0": 0.6679768985965364, "1": 0.0, "2": 0.0}, "chi_high": null, "beta_low": 0.6701248027418101}