{"R": 40.0, "wi": 1, "di": 2, "delta": 1.0, "gamma": {"0": 0.7271183616693365, "1": 1.3972006079554222, "2": 1.1635422594436373}, "mu": {"0": 1.1096599197103862, "1": 1.0089484138032299, "2": 1.0166458986846403}, "phi": {"0": 0.1591990914588527, "1": 0.7880012058680474, "2": 0.7733373939048149}, "psi": {"0": 1.076590398403115, "1": 0.7639168413758122, "2": 0.9180572756216082}, "sigma": {"0": 0.7306328931449821, "1": 0.0, "2": 0.0}, "chi_high": null, "beta_low": 0.11512139964689526}