{"R": 40.0, "wi": 1, "di": 1, "delta": 1.0, "gamma": {"0": 0.6417044060852652, "1": 0.5039194382379286, "2": 0.5355306721663662}, "mu": {"0": 1.007320405443104, "1": 1.1261251237623138, "2": 1.026019309262608}, "phi": {"0": 0.9228334435652223, "1": 0.058628200446897316, "2": 0.5052499955430562}, "psi": {"0": 1.0472813653312136, "1": 1.4033159514682945, "2": 1.0949970579066162}, "sigma": {"0": 0.8522270786808138, "1": 0.0, "2": 0.0}, "chi_high": null, "beta_low": 0.39169644545387294}