{"R": 40.0, "wi": 2, "di": 1, "delta": 1.0, "gamma": {"0": 0.5535309408225155, "1": 1.3691528647167024, "2": 0.6003583819104571}, "mu": {"0": 1.0806230370267658, "1": 1.030206548672494, "2": 1.138708961576076}, "phi": {"0": 0.4468790219240554, "1": 0.2588151505610724, "2": 0.3446765683116749}, "psi": {"0": 0.5815293539760855, "1": 0.6376855066920589, "2": 0.9970567976160648}, "sigma": {"0": 0.9294586722741603, "1": 0.6030704757423329, "2": 0.0}, "chi_high": null, "beta_low": null}