{"R": 40.0, "wi": 3, "di": 0, "delta": 1.0, "gamma": {"0": 1.0986435203954077, "1": 0.7039289499396926, "2": 1.215655804740174}, "mu": {"0": 1.149393838742967, "1": 1.0662804713045304, "2": 1.0506671652897694}, "phi": {"0": 0.6040132179380362, "1": 0.5851643285915047, "2": 0.2600005201931358}, "psi": {"0": 0.7369216808248839, "1": 1.1599482861845614, "2": 0.6699180265740592}, "sigma": {"0": 0.7212864042062799, "1": 0.8755757523092886, "2": 0.0}, "chi_high": 0.9421627202335234, "beta_low": null}