{"R": 40.0, "wi": 3, "di": 2, "delta": 1.0, "gamma": {"0": 1.1404467253316852, "1": 0.8892479604600646, "2": 1.0294415847714777}, "mu": {"0": 1.0792046501364567, "1": 1.0382494635000885, "2": 1.0626412548613429}, "phi": {"0": 0.7858876770610883, "1": 0.1407901859138191, "2": 0.7574597295210225}, "psi": {"0": 1.1360696642836845, "1": 1.437019774833063, "2": 0.635465462798961}, "sigma": {"0": 0.5920833357092885, "1": 0.5750241986032211, "2": 0.0}, "chi_high": 0.36929145938910657, "beta_low": null}