{"R": 40.0, "wi": 3, "di": 2, "delta": 1.0, "gamma": {"0": 0.5625917134148071, "1": 0.7064024623396952, "2": 0.7061269729231818}, "mu": {"0": 1.0058980989208521, "1": 1.1304067414931362, "2": 1.0267788188706144}, "phi": {"0": 0.8594333062241972, "1": 0.5259158819454911, "2": 0.8301194304841389}, "psi": {"0": 1.1048172648783148, "1": 1.4239001237141111, "2": 1.0870368265622177}, "sigma": {"0": 0.5654883194428735, "1": 0.553972882196672, "2": 0.0}, "chi_high": 0.14357043320497848, "beta_low": null}