{"R": 40.0, "wi": 1, "di": 2, "delta": 1.0, "gamma": {"0": 0.9613172786405407, "1": 1.3270067498529152, "2": 1.1905741641129501}, "mu": {"0": 1.1463224086815507, "1": 1.1185543722028832, "2": 1.1241498283008504}, "phi": {"0": 0.32484502685086336, "1": 0.09247989705552917, "2": 0.14632136910645077}, "psi": {"0": 0.557279553368982, "1": 1.3110565413589175, "2": 0.8111404186052762}, "sigma": {"0": 0.7894496243537737, "1": 0.0, "2": 0.0}, "chi_high": null, "beta_low": 0.15555453552400045}