{"R": 40.0, "wi": 1, "di": 1, "delta": 1.0, "gamma": {"0": 0.5110876375377549, "1": 1.3642282243441808, "2": 1.2877830354071853}, "mu": {"0": 1.061449237866534, "1": 1.103064506044369, "2": 1.0732470929499076}, "phi": {"0": 0.48789194865598506, "1": 0.01590825288087616, "2": 0.22241897423035983}, "psi": {"0": 0.720098515515927, "1": 1.403077901623299, "2": 1.3755797084763208}, "sigma": {"0": 0.5953514846680796, "1": 0.0, "2": 0.0}, "chi_high": null, "beta_low": 0.9811635532330812}