{"R": 40.0, "wi": 3, "di": 2, "delta": 1.0, "gamma": {"0": 1.0618147647618712, "1": 1.1374048180117073, "2": 0.7675076808541722}, "mu": {"0": 1.0456501049584155, "1": 1.105795896036757, "2": 1.0832565690013585}, "phi": {"0": 0.7139998741028835, "1": 0.3163373415728141, "2": 0.8910931492211884}, "psi": {"0": 0.982488188152666, "1": 0.8032930782699408, "2": 0.935084343523278}, "sigma": {"0": 0.9584776793962315, "1": 0.5279635986071488, "2": 0.0}, "chi_high": 0.9805846195709662, "beta_low": null}