{"R": 40.0, "wi": 0, "di": 0, "delta": 1.0, "gamma": {"0": 0.5652087245099674, "1": 1.305276120782834, "2": 1.4357297908595892}, "mu": {"0": 1.1040802339050368, "1": 1.1492228285339225, "2": 1.0962632077131573}, "phi": {"0": 0.3130156338761291, "1": 0.8834893062407153, "2": 0.9100697653501229}, "psi": {"0": 1.132116479737259, "1": 1.3365088031577015, "2": 1.3602782052748834}, "sigma": {"0": 0.9730970229739766, "1": 0.6482657055286329, "2": 0.0}, "chi_high": 0.4957809220381747, "beta_low": 0.06377188773116159}