{"R": 40.0, "wi": 3, "di": 2, "delta": 1.0, "gamma": {"0": 0.6868993139777488, "1": 0.738267405445837, "2": 0.5904147226953845}, "mu": {"0": 1.1232619720941828, "1": 1.0260033723984179, "2": 1.116033101503971}, "phi": {"0": 0.9874349159777273, "1": 0.6883951871905946, "2": 0.599876485547916}, "psi": {"0": 1.1692399799886732, "1": 1.4925588269121728, "2": 0.7535814977854447}, "sigma": {"0": 0.7151024304863733, "1": 0.738206076129035, "2": 0.0}, "chi_high": 0.6543426571760571, "beta_low": null}