{"R": 40.0, "wi": 2, "di": 1, "delta": 1.0, "gamma": {"0": 0.7740807655189519, "1": 1.2593778655116337, "2": 0.7615962432734125}, "mu": {"0": 1.1413180636626228, "1": 1.1358795655657858, "2": 1.1058305495655614}, "phi": {"0": 0.7547339844675034, "1": 0.5292271194004693, "2": 0.8962990676918663}, "psi": {"0": 1.4025222790359821, "1": 1.0357313787699942, "2": 1.3771840924092666}, "sigma": {"0": 0.8694726335962987, "1": 0.6063512090121079, "2": 0.0}, "chi_high": null, "beta_low": null}