{"R": 40.0, "wi": 0, "di": 2, "delta": 1.0, "gamma": {"0": 1.4867297429843318, "1": 1.311276198635591, "2": 1.0179790792778824}, "mu": {"0": 1.0122468599095662, "1": 1.078768222027797, "2": 1.0685409724406003}, "phi": {"0": 0.35853868725706484, "1": 0.6919937288825204, "2": 0.07146829663896503}, "psi": {"0": 1.2076799076413711, "1": 0.752386128886605, "2": 0.6558828520133669}, "sigma": {"0": 0.883941814057623, "1": 0.7384883700495177, "2": 0.0}, "chi_high": 0.6171690101158511, "beta_low": 0.14972877519982444}