{"R": 40.0, "wi": 2, "di": 0, "delta": 1.0, "gamma": {"0": 1.2559341428074193, "1": 1.360926454852076, "2": 1.168880197464426}, "mu": {"0": 1.0420234226751073, "1": 1.0834612068220644, "2": 1.0379453459907262}, "phi": {"0": 0.47938549724475044, "1": 0.7000169352220702, "2": 0.2533376931146948}, "psi": {"0": 1.45555486400182, "1": 0.8409318082408642, "2": 1.4560038681771545}, "sigma": {"0": 0.5312014122291511, "1": 0.5591197530317172, "2": 0.0}, "chi_high": null, "beta_low": null}