{"R": 40.0, "wi": 1, "di": 2, "delta": 1.0, "gamma": {"0": 1.2246030945957633, "1": 0.7180760109801373, "2": 0.8390853495642171}, "mu": {"0": 1.1178027642689141, "1": 1.1098777868361365, "2": 1.1408440345876034}, "phi": {"0": 0.06534463969575532, "1": 0.6666615538113522, "2": 0.6911183133732985}, "psi": {"0": 1.1613066541977717, "1": 0.6504606268752442, "2": 1.1161447277144618}, "sigma": {"0": 0.7835351032917279, "1": 0.0, "2": 0.0}, "chi_high": null, "beta_low": 0.7982913431224573}