{"R": 40.0, "wi": 0, "di": 0, "delta": 1.0, "gamma": {"0": 1.3248141088663095, "1": 0.5517649778924495, "2": 0.7651674386999677}, "mu": {"0": 1.1363811911491983, "1": 1.0230460994475759, "2": 1.1175790729102812}, "phi": {"0": 0.2978162195331042, "1": 0.05915077727521245, "2": 0.11110002305352173}, "psi": {"0": 1.2895173972789373, "1": 1.4367914452907167, "2": 0.5787847134830447}, "sigma": {"0": 0.8952326413517083, "1": 0.6611175719981477, "2": 0.0}, "chi_high": 0.7214905089782234, "beta_low": 0.8653535008531175}