{"R": 40.0, "wi": 2, "di": 2, "delta": 1.0, "gamma": {"0": 1.4210140017384045, "1": 1.0376033655915005, "2": 0.89046976944641}, "mu": {"0": 1.141833633130898, "1": 1.015280285740361, "2": 1.1279560523676755}, "phi": {"0": 0.7591252504260748, "1": 0.41931426667189686, "2": 0.03294120983531934}, "psi": {"0": 0.7976622232305822, "1": 1.0405623882011086, "2": 1.4396820290874128}, "sigma": {"0": 0.9980098172267435, "1": 0.744479992146138, "2": 0.0}, "chi_high": null, "beta_low": null}