{"R": 40.0, "wi": 2, "di": 1, "delta": 1.0, "gamma": {"0": 0.715185937415049, "1": 1.1415637353431625, "2": 0.9987812246902932}, "mu": {"0": 1.1255869328445611, "1": 1.1465800590130182, "2": 1.0592745943647381}, "phi": {"0": 0.28314348323386884, "1": 0.9987374801988439, "2": 0.7110438917603004}, "psi": {"0": 0.8143088419816404, "1": 0.6922634498112046, "2": 0.9387846292147399}, "sigma": {"0": 0.9121992342565481, "1": 0.9550638377049951, "2": 0.0}, "chi_high": null, "beta_low": null}