{"R": 40.0, "wi": 3, "di": 1, "delta": 1.0, "gamma": {"0": 0.5856735350473872, "1": 1.0542825673142504, "2": 1.1563558323003102}, "mu": {"0": 1.0593500942260248, "1": 1.0862501462714726, "2": 1.1236942779020305}, "phi": {"0": 0.15095038275077344, "1": 0.5866563647093065, "2": 0.6534329981649915}, "psi": {"0": 0.6909506321716521, "1": 0.7050242073436036, "2": 1.0878624493404625}, "sigma": {"0": 0.7055617354082496, "1": 0.9013159283818637, "2": 0.0}, "chi_high": 0.05583311047598558, "beta_low": null}