{"R": 40.0, "wi": 2, "di": 2, "delta": 1.0, "gamma": {"0": 0.8673189963601804, "1": 0.5824956999871428, "2": 1.3887656621493685}, "mu": {"0": 1.1370461058616488, "1": 1.026341278416332, "2": 1.130438322210859}, "phi": {"0": 0.549040467275952, "1": 0.39738892830134753, "2": 0.5737421910332644}, "psi": {"0": 0.9501361116080189, "1": 1.3741110131798693, "2": 1.118627747821651}, "sigma": {"0": 0.9834688793380373, "1": 0.9148003608010772, "2": 0.0}, "chi_high": null, "beta_low": null}