{"R": 40.0, "wi": 3, "di": 0, "delta": 1.0, "gamma": {"0": 1.0280591576656937, "1": 0.5239674359524354, "2": 1.4643463654852398}, "mu": {"0": 1.1180818077444572, "1": 1.0339473040776095, "2": 1.0121688573836018}, "phi": {"0": 0.15690432286234568, "1": 0.8624653704985461, "2": 0.5138742295517611}, "psi": {"0": 0.9571750902232441, "1": 1.332726963294994, "2": 1.2720952860962882}, "sigma": {"0": 0.5392484120989995, "1": 0.8090787587918236, "2": 0.0}, "chi_high": 0.4113515988292763, "beta_low": null}