{"R": 40.0, "wi": 3, "di": 0, "delta": 1.0, "gamma": {"0": 0.6570424336677513, "1": 1.358138246357155, "2": 1.4418752647831792}, "mu": {"0": 1.1239049283961153, "1": 1.0273706887490979, "2": 1.1055124455739658}, "phi": {"0": 0.0363042489793145, "1": 0.802490419187202, "2": 0.23580339362400604}, "psi": {"0": 0.8870037652487335, "1": 0.8835413663159456, "2": 1.4483724519643661}, "sigma": {"0": 0.5216339116558724, "1": 0.508086065487383, "2": 0.0}, "chi_high": 0.8271434216404573, "beta_low": null}