{"R": 40.0, "wi": 1, "di": 2, "delta": 1.0, "gamma": {"0": 1.231649268194872, "1": 1.4788778619308045, "2": 0.6647519221152212}, "mu": {"0": 1.01570872082474, "1": 1.1350893064673682, "2": 1.0321465191937402}, "phi": {"0": 0.8351600064153649, "1": 0.477001382597146, "2": 0.44581699982091383}, "psi": {"0": 1.1431580698087522, "1": 0.6715908283399019, "2": 1.0617065267866677}, "sigma": {"0": 0.9564690524448203, "1": 0.0, "2": 0.0}, "chi_high": null, "beta_low": 0.52171074742071}