{"R": 40.0, "wi": 0, "di": 2, "delta": 1.0, "gamma": {"0": 1.1786564954962997, "1": 0.7660745622944879, "2": 0.8179084406929316}, "mu": {"0": 1.0528708393869426, "1": 1.0461147220393712, "2": 1.0034175834900056}, "phi": {"0": 0.7772747226557658, "1": 0.053148341489050344, "2": 0.37947874434979156}, "psi": {"0": 1.4422674035165186, "1": 0.8874379206940345, "2": 0.732777777306446}, "sigma": {"0": 0.5192571872192462, "1": 0.8605038276050108, "2": 0.0}, "chi_high": 0.34737511859682946, "beta_low": 0.5189388386125182}