{"R": 40.0, "wi": 2, "di": 1, "delta": 1.0, "gamma": {"0": 1.2631820403994731, "1": 0.90543599587562, "2": 0.691419573689658}, "mu": {"0": 1.1063623922393562, "1": 1.0482435025890318, "2": 1.1293590020497837}, "phi": {"0": 0.13752001543142012, "1": 0.03205460033201979, "2": 0.5743133877977996}, "psi": {"0": 1.1912614217430466, "1": 1.0591423733087622, "2": 0.9814745170311764}, "sigma": {"0": 0.643953148925581, "1": 0.5811971038671503, "2": 0.0}, "chi_high": null, "beta_low": null}