{"R": 40.0, "wi": 2, "di": 1, "delta": 1.0, "gamma": {"0": 1.2129599071457027, "1": 0.7395002146262057, "2": 1.300509056781344}, "mu": {"0": 1.0274193505362452, "1": 1.0936771014119226, "2": 1.122858757394706}, "phi": {"0": 0.7427167848181135, "1": 0.29935563937355003, "2": 0.5230656728536842}, "psi": {"0": 1.4617599736885576, "1": 0.8297819140613465, "2": 1.1103210975784463}, "sigma": {"0": 0.8042920812659377, "1": 0.6245301088987741, "2": 0.0}, "chi_high": null, "beta_low": null}