{"R": 40.0, "wi": 0, "di": 0, "delta": 1.0, "gamma": {"0": 1.137785511499419, "1": 0.9649040482971663, "2": 1.454045873362241}, "mu": {"0": 1.0481243323883114, "1": 1.1033083599734428, "2": 1.0675537036147729}, "phi": {"0": 0.16620522493704393, "1": 0.3824907348783174, "2": 0.33951306587266505}, "psi": {"0": 1.0945366243504413, "1": 0.5880621180298172, "2": 0.9876103832657119}, "sigma": {"0": 0.6270888050249297, "1": 0.6308615604905835, "2": 0.0}, "chi_high": 0.9656785772178443, "beta_low": 0.8338416373210651}