{"R": 40.0, "wi": 2, "di": 2, "delta": 1.0, "gamma": {"0": 1.2628522063796521, "1": 1.2469832119216955, "2": 0.8796623496315212}, "mu": {"0": 1.1451713054374932, "1": 1.0391132791501194, "2": 1.1024541958912248}, "phi": {"0": 0.6881327238602145, "1": 0.9909584291344601, "2": 0.1558976205623669}, "psi": {"0": 1.2241261782372805, "1": 1.279429655865731, "2": 0.9803027007220875}, "sigma": {"0": 0.8080305948465287, "1": 0.7698752494224148, "2": 0.0}, "chi_high": null, "beta_low": null}