{"R": 40.0, "wi": 3, "di": 0, "delta": 1.0, "gamma": {"0": 0.5613789175219397, "1": 1.2796109605710608, "2": 0.5389293369066604}, "mu": {"0": 1.0350849582159354, "1": 1.0545683369897085, "2": 1.0766059280781675}, "phi": {"0": 0.029183949462759373, "1": 0.1520841596512711, "2": 0.7947696766461098}, "psi": {"0": 0.5844686174244715, "1": 0.7295614278900875, "2": 1.0781085112215862}, "sigma": {"0": 0.7322808791564132, "1": 0.605464307553879, "2": 0.0}, "chi_high": 0.7551517679783877, "beta_low": null}