{"R": 40.0, "wi": 3, "di": 2, "delta": 1.0, "gamma": {"0": 1.2494909261443699, "1": 1.3820054751001711, "2": 0.8086698755946684}, "mu": {"0": 1.0371558695898742, "1": 1.0836134269307416, "2": 1.0838402395915214}, "phi": {"0": 0.6087698872190221, "1": 0.06537995525105122, "2": 0.11471134379963954}, "psi": {"0": 0.5452818791930136, "1": 1.1339589345898327, "2": 0.6024752016249685}, "sigma": {"0": 0.8541258134710575, "1": 0.5045714598034743, "2": 0.0}, "chi_high": 0.1844878389970611, "beta_low": null}