{"R": 40.0, "wi": 3, "di": 0, "delta": 1.0, "gamma": {"0": 0.8821245674736082, "1": 0.5836511727875044, "2": 0.5485082987079525}, "mu": {"0": 1.0551219897493362, "1": 1.0467957599440547, "2": 1.0551560209924513}, "phi": {"0": 0.04759834698676613, "1": 0.046496878140317555, "2": 0.9903204520725922}, "psi": {"0": 0.6452930061883849, "1": 0.6321372087820085, "2": 0.679384399668421}, "sigma": {"0": 0.7676787664497815, "1": 0.9874885521496086, "2": 0.0}, "chi_high": 0.8127580514017279, "beta_low": null}