{"R": 40.0, "wi": 1, "di": 0, "delta": 1.0, "gamma": {"0": 0.6684158304238285, "1": 0.6885990335045378, "2": 0.7404968525400641}, "mu": {"0": 1.1060047708771459, "1": 1.009917043654463, "2": 1.086268592338949}, "phi": {"0": 0.3975731903858426, "1": 0.2426843600729195, "2": 0.7047018453709561}, "psi": {"0": 1.4072015241993237, "1": 0.5065280358249157, "2": 0.6716515581396949}, "sigma": {"0": 0.8433357192166372, "1": 0.0, "2": 0.0}, "chi_high": null, "beta_low": 0.6292331995480528}