{"R": 40.0, "wi": 0, "di": 1, "delta": 1.0, "gamma": {"0": 0.8172092671485632, "1": 1.3771850529747254, "2": 0.7083986484591228}, "mu": {"0": 1.1108961408610647, "1": 1.0752391136150596, "2": 1.0943951301514243}, "phi": {"0": 0.3683436482660395, "1": 0.1220684074385544, "2": 0.6168951376636408}, "psi": {"0": 0.9837715637731402, "1": 0.5445662178120415, "2": 0.5588469454516063}, "sigma": {"0": 0.9916233104571208, "1": 0.8291341217623004, "2": 0.0}, "chi_high": 0.9835534862242021, "beta_low": 0.04556059900385058}