{"R": 40.0, "wi": 2, "di": 2, "delta": 1.0, "gamma": {"0": 1.1984330039012314, "1": 0.939981359167801, "2": 1.0525713291326086}, "mu": {"0": 1.00634996380821, "1": 1.108145109792314, "2": 1.1439889008168378}, "phi": {"0": 0.9627736613655009, "1": 0.639855692281955, "2": 0.03365187785825019}, "psi": {"0": 0.7892290999796127, "1": 0.5044360150486343, "2": 0.7770084648336566}, "sigma": {"0": 0.5564563863376903, "1": 0.7757858881922609, "2": 0.0}, "chi_high": null, "beta_low": null}