{"R": 40.0, "wi": 0, "di": 2, "delta": 1.0, "gamma": {"0": 0.914034769783667, "1": 1.4458198793593469, "2": 1.3384471547397678}, "mu": {"0": 1.0457642493972117, "1": 1.1120618831022626, "2": 1.10448287603884}, "phi": {"0": 0.2580616046420551, "1": 0.7577145066008697, "2": 0.8989540838183384}, "psi": {"0": 1.342307008668601, "1": 0.9576006912867063, "2": 1.1491530231805829}, "sigma": {"0": 0.6932395346427453, "1": 0.5765131452886951, "2": 0.0}, "chi_high": 0.44531256728381885, "beta_low": 0.7316711762560701}