{"R": 40.0, "wi": 2, "di": 0, "delta": 1.0, "gamma": {"0": 1.4396412909264238, "1": 1.2619299071192145, "2": 1.3981409775602107}, "mu": {"0": 1.0128741346679448, "1": 1.0239001825081067, "2": 1.0464999337686907}, "phi": {"0": 0.4848759621832681, "1": 0.6735734084715752, "2": 0.9113897167386225}, "psi": {"0": 0.9209790180204896, "1": 1.2864051238635632, "2": 1.0810580655538775}, "sigma": {"0": 0.7181825256094336, "1": 0.5567773405984153, "2": 0.0}, "chi_high": null, "beta_low": null}