{"R": 40.0, "wi": 2, "di": 0, "delta": 1.0, "gamma": {"0": 0.5329921693240443, "1": 1.046432137031469, "2": 0.9854157152270676}, "mu": {"0": 1.1040433169670156, "1": 1.0232965055869714, "2": 1.0591393206517123}, "phi": {"0": 0.9451091952371856, "1": 0.8404111014899147, "2": 0.9236535109284524}, "psi": {"0": 0.8415581305104274, "1": 1.495556396004139, "2": 1.30015541166209}, "sigma": {"0": 0.6676265428030944, "1": 0.7315644162226157, "2": 0.0}, "chi_high": null, "beta_low": null}