{"R": 40.0, "wi": 3, "di": 2, "delta": 1.0, "gamma": {"0": 0.7795197630774925, "1": 1.0958915885551432, "2": 0.9302889989559416}, "mu": {"0": 1.0093040733003467, "1": 1.0257181642946893, "2": 1.0404055650046642}, "phi": {"0": 0.5531919441078056, "1": 0.9646989512767536, "2": 0.05239125720116167}, "psi": {"0": 1.4719289983995805, "1": 1.2796254307411334, "2": 1.2563235365467156}, "sigma": {"0": 0.8036696182375697, "1": 0.7359201978075979, "2": 0.0}, "chi_high": 0.32045265665108014, "beta_low": null}