{"R": 40.0, "wi": 0, "di": 0, "delta": 1.0, "gamma": {"0": 0.8883823703583031, "1": 0.6236793943669305, "2": 1.3701420910304902}, "mu": {"0": 1.0494712505505144, "1": 1.0772852754358502, "2": 1.1459383127486624}, "phi": {"0": 0.606681832997161, "1": 0.8845917710500943, "2": 0.27999566580897706}, "psi": {"0": 0.7196866505349169, "1": 0.6960263610363298, "2": 0.5775719516582131}, "sigma": {"0": 0.5254907444127088, "1": 0.5648170412131372, "2": 0.0}, "chi_high": 0.6744061057152363, "beta_low": 0.03605962447669583}