{"R": 40.0, "wi": 0, "di": 0, "delta": 1.0, "gamma": {"0": 0.512379948785398, "1": 0.679245080905341, "2": 0.8214152417489556}, "mu": {"0": 1.0636931299994596, "1": 1.0312080256794571, "2": 1.0322034166174419}, "phi": {"0": 0.2021250916092293, "1": 0.6154044918228099, "2": 0.5388055398781891}, "psi": {"0": 0.5570584472687027, "1": 0.9377792880916827, "2": 0.9240173671786052}, "sigma": {"0": 0.7340241508728187, "1": 0.9586274655586988, "2": 0.0}, "chi_high": 0.49042268925995575, "beta_low": 0.3600400585565309}