{"R": 40.0, "wi": 0, "di": 2, "delta": 1.0, "gamma": {"0": 0.5341042546596406, "1": 1.2064389030771827, "2": 0.956283105185812}, "mu": {"0": 1.0466959886731906, "1": 1.0774298592707867, "2": 1.0570413098038627}, "phi": {"0": 0.6247647370886168, "1": 0.06270388461942689, "2": 0.5457832061700824}, "psi": {"0": 1.0599987434128393, "1": 0.6971044262467563, "2": 0.6786217420753502}, "sigma": {"0": 0.852455613395064, "1": 0.9127257293265989, "2": 0.0}, "chi_high": 0.7964112503539232, "beta_low": 0.03948741647280177}