{"R": 40.0, "wi": 1, "di": 2, "delta": 1.0, "gamma": {"0": 1.358034536223192, "1": 1.2092213795322706, "2": 0.6330596825164096}, "mu": {"0": 1.0896924701499193, "1": 1.0224429203796954, "2": 1.0250612887967225}, "phi": {"0": 0.5912439265403913, "1": 0.042554343984453014, "2": 0.6917475136469928}, "psi": {"0": 1.1005458687030434, "1": 0.8052392081618523, "2": 1.0304216634872496}, "sigma": {"0": 0.7627134121187882, "1": 0.0, "2": 0.0}, "chi_high": null, "beta_low": 0.5634442836026883}