{"R": 40.0, "wi": 3, "di": 2, "delta": 1.0, "gamma": {"0": 1.1777644563157628, "1": 1.4931442941224065, "2": 0.5893376725247839}, "mu": {"0": 1.078954478633992, "1": 1.0124229665737599, "2": 1.1272667015761726}, "phi": {"0": 0.6684018439270947, "1": 0.866958596707509, "2": 0.5027151072509668}, "psi": {"0": 0.5460125439848844, "1": 0.9488948678450414, "2": 0.9291758764100901}, "sigma": {"0": 0.5211775676093572, "1": 0.5197982017804812, "2": 0.0}, "chi_high": 0.06282080671879488, "beta_low": null}