{"R": 40.0, "wi": 2, "di": 2, "delta": 1.0, "gamma": {"0": 0.5396513718943166, "1": 1.2462192942387513, "2": 1.2521512473015686}, "mu": {"0": 1.1298672895463397, "1": 1.1042559076486145, "2": 1.105129448543058}, "phi": {"0": 0.5049344760976507, "1": 0.6304870518850246, "2": 0.8388943311540342}, "psi": {"0": 1.400147129728689, "1": 0.890807799668491, "2": 1.4272887118213404}, "sigma": {"0": 0.7296127358358186, "1": 0.589430154557617, "2": 0.0}, "chi_high": null, "beta_low": null}