{"R": 40.0, "wi": 2, "di": 0, "delta": 1.0, "gamma": {"0": 0.8124890782195638, "1": 0.5968044166447967, "2": 0.6299644900712784}, "mu": {"0": 1.0540064935036701, "1": 1.1401344945472986, "2": 1.017391505406295}, "phi": {"0": 0.2956302762927424, "1": 0.8824695359812034, "2": 0.10393446541093476}, "psi": {"0": 1.001274530836541, "1": 0.5890907285312715, "2": 1.221813081655596}, "sigma": {"0": 0.6003292023984927, "1": 0.9425660518530692, "2": 0.0}, "chi_high": null, "beta_low": null}