{"R": 40.0, "wi": 3, "di": 2, "delta": 1.0, "gamma": {"0": 0.5818118850936533, "1": 1.249423391163964, "2": 1.2953587989305824}, "mu": {"0": 1.0580980374957907, "1": 1.0658005846141074, "2": 1.0160997462090227}, "phi": {"0": 0.03301670489403652, "1": 0.45707041796778136, "2": 0.0853377487837027}, "psi": {"0": 0.8869343954307175, "1": 1.3926934008402454, "2": 0.8233637767194931}, "sigma": {"0": 0.8507360452769066, "1": 0.5485061737746793, "2": 0.0}, "chi_high": 0.16650236576023794, "beta_low": null}