{"R": 40.0, "wi": 0, "di": 0, "delta": 1.0, "gamma": {"0": 1.029199586949551, "1": 1.3799158935395537, "2": 1.0218554092849101}, "mu": {"0": 1.1139017707412513, "1": 1.118403428158894, "2": 1.1226723975634716}, "phi": {"0": 0.44483596378792045, "1": 0.373259878154687, "2": 0.9443767813846428}, "psi": {"0": 0.8412672235522689, "1": 1.1933090767551073, "2": 0.8966177999651581}, "sigma": {"0": 0.7990219875983073, "1": 0.5632873466315603, "2": 0.0}, "chi_high": 0.8109878300211599, "beta_low": 0.3484296958055599}