{"R": 40.0, "wi": 3, "di": 2, "delta": 1.0, "gamma": {"0": 1.4763099578186911, "1": 1.094148865749947, "2": 1.3844442507470154}, "mu": {"0": 1.1109459525285843, "1": 1.0211275439591558, "2": 1.1409170512678737}, "phi": {"0": 0.8695194327031388, "1": 0.20987831344353525, "2": 0.30308623632513265}, "psi": {"0": 1.0966319808722496, "1": 1.0181856149289983, "2": 0.5746975335743988}, "sigma": {"0": 0.7150148562769407, "1": 0.61590039427684, "2": 0.0}, "chi_high": 0.40062955090962177, "beta_low": null}