{"R": 40.0, "wi": 2, "di": 1, "delta": 1.0, "gamma": {"0": 0.5035312235385749, "1": 1.4265327440282367, "2": 0.932324551468133}, "mu": {"0": 1.1187015925352186, "1": 1.0713492243524232, "2": 1.0240596484364413}, "phi": {"0": 0.2969089231397446, "1": 0.6161426242269054, "2": 0.9889515271362666}, "psi": {"0": 0.7678812080265225, "1": 0.5590232199416394, "2": 1.3237984080565663}, "sigma": {"0": 0.8366853277259279, "1": 0.7952950976436333, "2": 0.0}, "chi_high": null, "beta_low": null}