{"R": 40.0, "wi": 3, "di": 0, "delta": 1.0, "gamma": {"0": 0.5419818891891354, "1": 1.4337130664255844, "2": 0.712810731061142}, "mu": {"0": 1.0064203572454484, "1": 1.063584238339612, "2": 1.1237483212771868}, "phi": {"0": 0.5465943326722991, "1": 0.870571482396168, "2": 0.4016663700984866}, "psi": {"0": 1.2206798989136813, "1": 1.0232967014950902, "2": 1.2250275668739738}, "sigma": {"0": 0.5685514628592941, "1": 0.6110760625212579, "2": 0.0}, "chi_high": 0.2062800952713457, "beta_low": null}