{"R": 40.0, "wi": 0, "di": 0, "delta": 1.0, "gamma": {"0": 1.1928440825441677, "1": 1.1819060834195534, "2": 0.5991615632857265}, "mu": {"0": 1.07345687272792, "1": 1.0341657269998548, "2": 1.0637259016074567}, "phi": {"0": 0.9171163024432061, "1": 0.06044975656804663, "2": 0.9917615244946056}, "psi": {"0": 1.2008445682724456, "1": 0.793618020119293, "2": 0.7367738563625367}, "sigma": {"0": 0.5364423664411875, "1": 0.6470758242214378, "2": 0.0}, "chi_high": 0.555947686758969, "beta_low": 0.5967103383295322}