{"R": 40.0, "wi": 3, "di": 1, "delta": 1.0, "gamma": {"0": 1.0780261378642249, "1": 0.972185137456041, "2": 1.2103452628538558}, "mu": {"0": 1.061370786442319, "1": 1.045895092542292, "2": 1.0391656241691702}, "phi": {"0": 0.05547176918731522, "1": 0.7486204261851246, "2": 0.05735149145952767}, "psi": {"0": 1.3543054101402734, "1": 0.534876106921247, "2": 0.9992145027547439}, "sigma": {"0": 0.5177146410054283, "1": 0.5300346834235234, "2": 0.0}, "chi_high": 0.09366464994503632, "beta_low": null}