{"R": 40.0, "wi": 3, "di": 1, "delta": 1.0, "gamma": {"0": 1.0863952454796464, "1": 1.2992736786522379, "2": 1.4247603518860714}, "mu": {"0": 1.0855283946825038, "1": 1.082186600064653, "2": 1.1446146057350537}, "phi": {"0": 0.128795608250456, "1": 0.6115853346624213, "2": 0.8007486996434503}, "psi": {"0": 1.2292627730728778, "1": 1.4087822853760037, "2": 0.9339003687040044}, "sigma": {"0": 0.7376409054340409, "1": 0.5962628597527408, "2": 0.0}, "chi_high": 0.4025716574375535, "beta_low": null}