{"R": 40.0, "wi": 1, "di": 2, "delta": 1.0, "gamma": {"0": 1.0653104963752984, "1": 1.4091528375304578, "2": 1.1858392294774756}, "mu": {"0": 1.0391783526846547, "1": 1.0205030656559286, "2": 1.1441515773039608}, "phi": {"0": 0.3084022442664828, "1": 0.6864095724313466, "2": 0.3254604690000107}, "psi": {"0": 0.5619524293643425, "1": 0.8768047969270392, "2": 1.1713816157003798}, "sigma": {"0": 0.6685732940901927, "1": 0.0, "2": 0.0}, "chi_high": null, "beta_low": 0.640184322860751}