{"R": 40.0, "wi": 1, "di": 0, "delta": 1.0, "gamma": {"0": 1.193344238318816, "1": 0.5698906814698574, "2": 0.8660433501434445}, "mu": {"0": 1.1269792624274086, "1": 1.1121280982442379, "2": 1.1262118456357988}, "phi": {"0": 0.44891046938840595, "1": 0.35081901166125073, "2": 0.32970993874810717}, "psi": {"0": 0.6568464069739076, "1": 1.2003426534265083, "2": 1.1597789523746398}, "sigma": {"0": 0.9732489605947724, "1": 0.0, "2": 0.0}, "chi_high": null, "beta_low": 0.29099174341931855}