{"R": 40.0, "wi": 1, "di": 1, "delta": 1.0, "gamma": {"0": 0.5344384020117698, "1": 0.9850150293153754, "2": 1.280454264405257}, "mu": {"0": 1.1380785626428724, "1": 1.0861064686904085, "2": 1.0243108908631566}, "phi": {"0": 0.27720123340390324, "1": 0.05306922753795895, "2": 0.39755624147670654}, "psi": {"0": 1.3705613262709488, "1": 0.983651682284857, "2": 1.308914938009003}, "sigma": {"0": 0.622557280704516, "1": 0.0, "2": 0.0}, "chi_high": null, "beta_low": 0.4616464781114646}