{"R": 40.0, "wi": 2, "di": 2, "delta": 1.0, "gamma": {"0": 0.7019311678579527, "1": 0.7400482634681428, "2": 1.4270435043816065}, "mu": {"0": 1.0413625765147347, "1": 1.1433165750364305, "2": 1.062993249422923}, "phi": {"0": 0.6641700935728789, "1": 0.5670385522285796, "2": 0.40238076449391647}, "psi": {"0": 1.2658232200320807, "1": 1.1885384286646266, "2": 1.4913577056206244}, "sigma": {"0": 0.720342344128085, "1": 0.8099243319925211, "2": 0.0}, "chi_high": null, "beta_low": null}