{"R": 40.0, "wi": 0, "di": 1, "delta": 1.0, "gamma": {"0": 0.7150535747753083, "1": 1.4490219700518334, "2": 0.9754035664933935}, "mu": {"0": 1.0706034963688427, "1": 1.0912561061867956, "2": 1.1326358909572232}, "phi": {"0": 0.6355570825489991, "1": 0.1909080656604546, "2": 0.26023167629619415}, "psi": {"0": 1.1761427211574718, "1": 1.1567123661396015, "2": 0.9970670937974215}, "sigma": {"0": 0.9474741065146011, "1": 0.751340041719786, "2": 0.0}, "chi_high": 0.13710901546155255, "beta_low": 0.0948739925941132}