{"R": 40.0, "wi": 1, "di": 0, "delta": 1.0, "gamma": {"0": 0.5074813921247663, "1": 1.2523824356337416, "2": 0.9793660855220877}, "mu": {"0": 1.0797605692161703, "1": 1.0576633530154904, "2": 1.0654735993337068}, "phi": {"0": 0.22116255384997818, "1": 0.7832020648206014, "2": 0.6664531787208327}, "psi": {"0": 0.8665701427442724, "1": 1.0482796424992573, "2": 1.0261863805932179}, "sigma": {"0": 0.7452908164794094, "1": 0.0, "2": 0.0}, "chi_high": null, "beta_low": 0.05864744468605621}