{"R": 40.0, "wi": 2, "di": 0, "delta": 1.0, "gamma": {"0": 1.3257777468609504, "1": 1.2943130201097675, "2": 1.1782862569031907}, "mu": {"0": 1.1219595117966088, "1": 1.0855855818171436, "2": 1.1299575312162327}, "phi": {"0": 0.8548774693784249, "1": 0.8855771893883319, "2": 0.7423957571382366}, "psi": {"0": 1.0886735766062032, "1": 0.5337068977336246, "2": 1.3241982603380362}, "sigma": {"0": 0.6401696433410947, "1": 0.512965070897026, "2": 0.0}, "chi_high": null, "beta_low": null}