{"R": 40.0, "wi": 3, "di": 1, "delta": 1.0, "gamma": {"0": 1.0192925346201278, "1": 0.619508120776312, "2": 0.551388971055757}, "mu": {"0": 1.032143027245142, "1": 1.12235965169711, "2": 1.1395376327337432}, "phi": {"0": 0.5239707803939608, "1": 0.24852842421911858, "2": 0.34273839150019036}, "psi": {"0": 0.9095186329141051, "1": 0.9294031948792124, "2": 1.1554668027148685}, "sigma": {"0": 0.8867487662473433, "1": 0.6167510416574513, "2": 0.0}, "chi_high": 0.26918734417273693, "beta_low": null}