{"R": 40.0, "wi": 3, "di": 0, "delta": 1.0, "gamma": {"0": 0.5711733622586439, "1": 0.8004900906839248, "2": 1.355885359197812}, "mu": {"0": 1.1308533291526903, "1": 1.0277187464921287, "2": 1.1447974801907956}, "phi": {"0": 0.5162606466968388, "1": 0.43937886564086437, "2": 0.18234849876454262}, "psi": {"0": 1.3939352794691642, "1": 0.7198386243095034, "2": 0.8495881192679793}, "sigma": {"0": 0.6176118626643465, "1": 0.5441749116599173, "2": 0.0}, "chi_high": 0.8164978426288909, "beta_low": null}