{"R": 40.0, "wi": 0, "di": 0, "delta": 1.0, "gamma": {"0": 1.4052754233292508, "1": 0.5940381589836009, "2": 0.7881474851828647}, "mu": {"0": 1.0991822611581992, "1": 1.015285515158141, "2": 1.068511056146223}, "phi": {"0": 0.31523643440917004, "1": 0.4136021841481514, "2": 0.2688106589889756}, "psi": {"0": 0.7851473797953661, "1": 0.9906903328392975, "2": 1.2991226467109454}, "sigma": {"0": 0.9930627651740623, "1": 0.7529779709468196, "2": 0.0}, "chi_high": 0.8253896294401302, "beta_low": 0.7643857882780504}