{"R": 40.0, "wi": 2, "di": 1, "delta": 1.0, "gamma": {"0": 1.1507555526480149, "1": 1.057943032862438, "2": 1.4907426799794656}, "mu": {"0": 1.1196188359889787, "1": 1.0933047448869149, "2": 1.0354073038325065}, "phi": {"0": 0.08732027773981854, "1": 0.9605591091794762, "2": 0.5130491855899761}, "psi": {"0": 1.0138281910667912, "1": 1.4702362064457697, "2": 0.8638847077742514}, "sigma": {"0": 0.946603914542581, "1": 0.5222972922736491, "2": 0.0}, "chi_high": null, "beta_low": null}