{"R": 40.0, "wi": 3, "di": 0, "delta": 1.0, "gamma": {"0": 1.2811702920663437, "1": 1.2342192089068167, "2": 1.3311800372739189}, "mu": {"0": 1.0034803017003318, "1": 1.130647932748097, "2": 1.012307194850154}, "phi": {"0": 0.9964771663819284, "1": 0.4965971711517887, "2": 0.3851694433013375}, "psi": {"0": 0.8003468060990607, "1": 0.6381860807387668, "2": 1.4834644772959957}, "sigma": {"0": 0.7564387675288489, "1": 0.5231519860148008, "2": 0.0}, "chi_high": 0.9543937704046201, "beta_low": null}