{"R": 40.0, "wi": 3, "di": 0, "delta": 1.0, "gamma": {"0": 0.6324845774571778, "1": 0.5701264505494407, "2": 1.080485521451568}, "mu": {"0": 1.075977308391221, "1": 1.0313941799706516, "2": 1.1267334193118606}, "phi": {"0": 0.07943750998890942, "1": 0.534711815604367, "2": 0.176861617467573}, "psi": {"0": 0.5965343835781691, "1": 0.5569453590436694, "2": 1.257279995149934}, "sigma": {"0": 0.6608708861997277, "1": 0.7236476209315431, "2": 0.0}, "chi_high": 0.8727476823177893, "beta_low": null}