{"R": 40.0, "wi": 0, "di": 1, "delta": 1.0, "gamma": {"0": 1.146899140054137, "1": 0.5101681928548265, "2": 1.0927414363861332}, "mu": {"0": 1.0511831595315198, "1": 1.133227682327414, "2": 1.1175647791897199}, "phi": {"0": 0.4311107084908231, "1": 0.45588388609944375, "2": 0.27460485076970576}, "psi": {"0": 0.5211889447825294, "1": 1.229310867832996, "2": 0.628200466510014}, "sigma": {"0": 0.5837746338480218, "1": 0.8570402734263844, "2": 0.0}, "chi_high": 0.552757956393152, "beta_low": 0.038110036082548114}