{"R": 40.0, "wi": 0, "di": 1, "delta": 1.0, "gamma": {"0": 0.8307192105588721, "1": 0.9405877311974151, "2": 0.6550864975475545}, "mu": {"0": 1.1393108056745402, "1": 1.103114663010959, "2": 1.1241739157186033}, "phi": {"0": 0.48990688844869756, "1": 0.33935370415686983, "2": 0.8231843675154222}, "psi": {"0": 1.222271443096694, "1": 1.1780247618394903, "2": 0.6237041777884417}, "sigma": {"0": 0.9827834507523794, "1": 0.6387944054224933, "2": 0.0}, "chi_high": 0.4656792046554214, "beta_low": 0.3734520343022528}