{"R": 40.0, "wi": 1, "di": 2, "delta": 1.0, "gamma": {"0": 1.3082213668784637, "1": 0.6125218887289566, "2": 0.8632649453445232}, "mu": {"0": 1.0167261849028417, "1": 1.1104852006962485, "2": 1.0826202623117185}, "phi": {"0": 0.15914853221645275, "1": 0.3473109796593308, "2": 0.7337350299648111}, "psi": {"0": 0.5254492723152896, "1": 1.0644246496311704, "2": 0.5778447819412055}, "sigma": {"0": 0.9403463906953301, "1": 0.0, "2": 0.0}, "chi_high": null, "beta_low": 0.030339828775626167}