{"R": 40.0, "wi": 2, "di": 0, "delta": 1.0, "gamma": {"0": 1.4679109815542657, "1": 0.7463415564440489, "2": 1.3902314739831887}, "mu": {"0": 1.1007294383594715, "1": 1.0944092530358873, "2": 1.133031899271504}, "phi": {"0": 0.3109948384261897, "1": 0.19636796503938259, "2": 0.6289864600401142}, "psi": {"0": 0.8039930808449389, "1": 1.4331657149969268, "2": 1.3612517402137394}, "sigma": {"0": 0.5851526712981068, "1": 0.7960357148892583, "2": 0.0}, "chi_high": null, "beta_low": null}