{"R": 40.0, "wi": 1, "di": 2, "delta": 1.0, "gamma": {"0": 0.9796992030213875, "1": 0.6167726135688089, "2": 1.3643124382072296}, "mu": {"0": 1.0621194942819387, "1": 1.0176796969978603, "2": 1.1155827732839378}, "phi": {"0": 0.42920330480028024, "1": 0.7159850448840201, "2": 0.6112961957032803}, "psi": {"0": 0.5130691272166155, "1": 1.4939671454847123, "2": 0.5507123105771864}, "sigma": {"0": 0.6566316969446496, "1": 0.0, "2": 0.0}, "chi_high": null, "beta_low": 0.09713472727394366}