{"R": 40.0, "wi": 1, "di": 0, "delta": 1.0, "gamma": {"0": 1.220842503257546, "1": 0.8403945368987291, "2": 1.4356583299667378}, "mu": {"0": 1.0543835528256742, "1": 1.0585724424468792, "2": 1.0760616745465226}, "phi": {"0": 0.20253675313941943, "1": 0.48620035332113243, "2": 0.709168878666822}, "psi": {"0": 1.4825962615559853, "1": 0.775829941737785, "2": 1.2560642384289187}, "sigma": {"0": 0.9977354742399156, "1": 0.0, "2": 0.0}, "chi_high": null, "beta_low": 0.912343740461506}