{"R": 40.0, "wi": 3, "di": 0, "delta": 1.0, "gamma": {"0": 0.9046743423605185, "1": 0.9255354971327525, "2": 1.3130083422787107}, "mu": {"0": 1.131193372554588, "1": 1.0143142812681254, "2": 1.137416182040246}, "phi": {"0": 0.04758132852131569, "1": 0.48426598701944357, "2": 0.8872467464665076}, "psi": {"0": 1.3148000304006517, "1": 0.924254173264015, "2": 0.7653243905443682}, "sigma": {"0": 0.5604056678532113, "1": 0.65416212090071, "2": 0.0}, "chi_high": 0.08669869492154246, "beta_low": null}