{"R": 40.0, "wi": 1, "di": 1, "delta": 1.0, "gamma": {"0": 0.6835457803447261, "1": 0.8067135692168849, "2": 1.496081221141146}, "mu": {"0": 1.1105482246585683, "1": 1.136459749311529, "2": 1.1040077217445008}, "phi": {"0": 0.13525603565823163, "1": 0.7670033603935373, "2": 0.4736245728855658}, "psi": {"0": 0.6795837261826102, "1": 1.077575939148312, "2": 1.3277110443581837}, "sigma": {"0": 0.6496222765980166, "1": 0.0, "2": 0.0}, "chi_high": null, "beta_low": 0.17440773697502637}