{"R": 40.0, "wi": 1, "di": 2, "delta": 1.0, "gamma": {"0": 0.6580068312874, "1": 0.9995771740831174, "2": 0.6536181099450968}, "mu": {"0": 1.124432389771765, "1": 1.074651291266552, "2": 1.1179320484060287}, "phi": {"0": 0.8489689403257599, "1": 0.8463811918234622, "2": 0.5867212149104879}, "psi": {"0": 1.038661956909518, "1": 1.0230069624323814, "2": 1.4983290103615925}, "sigma": {"0": 0.8139735255279202, "1": 0.0, "2": 0.0}, "chi_high": null, "beta_low": 0.033254450768395546}