{"R": 40.0, "wi": 3, "di": 1, "delta": 1.0, "gamma": {"0": 0.8472494868475858, "1": 1.4441791350031816, "2": 1.2906359073686495}, "mu": {"0": 1.0646243747611674, "1": 1.1115902786364211, "2": 1.0937558269835173}, "phi": {"0": 0.6251790649608612, "1": 0.07291069706263931, "2": 0.33906639002580075}, "psi": {"0": 0.7336877424791374, "1": 1.426203555658586, "2": 1.400807441851455}, "sigma": {"0": 0.8337941353678444, "1": 0.8472104179306964, "2": 0.0}, "chi_high": 0.44361853803964846, "beta_low": null}