{"R": 40.0, "wi": 0, "di": 1, "delta": 1.0, "gamma": {"0": 1.470348367989002, "1": 1.3122679205561938, "2": 0.7625091596285054}, "mu": {"0": 1.1032090316848582, "1": 1.1377016327900187, "2": 1.0307171728367035}, "phi": {"0": 0.34045276010173, "1": 0.38824112302945846, "2": 0.45779817407405365}, "psi": {"0": 1.3545185264162334, "1": 0.6522816549862203, "2": 0.9754915690271704}, "sigma": {"0": 0.7906550836908798, "1": 0.9635400520656878, "2": 0.0}, "chi_high": 0.7060696942666774, "beta_low": 0.5851531408288952}