{"R": 40.0, "wi": 1, "di": 0, "delta": 1.0, "gamma": {"0": 1.0653198351064388, "1": 1.2938650733561874, "2": 1.4108131543972737}, "mu": {"0": 1.0493716379534344, "1": 1.0831090803229526, "2": 1.009629331135066}, "phi": {"0": 0.5007705063438675, "1": 0.9777654925098751, "2": 0.4318221197048002}, "psi": {"0": 1.463656201358774, "1": 1.0587025486011448, "2": 1.022165495349868}, "sigma": {"0": 0.5161904402251372, "1": 0.0, "2": 0.0}, "chi_high": null, "beta_low": 0.9619779262568158}