{"R": 40.0, "wi": 0, "di": 2, "delta": 1.0, "gamma": {"0": 0.8697625535142381, "1": 0.7055019850164117, "2": 0.5054751574422339}, "mu": {"0": 1.120347550943211, "1": 1.145940411060043, "2": 1.0962529190349215}, "phi": {"0": 0.30677745026199044, "1": 0.23119303657587864, "2": 0.924047043907365}, "psi": {"0": 1.076586849151401, "1": 0.9566975235280293, "2": 0.914368946939148}, "sigma": {"0": 0.8412060553746874, "1": 0.8490092327889303, "2": 0.0}, "chi_high": 0.7214399720694247, "beta_low": 0.9112480049006632}