{"R": 40.0, "wi": 1, "di": 0, "delta": 1.0, "gamma": {"0": 1.389045496761946, "1": 1.1436207874290258, "2": 0.7049592189781119}, "mu": {"0": 1.1307543044992512, "1": 1.108748614745835, "2": 1.0148788668594217}, "phi": {"0": 0.5881787191249722, "1": 0.29600557038551, "2": 0.8299232158537326}, "psi": {"0": 1.230998277185133, "1": 1.1860224230699112, "2": 0.850842263587205}, "sigma": {"0": 0.9476105731724118, "1": 0.0, "2": 0.0}, "chi_high": null, "beta_low": 0.6591070328059896}