{"R": 40.0, "wi": 3, "di": 1, "delta": 1.0, "gamma": {"0": 0.9435437659471989, "1": 0.7001651086686987, "2": 1.161785675762578}, "mu": {"0": 1.126262405327481, "1": 1.0603024209261833, "2": 1.0023888571880357}, "phi": {"0": 0.12820935097441466, "1": 0.6346120041156809, "2": 0.004222040473824129}, "psi": {"0": 1.2641061919034025, "1": 1.1469795614147829, "2": 0.7317123454767015}, "sigma": {"0": 0.5278310975001139, "1": 0.7475007222390556, "2": 0.0}, "chi_high": 0.32823790120229035, "beta_low": null}