{"R": 40.0, "wi": 2, "di": 1, "delta": 1.0, "gamma": {"0": 0.9951926753319806, "1": 0.6813959054894172, "2": 1.0480357815145624}, "mu": {"0": 1.0363466626177507, "1": 1.1094245332311532, "2": 1.067735719048677}, "phi": {"0": 0.9671353642400782, "1": 0.4985712462610826, "2": 0.9011654567086171}, "psi": {"0": 0.9579305501370557, "1": 0.716953635694864, "2": 0.8486554604916999}, "sigma": {"0": 0.6636400648798891, "1": 0.624413294993144, "2": 0.0}, "chi_high": null, "beta_low": null}