{"R": 40.0, "wi": 0, "di": 0, "delta": 1.0, "gamma": {"0": 1.0077954827601119, "1": 1.25648118663853, "2": 1.0171659563308713}, "mu": {"0": 1.0622756146293086, "1": 1.0926502731234935, "2": 1.1454425932139847}, "phi": {"0": 0.34402910639775475, "1": 0.17182012816406278, "2": 0.5418120564934091}, "psi": {"0": 1.2764896325787274, "1": 1.1036361784366053, "2": 1.2534527355002694}, "sigma": {"0": 0.5733654688532707, "1": 0.7697583431604214, "2": 0.0}, "chi_high": 0.4708083043895198, "beta_low": 0.018773741061153256}