{"R": 40.0, "wi": 2, "di": 0, "delta": 1.0, "gamma": {"0": 0.8871546910728306, "1": 1.2682447975590785, "2": 1.370211133817775}, "mu": {"0": 1.098278502547883, "1": 1.0305717818422242, "2": 1.0945175686650621}, "phi": {"0": 0.6567099591736588, "1": 0.6565254364376457, "2": 0.6600309404577479}, "psi": {"0": 1.1079428706481866, "1": 0.5621208230303709, "2": 1.3065700269685103}, "sigma": {"0": 0.5627999833137401, "1": 0.6008262407286089, "2": 0.0}, "chi_high": null, "beta_low": null}