{"R": 40.0, "wi": 2, "di": 2, "delta": 1.0, "gamma": {"0": 1.3540594781244044, "1": 0.8267953477818522, "2": 1.3354364667785563}, "mu": {"0": 1.113855218600424, "1": 1.1168663955960338, "2": 1.0018268361941225}, "phi": {"0": 0.5159988870250585, "1": 0.30417293789878386, "2": 0.6262414187622083}, "psi": {"0": 1.475999239505624, "1": 0.574864094419427, "2": 0.5770275015884938}, "sigma": {"0": 0.6703521948505241, "1": 0.7445714023230071, "2": 0.0}, "chi_high": null, "beta_low": null}