{"R": 40.0, "wi": 2, "di": 0, "delta": 1.0, "gamma": {"0": 0.9662171689058936, "1": 1.3166082381231827, "2": 0.9857272325824579}, "mu": {"0": 1.0531825780794644, "1": 1.0029752396550116, "2": 1.1438347704941072}, "phi": {"0": 0.9502028054145016, "1": 0.7761355615758776, "2": 0.5138660028492003}, "psi": {"0": 0.7514358442697565, "1": 1.4551579040617457, "2": 0.7611446474235051}, "sigma": {"0": 0.5525341260695007, "1": 0.5171529271364053, "2": 0.0}, "chi_high": null, "beta_low": null}