{"R": 40.0, "wi": 0, "di": 0, "delta": 1.0, "gamma": {"0": 0.6242819919559307, "1": 1.220762025575227, "2": 0.7154523927763213}, "mu": {"0": 1.0195889477220819, "1": 1.0869995335329823, "2": 1.0557145935709753}, "phi": {"0": 0.7718444145296272, "1": 0.12916047349352633, "2": 0.026782291241956524}, "psi": {"0": 0.9376894409654983, "1": 1.2846010257040574, "2": 0.8834332612582089}, "sigma": {"0": 0.855577882618239, "1": 0.7058537761351317, "2": 0.0}, "chi_high": 0.2379438713661986, "beta_low": 0.5359565032036412}