{"R": 40.0, "wi": 1, "di": 1, "delta": 1.0, "gamma": {"0": 0.7935663167625352, "1": 0.7297328732764762, "2": 1.373808321733578}, "mu": {"0": 1.0843934917008626, "1": 1.0689336811029058, "2": 1.0378539941125438}, "phi": {"0": 0.34018016261020156, "1": 0.22324864236932274, "2": 0.040263701179575895}, "psi": {"0": 0.7891602256096394, "1": 0.9463353224182919, "2": 0.6752980803157898}, "sigma": {"0": 0.9094594502349774, "1": 0.0, "2": 0.0}, "chi_high": null, "beta_low": 0.3666344237733312}