{"R": 40.0, "wi": 2, "di": 2, "delta": 1.0, "gamma": {"0": 1.0289487762212484, "1": 1.1795368378400757, "2": 0.9105730219880169}, "mu": {"0": 1.003680493208731, "1": 1.1067460670517717, "2": 1.0305394010271085}, "phi": {"0": 0.947967643743176, "1": 0.939368444562167, "2": 0.20381986472129143}, "psi": {"0": 0.6979832956456362, "1": 0.5346466970739445, "2": 1.4494096176563793}, "sigma": {"0": 0.7421287568810131, "1": 0.6563979740533212, "2": 0.0}, "chi_high": null, "beta_low": null}