{"R": 40.0, "wi": 2, "di": 1, "delta": 1.0, "gamma": {"0": 0.7786151403019377, "1": 0.7243153386671949, "2": 1.2682633572234399}, "mu": {"0": 1.0599066155972237, "1": 1.105257275983037, "2": 1.0423042104858977}, "phi": {"0": 0.5733112832460469, "1": 0.6602801477079565, "2": 0.3020581737795205}, "psi": {"0": 1.1168656714739056, "1": 0.8321859418888218, "2": 1.357337647779648}, "sigma": {"0": 0.6617098399739076, "1": 0.7427139194520246, "2": 0.0}, "chi_high": null, "beta_low": null}