{"R": 40.0, "wi": 1, "di": 1, "delta": 1.0, "gamma": {"0": 0.7934865804901541, "1": 1.0375413396270718, "2": 1.2821393160641212}, "mu": {"0": 1.1485651842380364, "1": 1.093993241159626, "2": 1.023858429735194}, "phi": {"0": 0.37501796718999736, "1": 0.5791694165625858, "2": 0.5803673357939276}, "psi": {"0": 1.4755230346007706, "1": 0.5627364538916608, "2": 0.9938472935431029}, "sigma": {"0": 0.7667913486979845, "1": 0.0, "2": 0.0}, "chi_high": null, "beta_low": 0.7646077176865891}