{"R": 40.0, "wi": 2, "di": 1, "delta": 1.0, "gamma": {"0": 0.9095131616594314, "1": 1.2240483846458892, "2": 1.0146310793168651}, "mu": {"0": 1.0720728520558889, "1": 1.0430326479580636, "2": 1.058252975184403}, "phi": {"0": 0.8451106603017712, "1": 0.48120093861469015, "2": 0.5862819924392645}, "psi": {"0": 0.662455357180584, "1": 1.2741665164333724, "2": 1.1234693045818864}, "sigma": {"0": 0.9914349809079067, "1": 0.7461950568596049, "2": 0.0}, "chi_high": null, "beta_low": null}