{"R": 40.0, "wi": 2, "di": 1, "delta": 1.0, "gamma": {"0": 0.9297383389688779, "1": 1.0712591326035832, "2": 1.021801365623411}, "mu": {"0": 1.0078103648059462, "1": 1.120122108653443, "2": 1.1029381785938652}, "phi": {"0": 0.8701485589681349, "1": 0.8895155791034302, "2": 0.6230124885002598}, "psi": {"0": 1.3871647462267418, "1": 0.6399979847685464, "2": 0.8118950030716247}, "sigma": {"0": 0.5220449484214129, "1": 0.7612197091425856, "2": 0.0}, "chi_high": null, "beta_low": null}