{"R": 40.0, "wi": 3, "di": 2, "delta": 1.0, "gamma": {"0": 0.7973822256651407, "1": 0.8160012477763096, "2": 0.7350036940234848}, "mu": {"0": 1.1279747523441377, "1": 1.0124229206593358, "2": 1.0580539063671914}, "phi": {"0": 0.7828020527932321, "1": 0.057608091006610684, "2": 0.7463700941739404}, "psi": {"0": 0.9492491064495127, "1": 1.30274265489808, "2": 0.516627950963704}, "sigma": {"0": 0.7014835621204178, "1": 0.5576109047098623, "2": 0.0}, "chi_high": 0.784084390271457, "beta_low": null}