{"R": 40.0, "wi": 1, "di": 1, "delta": 1.0, "gamma": {"0": 1.4314011090138739, "1": 1.0311372658313716, "2": 1.414775391460851}, "mu": {"0": 1.0741670525442522, "1": 1.0424820918233924, "2": 1.0390678075528863}, "phi": {"0": 0.32778475484057257, "1": 0.3109738135078669, "2": 0.7825158997057486}, "psi": {"0": 1.0836439102682756, "1": 0.9791732906081821, "2": 0.6634260279714079}, "sigma": {"0": 0.598576786281172, "1": 0.0, "2": 0.0}, "chi_high": null, "beta_low": 0.55186734813827}