{"R": 40.0, "wi": 3, "di": 2, "delta": 1.0, "gamma": {"0": 1.3130024933021933, "1": 1.1198362433621565, "2": 1.2006886049825347}, "mu": {"0": 1.0667086548014881, "1": 1.0868134398799447, "2": 1.0875605909033736}, "phi": {"0": 0.12674199102888872, "1": 0.6913926365428096, "2": 0.8945327673067256}, "psi": {"0": 1.4477863431315585, "1": 0.748119392128145, "2": 1.180524223032767}, "sigma": {"0": 0.9278200140550459, "1": 0.9019184885262965, "2": 0.0}, "chi_high": 0.7767274647362613, "beta_low": null}