{"R": 40.0, "wi": 3, "di": 1, "delta": 1.0, "gamma": {"0": 1.3978528194010282, "1": 0.858383212856809, "2": 0.5658898904928815}, "mu": {"0": 1.128677634793001, "1": 1.0415042655910187, "2": 1.0202683054189907}, "phi": {"0": 0.3562031812277747, "1": 0.04153249371145551, "2": 0.874095810115697}, "psi": {"0": 0.7270990556526584, "1": 0.9341462957012736, "2": 1.3482473078842987}, "sigma": {"0": 0.5815226164487166, "1": 0.6063628855791715, "2": 0.0}, "chi_high": 0.4753453754309022, "beta_low": null}