{"R": 40.0, "wi": 0, "di": 1, "delta": 1.0, "gamma": {"0": 0.5974793150233919, "1": 0.969684304202648, "2": 0.6112674553127859}, "mu": {"0": 1.1440960583874327, "1": 1.0997447538473686, "2": 1.1243656436520229}, "phi": {"0": 0.8264763572666604, "1": 0.25174770004802194, "2": 0.09786890133058579}, "psi": {"0": 1.119687230587168, "1": 1.0496846877590444, "2": 0.8568060503862581}, "sigma": {"0": 0.7229844148079676, "1": 0.7662526973811845, "2": 0.0}, "chi_high": 0.3457281420888702, "beta_low": 0.5773922547491678}