{"R": 40.0, "wi": 3, "di": 1, "delta": 1.0, "gamma": {"0": 0.6188108549026546, "1": 0.8332177565102045, "2": 0.6452912037908267}, "mu": {"0": 1.0581009283048353, "1": 1.0447904189777129, "2": 1.116073975529003}, "phi": {"0": 0.8598066441829854, "1": 0.46558407297970494, "2": 0.8216032728508343}, "psi": {"0": 1.0102546271226784, "1": 0.9060333815623208, "2": 1.3866875972785755}, "sigma": {"0": 0.7695678467464422, "1": 0.6973745665676276, "2": 0.0}, "chi_high": 0.8888615082150201, "beta_low": null}