{"R": 40.0, "wi": 2, "di": 0, "delta": 1.0, "gamma": {"0": 0.9237760751287378, "1": 0.9091927110264022, "2": 0.7162238341738582}, "mu": {"0": 1.009637200439352, "1": 1.126488089069388, "2": 1.124999718969355}, "phi": {"0": 0.9362512691728352, "1": 0.04382080241900077, "2": 0.016247341589450515}, "psi": {"0": 1.3878266558873027, "1": 0.9331564418450998, "2": 1.4621118952085292}, "sigma": {"0": 0.7831308117477411, "1": 0.9599579176320131, "2": 0.0}, "chi_high": null, "beta_low": null}