{"R": 40.0, "wi": 0, "di": 2, "delta": 1.0, "gamma": {"0": 1.4783864311952941, "1": 0.6641560268604034, "2": 0.6814275701833206}, "mu": {"0": 1.0080637804536379, "1": 1.0255843540158405, "2": 1.1293545169480925}, "phi": {"0": 0.9703978047975842, "1": 0.3777616249681771, "2": 0.6092673812163962}, "psi": {"0": 0.5408193061365505, "1": 1.403784172323502, "2": 1.4480934199006434}, "sigma": {"0": 0.646971158393727, "1": 0.6178516044401938, "2": 0.0}, "chi_high": 0.1713350169184693, "beta_low": 0.10312794689042538}