{"R": 40.0, "wi": 1, "di": 0, "delta": 1.0, "gamma": {"0": 0.734521967928396, "1": 1.2223003537823918, "2": 0.5189464926441856}, "mu": {"0": 1.0251223874708963, "1": 1.0709341555617795, "2": 1.065233203774609}, "phi": {"0": 0.6160463283401026, "1": 0.20338649913155138, "2": 0.37238715541820633}, "psi": {"0": 0.5418775839506164, "1": 1.1557079787772295, "2": 0.8845206178759013}, "sigma": {"0": 0.6694276994823881, "1": 0.0, "2": 0.0}, "chi_high": null, "beta_low": 0.14254832975141093}