{"R": 40.0, "wi": 1, "di": 0, "delta": 1.0, "gamma": {"0": 1.0440754985894123, "1": 1.1958427300825947, "2": 1.156252500080811}, "mu": {"0": 1.1367462607034813, "1": 1.0761098460539507, "2": 1.07405434302492}, "phi": {"0": 0.40579117637367146, "1": 0.8547890135891453, "2": 0.17994414996381747}, "psi": {"0": 1.1440262459367463, "1": 1.3179066141111955, "2": 0.7215400210155651}, "sigma": {"0": 0.6070307098081031, "1": 0.0, "2": 0.0}, "chi_high": null, "beta_low": 0.21998626700956825}