{"R": 40.0, "wi": 2, "di": 2, "delta": 1.0, "gamma": {"0": 0.8236682061986802, "1": 1.4118923090384272, "2": 1.0760299775579534}, "mu": {"0": 1.0931038433891287, "1": 1.0883282214693328, "2": 1.1258597709649198}, "phi": {"0": 0.4983300208060599, "1": 0.7928358969462683, "2": 0.08896969137587984}, "psi": {"0": 1.2241426168188438, "1": 1.3363669170562864, "2": 1.1252816557861143}, "sigma": {"0": 0.542422368547392, "1": 0.5184566723472808, "2": 0.0}, "chi_high": null, "beta_low": null}