{"R": 40.0, "wi": 0, "di": 1, "delta": 1.0, "gamma": {"0": 0.7414140429391703, "1": 0.6499949167666419, "2": 0.5122784721910196}, "mu": {"0": 1.120444882506171, "1": 1.0811488898103248, "2": 1.0677903198048444}, "phi": {"0": 0.6321529984422876, "1": 0.008713683252521531, "2": 0.9637052379398284}, "psi": {"0": 0.8745823690972254, "1": 1.1548626231965127, "2": 1.0060834816970479}, "sigma": {"0": 0.7810793823451246, "1": 0.7083916221536004, "2": 0.0}, "chi_high": 0.47048346259972623, "beta_low": 0.5118579262559682}