{"R": 40.0, "wi": 1, "di": 2, "delta": 1.0, "gamma": {"0": 0.5482649025577708, "1": 1.3550745448760744, "2": 0.7834900361418132}, "mu": {"0": 1.0328254548946474, "1": 1.070162581578935, "2": 1.0822269904818032}, "phi": {"0": 0.5484218177671532, "1": 0.8799494878652203, "2": 0.5168771305788831}, "psi": {"0": 1.2769489900293811, "1": 0.6917705270301175, "2": 0.8751208382307443}, "sigma": {"0": 0.9575652094752634, "1": 0.0, "2": 0.0}, "chi_high": null, "beta_low": 0.03892818341932069}