{"R": 40.0, "wi": 0, "di": 1, "delta": 1.0, "gamma": {"0": 0.9581839549009181, "1": 1.3274165367827273, "2": 1.0491520651904773}, "mu": {"0": 1.078125248523816, "1": 1.1350214345784877, "2": 1.0213591139841571}, "phi": {"0": 0.9277009348802968, "1": 0.22348542740664024, "2": 0.5893288117675138}, "psi": {"0": 0.7034221839535564, "1": 1.0170904270734562, "2": 1.3283111999958623}, "sigma": {"0": 0.8368754047429032, "1": 0.9113184201279751, "2": 0.0}, "chi_high": 0.914666937009871, "beta_low": 0.22672773946369326}