{"R": 40.0, "wi": 3, "di": 0, "delta": 1.0, "gamma": {"0": 1.3880854400152844, "1": 0.6667516256839452, "2": 0.6549386427088245}, "mu": {"0": 1.0360260717332253, "1": 1.1403111134042445, "2": 1.09492726546555}, "phi": {"0": 0.5838571532420694, "1": 0.19466947532586665, "2": 0.7886432241380746}, "psi": {"0": 0.6348693393438659, "1": 1.179240796211535, "2": 0.8033836406017372}, "sigma": {"0": 0.6644999525462281, "1": 0.5111887433422556, "2": 0.0}, "chi_high": 0.02205819974966515, "beta_low": null}