{"R": 40.0, "wi": 3, "di": 2, "delta": 1.0, "gamma": {"0": 1.192423524123785, "1": 1.032038344270405, "2": 0.823876085971891}, "mu": {"0": 1.1172287061158477, "1": 1.0053464040479476, "2": 1.037736483029499}, "phi": {"0": 0.40151544063764266, "1": 0.3930981008928862, "2": 0.8999863158138914}, "psi": {"0": 1.0774794796166285, "1": 0.5318887575502113, "2": 0.8482234730194211}, "sigma": {"0": 0.589977320338354, "1": 0.9786872724685566, "2": 0.0}, "chi_high": 0.6170758092591699, "beta_low": null}