{"R": 40.0, "wi": 1, "di": 2, "delta": 1.0, "gamma": {"0": 1.069635182133779, "1": 1.1128323138915865, "2": 1.1059515595795475}, "mu": {"0": 1.149028781123857, "1": 1.0799255242446135, "2": 1.083500460066638}, "phi": {"0": 0.6857114316108485, "1": 0.7815751225673794, "2": 0.8693714572606627}, "psi": {"0": 0.6505141304234677, "1": 0.7565685419630378, "2": 0.5548211700977319}, "sigma": {"0": 0.648144290748239, "1": 0.0, "2": 0.0}, "chi_high": null, "beta_low": 0.4317392550882472}