{"R": 40.0, "wi": 2, "di": 1, "delta": 1.0, "gamma": {"0": 1.3085843619334794, "1": 0.6692369312607945, "2": 1.2298701393590603}, "mu": {"0": 1.1312973397663313, "1": 1.1153213339793975, "2": 1.1319031421635415}, "phi": {"0": 0.7990054318498148, "1": 0.7124282096025701, "2": 0.4756386105971444}, "psi": {"0": 0.807378383296788, "1": 1.2178080398585698, "2": 1.2291670110897752}, "sigma": {"0": 0.956960501241904, "1": 0.686901310510315, "2": 0.0}, "chi_high": null, "beta_low": null}