{"R": 40.0, "wi": 1, "di": 1, "delta": 1.0, "gamma": {"0": 0.913183854981932, "1": 0.6705491354405297, "2": 0.8958483119478802}, "mu": {"0": 1.148229904110853, "1": 1.0672626882431868, "2": 1.037228177320133}, "phi": {"0": 0.9407013855846472, "1": 0.22460128620994002, "2": 0.6326072847015395}, "psi": {"0": 0.5686259192950106, "1": 1.1129981168762555, "2": 0.8593024810304963}, "sigma": {"0": 0.7121277683633752, "1": 0.0, "2": 0.0}, "chi_high": null, "beta_low": 0.16114909491911686}