{"R": 40.0, "wi": 0, "di": 0, "delta": 1.0, "gamma": {"0": 1.1536615376123123, "1": 0.6455623052797221, "2": 1.3050321918155654}, "mu": {"0": 1.017565528877479, "1": 1.016365469954091, "2": 1.1240529591693684}, "phi": {"0": 0.8859179805465822, "1": 0.5585589707264771, "2": 0.3493568597078953}, "psi": {"0": 0.6838406471727038, "1": 1.4424055078132274, "2": 0.8951819945780055}, "sigma": {"0": 0.5444743970367785, "1": 0.632841386092111, "2": 0.0}, "chi_high": 0.1498794835295731, "beta_low": 0.6953092780921258}