{"R": 40.0, "wi": 1, "di": 1, "delta": 1.0, "gamma": {"0": 1.2061105075874448, "1": 1.4749310138864833, "2": 0.6182598925216956}, "mu": {"0": 1.1024642192483756, "1": 1.0449527345141272, "2": 1.0250128743810663}, "phi": {"0": 0.20102086577705747, "1": 0.20880514897945768, "2": 0.19044286844687175}, "psi": {"0": 0.7705722958792756, "1": 0.6989014007552145, "2": 0.8546037271491151}, "sigma": {"0": 0.7342216465372369, "1": 0.0, "2": 0.0}, "chi_high": null, "beta_low": 0.24828779169042028}