{"R": 40.0, "wi": 0, "di": 0, "delta": 1.0, "gamma": {"0": 1.0319956207125416, "1": 0.6453606255641953, "2": 1.0314278547064022}, "mu": {"0": 1.0011690204506412, "1": 1.0884170858187392, "2": 1.138162112260938}, "phi": {"0": 0.026085475914036538, "1": 0.35203831457253687, "2": 0.748959921504681}, "psi": {"0": 0.730223716129893, "1": 1.0954743079887286, "2": 0.6589879261132958}, "sigma": {"0": 0.6810019728860941, "1": 0.7349134409913081, "2": 0.0}, "chi_high": 0.5057912783551032, "beta_low": 0.47613395892180427}