{"R": 40.0, "wi": 3, "di": 0, "delta": 1.0, "gamma": {"0": 1.3934325406989323, "1": 1.022088651841534, "2": 1.2991218878054396}, "mu": {"0": 1.0967959430929357, "1": 1.1325956165179356, "2": 1.079593029991516}, "phi": {"0": 0.19609694940190847, "1": 0.43702827347849704, "2": 0.7651603013574801}, "psi": {"0": 0.9396100802266318, "1": 0.5983368720390663, "2": 1.326906918662119}, "sigma": {"0": 0.7162939255873628, "1": 0.9503862891536841, "2": 0.0}, "chi_high": 0.8068804189215292, "beta_low": null}