{"R": 40.0, "wi": 0, "di": 1, "delta": 1.0, "gamma": {"0": 1.1387092910128953, "1": 0.8135735010279537, "2": 1.3158904356709}, "mu": {"0": 1.1031789936700669, "1": 1.1450450561208019, "2": 1.0023836628687073}, "phi": {"0": 0.7617736308096007, "1": 0.9607752303724562, "2": 0.42177105029421}, "psi": {"0": 1.0010436581926094, "1": 1.4646365008487898, "2": 0.67888577536276}, "sigma": {"0": 0.9195156652103313, "1": 0.7859450779567025, "2": 0.0}, "chi_high": 0.3357768961842023, "beta_low": 0.29743165561784013}