{"R": 40.0, "wi": 3, "di": 0, "delta": 1.0, "gamma": {"0": 0.7386997882140952, "1": 0.9438130544331002, "2": 0.9674205281925113}, "mu": {"0": 1.082938948442572, "1": 1.133809885347694, "2": 1.0708038282582253}, "phi": {"0": 0.9503501739257837, "1": 0.45763576728546185, "2": 0.881721818454434}, "psi": {"0": 0.6659772721342556, "1": 0.9108187405213057, "2": 0.6753424407122233}, "sigma": {"0": 0.5944737931683419, "1": 0.8669994926618367, "2": 0.0}, "chi_high": 0.08196805472684593, "beta_low": null}