{"R": 40.0, "wi": 1, "di": 2, "delta": 1.0, "gamma": {"0": 1.0319402187898743, "1": 1.1754544432023617, "2": 1.0522350984604572}, "mu": {"0": 1.136285490935198, "1": 1.017022721229401, "2": 1.148786277145204}, "phi": {"0": 0.8305286146006441, "1": 0.6461916460111989, "2": 0.7524793855992342}, "psi": {"0": 0.9781233974580398, "1": 0.6649782232155662, "2": 0.7398267922894487}, "sigma": {"0": 0.8440557919401361, "1": 0.0, "2": 0.0}, "chi_high": null, "beta_low": 0.37442653738057347}