{"R": 40.0, "wi": 0, "di": 1, "delta": 1.0, "gamma": {"0": 0.9362828911923934, "1": 1.0948947358069485, "2": 0.8712911956531584}, "mu": {"0": 1.1103310355488205, "1": 1.04287031192841, "2": 1.1404981034634403}, "phi": {"0": 0.6913203652960032, "1": 0.7627477761621484, "2": 0.38586596152611197}, "psi": {"0": 0.9591674279860367, "1": 1.2773195529385197, "2": 1.2404077724991467}, "sigma": {"0": 0.6476883723823381, "1": 0.8335448181706153, "2": 0.0}, "chi_high": 0.9257244213867241, "beta_low": 0.7166932780155878}