{"R": 40.0, "wi": 1, "di": 2, "delta": 1.0, "gamma": {"0": 0.7876631494236069, "1": 0.8278357579514735, "2": 1.1162580871623602}, "mu": {"0": 1.1445002698713531, "1": 1.1087938505215191, "2": 1.0340395199318366}, "phi": {"0": 0.23240833560196006, "1": 0.8556330356041382, "2": 0.22267678685623937}, "psi": {"0": 0.6380257186835926, "1": 1.4244883838225904, "2": 0.7954433986407557}, "sigma": {"0": 0.6260372163236649, "1": 0.0, "2": 0.0}, "chi_high": null, "beta_low": 0.9626602963595547}