{"R": 40.0, "wi": 2, "di": 2, "delta": 1.0, "gamma": {"0": 1.2196131030928123, "1": 0.7210199007628297, "2": 1.4158624583257065}, "mu": {"0": 1.0037924302109702, "1": 1.0907145337013398, "2": 1.139725910040559}, "phi": {"0": 0.7204719738143954, "1": 0.2237940757106367, "2": 0.5601933865652275}, "psi": {"0": 0.5865371885513182, "1": 0.6532489799137626, "2": 1.4811440396911153}, "sigma": {"0": 0.7029640623475748, "1": 0.5711748317739141, "2": 0.0}, "chi_high": null, "beta_low": null}