{"R": 40.0, "wi": 2, "di": 1, "delta": 1.0, "gamma": {"0": 0.6059862407860769, "1": 0.8378611149147869, "2": 0.6495181920097749}, "mu": {"0": 1.0366305273443963, "1": 1.1124865358140856, "2": 1.011856976700677}, "phi": {"0": 0.5060563238432106, "1": 0.6477701907046515, "2": 0.05528418547384473}, "psi": {"0": 0.5067541122335607, "1": 1.2570041876094504, "2": 0.9773486797968202}, "sigma": {"0": 0.7990084781115914, "1": 0.7260261987998864, "2": 0.0}, "chi_high": null, "beta_low": null}