{"R": 40.0, "wi": 3, "di": 2, "delta": 1.0, "gamma": {"0": 1.4483190591823838, "1": 1.25493261970986, "2": 1.304895577055813}, "mu": {"0": 1.1238439236452398, "1": 1.1249324215038203, "2": 1.1190385811338872}, "phi": {"0": 0.9945782850233853, "1": 0.6611173758276698, "2": 0.08874636223311194}, "psi": {"0": 0.506397814826163, "1": 1.0742823464923545, "2": 0.7157644403181016}, "sigma": {"0": 0.5562695987573536, "1": 0.9635765567383928, "2": 0.0}, "chi_high": 0.61927898495221, "beta_low": null}