{"R": 40.0, "wi": 0, "di": 0, "delta": 1.0, "gamma": {"0": 0.9997022662092089, "1": 1.009107377388697, "2": 1.1354968806057895}, "mu": {"0": 1.0908174011175216, "1": 1.0864227066866834, "2": 1.126832024332136}, "phi": {"0": 0.7490070432882889, "1": 0.5403292961184591, "2": 0.03843416142531453}, "psi": {"0": 0.556132192193932, "1": 1.2638312876525717, "2": 1.2216181940924034}, "sigma": {"0": 0.950623820360605, "1": 0.5179208558500187, "2": 0.0}, "chi_high": 0.2789757022908807, "beta_low": 0.14383016412003105}