{"R": 40.0, "wi": 3, "di": 1, "delta": 1.0, "gamma": {"0": 1.237097885551413, "1": 0.7848877839142908, "2": 0.7605501879695896}, "mu": {"0": 1.0109608519278, "1": 1.1398372830985186, "2": 1.1278338652244877}, "phi": {"0": 0.01597588172044928, "1": 0.5942772760745132, "2": 0.25095337911452753}, "psi": {"0": 0.6253271672600924, "1": 0.6512785131282042, "2": 0.6443244964239104}, "sigma": {"0": 0.8849219711324734, "1": 0.8916581597243072, "2": 0.0}, "chi_high": 0.4527651593418848, "beta_low": null}