{"R": 40.0, "wi": 3, "di": 1, "delta": 1.0, "gamma": {"0": 1.1720894192001479, "1": 1.224822955938581, "2": 1.445824332117346}, "mu": {"0": 1.0261447075582024, "1": 1.1308681637886575, "2": 1.0573938399080012}, "phi": {"0": 0.2404875559684898, "1": 0.8578239999472622, "2": 0.47614664281559327}, "psi": {"0": 0.9453695193819797, "1": 0.6122930017744214, "2": 1.096597228632011}, "sigma": {"0": 0.7113605479551641, "1": 0.7365835888546883, "2": 0.0}, "chi_high": 0.6907950467344133, "beta_low": null}