{"R": 40.0, "wi": 1, "di": 1, "delta": 1.0, "gamma": {"0": 0.6065552221853443, "1": 0.9991388231359893, "2": 0.9352831791184735}, "mu": {"0": 1.1133121475374481, "1": 1.1361600697324974, "2": 1.0356754907352888}, "phi": {"0": 0.9812013364021959, "1": 0.6599576037500703, "2": 0.8654371221624632}, "psi": {"0": 0.8821357284134821, "1": 0.7641847674596339, "2": 1.3823228240824665}, "sigma": {"0": 0.7345628259895822, "1": 0.0, "2": 0.0}, "chi_high": null, "beta_low": 0.8181550379484943}