{"R": 40.0, "wi": 3, "di": 0, "delta": 1.0, "gamma": {"0": 1.2771374670678042, "1": 1.0037371673621083, "2": 0.7535703250902147}, "mu": {"0": 1.1278338914142767, "1": 1.0479543796483326, "2": 1.1372663097562898}, "phi": {"0": 0.41799999260582676, "1": 0.7426358988769101, "2": 0.22158202834518104}, "psi": {"0": 0.5645983068840077, "1": 1.458958549170362, "2": 1.4456397690098097}, "sigma": {"0": 0.6476094108260123, "1": 0.8825909115039114, "2": 0.0}, "chi_high": 0.7774006828338104, "beta_low": null}