{"R": 40.0, "wi": 2, "di": 1, "delta": 1.0, "gamma": {"0": 0.9516038555714808, "1": 1.367505416028969, "2": 1.495769318829026}, "mu": {"0": 1.0207046178488908, "1": 1.0871559604041359, "2": 1.1352817972965954}, "phi": {"0": 0.5818877275449084, "1": 0.6663245911985971, "2": 0.7705008030902879}, "psi": {"0": 1.0885664697145134, "1": 0.6001902521690605, "2": 1.2731993005954587}, "sigma": {"0": 0.7988722490889792, "1": 0.868340285212317, "2": 0.0}, "chi_high": null, "beta_low": null}