{"R": 40.0, "wi": 2, "di": 2, "delta": 1.0, "gamma": {"0": 0.7584964596041147, "1": 0.5264690696735841, "2": 1.0118530859705142}, "mu": {"0": 1.008355437303886, "1": 1.0171135810637912, "2": 1.0544126047317093}, "phi": {"0": 0.4264146299355692, "1": 0.27070243288333895, "2": 0.409210009558148}, "psi": {"0": 1.155833400127586, "1": 1.2486943772122103, "2": 0.8682122388220448}, "sigma": {"0": 0.7419772263862979, "1": 0.634966122331976, "2": 0.0}, "chi_high": null, "beta_low": null}