{"R": 40.0, "wi": 0, "di": 2, "delta": 1.0, "gamma": {"0": 1.3458515607322892, "1": 0.5631995069868986, "2": 1.1874038387610195}, "mu": {"0": 1.1387710402833089, "1": 1.0761207771278143, "2": 1.1118507426834885}, "phi": {"0": 0.26498330508940415, "1": 0.5261798704494752, "2": 0.30732315339698557}, "psi": {"0": 1.3082432953856302, "1": 0.8544914880666838, "2": 1.1878158930350775}, "sigma": {"0": 0.7302120245135688, "1": 0.9657393257414895, "2": 0.0}, "chi_high": 0.8919405765707032, "beta_low": 0.26493153550835735}