{"R": 40.0, "wi": 2, "di": 0, "delta": 1.0, "gamma": {"0": 0.7315142550139062, "1": 0.8720407247085271, "2": 1.1802780800070538}, "mu": {"0": 1.048618000504009, "1": 1.120835689019106, "2": 1.0114476161795354}, "phi": {"0": 0.8672147169699792, "1": 0.055766547275353795, "2": 0.18607681192371694}, "psi": {"0": 0.5766911861536507, "1": 1.1618053882829327, "2": 0.8569524850277432}, "sigma": {"0": 0.9245955813530224, "1": 0.8088553673940156, "2": 0.0}, "chi_high": null, "beta_low": null}