{"R": 40.0, "wi": 0, "di": 0, "delta": 1.0, "gamma": {"0": 1.2669557040385748, "1": 1.2448985667832058, "2": 1.2314619890923768}, "mu": {"0": 1.0275179222206867, "1": 1.0156400398684886, "2": 1.0010611533838116}, "phi": {"0": 0.6955493856522025, "1": 0.92047267592695, "2": 0.11929162207756905}, "psi": {"0": 1.1919335922876735, "1": 1.4265761430785031, "2": 0.7508007782803228}, "sigma": {"0": 0.6141864667423977, "1": 0.8166462314846479, "2": 0.0}, "chi_high": 0.3335669550220716, "beta_low": 0.862832313732641}