{"R": 40.0, "wi": 1, "di": 2, "delta": 1.0, "gamma": {"0": 1.4508881406322272, "1": 0.5132359288748883, "2": 1.4992869000960487}, "mu": {"0": 1.0956152935396102, "1": 1.085741872618056, "2": 1.0063575503370263}, "phi": {"0": 0.2354845008754336, "1": 0.5170666343586396, "2": 0.7931674049224569}, "psi": {"0": 1.4395917792220203, "1": 1.3561713460745124, "2": 0.7169854754967024}, "sigma": {"0": 0.7488376695091875, "1": 0.0, "2": 0.0}, "chi_high": null, "beta_low": 0.32397987925584604}