{"R": 40.0, "wi": 3, "di": 0, "delta": 1.0, "gamma": {"0": 0.725053653960048, "1": 0.6561552620902417, "2": 1.0698032064261351}, "mu": {"0": 1.0026475434438333, "1": 1.0765932984865043, "2": 1.0284647870900614}, "phi": {"0": 0.12616217274778996, "1": 0.30215388880169325, "2": 0.8274741394724182}, "psi": {"0": 0.7302704472851267, "1": 1.0265536324999207, "2": 0.752700031249834}, "sigma": {"0": 0.8349973745905483, "1": 0.7882164992843677, "2": 0.0}, "chi_high": 0.762427958215465, "beta_low": null}