{"R": 40.0, "wi": 1, "di": 2, "delta": 1.0, "gamma": {"0": 0.7206608067095978, "1": 0.9415873825337291, "2": 0.553831504566678}, "mu": {"0": 1.108414461850191, "1": 1.021830044505971, "2": 1.019321997312332}, "phi": {"0": 0.1730688534966356, "1": 0.4809774781897628, "2": 0.06405981014369888}, "psi": {"0": 1.2245157629699115, "1": 0.6337243222355959, "2": 1.2011171745724856}, "sigma": {"0": 0.8282225797110807, "1": 0.0, "2": 0.0}, "chi_high": null, "beta_low": 0.5113112702846961}