{"R": 40.0, "wi": 3, "di": 1, "delta": 1.0, "gamma": {"0": 1.4438447609074667, "1": 0.58153920910948, "2": 0.5675906481387857}, "mu": {"0": 1.112406420167942, "1": 1.0980071175336108, "2": 1.0894046815270502}, "phi": {"0": 0.5267332261733421, "1": 0.15613695091000612, "2": 0.21273224968359183}, "psi": {"0": 0.8482385652347025, "1": 0.7438571625528202, "2": 0.5607139854515935}, "sigma": {"0": 0.6343001857356545, "1": 0.6947507683438339, "2": 0.0}, "chi_high": 0.22465376527382755, "beta_low": null}