{"R": 40.0, "wi": 0, "di": 1, "delta": 1.0, "gamma": {"0": 0.7244519546942738, "1": 0.700457390806807, "2": 0.8619521240567966}, "mu": {"0": 1.0011602808999696, "1": 1.1273048926154663, "2": 1.0944732961425436}, "phi": {"0": 0.942617374619787, "1": 0.4977060865329703, "2": 0.8775348317071467}, "psi": {"0": 1.2532892378032567, "1": 1.478138411768469, "2": 0.5961494958886598}, "sigma": {"0": 0.6037806827823604, "1": 0.5665749083846772, "2": 0.0}, "chi_high": 0.8411067034534783, "beta_low": 0.6376611800760053}