{"R": 40.0, "wi": 2, "di": 0, "delta": 1.0, "gamma": {"0": 0.9454563451273316, "1": 0.7519696675464227, "2": 1.0253436851952387}, "mu": {"0": 1.0093941843108094, "1": 1.0129714367061822, "2": 1.010308951709766}, "phi": {"0": 0.3616998047461123, "1": 0.8966253534241354, "2": 0.9311390555993352}, "psi": {"0": 1.17853556868709, "1": 1.2256571045954912, "2": 1.1869617273582653}, "sigma": {"0": 0.6549912999211922, "1": 0.6300779359462398, "2": 0.0}, "chi_high": null, "beta_low": null}