{"R": 40.0, "wi": 3, "di": 2, "delta": 1.0, "gamma": {"0": 0.758355249128811, "1": 1.088723992190141, "2": 1.264652589452047}, "mu": {"0": 1.0356473667148272, "1": 1.0892174641673733, "2": 1.0299356193057758}, "phi": {"0": 0.2375596338163004, "1": 0.7395534746207127, "2": 0.5328973138871413}, "psi": {"0": 1.3948701995866386, "1": 0.9564029455566282, "2": 0.7089276866183476}, "sigma": {"0": 0.7120851983169967, "1": 0.5407252116285104, "2": 0.0}, "chi_high": 0.9711419654008094, "beta_low": null}