{"R": 40.0, "wi": 2, "di": 1, "delta": 1.0, "gamma": {"0": 0.8542358914955901, "1": 0.9885338109057151, "2": 0.8154355155915326}, "mu": {"0": 1.1363067259377175, "1": 1.0599935654142314, "2": 1.0398877696656579}, "phi": {"0": 0.7223796838865935, "1": 0.09577359866532109, "2": 0.060571125818950855}, "psi": {"0": 0.6345642674266101, "1": 0.777150422554986, "2": 0.5745954201568545}, "sigma": {"0": 0.7744975161193475, "1": 0.5163242818918232, "2": 0.0}, "chi_high": null, "beta_low": null}