{"R": 40.0, "wi": 1, "di": 0, "delta": 1.0, "gamma": {"0": 0.8874473519630327, "1": 0.7023913038168677, "2": 0.6457534248748437}, "mu": {"0": 1.148896437908787, "1": 1.079055763229181, "2": 1.137273842988934}, "phi": {"0": 0.4762841215867869, "1": 0.8232624406924445, "2": 0.7493340177039853}, "psi": {"0": 0.8468386900086348, "1": 0.9074116757036073, "2": 0.9768625138466174}, "sigma": {"0": 0.7323386981980053, "1": 0.0, "2": 0.0}, "chi_high": null, "beta_low": 0.3801081204176777}