{"R": 40.0, "wi": 0, "di": 0, "delta": 1.0, "gamma": {"0": 0.5513567838350226, "1": 1.3680606390714993, "2": 0.7049858673391995}, "mu": {"0": 1.078717245113014, "1": 1.1254753021549757, "2": 1.087743446000136}, "phi": {"0": 0.6569151211567114, "1": 0.35926357109010354, "2": 0.051747223194171355}, "psi": {"0": 0.5039198169586498, "1": 1.1888665872825848, "2": 0.5470920386498492}, "sigma": {"0": 0.7675987879648631, "1": 0.8918574895500263, "2": 0.0}, "chi_high": 0.40434509825546733, "beta_low": 0.830997176004107}