{"R": 40.0, "wi": 2, "di": 2, "delta": 1.0, "gamma": {"0": 0.9273812747282916, "1": 1.0125192384147013, "2": 1.4427169534346858}, "mu": {"0": 1.1011339631581232, "1": 1.1062637833915714, "2": 1.0178688673636533}, "phi": {"0": 0.8047299694957218, "1": 0.27486931440063966, "2": 0.23947202550247182}, "psi": {"0": 1.4409056275454346, "1": 1.426040923951521, "2": 0.9893889887290638}, "sigma": {"0": 0.6941863622708306, "1": 0.5625170828179991, "2": 0.0}, "chi_high": null, "beta_low": null}