{"R": 40.0, "wi": 1, "di": 2, "delta": 1.0, "gamma": {"0": 0.7620537288147405, "1": 1.2388054050141593, "2": 0.8507212996426365}, "mu": {"0": 1.0211169188206461, "1": 1.1217916597920727, "2": 1.0357642570920111}, "phi": {"0": 0.0833860102081343, "1": 0.8077030204401747, "2": 0.2523208118534841}, "psi": {"0": 1.1083717654181975, "1": 1.1966514060089408, "2": 0.9705487806052024}, "sigma": {"0": 0.8151702151534637, "1": 0.0, "2": 0.0}, "chi_high": null, "beta_low": 0.7409568096797758}