{"R": 40.0, "wi": 1, "di": 2, "delta": 1.0, "gamma": {"0": 1.0801060538116078, "1": 1.3522741114800145, "2": 1.066544535246769}, "mu": {"0": 1.0074575999014566, "1": 1.081004623879056, "2": 1.1421416488745846}, "phi": {"0": 0.27986807858243834, "1": 0.40972243053421586, "2": 0.9497170998167934}, "psi": {"0": 1.4017815060239385, "1": 1.3585121407963934, "2": 0.799548955987264}, "sigma": {"0": 0.6177554873275752, "1": 0.0, "2": 0.0}, "chi_high": null, "beta_low": 0.7412275367536989}