{"R": 40.0, "wi": 3, "di": 0, "delta": 1.0, "gamma": {"0": 1.3647449903480702, "1": 0.6876223135594174, "2": 0.646987866166806}, "mu": {"0": 1.0607391517773126, "1": 1.1296654183183146, "2": 1.0942228718878912}, "phi": {"0": 0.8354107876121756, "1": 0.07692193511898071, "2": 0.15745464679461962}, "psi": {"0": 0.7675270061360144, "1": 1.2390828765455917, "2": 0.6229708737498437}, "sigma": {"0": 0.760646104702239, "1": 0.8878197051174802, "2": 0.0}, "chi_high": 0.677763319801904, "beta_low": null}