{"R": 40.0, "wi": 3, "di": 2, "delta": 1.0, "gamma": {"0": 0.7286927026819777, "1": 1.006221980715965, "2": 0.5627042418323953}, "mu": {"0": 1.0081071100236294, "1": 1.057742782896032, "2": 1.0576210854987933}, "phi": {"0": 0.8276048077218895, "1": 0.20497380688801214, "2": 0.6097307612843091}, "psi": {"0": 0.8357515810569898, "1": 1.1290397919156498, "2": 0.9607332340621886}, "sigma": {"0": 0.8702559368161351, "1": 0.7901979146667173, "2": 0.0}, "chi_high": 0.6463173976329527, "beta_low": null}