{"R": 40.0, "wi": 0, "di": 0, "delta": 1.0, "gamma": {"0": 0.5715152140702177, "1": 0.5767930374033371, "2": 0.8489433569483161}, "mu": {"0": 1.1176617904023718, "1": 1.0262959235462834, "2": 1.074040718506934}, "phi": {"0": 0.7065507544671839, "1": 0.18796786150745337, "2": 0.6598262824682871}, "psi": {"0": 0.6253041568402578, "1": 1.3282746792620104, "2": 1.0077030791295118}, "sigma": {"0": 0.7289417183754576, "1": 0.5400452495968211, "2": 0.0}, "chi_high": 0.045260120613188924, "beta_low": 0.4736097438354735}