{"R": 40.0, "wi": 2, "di": 2, "delta": 1.0, "gamma": {"0": 0.6853777792441442, "1": 1.2456523141604259, "2": 0.9814915828206767}, "mu": {"0": 1.109548136543137, "1": 1.1198936816419105, "2": 1.1311244588599818}, "phi": {"0": 0.5373336561311342, "1": 0.1794258628554759, "2": 0.33337891251238727}, "psi": {"0": 1.495067483622674, "1": 0.7669468407667307, "2": 0.8670557231243929}, "sigma": {"0": 0.5325094978815447, "1": 0.9181432154433522, "2": 0.0}, "chi_high": null, "beta_low": null}