{"R": 40.0, "wi": 3, "di": 1, "delta": 1.0, "gamma": {"0": 0.8480184389237005, "1": 1.193491927209152, "2": 1.221271677211553}, "mu": {"0": 1.1239424829051825, "1": 1.0761747852098942, "2": 1.1127695647462374}, "phi": {"0": 0.6153194012279636, "1": 0.9082561947186135, "2": 0.0429590461736179}, "psi": {"0": 1.089374364425881, "1": 1.4831651684225866, "2": 1.3265848265849591}, "sigma": {"0": 0.6944161543788282, "1": 0.5503098350669289, "2": 0.0}, "chi_high": 0.8640405250548114, "beta_low": null}