{"R": 40.0, "wi": 1, "di": 0, "delta": 1.0, "gamma": {"0": 0.5505015102377954, "1": 1.2745768764193575, "2": 0.8302500080647485}, "mu": {"0": 1.0072576391076817, "1": 1.1325240080439543, "2": 1.0739029269691813}, "phi": {"0": 0.46474784523944723, "1": 0.7772857390638344, "2": 0.307269820775407}, "psi": {"0": 0.8339926443107668, "1": 0.697437250321246, "2": 1.0814704883401518}, "sigma": {"0": 0.8755711826087558, "1": 0.0, "2": 0.0}, "chi_high": null, "beta_low": 0.5098299556607373}