{"R": 40.0, "wi": 0, "di": 2, "delta": 1.0, "gamma": {"0": 0.8919922243926832, "1": 1.1419608496884044, "2": 0.5914641773046456}, "mu": {"0": 1.0772590409089051, "1": 1.026986765825303, "2": 1.115310455404819}, "phi": {"0": 0.7076362218397798, "1": 0.5367981958999608, "2": 0.7060432096370137}, "psi": {"0": 1.1681808701026388, "1": 1.1350133653949095, "2": 0.5640873089156835}, "sigma": {"0": 0.8957447462599348, "1": 0.6423156885706436, "2": 0.0}, "chi_high": 0.45269302232362946, "beta_low": 0.6915285497906951}