{"R": 40.0, "wi": 3, "di": 1, "delta": 1.0, "gamma": {"0": 1.2646045916317776, "1": 1.2242650726656987, "2": 1.2334699231914024}, "mu": {"0": 1.0538281386602424, "1": 1.002088530368749, "2": 1.0376860159890482}, "phi": {"0": 0.12068624696202679, "1": 0.8006922030967678, "2": 0.994552398168106}, "psi": {"0": 1.4678039829825682, "1": 0.7861229422269203, "2": 0.5221853835401685}, "sigma": {"0": 0.5216822744813697, "1": 0.5939159189123933, "2": 0.0}, "chi_high": 0.23574147212047544, "beta_low": null}