{"R": 40.0, "wi": 1, "di": 2, "delta": 1.0, "gamma": {"0": 0.5284677068373175, "1": 1.219499029592365, "2": 0.7937535763748969}, "mu": {"0": 1.0630122231541084, "1": 1.1123487818937994, "2": 1.085299007830424}, "phi": {"0": 0.32378484691486864, "1": 0.24712002845996517, "2": 0.2665988982660509}, "psi": {"0": 0.8206801519865914, "1": 1.2131379986045774, "2": 0.5432133674937718}, "sigma": {"0": 0.9048766735234357, "1": 0.0, "2": 0.0}, "chi_high": null, "beta_low": 0.8138835988430199}