{"R": 40.0, "wi": 2, "di": 0, "delta": 1.0, "gamma": {"0": 1.2353587921187108, "1": 1.2005252395623223, "2": 0.5693057125567574}, "mu": {"0": 1.053442305085896, "1": 1.0770183363204893, "2": 1.1031027304901282}, "phi": {"0": 0.7471311276579369, "1": 0.6392351520703323, "2": 0.12463270657811576}, "psi": {"0": 1.2821396915541017, "1": 1.1807294680333915, "2": 1.196316670321437}, "sigma": {"0": 0.9561413595705983, "1": 0.8446300215743043, "2": 0.0}, "chi_high": null, "beta_low": null}