{"R": 40.0, "wi": 2, "di": 0, "delta": 1.0, "gamma": {"0": 0.8720674691967495, "1": 0.8985898482622685, "2": 0.6055718707045116}, "mu": {"0": 1.0486705615350833, "1": 1.1059930429673943, "2": 1.1497219034327364}, "phi": {"0": 0.2803431813824456, "1": 0.7022949456190378, "2": 0.4577949479703345}, "psi": {"0": 0.7608257636294626, "1": 0.6820284515883237, "2": 0.5180691523650066}, "sigma": {"0": 0.9749556923398117, "1": 0.8939706530890479, "2": 0.0}, "chi_high": null, "beta_low": null}