{"R": 40.0, "wi": 3, "di": 0, "delta": 1.0, "gamma": {"0": 0.6021163797913687, "1": 0.591255961492133, "2": 0.9736590857791507}, "mu": {"0": 1.1239131688296735, "1": 1.144801490496881, "2": 1.1444956546176495}, "phi": {"0": 0.1780061458557738, "1": 0.8858002787896522, "2": 0.2700917529131044}, "psi": {"0": 0.6517480966905475, "1": 0.6919901863574083, "2": 0.5556403669624127}, "sigma": {"0": 0.725772797215803, "1": 0.8008219995453104, "2": 0.0}, "chi_high": 0.2019212355394917, "beta_low": null}