{"R": 40.0, "wi": 0, "di": 1, "delta": 1.0, "gamma": {"0": 1.2561329686853768, "1": 0.8743976390168569, "2": 0.7445348359986673}, "mu": {"0": 1.0834274235966692, "1": 1.0175275816176905, "2": 1.010615355803513}, "phi": {"0": 0.7162356459601043, "1": 0.3333246961812347, "2": 0.5622019801531515}, "psi": {"0": 1.1172407053488862, "1": 1.4899238619347335, "2": 1.4451903416744223}, "sigma": {"0": 0.6877444614509993, "1": 0.5136542401866282, "2": 0.0}, "chi_high": 0.05344871297862975, "beta_low": 0.4949867316824731}