{"R": 40.0, "wi": 1, "di": 0, "delta": 1.0, "gamma": {"0": 1.0778169904751103, "1": 1.3248679837187693, "2": 0.5901344788873472}, "mu": {"0": 1.1170602727445538, "1": 1.0618132260020536, "2": 1.0726618414878373}, "phi": {"0": 0.012812881033019474, "1": 0.6559345549917788, "2": 0.007394899669964872}, "psi": {"0": 1.403690183091345, "1": 0.8623861162540332, "2": 0.9027885478075669}, "sigma": {"0": 0.8077374061878082, "1": 0.0, "2": 0.0}, "chi_high": null, "beta_low": 0.9042232034814577}