{"R": 40.0, "wi": 2, "di": 1, "delta": 1.0, "gamma": {"0": 0.5887579891761192, "1": 0.6766252151189069, "2": 0.6638360391457531}, "mu": {"0": 1.104363379700876, "1": 1.1217942565503343, "2": 1.1282559967542514}, "phi": {"0": 0.088457143151776, "1": 0.12752348154803417, "2": 0.8233121759080093}, "psi": {"0": 1.1450235864077127, "1": 1.1825730599611866, "2": 1.3779375848100437}, "sigma": {"0": 0.6321136376860408, "1": 0.5784832483789126, "2": 0.0}, "chi_high": null, "beta_low": null}