{"R": 40.0, "wi": 0, "di": 0, "delta": 1.0, "gamma": {"0": 0.5168835914886462, "1": 0.5333863918880121, "2": 1.1727106599818635}, "mu": {"0": 1.1111357823118782, "1": 1.0064130278130217, "2": 1.0991220824030619}, "phi": {"0": 0.8300215989272809, "1": 0.9031150764775712, "2": 0.7456677158586204}, "psi": {"0": 0.6419667142356649, "1": 1.3403736692762243, "2": 1.0605933039925537}, "sigma": {"0": 0.5733077058805975, "1": 0.9960708512807366, "2": 0.0}, "chi_high": 0.5030536627508083, "beta_low": 0.2899921333873318}