{"R": 40.0, "wi": 2, "di": 0, "delta": 1.0, "gamma": {"0": 1.4152080423548932, "1": 0.648788158242221, "2": 1.1591606476634442}, "mu": {"0": 1.0420880195847775, "1": 1.1327716890743087, "2": 1.086908062666005}, "phi": {"0": 0.8307953040477853, "1": 0.909995052589311, "2": 0.24424846197889227}, "psi": {"0": 0.9100076703309714, "1": 1.437512234496454, "2": 1.4466275408925093}, "sigma": {"0": 0.8617978537293867, "1": 0.5160569578695045, "2": 0.0}, "chi_high": null, "beta_low": null}