{"R": 40.0, "wi": 2, "di": 1, "delta": 1.0, "gamma": {"0": 1.2169910843688, "1": 1.0385386700652965, "2": 0.9469861661648823}, "mu": {"0": 1.137472930239404, "1": 1.0718340199654035, "2": 1.0238751509312365}, "phi": {"0": 0.8717922504473894, "1": 0.9305327955971514, "2": 0.5446662884643112}, "psi": {"0": 0.5359462346061745, "1": 1.0702109521109215, "2": 0.672309878921174}, "sigma": {"0": 0.6624356460826943, "1": 0.9625278979146377, "2": 0.0}, "chi_high": null, "beta_low": null}