{"R": 40.0, "wi": 3, "di": 1, "delta": 1.0, "gamma": {"0": 0.6999736655797822, "1": 0.7725008267771369, "2": 1.3642709354032487}, "mu": {"0": 1.0048324222676144, "1": 1.0094862877998314, "2": 1.0906909320656062}, "phi": {"0": 0.7575583711701072, "1": 0.40795169836266776, "2": 0.37093583747284564}, "psi": {"0": 0.9718827270717381, "1": 1.2227187065516003, "2": 1.1640033627650035}, "sigma": {"0": 0.5757281558719045, "1": 0.7289197513402943, "2": 0.0}, "chi_high": 0.6097161525990207, "beta_low": null}