{"R": 40.0, "wi": 2, "di": 2, "delta": 1.0, "gamma": {"0": 1.416551564517106, "1": 1.2036450254135054, "2": 0.9639464162286896}, "mu": {"0": 1.1124067473730301, "1": 1.034646648370935, "2": 1.0413355442718741}, "phi": {"0": 0.4584732133281003, "1": 0.19356501207482124, "2": 0.6911367005014148}, "psi": {"0": 1.380240919551266, "1": 1.036432536635109, "2": 1.3664094185230122}, "sigma": {"0": 0.8594353202274677, "1": 0.5193399128663303, "2": 0.0}, "chi_high": null, "beta_low": null}