{"R": 40.0, "wi": 0, "di": 0, "delta": 1.0, "gamma": {"0": 1.055217878105876, "1": 1.3507292933277157, "2": 1.3173462051753297}, "mu": {"0": 1.070687832367504, "1": 1.0075811642668464, "2": 1.0138170838316896}, "phi": {"0": 0.7944248053738443, "1": 0.17174884280642544, "2": 0.8347938613814684}, "psi": {"0": 0.6654672718071667, "1": 1.2663995623600834, "2": 1.1959159425577495}, "sigma": {"0": 0.8063223454174542, "1": 0.7283599650235999, "2": 0.0}, "chi_high": 0.5582977708890305, "beta_low": 0.09768149161715615}