{"R": 40.0, "wi": 3, "di": 1, "delta": 1.0, "gamma": {"0": 1.369618746841332, "1": 1.2143277464126272, "2": 0.771317398377482}, "mu": {"0": 1.1277897737517892, "1": 1.0119957711026806, "2": 1.112138285803133}, "phi": {"0": 0.6946671570617898, "1": 0.7441312552878667, "2": 0.4096114979078376}, "psi": {"0": 1.457349827924308, "1": 1.038580040081711, "2": 0.8133544663881231}, "sigma": {"0": 0.9426330148299138, "1": 0.6115341458896564, "2": 0.0}, "chi_high": 0.39764745479793245, "beta_low": null}