{"R": 40.0, "wi": 3, "di": 2, "delta": 1.0, "gamma": {"0": 1.1163229413641147, "1": 0.7589670572372198, "2": 1.1803232845144456}, "mu": {"0": 1.1374940408062661, "1": 1.0856968256531079, "2": 1.0585334778083393}, "phi": {"0": 0.36906725644251204, "1": 0.41019499017255023, "2": 0.20636601746623406}, "psi": {"0": 1.331282374644124, "1": 1.0338624477066918, "2": 1.3737292492192514}, "sigma": {"0": 0.5441953193443789, "1": 0.5467415247423779, "2": 0.0}, "chi_high": 0.22351860294861364, "beta_low": null}