{"R": 40.0, "wi": 3, "di": 2, "delta": 1.0, "gamma": {"0": 1.225376567698936, "1": 0.642370785274369, "2": 1.23166893076495}, "mu": {"0": 1.1217301501537267, "1": 1.0853115690466706, "2": 1.1403534227471248}, "phi": {"0": 0.5385448703001584, "1": 0.30519636644945536, "2": 0.413073307027371}, "psi": {"0": 1.1320531756336598, "1": 0.6695669621101855, "2": 1.2331164293089252}, "sigma": {"0": 0.7851628325774542, "1": 0.5203675435819269, "2": 0.0}, "chi_high": 0.424714289076587, "beta_low": null}