{"R": 40.0, "wi": 1, "di": 2, "delta": 1.0, "gamma": {"0": 1.088731419308358, "1": 0.5188192137974648, "2": 1.495208536171317}, "mu": {"0": 1.0644274450560307, "1": 1.0565926485964652, "2": 1.0833473993773703}, "phi": {"0": 0.842673947895353, "1": 0.06267861670605068, "2": 0.07354957803669737}, "psi": {"0": 1.3860982924697438, "1": 0.8850990811161238, "2": 1.144900363664005}, "sigma": {"0": 0.781201278752358, "1": 0.0, "2": 0.0}, "chi_high": null, "beta_low": 0.37974521853244175}