{"R": 40.0, "wi": 3, "di": 2, "delta": 1.0, "gamma": {"0": 0.9927672328055982, "1": 1.0248865255930937, "2": 1.4577269645612625}, "mu": {"0": 1.0434018836558325, "1": 1.1434056127403118, "2": 1.0563522344902736}, "phi": {"0": 0.41586042788083455, "1": 0.8377765897664192, "2": 0.055335958690728715}, "psi": {"0": 0.7453567298336609, "1": 0.7916651345473673, "2": 1.0397414907768836}, "sigma": {"0": 0.695619375196411, "1": 0.5227687590219142, "2": 0.0}, "chi_high": 0.8979812484806682, "beta_low": null}