{"R": 40.0, "wi": 0, "di": 0, "delta": 1.0, "gamma": {"0": 0.9668792877174629, "1": 1.2521729546594542, "2": 0.7673134491686575}, "mu": {"0": 1.0162049741639434, "1": 1.0142395265712743, "2": 1.1136511327354495}, "phi": {"0": 0.4879348022064157, "1": 0.6762235939752754, "2": 0.3126426462825054}, "psi": {"0": 1.4496797505571448, "1": 1.1707435616433752, "2": 0.8306484324166352}, "sigma": {"0": 0.6840842940321851, "1": 0.6445996396335953, "2": 0.0}, "chi_high": 0.5373257771835416, "beta_low": 0.7618888500366181}