{"R": 40.0, "wi": 1, "di": 0, "delta": 1.0, "gamma": {"0": 0.9245899714152632, "1": 0.8666947396487542, "2": 0.6102255660109527}, "mu": {"0": 1.1313750105324132, "1": 1.034690534243542, "2": 1.1366717846875949}, "phi": {"0": 0.4560283581601018, "1": 0.6217255186371978, "2": 0.910211446230894}, "psi": {"0": 0.9460096451922666, "1": 1.3569871229660535, "2": 1.357430499530404}, "sigma": {"0": 0.9695701356436375, "1": 0.0, "2": 0.0}, "chi_high": null, "beta_low": 0.5247925664226826}