{"R": 40.0, "wi": 2, "di": 0, "delta": 1.0, "gamma": {"0": 0.9810177074563736, "1": 0.7880798696083499, "2": 0.7729279878067375}, "mu": {"0": 1.1078093274893945, "1": 1.015256818393424, "2": 1.1470625878027112}, "phi": {"0": 0.5143577102144751, "1": 0.6502283265708723, "2": 0.08341819812179863}, "psi": {"0": 0.9287196834822931, "1": 1.140121527452657, "2": 1.3341377367741778}, "sigma": {"0": 0.7574976755610996, "1": 0.5099695979112697, "2": 0.0}, "chi_high": null, "beta_low": null}