{"R": 40.0, "wi": 3, "di": 2, "delta": 1.0, "gamma": {"0": 1.175231249007406, "1": 1.2301240141025882, "2": 0.6904509114161119}, "mu": {"0": 1.128692217352868, "1": 1.1187314417968808, "2": 1.0782066532475567}, "phi": {"0": 0.6676830183184402, "1": 0.49272218956564084, "2": 0.43453808533050575}, "psi": {"0": 1.4087746729502242, "1": 1.1767330768072444, "2": 0.7418472760242465}, "sigma": {"0": 0.5350639174408396, "1": 0.8895307567010554, "2": 0.0}, "chi_high": 0.39367453557009074, "beta_low": null}