{"R": 40.0, "wi": 2, "di": 1, "delta": 1.0, "gamma": {"0": 1.2741175633020063, "1": 0.7087964862478057, "2": 0.5106935002974854}, "mu": {"0": 1.1113750446140593, "1": 1.015181210456726, "2": 1.117552764641147}, "phi": {"0": 0.1557740310852005, "1": 0.5382600496613708, "2": 0.4778085070902427}, "psi": {"0": 0.9768126451485357, "1": 1.1294281349607282, "2": 1.2141275595324832}, "sigma": {"0": 0.8470573013106519, "1": 0.7756358152458187, "2": 0.0}, "chi_high": null, "beta_low": null}