{"R": 40.0, "wi": 2, "di": 2, "delta": 1.0, "gamma": {"0": 0.8508281857188322, "1": 1.3579217262841639, "2": 0.9020746695850047}, "mu": {"0": 1.0903439430124497, "1": 1.0990164847714383, "2": 1.1363319777491372}, "phi": {"0": 0.5489579494860866, "1": 0.05530560751782587, "2": 0.4442593050006143}, "psi": {"0": 0.618662562396615, "1": 0.5973934092014148, "2": 1.1241430278037416}, "sigma": {"0": 0.6490206915748056, "1": 0.7815325614379608, "2": 0.0}, "chi_high": null, "beta_low": null}