{"R": 40.0, "wi": 3, "di": 1, "delta": 1.0, "gamma": {"0": 0.5320555790744282, "1": 1.2019030559789, "2": 1.4162115938793396}, "mu": {"0": 1.0343595411340067, "1": 1.060118448648125, "2": 1.0446281996602182}, "phi": {"0": 0.9297346012833145, "1": 0.33973141165591425, "2": 0.2342220128445719}, "psi": {"0": 1.1465580249440843, "1": 1.178845026583876, "2": 0.5387188929021107}, "sigma": {"0": 0.7116984565338673, "1": 0.8476934684529298, "2": 0.0}, "chi_high": 0.42726414260023876, "beta_low": null}