{"R": 40.0, "wi": 0, "di": 1, "delta": 1.0, "gamma": {"0": 1.058570636349909, "1": 0.6305886749958228, "2": 0.5293536734521181}, "mu": {"0": 1.1370237312113805, "1": 1.0714107280295762, "2": 1.0887338545835161}, "phi": {"0": 0.7596327884501203, "1": 0.021877687627987252, "2": 0.37732210995480275}, "psi": {"0": 0.5200667868113047, "1": 1.4182193393686648, "2": 0.9589777693615704}, "sigma": {"0": 0.6052389569414744, "1": 0.9813877749370641, "2": 0.0}, "chi_high": 0.8094894939661968, "beta_low": 0.5359228104699056}