{"R": 40.0, "wi": 3, "di": 1, "delta": 1.0, "gamma": {"0": 0.9203780677183819, "1": 1.0809160907267197, "2": 0.953605718754336}, "mu": {"0": 1.1202067241381453, "1": 1.0266534928981463, "2": 1.0802208219236777}, "phi": {"0": 0.004562344152997055, "1": 0.21425083433474235, "2": 0.4850182378928335}, "psi": {"0": 0.7880917373688735, "1": 0.8931127542573348, "2": 0.5207030093569486}, "sigma": {"0": 0.8578218510799527, "1": 0.6643691849002581, "2": 0.0}, "chi_high": 0.48432386147135337, "beta_low": null}