{"R": 40.0, "wi": 3, "di": 2, "delta": 1.0, "gamma": {"0": 1.3090377597839002, "1": 1.015656459315672, "2": 1.4893622364945895}, "mu": {"0": 1.0321791753258014, "1": 1.0328109987532366, "2": 1.1159184992470854}, "phi": {"0": 0.24693850085553826, "1": 0.1645950986281377, "2": 0.6761866336859236}, "psi": {"0": 1.465860565098741, "1": 1.091621151870854, "2": 1.2125430047731147}, "sigma": {"0": 0.9553638282897623, "1": 0.7131487822687175, "2": 0.0}, "chi_high": 0.8192364952602916, "beta_low": null}