{"R": 40.0, "wi": 3, "di": 1, "delta": 1.0, "gamma": {"0": 1.257421810839875, "1": 1.333801137649632, "2": 1.3597871137197521}, "mu": {"0": 1.0658990338052843, "1": 1.1467069556805902, "2": 1.1220919690566902}, "phi": {"0": 0.34188494584504503, "1": 0.3589604375468666, "2": 0.6298079522475315}, "psi": {"0": 1.0963714981171453, "1": 0.5211664532544863, "2": 0.7219229010278709}, "sigma": {"0": 0.9349529067632704, "1": 0.7577765891977044, "2": 0.0}, "chi_high": 0.8222071543472114, "beta_low": null}