{"R": 40.0, "wi": 2, "di": 2, "delta": 1.0, "gamma": {"0": 1.1011119326808818, "1": 1.072655628522601, "2": 1.1050318335107057}, "mu": {"0": 1.005793090965965, "1": 1.039346788393266, "2": 1.1346319538770122}, "phi": {"0": 0.4822329918988457, "1": 0.11310600106920543, "2": 0.004645747083762086}, "psi": {"0": 1.3562909392130074, "1": 1.3441771541484304, "2": 1.029289892000783}, "sigma": {"0": 0.6403533909692904, "1": 0.5119753715318927, "2": 0.0}, "chi_high": null, "beta_low": null}