{"R": 40.0, "wi": 1, "di": 1, "delta": 1.0, "gamma": {"0": 1.245587530420231, "1": 0.9716581108253196, "2": 1.2564436049928767}, "mu": {"0": 1.0912970033723535, "1": 1.0509506547253586, "2": 1.1239542142421943}, "phi": {"0": 0.5270421818233512, "1": 0.5327553504484166, "2": 0.43880540358182996}, "psi": {"0": 0.9416051129199272, "1": 0.9116134123381161, "2": 0.9343239753703853}, "sigma": {"0": 0.9484463074951549, "1": 0.0, "2": 0.0}, "chi_high": null, "beta_low": 0.6187216298583814}