{"R": 40.0, "wi": 2, "di": 2, "delta": 1.0, "gamma": {"0": 0.5249484465888926, "1": 1.172981010259731, "2": 1.4556092758962307}, "mu": {"0": 1.0318644238856198, "1": 1.1052192867145705, "2": 1.1131351962933689}, "phi": {"0": 0.6499037430444454, "1": 0.9542718559620722, "2": 0.4819505862766531}, "psi": {"0": 1.163169948913377, "1": 0.5070692706124487, "2": 0.679294942678115}, "sigma": {"0": 0.8498890086193709, "1": 0.8315281035189577, "2": 0.0}, "chi_high": null, "beta_low": null}