{"R": 40.0, "wi": 2, "di": 2, "delta": 1.0, "gamma": {"0": 1.1193152689724073, "1": 0.5791138912335219, "2": 1.2458009728426827}, "mu": {"0": 1.020886295309506, "1": 1.0754321928004462, "2": 1.0281621138438404}, "phi": {"0": 0.44801733725840176, "1": 0.7138773810286562, "2": 0.2787594453721153}, "psi": {"0": 1.3247152093545211, "1": 1.309085218042446, "2": 1.4751105949171037}, "sigma": {"0": 0.9615069486837128, "1": 0.9199035414960983, "2": 0.0}, "chi_high": null, "beta_low": null}