{"R": 40.0, "wi": 2, "di": 1, "delta": 1.0, "gamma": {"0": 1.440381472089072, "1": 0.6604939804777985, "2": 0.934160048950963}, "mu": {"0": 1.045225792702614, "1": 1.0234663731252625, "2": 1.0780930070216066}, "phi": {"0": 0.9060911499112083, "1": 0.19644521602523346, "2": 0.7463515162538755}, "psi": {"0": 0.9377288789548122, "1": 1.2154832313948052, "2": 1.1886741057291068}, "sigma": {"0": 0.9522584373833218, "1": 0.8949743998466124, "2": 0.0}, "chi_high": null, "beta_low": null}