{"R": 40.0, "wi": 2, "di": 1, "delta": 1.0, "gamma": {"0": 0.868981413100607, "1": 0.9000168818439561, "2": 0.7098947144246959}, "mu": {"0": 1.0094199101073396, "1": 1.0829625295058605, "2": 1.1487904028108231}, "phi": {"0": 0.4099779156598615, "1": 0.6908500566079925, "2": 0.22897491441871753}, "psi": {"0": 1.2383334727237871, "1": 0.8196531183374384, "2": 1.339724771468433}, "sigma": {"0": 0.6478810692064425, "1": 0.6791135760499019, "2": 0.0}, "chi_high": null, "beta_low": null}