{"R": 40.0, "wi": 1, "di": 1, "delta": 1.0, "gamma": {"0": 0.9014443993779656, "1": 0.8885455574796547, "2": 1.2429359095581334}, "mu": {"0": 1.0735914866021632, "1": 1.114950182116797, "2": 1.0679643630501165}, "phi": {"0": 0.3524835318471504, "1": 0.5318567696363838, "2": 0.6940568859853411}, "psi": {"0": 1.1076599802088753, "1": 1.2384230521271993, "2": 0.5338710332897443}, "sigma": {"0": 0.7469969398421947, "1": 0.0, "2": 0.0}, "chi_high": null, "beta_low": 0.9845056210578353}