{"R": 40.0, "wi": 3, "di": 0, "delta": 1.0, "gamma": {"0": 1.427097250877696, "1": 1.144949194747635, "2": 1.1903079532712448}, "mu": {"0": 1.1351765083534837, "1": 1.0558979303641858, "2": 1.0493336284077786}, "phi": {"0": 0.47370232953164526, "1": 0.9267429255782256, "2": 0.3428186269650716}, "psi": {"0": 0.9551216784014687, "1": 1.1339781045989217, "2": 1.259256136942175}, "sigma": {"0": 0.512714185307654, "1": 0.9133274427467133, "2": 0.0}, "chi_high": 0.7396118791936717, "beta_low": null}