{"R": 40.0, "wi": 0, "di": 2, "delta": 1.0, "gamma": {"0": 0.5154524640217023, "1": 0.9215289807180351, "2": 0.7911076226662013}, "mu": {"0": 1.027793199016094, "1": 1.1332113729830484, "2": 1.0604604486576525}, "phi": {"0": 0.5661727100216443, "1": 0.5543251114319865, "2": 0.5534454490714372}, "psi": {"0": 1.289114331609988, "1": 0.6575897045276299, "2": 1.1339556141394285}, "sigma": {"0": 0.7265217033034022, "1": 0.5217067557586523, "2": 0.0}, "chi_high": 0.1807984896543355, "beta_low": 0.41744223062357777}