{"R": 40.0, "wi": 3, "di": 1, "delta": 1.0, "gamma": {"0": 1.1313526480126466, "1": 0.5038631382683313, "2": 1.4234360057675919}, "mu": {"0": 1.0307399307703018, "1": 1.056925993338865, "2": 1.0016995065841552}, "phi": {"0": 0.38481665401778986, "1": 0.05959523195500349, "2": 0.5032156235712066}, "psi": {"0": 0.6877823697504789, "1": 1.3442785360151621, "2": 0.5235752590090125}, "sigma": {"0": 0.8604572728627187, "1": 0.7093300761613163, "2": 0.0}, "chi_high": 0.7767884459896909, "beta_low": null}