{"R": 40.0, "wi": 1, "di": 0, "delta": 1.0, "gamma": {"0": 1.1721626926752582, "1": 1.2392266780990209, "2": 1.24260624548227}, "mu": {"0": 1.065330517859204, "1": 1.1273573832823405, "2": 1.0722109345766602}, "phi": {"0": 0.31117491307068523, "1": 0.6424217738140333, "2": 0.11832963034024291}, "psi": {"0": 1.3795364141364987, "1": 1.3383071789852798, "2": 1.4390392408386523}, "sigma": {"0": 0.8754870284264324, "1": 0.0, "2": 0.0}, "chi_high": null, "beta_low": 0.6355448348562847}