{"R": 40.0, "wi": 3, "di": 0, "delta": 1.0, "gamma": {"0": 1.4050090496682412, "1": 0.930415626940097, "2": 0.7437171908760233}, "mu": {"0": 1.0592461280992533, "1": 1.1353065946682421, "2": 1.0599750496066607}, "phi": {"0": 0.22101148918543556, "1": 0.10136051631328147, "2": 0.5400339928238124}, "psi": {"0": 1.345173267842603, "1": 0.967062799788703, "2": 0.7379994384992632}, "sigma": {"0": 0.5519368776952491, "1": 0.8649698541092952, "2": 0.0}, "chi_high": 0.6885975659540058, "beta_low": null}