{"R": 40.0, "wi": 2, "di": 1, "delta": 1.0, "gamma": {"0": 1.050480483564056, "1": 0.7451347569743715, "2": 0.7629208516686068}, "mu": {"0": 1.1271757472132828, "1": 1.1092900747869674, "2": 1.1065810514717775}, "phi": {"0": 0.5056190375352724, "1": 0.7279521526058014, "2": 0.958184504069791}, "psi": {"0": 1.2125154317683275, "1": 1.3861080653643418, "2": 0.8534084471542698}, "sigma": {"0": 0.8990449862181659, "1": 0.7806459140818451, "2": 0.0}, "chi_high": null, "beta_low": null}