{"R": 40.0, "wi": 2, "di": 0, "delta": 1.0, "gamma": {"0": 1.323563501212853, "1": 1.2795144789515835, "2": 0.9519406130025451}, "mu": {"0": 1.0411849832002733, "1": 1.133684962502116, "2": 1.1372902177405586}, "phi": {"0": 0.5657665632516202, "1": 0.08553194893203286, "2": 0.8567649749004174}, "psi": {"0": 0.9938520288588847, "1": 1.343548905351114, "2": 1.1533932351746903}, "sigma": {"0": 0.9445972051456808, "1": 0.5866114214695546, "2": 0.0}, "chi_high": null, "beta_low": null}