{"R": 40.0, "wi": 1, "di": 0, "delta": 1.0, "gamma": {"0": 1.1066035280144806, "1": 0.5851817014571447, "2": 1.2305460014467986}, "mu": {"0": 1.037130878510709, "1": 1.0719450140629236, "2": 1.076228094737957}, "phi": {"0": 0.029581048766125884, "1": 0.31170417123779637, "2": 0.6349083512984273}, "psi": {"0": 0.769417494651157, "1": 1.3501285314052234, "2": 1.1693506296091072}, "sigma": {"0": 0.5040004366560995, "1": 0.0, "2": 0.0}, "chi_high": null, "beta_low": 0.6666498646201092}