{"R": 40.0, "wi": 1, "di": 2, "delta": 1.0, "gamma": {"0": 0.7411673108694542, "1": 1.3420357952253004, "2": 0.8048163070500222}, "mu": {"0": 1.088498935108579, "1": 1.0127476806681637, "2": 1.0355037623787575}, "phi": {"0": 0.6024632012616529, "1": 0.1493851159044327, "2": 0.9846841536536848}, "psi": {"0": 0.9259653299987727, "1": 0.7616344846972134, "2": 0.6498740590675195}, "sigma": {"0": 0.5522213962480546, "1": 0.0, "2": 0.0}, "chi_high": null, "beta_low": 0.7994029775957061}