{"R": 40.0, "wi": 3, "di": 1, "delta": 1.0, "gamma": {"0": 0.9922056916690231, "1": 1.291162709309944, "2": 0.7915880017181272}, "mu": {"0": 1.0333838008491152, "1": 1.0943598134743369, "2": 1.1495128595242858}, "phi": {"0": 0.8332593284953862, "1": 0.7048526704478262, "2": 0.5278323660702524}, "psi": {"0": 0.5107231462921036, "1": 0.750358897151905, "2": 1.057573807915628}, "sigma": {"0": 0.5149158738338468, "1": 0.9662093284046642, "2": 0.0}, "chi_high": 0.9132180904950017, "beta_low": null}