{"R": 40.0, "wi": 2, "di": 0, "delta": 1.0, "gamma": {"0": 1.4119260911430938, "1": 1.10471095714165, "2": 0.6340169198021458}, "mu": {"0": 1.0681075016765986, "1": 1.0573537386776561, "2": 1.0674921841570122}, "phi": {"0": 0.3278982388409345, "1": 0.21301450131825017, "2": 0.7317913731890796}, "psi": {"0": 1.1050808407519697, "1": 0.8114390996407467, "2": 1.2648538186713734}, "sigma": {"0": 0.7012971954179135, "1": 0.94598951120958, "2": 0.0}, "chi_high": null, "beta_low": null}