{"R": 40.0, "wi": 3, "di": 1, "delta": 1.0, "gamma": {"0": 0.9983413858659176, "1": 0.8470735206845049, "2": 1.4679389438504278}, "mu": {"0": 1.1303118893632904, "1": 1.0765456740556998, "2": 1.0822351536366814}, "phi": {"0": 0.8194246109204416, "1": 0.5371206381991618, "2": 0.4846705356804085}, "psi": {"0": 1.3869345536299131, "1": 0.8378952525738809, "2": 0.7121621170985803}, "sigma": {"0": 0.6366189275721484, "1": 0.5008969139511636, "2": 0.0}, "chi_high": 0.5538833881348291, "beta_low": null}