{"R": 40.0, "wi": 0, "di": 2, "delta": 1.0, "gamma": {"0": 1.2971844082719717, "1": 1.352834961804557, "2": 1.376104769466302}, "mu": {"0": 1.0464137289208968, "1": 1.1037686573103438, "2": 1.01356639974442}, "phi": {"0": 0.9741483009364141, "1": 0.48353094821799036, "2": 0.6809197795237988}, "psi": {"0": 0.995476772833486, "1": 1.2546353859896244, "2": 0.6746619070287816}, "sigma": {"0": 0.5218022139032124, "1": 0.6282647779039744, "2": 0.0}, "chi_high": 0.984559699479653, "beta_low": 0.5257679418404515}