{"R": 40.0, "wi": 3, "di": 2, "delta": 1.0, "gamma": {"0": 0.5693004467508774, "1": 1.3871982678537509, "2": 1.2625630138439283}, "mu": {"0": 1.1345876144356895, "1": 1.070311785281124, "2": 1.0686969973007214}, "phi": {"0": 0.03988080554599893, "1": 0.5954499629684966, "2": 0.1477676752683571}, "psi": {"0": 1.1997204471372909, "1": 1.3317689213919754, "2": 1.00981755164553}, "sigma": {"0": 0.8679467971863543, "1": 0.8796062578422048, "2": 0.0}, "chi_high": 0.7626283772309614, "beta_low": null}