{"R": 40.0, "wi": 0, "di": 1, "delta": 1.0, "gamma": {"0": 0.969682727081811, "1": 1.0073600043460744, "2": 1.1997168699608414}, "mu": {"0": 1.1075809009527082, "1": 1.0785163979134853, "2": 1.0951495895231054}, "phi": {"0": 0.1380022155317393, "1": 0.7728785914923486, "2": 0.41345442713700864}, "psi": {"0": 1.4322377705893177, "1": 0.9038597041285361, "2": 0.5292471985575048}, "sigma": {"0": 0.8904365955854436, "1": 0.701049063594831, "2": 0.0}, "chi_high": 0.7158804192460096, "beta_low": 0.7256354962128652}