{"R": 40.0, "wi": 0, "di": 1, "delta": 1.0, "gamma": {"0": 1.0286165276331038, "1": 1.2077939100311088, "2": 1.347836970814856}, "mu": {"0": 1.0744743571786077, "1": 1.060522694589892, "2": 1.0685183282738908}, "phi": {"0": 0.7701182670666098, "1": 0.16398746536856446, "2": 0.18593429168064524}, "psi": {"0": 0.6268205838279376, "1": 0.533018422593308, "2": 1.1876069318930884}, "sigma": {"0": 0.6935952671915859, "1": 0.59663310305169, "2": 0.0}, "chi_high": 0.40369353380662165, "beta_low": 0.9171331545096735}