{"R": 40.0, "wi": 0, "di": 1, "delta": 1.0, "gamma": {"0": 0.952487873398156, "1": 0.6826671924266974, "2": 1.4733330059768253}, "mu": {"0": 1.1223494510058891, "1": 1.0292145155064067, "2": 1.0381214002996595}, "phi": {"0": 0.8771401242768193, "1": 0.05342933334847644, "2": 0.35059229682299964}, "psi": {"0": 0.6905030209929512, "1": 1.3499117607215814, "2": 1.2466778481683862}, "sigma": {"0": 0.9586587251691556, "1": 0.908356284728457, "2": 0.0}, "chi_high": 0.44973483616825966, "beta_low": 0.7906638926313913}