{"R": 40.0, "wi": 3, "di": 0, "delta": 1.0, "gamma": {"0": 1.3630360380663933, "1": 0.9091643692737665, "2": 1.0441197162804357}, "mu": {"0": 1.0150722428761276, "1": 1.0582216318784807, "2": 1.149136491332587}, "phi": {"0": 0.07038219946873592, "1": 0.36752549415575775, "2": 0.03132083361684146}, "psi": {"0": 0.6357339459155225, "1": 1.2994709208141617, "2": 0.9430089805233346}, "sigma": {"0": 0.6307124881420194, "1": 0.7049538798652496, "2": 0.0}, "chi_high": 0.40935954788004436, "beta_low": null}