{"R": 40.0, "wi": 1, "di": 0, "delta": 1.0, "gamma": {"0": 0.6516244459794783, "1": 1.353703340430763, "2": 0.572750442774871}, "mu": {"0": 1.00857689351315, "1": 1.0423978315068225, "2": 1.0857972958585276}, "phi": {"0": 0.5652877228209112, "1": 0.22093354839895418, "2": 0.3230906343937774}, "psi": {"0": 1.0165318713218645, "1": 0.9171556221688963, "2": 0.6568037892610298}, "sigma": {"0": 0.6498144730280692, "1": 0.0, "2": 0.0}, "chi_high": null, "beta_low": 0.8416078048736961}