{"R": 40.0, "wi": 0, "di": 2, "delta": 1.0, "gamma": {"0": 1.215908046604959, "1": 1.2162895208298568, "2": 1.2032995178439858}, "mu": {"0": 1.00524011019912, "1": 1.094791772882792, "2": 1.0767510180850541}, "phi": {"0": 0.40668542454170453, "1": 0.5579177633562045, "2": 0.9090845046000513}, "psi": {"0": 0.8823254499817021, "1": 0.582260902437548, "2": 0.5993010251281322}, "sigma": {"0": 0.6122881144119356, "1": 0.6196814646696822, "2": 0.0}, "chi_high": 0.6640055508778278, "beta_low": 0.5554837641676817}