{"R": 40.0, "wi": 0, "di": 1, "delta": 1.0, "gamma": {"0": 1.2553697381025626, "1": 1.176064936202231, "2": 1.1173286739796269}, "mu": {"0": 1.106699062061582, "1": 1.0137989396881826, "2": 1.125608222119049}, "phi": {"0": 0.152335896912265, "1": 0.029902182831883395, "2": 0.2724369363275323}, "psi": {"0": 0.8063287109383812, "1": 1.3703193766068944, "2": 0.6541862989430111}, "sigma": {"0": 0.7861294160455885, "1": 0.9571944639230706, "2": 0.0}, "chi_high": 0.798306518262173, "beta_low": 0.21411419125529133}