{"R": 40.0, "wi": 3, "di": 2, "delta": 1.0, "gamma": {"0": 1.4891950185593743, "1": 1.116088985153779, "2": 1.3733449396223913}, "mu": {"0": 1.1305926605930299, "1": 1.0267041546003206, "2": 1.0413149980233443}, "phi": {"0": 0.6602984806765205, "1": 0.8960639217227854, "2": 0.5851992426194259}, "psi": {"0": 1.1229959296094, "1": 0.8816213101144494, "2": 1.2957429872428174}, "sigma": {"0": 0.5055950189766408, "1": 0.918799056096806, "2": 0.0}, "chi_high": 0.3693760198442436, "beta_low": null}