{"R": 40.0, "wi": 1, "di": 2, "delta": 1.0, "gamma": {"0": 0.764894593954318, "1": 0.5360255806913302, "2": 1.44957286925387}, "mu": {"0": 1.0786536675562233, "1": 1.1429345173321495, "2": 1.1127891599504551}, "phi": {"0": 0.6549686996911078, "1": 0.8424617958526966, "2": 0.5672005851337597}, "psi": {"0": 1.3634266909423725, "1": 1.128022796105002, "2": 1.1886956932718862}, "sigma": {"0": 0.9786233045497166, "1": 0.0, "2": 0.0}, "chi_high": null, "beta_low": 0.8467423564764864}