{"R": 40.0, "wi": 3, "di": 1, "delta": 1.0, "gamma": {"0": 0.5161678990805683, "1": 1.4388175960410368, "2": 0.7357994898269709}, "mu": {"0": 1.1088396579836304, "1": 1.037919654810974, "2": 1.0751697331545722}, "phi": {"0": 0.3201511086762098, "1": 0.28291609596073564, "2": 0.6003785395850071}, "psi": {"0": 0.5082574799094087, "1": 0.6053375172656239, "2": 1.002466825957947}, "sigma": {"0": 0.6600923825128471, "1": 0.556385045321514, "2": 0.0}, "chi_high": 0.18839645406387825, "beta_low": null}