{"R": 40.0, "wi": 3, "di": 1, "delta": 1.0, "gamma": {"0": 0.6504167720289742, "1": 0.9114570261558488, "2": 0.6091783935436832}, "mu": {"0": 1.1333353757349454, "1": 1.0567723959545867, "2": 1.0995986015776593}, "phi": {"0": 0.8091206743705444, "1": 0.3500019321661022, "2": 0.3432421457055227}, "psi": {"0": 1.180290825570702, "1": 1.2949712034725094, "2": 1.4098774922103117}, "sigma": {"0": 0.6213863678015412, "1": 0.9542527253845898, "2": 0.0}, "chi_high": 0.6218125884938664, "beta_low": null}