{"R": 40.0, "wi": 1, "di": 0, "delta": 1.0, "gamma": {"0": 0.9127947220139856, "1": 1.3364360518966452, "2": 0.5604777382274861}, "mu": {"0": 1.0909964775258134, "1": 1.0818057275269914, "2": 1.0758378153507777}, "phi": {"0": 0.6268344253353869, "1": 0.23408242806929602, "2": 0.9921986390620231}, "psi": {"0": 1.403645505566029, "1": 0.7176266130400781, "2": 1.1923238050667422}, "sigma": {"0": 0.9993464330260828, "1": 0.0, "2": 0.0}, "chi_high": null, "beta_low": 0.8459722762739863}