{"R": 40.0, "wi": 3, "di": 0, "delta": 1.0, "gamma": {"0": 1.011960438981961, "1": 1.1219317783504228, "2": 0.9573049642450221}, "mu": {"0": 1.0823911328236917, "1": 1.0237572100180505, "2": 1.1194097790164577}, "phi": {"0": 0.040515085445815724, "1": 0.46688433421544573, "2": 0.29279739443211006}, "psi": {"0": 0.6714870468358123, "1": 1.3745763386048022, "2": 0.9626757486172185}, "sigma": {"0": 0.6380610775344605, "1": 0.7217503850913993, "2": 0.0}, "chi_high": 0.04676941187086446, "beta_low": null}