{"R": 40.0, "wi": 3, "di": 2, "delta": 1.0, "gamma": {"0": 1.336911675141446, "1": 1.1223445952523181, "2": 1.064105196884232}, "mu": {"0": 1.0144767930079654, "1": 1.107337574850247, "2": 1.0484277348926287}, "phi": {"0": 0.35320288263416744, "1": 0.7555732805274809, "2": 0.626038155686017}, "psi": {"0": 0.5035025986150796, "1": 0.7898541558564968, "2": 0.6024329358025196}, "sigma": {"0": 0.5021097601671713, "1": 0.9206886886651584, "2": 0.0}, "chi_high": 0.518900742559745, "beta_low": null}