{"R": 40.0, "wi": 3, "di": 2, "delta": 1.0, "gamma": {"0": 1.405313151145755, "1": 1.44052358868356, "2": 0.5400130920103193}, "mu": {"0": 1.1341662959662948, "1": 1.1488523438398015, "2": 1.1212519587671512}, "phi": {"0": 0.38864451882654305, "1": 0.34806073486934797, "2": 0.9848117465336523}, "psi": {"0": 1.4635444987739077, "1": 0.8219665139248697, "2": 0.7461607883221002}, "sigma": {"0": 0.96050005977519, "1": 0.5730415954357104, "2": 0.0}, "chi_high": 0.06744421888339888, "beta_low": null}