{"R": 40.0, "wi": 0, "di": 2, "delta": 1.0, "gamma": {"0": 1.3204438422365845, "1": 1.0123661447997703, "2": 1.3926337562206337}, "mu": {"0": 1.0617351652998566, "1": 1.1200939739555646, "2": 1.0068517867503401}, "phi": {"0": 0.6224479697331126, "1": 0.21357803775611894, "2": 0.8188603692874458}, "psi": {"0": 1.067836364357733, "1": 0.9880682197983053, "2": 1.0503482803270479}, "sigma": {"0": 0.7317369430095875, "1": 0.706401699966902, "2": 0.0}, "chi_high": 0.14266244183395468, "beta_low": 0.04542516744155116}