{"R": 40.0, "wi": 3, "di": 1, "delta": 1.0, "gamma": {"0": 1.092833015980518, "1": 0.9928403425468655, "2": 1.4942580941695425}, "mu": {"0": 1.007545469731132, "1": 1.118596166728101, "2": 1.0616745274358785}, "phi": {"0": 0.07636668775043165, "1": 0.92190811509669, "2": 0.22328935306771613}, "psi": {"0": 0.6894105308587345, "1": 0.7357558968797915, "2": 0.9746489550191504}, "sigma": {"0": 0.5489643647791498, "1": 0.8202225056768927, "2": 0.0}, "chi_high": 0.12993615913854858, "beta_low": null}