{"R": 40.0, "wi": 1, "di": 0, "delta": 1.0, "gamma": {"0": 1.098142111046451, "1": 0.8653751535679469, "2": 1.3565945215054427}, "mu": {"0": 1.1485630772956055, "1": 1.0084672081772945, "2": 1.0722743208603702}, "phi": {"0": 0.9756449051295583, "1": 0.8705221062566951, "2": 0.6115831338049297}, "psi": {"0": 1.4913922099175174, "1": 1.3525082190484499, "2": 0.6427950281347488}, "sigma": {"0": 0.7094717366844636, "1": 0.0, "2": 0.0}, "chi_high": null, "beta_low": 0.7079911233983738}