{"R": 40.0, "wi": 2, "di": 2, "delta": 1.0, "gamma": {"0": 1.071364871793963, "1": 0.5844175767882648, "2": 1.2580663564877075}, "mu": {"0": 1.101080344524436, "1": 1.0507046602595644, "2": 1.1045628954143691}, "phi": {"0": 0.9947101784489952, "1": 0.3580894151282237, "2": 0.5730643721952887}, "psi": {"0": 0.8903691578947407, "1": 0.8185148738660162, "2": 1.231140736288228}, "sigma": {"0": 0.9293518819618056, "1": 0.6445243668284744, "2": 0.0}, "chi_high": null, "beta_low": null}