{"R": 40.0, "wi": 3, "di": 2, "delta": 1.0, "gamma": {"0": 0.5439468078272862, "1": 1.0915938949109, "2": 1.108646562113707}, "mu": {"0": 1.1212040058427322, "1": 1.1081376899705282, "2": 1.0968889318350656}, "phi": {"0": 0.9001713283652317, "1": 0.29145302452763, "2": 0.8374154705881981}, "psi": {"0": 0.8145903263100177, "1": 0.5529575054063436, "2": 0.7000673675260844}, "sigma": {"0": 0.9732716558915032, "1": 0.5646185599597929, "2": 0.0}, "chi_high": 0.25357564603649635, "beta_low": null}