{"R": 40.0, "wi": 0, "di": 2, "delta": 1.0, "gamma": {"0": 1.399066624467539, "1": 1.3008749593826128, "2": 1.2432415487245319}, "mu": {"0": 1.0755368843665156, "1": 1.03123103757775, "2": 1.1052472748661017}, "phi": {"0": 0.3972823205622332, "1": 0.946138870785999, "2": 0.17018461261303164}, "psi": {"0": 0.9857812921995449, "1": 0.5165154363646991, "2": 1.248362402850641}, "sigma": {"0": 0.7428551301986671, "1": 0.8676368307766197, "2": 0.0}, "chi_high": 0.36060044366024335, "beta_low": 0.022301627867117292}