{"R": 40.0, "wi": 3, "di": 2, "delta": 1.0, "gamma": {"0": 1.1436351177751924, "1": 1.4074118470280514, "2": 1.1822061031701387}, "mu": {"0": 1.0996592039906448, "1": 1.098521994379228, "2": 1.1407741933586206}, "phi": {"0": 0.6562846633489181, "1": 0.31839086861032795, "2": 0.08956657756794639}, "psi": {"0": 0.9920399263458219, "1": 1.1376589952757818, "2": 1.370286655276304}, "sigma": {"0": 0.8227468325289309, "1": 0.7412116229527143, "2": 0.0}, "chi_high": 0.9255676073576966, "beta_low": null}