{"R": 40.0, "wi": 2, "di": 2, "delta": 1.0, "gamma": {"0": 1.0514108391295502, "1": 0.6049238669776893, "2": 0.8683603000817881}, "mu": {"0": 1.074922599799014, "1": 1.00144333835179, "2": 1.0186126183616144}, "phi": {"0": 0.718552529674196, "1": 0.9008376993547502, "2": 0.9821079736844398}, "psi": {"0": 0.5430488803574979, "1": 0.6454315431345841, "2": 1.1079734220275896}, "sigma": {"0": 0.9791427630379591, "1": 0.5137142484248011, "2": 0.0}, "chi_high": null, "beta_low": null}