{"R": 40.0, "wi": 2, "di": 1, "delta": 1.0, "gamma": {"0": 0.5466240646472077, "1": 0.7088988982703128, "2": 1.4202671192179266}, "mu": {"0": 1.0239997209743186, "1": 1.007361064297341, "2": 1.1366655943819413}, "phi": {"0": 0.025177931371663798, "1": 0.9776935101755031, "2": 0.1294395840699767}, "psi": {"0": 1.3282777757753377, "1": 1.2554735603077924, "2": 1.4818843664489254}, "sigma": {"0": 0.8333789535271117, "1": 0.5982657107141718, "2": 0.0}, "chi_high": null, "beta_low": null}