{"R": 40.0, "wi": 3, "di": 2, "delta": 1.0, "gamma": {"0": 0.9572600092394494, "1": 0.8171654956217403, "2": 0.6435582237993359}, "mu": {"0": 1.089766562063713, "1": 1.04674724479096, "2": 1.1421408786287}, "phi": {"0": 0.61158517023933, "1": 0.705764234255939, "2": 0.7331587977727406}, "psi": {"0": 1.1861518899576193, "1": 0.9040180717619146, "2": 1.3108329937461818}, "sigma": {"0": 0.6723646957433806, "1": 0.6747371523041786, "2": 0.0}, "chi_high": 0.0275780726571351, "beta_low": null}