{"R": 40.0, "wi": 1, "di": 1, "delta": 1.0, "gamma": {"0": 1.4468427256846335, "1": 0.7213331945851197, "2": 1.1360784077816457}, "mu": {"0": 1.139111381872134, "1": 1.0855724405185998, "2": 1.1390136954314096}, "phi": {"0": 0.19365116766840573, "1": 0.8623491603653929, "2": 0.934775418833563}, "psi": {"0": 1.1870227395219706, "1": 0.9120325891166972, "2": 1.4588480503170376}, "sigma": {"0": 0.9858278473479306, "1": 0.0, "2": 0.0}, "chi_high": null, "beta_low": 0.5831430649740655}