{"R": 40.0, "wi": 2, "di": 2, "delta": 1.0, "gamma": {"0": 0.7371465232839269, "1": 1.4368583389828309, "2": 0.8714406330995217}, "mu": {"0": 1.0785735826095777, "1": 1.083635450142152, "2": 1.031637157905056}, "phi": {"0": 0.6329812644208029, "1": 0.726527961482292, "2": 0.7487049074639311}, "psi": {"0": 0.5195343263573493, "1": 0.5027179380241222, "2": 0.8361097598446673}, "sigma": {"0": 0.7980368588938709, "1": 0.7901006302325602, "2": 0.0}, "chi_high": null, "beta_low": null}