{"R": 40.0, "wi": 1, "di": 0, "delta": 1.0, "gamma": {"0": 1.116181008004898, "1": 0.9147929793905006, "2": 0.6349140915769251}, "mu": {"0": 1.0343187110387442, "1": 1.114261786161613, "2": 1.0592089694960387}, "phi": {"0": 0.2279628177565063, "1": 0.5155126318954519, "2": 0.25630635320707684}, "psi": {"0": 0.9566946917160037, "1": 0.7390479624690872, "2": 0.7259136503423345}, "sigma": {"0": 0.5607077695103263, "1": 0.0, "2": 0.0}, "chi_high": null, "beta_low": 0.8718311040296444}