{"R": 40.0, "wi": 1, "di": 0, "delta": 1.0, "gamma": {"0": 0.5736570891811122, "1": 1.3628307306184275, "2": 1.009117436153058}, "mu": {"0": 1.0932732716081373, "1": 1.092891258857483, "2": 1.0557506270252435}, "phi": {"0": 0.8501963975900381, "1": 0.25914720653097956, "2": 0.24125441934024272}, "psi": {"0": 1.4350165794210543, "1": 0.6354634201265776, "2": 1.1122581298414467}, "sigma": {"0": 0.5010783575783064, "1": 0.0, "2": 0.0}, "chi_high": null, "beta_low": 0.12027770815539147}