{"R": 40.0, "wi": 3, "di": 2, "delta": 1.0, "gamma": {"0": 1.2168373202614857, "1": 1.017402503626568, "2": 1.22186304063072}, "mu": {"0": 1.1093575283387427, "1": 1.0820537792350124, "2": 1.0554133665824217}, "phi": {"0": 0.9698865431880036, "1": 0.938089422627998, "2": 0.2780064249870956}, "psi": {"0": 1.4240116631821933, "1": 0.620210546959037, "2": 1.410062010435276}, "sigma": {"0": 0.7827137322928038, "1": 0.8199879430210814, "2": 0.0}, "chi_high": 0.8299836665153706, "beta_low": null}