{"R": 40.0, "wi": 1, "di": 0, "delta": 1.0, "gamma": {"0": 1.371252098810745, "1": 1.479405189120607, "2": 0.7026863486997904}, "mu": {"0": 1.0692884223371566, "1": 1.0192374483567264, "2": 1.0743535202198262}, "phi": {"0": 0.6427874181580421, "1": 0.8496184051940656, "2": 0.45116826828245504}, "psi": {"0": 0.8365063814937267, "1": 1.3537589498834133, "2": 0.7541589016161232}, "sigma": {"0": 0.5612182500599331, "1": 0.0, "2": 0.0}, "chi_high": null, "beta_low": 0.9189980552291483}