{"R": 40.0, "wi": 3, "di": 2, "delta": 1.0, "gamma": {"0": 1.4782249720003056, "1": 1.4579185894446725, "2": 0.978743091042696}, "mu": {"0": 1.1382978332441218, "1": 1.0339219586600372, "2": 1.073922320216669}, "phi": {"0": 0.10373050312200127, "1": 0.7222247172049782, "2": 0.37529016049780606}, "psi": {"0": 1.1919279532468738, "1": 1.299945278052805, "2": 0.6968407983728012}, "sigma": {"0": 0.5231555196379065, "1": 0.8776509008525069, "2": 0.0}, "chi_high": 0.28864398016803566, "beta_low": null}