{"R": 40.0, "wi": 1, "di": 1, "delta": 1.0, "gamma": {"0": 1.419437112227759, "1": 1.2761732541759738, "2": 1.4151486273511675}, "mu": {"0": 1.0277139743654649, "1": 1.0761186159561884, "2": 1.13150525213659}, "phi": {"0": 0.23870859617580698, "1": 0.18943365965110748, "2": 0.16709665555755637}, "psi": {"0": 1.179484818156423, "1": 0.6366514694787958, "2": 0.7167281158218608}, "sigma": {"0": 0.8613859490148383, "1": 0.0, "2": 0.0}, "chi_high": null, "beta_low": 0.3656008796887502}