{"R": 40.0, "wi": 2, "di": 1, "delta": 1.0, "gamma": {"0": 0.8727896371357501, "1": 1.3639352385837107, "2": 1.481720912225943}, "mu": {"0": 1.120646572004069, "1": 1.1257870939720507, "2": 1.143425765490299}, "phi": {"0": 0.13979290389155186, "1": 0.6608701736882605, "2": 0.7346015545210958}, "psi": {"0": 0.6020554458120008, "1": 0.8761620053072986, "2": 1.270311542382832}, "sigma": {"0": 0.6446338733170354, "1": 0.8131693396126256, "2": 0.0}, "chi_high": null, "beta_low": null}