{"R": 40.0, "wi": 2, "di": 2, "delta": 1.0, "gamma": {"0": 0.6061050807353651, "1": 1.163662620833188, "2": 1.084949516016176}, "mu": {"0": 1.0258037806847708, "1": 1.1211072725947009, "2": 1.1064111663518277}, "phi": {"0": 0.6878013287865182, "1": 0.36534405478759246, "2": 0.23606613389451703}, "psi": {"0": 1.012524430746033, "1": 1.4891529256484541, "2": 0.6483764434309313}, "sigma": {"0": 0.6643282652607335, "1": 0.8249049477822432, "2": 0.0}, "chi_high": null, "beta_low": null}