{"R": 40.0, "wi": 3, "di": 0, "delta": 1.0, "gamma": {"0": 0.8350104994556389, "1": 0.6225622209682097, "2": 0.6970715314448048}, "mu": {"0": 1.1403234193918523, "1": 1.1080843326105605, "2": 1.0616356939910998}, "phi": {"0": 0.2049626666768125, "1": 0.8465397216902597, "2": 0.05254054108159034}, "psi": {"0": 0.8301765803248848, "1": 0.6754444724548732, "2": 1.2124515559763993}, "sigma": {"0": 0.9021319090348663, "1": 0.9783933875013684, "2": 0.0}, "chi_high": 0.7456582718021857, "beta_low": null}