{"R": 40.0, "wi": 1, "di": 0, "delta": 1.0, "gamma": {"0": 0.5104070581518431, "1": 1.3605818136871681, "2": 0.6325919189961159}, "mu": {"0": 1.0971067832708832, "1": 1.073223056209514, "2": 1.0532197410080086}, "phi": {"0": 0.33392377397384987, "1": 0.44272438229369915, "2": 0.5089023962323145}, "psi": {"0": 0.598552524950229, "1": 1.117441987799988, "2": 1.1505741135117218}, "sigma": {"0": 0.6291109398198322, "1": 0.0, "2": 0.0}, "chi_high": null, "beta_low": 0.27873479893785574}