{"R": 40.0, "wi": 1, "di": 1, "delta": 1.0, "gamma": {"0": 1.0187698693528993, "1": 1.4645704055888984, "2": 0.6456097031323224}, "mu": {"0": 1.081870840092265, "1": 1.062505901562258, "2": 1.0670144096049439}, "phi": {"0": 0.9377313646464484, "1": 0.37829989956137444, "2": 0.2628214813721462}, "psi": {"0": 1.041962184963724, "1": 1.0199755205788854, "2": 0.5784933124828012}, "sigma": {"0": 0.8163154408300923, "1": 0.0, "2": 0.0}, "chi_high": null, "beta_low": 0.27930652070171325}