{"R": 40.0, "wi": 1, "di": 0, "delta": 1.0, "gamma": {"0": 0.5258219428038683, "1": 0.6791252637095562, "2": 1.3569156679999559}, "mu": {"0": 1.0725928316033235, "1": 1.1402374603147074, "2": 1.134211677688365}, "phi": {"0": 0.3141545755555406, "1": 0.9699771369708848, "2": 0.2714380559213472}, "psi": {"0": 0.9382349035988292, "1": 1.2876847061942893, "2": 1.1228285902978312}, "sigma": {"0": 0.9027803912156622, "1": 0.0, "2": 0.0}, "chi_high": null, "beta_low": 0.7539633588266158}