{"R": 40.0, "wi": 2, "di": 2, "delta": 1.0, "gamma": {"0": 1.1907170554892657, "1": 1.4145076361566309, "2": 0.6282886472720248}, "mu": {"0": 1.0489321932844413, "1": 1.0023701134630558, "2": 1.1178295896750485}, "phi": {"0": 0.35041510405042553, "1": 0.12216743620958515, "2": 0.6118390605566885}, "psi": {"0": 0.701281690033184, "1": 0.9658578003271195, "2": 1.2341674475848887}, "sigma": {"0": 0.7778355196315339, "1": 0.9269908000997604, "2": 0.0}, "chi_high": null, "beta_low": null}