{"R": 40.0, "wi": 2, "di": 0, "delta": 1.0, "gamma": {"0": 0.6089508595434283, "1": 1.0247518314182091, "2": 1.4981237401178542}, "mu": {"0": 1.1483024723353359, "1": 1.0180303041925203, "2": 1.0554744198684367}, "phi": {"0": 0.7237313553089648, "1": 0.5182102792558186, "2": 0.8713130124499624}, "psi": {"0": 0.9372436885395117, "1": 1.0835877422698377, "2": 1.2598826875271851}, "sigma": {"0": 0.7372507210008311, "1": 0.6686169043058614, "2": 0.0}, "chi_high": null, "beta_low": null}