{"R": 40.0, "wi": 0, "di": 0, "delta": 1.0, "gamma": {"0": 0.9367314027571978, "1": 0.6531655184078506, "2": 1.193683238912976}, "mu": {"0": 1.024618981970504, "1": 1.126516874909846, "2": 1.0778487000575772}, "phi": {"0": 0.9733860481720809, "1": 0.6980988487736712, "2": 0.32980170452798974}, "psi": {"0": 1.0442426653568146, "1": 0.6272312043963544, "2": 1.3299496282444647}, "sigma": {"0": 0.811954874849719, "1": 0.7094539208966086, "2": 0.0}, "chi_high": 0.15667411934203557, "beta_low": 0.2885765746096772}