{"R": 40.0, "wi": 1, "di": 2, "delta": 1.0, "gamma": {"0": 1.1903969353103028, "1": 0.8557003953072655, "2": 1.2054847172817915}, "mu": {"0": 1.0808448793447683, "1": 1.0820412848929453, "2": 1.0545524919338514}, "phi": {"0": 0.02173570227098076, "1": 0.47956875796286613, "2": 0.6704046212308346}, "psi": {"0": 1.265887980285855, "1": 0.624143790757922, "2": 0.8887999181009704}, "sigma": {"0": 0.6919277147420415, "1": 0.0, "2": 0.0}, "chi_high": null, "beta_low": 0.93484877949881}