{"R": 40.0, "wi": 3, "di": 1, "delta": 1.0, "gamma": {"0": 1.3923149528144843, "1": 0.5028948416276532, "2": 1.0246096956231971}, "mu": {"0": 1.0825561686991731, "1": 1.0141269207403119, "2": 1.1498073309608334}, "phi": {"0": 0.5782881858533128, "1": 0.11857338617402802, "2": 0.305213663746714}, "psi": {"0": 1.3164801810921118, "1": 0.5402375759410804, "2": 0.7694484164879936}, "sigma": {"0": 0.773163161791232, "1": 0.5878098094590805, "2": 0.0}, "chi_high": 0.022131679471401506, "beta_low": null}