{"R": 40.0, "wi": 2, "di": 1, "delta": 1.0, "gamma": {"0": 1.4211109743319994, "1": 0.6052828493817771, "2": 0.5076317726160714}, "mu": {"0": 1.1114961223549205, "1": 1.0052643340294205, "2": 1.0352131242731706}, "phi": {"0": 0.8439052890429091, "1": 0.3029022460777542, "2": 0.05143585216727142}, "psi": {"0": 1.2355032628679368, "1": 1.1205447217942028, "2": 1.4294997050437424}, "sigma": {"0": 0.5613935564595696, "1": 0.6232649773798016, "2": 0.0}, "chi_high": null, "beta_low": null}