{"R": 40.0, "wi": 1, "di": 2, "delta": 1.0, "gamma": {"0": 1.1173056047123446, "1": 1.4159967936130542, "2": 0.960575706626405}, "mu": {"0": 1.1216120498521678, "1": 1.1059787925099993, "2": 1.077218482966564}, "phi": {"0": 0.3012269598601677, "1": 0.6780747239690349, "2": 0.7146439787338189}, "psi": {"0": 0.5522361338511433, "1": 0.6166000515907712, "2": 1.2072225200765083}, "sigma": {"0": 0.914116953029474, "1": 0.0, "2": 0.0}, "chi_high": null, "beta_low": 0.22862925405136464}