{"R": 40.0, "wi": 0, "di": 2, "delta": 1.0, "gamma": {"0": 1.1114340529700617, "1": 0.8861940999190041, "2": 1.0262364673652793}, "mu": {"0": 1.11071289123513, "1": 1.0719655575086204, "2": 1.0528198662409345}, "phi": {"0": 0.6243765697016646, "1": 0.2681983095624635, "2": 0.21846625042003553}, "psi": {"0": 0.5086860371011263, "1": 1.3585411650430097, "2": 0.8581800746484072}, "sigma": {"0": 0.7103904980963421, "1": 0.7764014425332508, "2": 0.0}, "chi_high": 0.5530744554953649, "beta_low": 0.1983400751272431}