{"R": 40.0, "wi": 2, "di": 0, "delta": 1.0, "gamma": {"0": 0.889137217439281, "1": 0.9890995323944398, "2": 1.3122954936636462}, "mu": {"0": 1.1313616927387062, "1": 1.044874282566829, "2": 1.1240273867711874}, "phi": {"0": 0.9844299414268195, "1": 0.24715350818655923, "2": 0.2752410620554233}, "psi": {"0": 1.1020519732600853, "1": 1.1270241312085227, "2": 0.6587364222967742}, "sigma": {"0": 0.7110563601425053, "1": 0.7596099299707475, "2": 0.0}, "chi_high": null, "beta_low": null}