{"R": 40.0, "wi": 0, "di": 0, "delta": 1.0, "gamma": {"0": 0.7741152855715409, "1": 0.8257128533044438, "2": 0.6034000900659636}, "mu": {"0": 1.1398139318077884, "1": 1.1430963437972392, "2": 1.1432371695601262}, "phi": {"0": 0.6725958633026309, "1": 0.6356954988664066, "2": 0.6518324332349144}, "psi": {"0": 0.6035890846994963, "1": 0.9086476377118838, "2": 0.6842327232043152}, "sigma": {"0": 0.9595670507715095, "1": 0.9934743607416859, "2": 0.0}, "chi_high": 0.8553458881577038, "beta_low": 0.057702495006114095}