{"R": 40.0, "wi": 1, "di": 2, "delta": 1.0, "gamma": {"0": 1.26013194486689, "1": 1.0145506061275702, "2": 0.5625729259106763}, "mu": {"0": 1.1366388031286299, "1": 1.126368538516312, "2": 1.0053815347535517}, "phi": {"0": 0.4591345475108647, "1": 0.43354550954665594, "2": 0.8179333878412436}, "psi": {"0": 1.0358472114151813, "1": 0.8379106759722564, "2": 0.6012613496674926}, "sigma": {"0": 0.9028768002085334, "1": 0.0, "2": 0.0}, "chi_high": null, "beta_low": 0.01002660358122489}