{"R": 40.0, "wi": 2, "di": 0, "delta": 1.0, "gamma": {"0": 0.7619084220105607, "1": 1.47044085313538, "2": 0.5096127777484021}, "mu": {"0": 1.031519420918846, "1": 1.0756973598212438, "2": 1.1497568698486837}, "phi": {"0": 0.4046078332838722, "1": 0.3170144703349954, "2": 0.9799588059009976}, "psi": {"0": 1.0572559082139104, "1": 0.7349267708427081, "2": 0.7683629053494048}, "sigma": {"0": 0.6239688160264424, "1": 0.576327220625213, "2": 0.0}, "chi_high": null, "beta_low": null}