{"R": 40.0, "wi": 0, "di": 0, "delta": 1.0, "gamma": {"0": 0.6716694355435777, "1": 1.3746036235053225, "2": 1.4944092969805798}, "mu": {"0": 1.0521117439819263, "1": 1.0568576704489598, "2": 1.085291170677621}, "phi": {"0": 0.7891623754437062, "1": 0.756429262980079, "2": 0.5522912279915367}, "psi": {"0": 0.8706147874996346, "1": 0.8866328118946497, "2": 0.5183051126996656}, "sigma": {"0": 0.6426679126959778, "1": 0.5036786582946444, "2": 0.0}, "chi_high": 0.34056724189966253, "beta_low": 0.2722477352854362}