{"R": 40.0, "wi": 3, "di": 2, "delta": 1.0, "gamma": {"0": 0.6823167065784466, "1": 0.5309665112024898, "2": 1.2829038953752239}, "mu": {"0": 1.0748305527745439, "1": 1.0419036123122871, "2": 1.0153783319558902}, "phi": {"0": 0.5599163712425037, "1": 0.8383817638881341, "2": 0.9022417337414067}, "psi": {"0": 1.2491368349479843, "1": 1.4054220010392175, "2": 0.7579663092265135}, "sigma": {"0": 0.6172989005486598, "1": 0.9016893672341391, "2": 0.0}, "chi_high": 0.915054577924322, "beta_low": null}