{"R": 40.0, "wi": 3, "di": 1, "delta": 1.0, "gamma": {"0": 1.221007643850647, "1": 0.6125357057969527, "2": 1.3424524808486427}, "mu": {"0": 1.053906951349757, "1": 1.1343476655488756, "2": 1.1369015257278519}, "phi": {"0": 0.33879687671099135, "1": 0.34689147717884006, "2": 0.2619272711531144}, "psi": {"0": 1.4321089239869953, "1": 1.4737001666561595, "2": 1.3777419523018524}, "sigma": {"0": 0.7466897784913971, "1": 0.9011349801040149, "2": 0.0}, "chi_high": 0.9803696131745044, "beta_low": null}