{"R": 40.0, "wi": 0, "di": 1, "delta": 1.0, "gamma": {"0": 1.2198021586253889, "1": 1.0764196929022956, "2": 1.1794845437441674}, "mu": {"0": 1.1299476463653433, "1": 1.0249056373221594, "2": 1.1070798515179052}, "phi": {"0": 0.4497320185385012, "1": 0.6553406913672427, "2": 0.9316313266933823}, "psi": {"0": 1.4153384510746654, "1": 0.9366916488283981, "2": 0.5081456614800446}, "sigma": {"0": 0.8169458809280097, "1": 0.6739249846174555, "2": 0.0}, "chi_high": 0.5853226974069605, "beta_low": 0.589341129027648}