{"R": 40.0, "wi": 1, "di": 0, "delta": 1.0, "gamma": {"0": 1.0001879279445727, "1": 0.7101396629497595, "2": 1.3796291855915181}, "mu": {"0": 1.0176086714499586, "1": 1.0793544371323478, "2": 1.12658318797717}, "phi": {"0": 0.1546988577161995, "1": 0.09684162968645371, "2": 0.10211712787478655}, "psi": {"0": 1.3087558868637186, "1": 0.6006217153621981, "2": 0.9388396942314823}, "sigma": {"0": 0.609347556472415, "1": 0.0, "2": 0.0}, "chi_high": null, "beta_low": 0.8080844126851094}