{"R": 40.0, "wi": 0, "di": 2, "delta": 1.0, "gamma": {"0": 1.2288416170803473, "1": 0.5924388593702141, "2": 0.7226705276562297}, "mu": {"0": 1.1059485528175825, "1": 1.0830529849883805, "2": 1.0062939477801682}, "phi": {"0": 0.2268123271629292, "1": 0.9980474384071182, "2": 0.7058217936154214}, "psi": {"0": 1.1270102081249287, "1": 0.9323349418355287, "2": 0.5613061922984808}, "sigma": {"0": 0.8675100631351207, "1": 0.8655528134290815, "2": 0.0}, "chi_high": 0.09850868308829873, "beta_low": 0.36290366238149474}