{"R": 40.0, "wi": 1, "di": 1, "delta": 1.0, "gamma": {"0": 1.3554207492849275, "1": 0.5288691803425506, "2": 0.7312601944328982}, "mu": {"0": 1.032202075283056, "1": 1.0874754599291772, "2": 1.0117615151996937}, "phi": {"0": 0.07748382723847624, "1": 0.22624851585192962, "2": 0.9918758915309434}, "psi": {"0": 0.9060628919733651, "1": 0.8976374810594284, "2": 1.192695994250645}, "sigma": {"0": 0.6828252901864311, "1": 0.0, "2": 0.0}, "chi_high": null, "beta_low": 0.40526176065338526}