{"R": 40.0, "wi": 1, "di": 1, "delta": 1.0, "gamma": {"0": 1.146803707482773, "1": 1.149600465444181, "2": 1.29048079075024}, "mu": {"0": 1.1054184708309052, "1": 1.0009017447414674, "2": 1.1135165480074918}, "phi": {"0": 0.25105589775503745, "1": 0.2590904838908177, "2": 0.0972720077643432}, "psi": {"0": 1.2346189673445322, "1": 1.1927038707273185, "2": 0.7803669499399296}, "sigma": {"0": 0.582581076664676, "1": 0.0, "2": 0.0}, "chi_high": null, "beta_low": 0.669472140555636}