{"R": 40.0, "wi": 2, "di": 2, "delta": 1.0, "gamma": {"0": 0.9952347676090715, "1": 1.3392946646231376, "2": 1.1741471126348317}, "mu": {"0": 1.027521304475233, "1": 1.0416033302049752, "2": 1.0203291450652958}, "phi": {"0": 0.22190737891542367, "1": 0.7477407653269723, "2": 0.1618747385819409}, "psi": {"0": 1.0604008775638407, "1": 1.2557548528720202, "2": 1.4889675489990706}, "sigma": {"0": 0.9252376164409889, "1": 0.7503345767540223, "2": 0.0}, "chi_high": null, "beta_low": null}