{"R": 40.0, "wi": 3, "di": 1, "delta": 1.0, "gamma": {"0": 0.9294794889253694, "1": 1.2360317391774467, "2": 1.412460422049021}, "mu": {"0": 1.033012184725618, "1": 1.1097629344307445, "2": 1.0014087502788276}, "phi": {"0": 0.8994543289733142, "1": 0.3023082905169696, "2": 0.6273088776066875}, "psi": {"0": 0.6118600916852225, "1": 1.4378251555902715, "2": 1.2945125808676472}, "sigma": {"0": 0.7744772311536456, "1": 0.8329611693224213, "2": 0.0}, "chi_high": 0.8582659889297147, "beta_low": null}