{"R": 40.0, "wi": 3, "di": 2, "delta": 1.0, "gamma": {"0": 0.9914942062188715, "1": 0.5484236236297472, "2": 0.6143300973691798}, "mu": {"0": 1.1264258245977525, "1": 1.0274189192436225, "2": 1.1229649054825375}, "phi": {"0": 0.06560135976470105, "1": 0.9186466433380609, "2": 0.5244832987210907}, "psi": {"0": 1.013343262466882, "1": 0.7066398779709794, "2": 1.0575478566937149}, "sigma": {"0": 0.6500137523030456, "1": 0.83361967709944, "2": 0.0}, "chi_high": 0.7614045330582485, "beta_low": null}