{"R": 40.0, "wi": 2, "di": 1, "delta": 1.0, "gamma": {"0": 0.9037545603125949, "1": 1.3326305588616127, "2": 1.2551815807930646}, "mu": {"0": 1.0079213459456267, "1": 1.0200363223949873, "2": 1.1014832290391987}, "phi": {"0": 0.14838698730009814, "1": 0.23708464088849113, "2": 0.8977778332601758}, "psi": {"0": 0.9596235539098787, "1": 1.375168913775639, "2": 0.6467835227339132}, "sigma": {"0": 0.5470852952819437, "1": 0.8861082638105737, "2": 0.0}, "chi_high": null, "beta_low": null}