{"R": 40.0, "wi": 3, "di": 0, "delta": 1.0, "gamma": {"0": 1.0259731211864054, "1": 1.4863432669939773, "2": 0.9470034372424662}, "mu": {"0": 1.1066864518711226, "1": 1.0450060642377301, "2": 1.0765366936225342}, "phi": {"0": 0.6478259017002553, "1": 0.5835381844119002, "2": 0.7042253622132436}, "psi": {"0": 0.9563377457868336, "1": 0.7337829860968251, "2": 1.1904471034196336}, "sigma": {"0": 0.5860179053403989, "1": 0.5309727784270044, "2": 0.0}, "chi_high": 0.1822469733681527, "beta_low": null}