{"R": 40.0, "wi": 1, "di": 0, "delta": 1.0, "gamma": {"0": 1.3866329500463328, "1": 0.9017177648676871, "2": 0.6470617130333771}, "mu": {"0": 1.1218989915166362, "1": 1.1168402008650242, "2": 1.0306055711375484}, "phi": {"0": 0.28362670824702796, "1": 0.7475671067412404, "2": 0.7640434309117237}, "psi": {"0": 0.864004010615458, "1": 0.5116743637130903, "2": 0.928884197656467}, "sigma": {"0": 0.9654811439572513, "1": 0.0, "2": 0.0}, "chi_high": null, "beta_low": 0.720755145985426}