{"R": 40.0, "wi": 0, "di": 2, "delta": 1.0, "gamma": {"0": 1.3255765658782455, "1": 1.3560930245591536, "2": 0.5215412834281922}, "mu": {"0": 1.1114629442022403, "1": 1.077800651225449, "2": 1.1291295804029071}, "phi": {"0": 0.32274007185530884, "1": 0.026772973370954856, "2": 0.42516313203118106}, "psi": {"0": 0.9036575078635354, "1": 0.9304315029834729, "2": 0.5235623778710509}, "sigma": {"0": 0.9783141030227407, "1": 0.9107132151557111, "2": 0.0}, "chi_high": 0.31434889034279756, "beta_low": 0.26397412398975834}