{"R": 40.0, "wi": 1, "di": 0, "delta": 1.0, "gamma": {"0": 0.8828374103323756, "1": 1.409171741890946, "2": 1.4932744303793937}, "mu": {"0": 1.0186273145688864, "1": 1.0202693310884798, "2": 1.0324440991323742}, "phi": {"0": 0.5564488992184687, "1": 0.4055994720874557, "2": 0.6953370152960712}, "psi": {"0": 0.7907433011189433, "1": 0.6532676008762358, "2": 0.9207522507074393}, "sigma": {"0": 0.5452278056557633, "1": 0.0, "2": 0.0}, "chi_high": null, "beta_low": 0.12965840064732292}