{"R": 40.0, "wi": 0, "di": 1, "delta": 1.0, "gamma": {"0": 0.5358049424983283, "1": 0.5490449740061464, "2": 0.7406520619576655}, "mu": {"0": 1.011368198512912, "1": 1.0301261814583709, "2": 1.100236611208083}, "phi": {"0": 0.6137839506311739, "1": 0.5801419355833459, "2": 0.5550747482248489}, "psi": {"0": 1.4749464137045498, "1": 1.2190104476636188, "2": 0.6158857453185246}, "sigma": {"0": 0.6336473637593647, "1": 0.8241152281575987, "2": 0.0}, "chi_high": 0.7698251640821715, "beta_low": 0.4076246188640532}