{"R": 40.0, "wi": 1, "di": 1, "delta": 1.0, "gamma": {"0": 1.2750163559863865, "1": 1.4301208899311908, "2": 0.5584127636380174}, "mu": {"0": 1.0231536769652079, "1": 1.0962431565372104, "2": 1.0004054855663411}, "phi": {"0": 0.1454081755763854, "1": 0.9238117050478337, "2": 0.4570505306149115}, "psi": {"0": 1.2652550845770942, "1": 0.9192154350488829, "2": 1.4320599783198613}, "sigma": {"0": 0.9983335952085208, "1": 0.0, "2": 0.0}, "chi_high": null, "beta_low": 0.18382331342370647}