{"R": 40.0, "wi": 2, "di": 0, "delta": 1.0, "gamma": {"0": 1.184514871784594, "1": 0.9788599713600453, "2": 1.4068141356356119}, "mu": {"0": 1.1410610735553262, "1": 1.032667208424133, "2": 1.0563845843279547}, "phi": {"0": 0.09315157283275788, "1": 0.7794402826203366, "2": 0.6306130816257927}, "psi": {"0": 1.1271455892688378, "1": 1.439492218319033, "2": 1.035114294871184}, "sigma": {"0": 0.6833337357631235, "1": 0.8614724671621246, "2": 0.0}, "chi_high": null, "beta_low": null}