{"R": 40.0, "wi": 3, "di": 2, "delta": 1.0, "gamma": {"0": 0.8483642925740595, "1": 1.2181638850779777, "2": 0.7768482074505778}, "mu": {"0": 1.0358265788405103, "1": 1.0945776667511096, "2": 1.1431474380750473}, "phi": {"0": 0.14915883843362643, "1": 0.8265765428268488, "2": 0.6945591858827688}, "psi": {"0": 1.1907803040444571, "1": 0.9396455322140318, "2": 1.3944359360131333}, "sigma": {"0": 0.858121284197324, "1": 0.568484264936793, "2": 0.0}, "chi_high": 0.5675887313374394, "beta_low": null}