{"R": 40.0, "wi": 3, "di": 2, "delta": 1.0, "gamma": {"0": 0.9768052009545787, "1": 1.1124965947990635, "2": 1.3698145503449648}, "mu": {"0": 1.1233375571741901, "1": 1.1239163801136387, "2": 1.1107366889490156}, "phi": {"0": 0.528128423668158, "1": 0.7748415911570763, "2": 0.1637730140411463}, "psi": {"0": 0.8335491379208992, "1": 0.8839090308461207, "2": 0.9030398869138271}, "sigma": {"0": 0.6108012539250751, "1": 0.8979101704740391, "2": 0.0}, "chi_high": 0.9350849389737488, "beta_low": null}