{"R": 40.0, "wi": 2, "di": 1, "delta": 1.0, "gamma": {"0": 0.5703121922811769, "1": 0.8950458175925255, "2": 1.2710446346560378}, "mu": {"0": 1.0968472185461966, "1": 1.088143690481968, "2": 1.1355689269081364}, "phi": {"0": 0.184023768666145, "1": 0.46347202969852985, "2": 0.3925257549247245}, "psi": {"0": 1.1167297952476303, "1": 0.5183788678203012, "2": 0.898223645482164}, "sigma": {"0": 0.8221462285365534, "1": 0.5315699678464297, "2": 0.0}, "chi_high": null, "beta_low": null}