{"R": 40.0, "wi": 0, "di": 0, "delta": 1.0, "gamma": {"0": 1.308199239359445, "1": 1.3012493609848592, "2": 1.3448554594391062}, "mu": {"0": 1.010097323224138, "1": 1.06637071620728, "2": 1.0968314743233738}, "phi": {"0": 0.3873226331516061, "1": 0.0381365444432753, "2": 0.4683853899231958}, "psi": {"0": 1.4438801583868481, "1": 1.3205096960504623, "2": 0.6991795355202359}, "sigma": {"0": 0.56936383538224, "1": 0.6662193275659951, "2": 0.0}, "chi_high": 0.8848331727407969, "beta_low": 0.9434766627903667}