{"R": 40.0, "wi": 0, "di": 2, "delta": 1.0, "gamma": {"0": 0.5037138010306457, "1": 1.0071547663737477, "2": 1.3586411859026042}, "mu": {"0": 1.139019521695662, "1": 1.097523977900724, "2": 1.048195273423604}, "phi": {"0": 0.3760043202627824, "1": 0.3430080695466866, "2": 0.08707716444589475}, "psi": {"0": 0.9228152770065059, "1": 0.5026184792232438, "2": 0.9778136080923755}, "sigma": {"0": 0.5140833664319755, "1": 0.8438707778329126, "2": 0.0}, "chi_high": 0.26461430231863775, "beta_low": 0.45923905775635804}