{"R": 40.0, "wi": 0, "di": 1, "delta": 1.0, "gamma": {"0": 0.5042884814292544, "1": 0.9799764714248471, "2": 1.4256983314038618}, "mu": {"0": 1.0539097536491884, "1": 1.1330688023986302, "2": 1.140267716202746}, "phi": {"0": 0.3245167827752844, "1": 0.38915394186951224, "2": 0.07957615990400246}, "psi": {"0": 1.2205284561884764, "1": 1.4937071593759585, "2": 1.4880978872036594}, "sigma": {"0": 0.503893761980399, "1": 0.8296642764643389, "2": 0.0}, "chi_high": 0.9229880813599677, "beta_low": 0.6454589227651968}