{"R": 40.0, "wi": 3, "di": 0, "delta": 1.0, "gamma": {"0": 0.5554134568748154, "1": 1.4667703593523644, "2": 0.5670740376903247}, "mu": {"0": 1.1189923327464975, "1": 1.0885473562644399, "2": 1.0440826516860375}, "phi": {"0": 0.3712246305781045, "1": 0.7101770054308476, "2": 0.7128920737318369}, "psi": {"0": 1.4504573169904003, "1": 0.7271025221419488, "2": 1.1955431428608896}, "sigma": {"0": 0.9504471465166915, "1": 0.6710605842531132, "2": 0.0}, "chi_high": 0.6060422423900499, "beta_low": null}