{"R": 40.0, "wi": 0, "di": 2, "delta": 1.0, "gamma": {"0": 0.7648971608163533, "1": 1.3932742056851612, "2": 0.8077202777368364}, "mu": {"0": 1.014922401857316, "1": 1.0044728297153578, "2": 1.0559729764793209}, "phi": {"0": 0.23318924720996925, "1": 0.9926862154926065, "2": 0.2498097657774302}, "psi": {"0": 0.8918905062857411, "1": 1.3260727149507647, "2": 0.85012670768303}, "sigma": {"0": 0.9040452127474904, "1": 0.8692915239388646, "2": 0.0}, "chi_high": 0.2842761593843989, "beta_low": 0.7468234283875028}