{"R": 40.0, "wi": 2, "di": 2, "delta": 1.0, "gamma": {"0": 1.1073369730668965, "1": 0.6328373792326495, "2": 0.929894587059139}, "mu": {"0": 1.0573212020561134, "1": 1.0909916184123178, "2": 1.098757622121848}, "phi": {"0": 0.01191362329172585, "1": 0.6410488708329916, "2": 0.294223073680992}, "psi": {"0": 0.968461544755654, "1": 0.5726029537457313, "2": 0.6687056525949129}, "sigma": {"0": 0.575778884697028, "1": 0.6517154566988144, "2": 0.0}, "chi_high": null, "beta_low": null}