{"R": 40.0, "wi": 2, "di": 2, "delta": 1.0, "gamma": {"0": 0.8283754973665017, "1": 0.7243268410521481, "2": 0.8933274070934754}, "mu": {"0": 1.0907839455528099, "1": 1.094386618073815, "2": 1.1353619316279797}, "phi": {"0": 0.8816431830801242, "1": 0.7003516139680498, "2": 0.6729046283157583}, "psi": {"0": 0.7824161945237397, "1": 0.8076455343956519, "2": 1.0590370701434044}, "sigma": {"0": 0.8773833573863912, "1": 0.5038752991786668, "2": 0.0}, "chi_high": null, "beta_low": null}