{"R": 40.0, "wi": 2, "di": 2, "delta": 1.0, "gamma": {"0": 1.3856809594029778, "1": 0.8688326220917577, "2": 0.6486724735526338}, "mu": {"0": 1.0495361186414502, "1": 1.117230275325119, "2": 1.0941538191949214}, "phi": {"0": 0.8027720380442632, "1": 0.625499586630312, "2": 0.04320116730358181}, "psi": {"0": 0.7819359050448694, "1": 1.2793868605283567, "2": 1.4936842111284878}, "sigma": {"0": 0.6154834210504307, "1": 0.8972723595502778, "2": 0.0}, "chi_high": null, "beta_low": null}