{"R": 40.0, "wi": 1, "di": 2, "delta": 1.0, "gamma": {"0": 1.493821950022215, "1": 1.2275979041097704, "2": 0.8768240635796497}, "mu": {"0": 1.0046726055492587, "1": 1.087653678106813, "2": 1.046794000498539}, "phi": {"0": 0.28902659257224705, "1": 0.07046295038150774, "2": 0.9959464710940215}, "psi": {"0": 0.6129227152474132, "1": 0.6942650038284965, "2": 0.5865317756428317}, "sigma": {"0": 0.9552976805631, "1": 0.0, "2": 0.0}, "chi_high": null, "beta_low": 0.8030989805428148}