{"R": 40.0, "wi": 2, "di": 0, "delta": 1.0, "gamma": {"0": 0.7783377724061403, "1": 0.8127530069782164, "2": 0.9607600862558406}, "mu": {"0": 1.1149775972089797, "1": 1.1059484158507535, "2": 1.0342419051592704}, "phi": {"0": 0.8014508862202808, "1": 0.13913845924828172, "2": 0.9734965149826822}, "psi": {"0": 1.0602012466950028, "1": 1.3126244662439661, "2": 0.8282417528619257}, "sigma": {"0": 0.5482280472631784, "1": 0.9338896401170687, "2": 0.0}, "chi_high": null, "beta_low": null}