{"R": 40.0, "wi": 1, "di": 2, "delta": 1.0, "gamma": {"0": 1.068163751188257, "1": 0.5468786947777411, "2": 1.2822709494863107}, "mu": {"0": 1.111250758729602, "1": 1.0403845317097333, "2": 1.0494702153140867}, "phi": {"0": 0.9399331106969311, "1": 0.3680581158101879, "2": 0.05449973711539091}, "psi": {"0": 0.9407052547442776, "1": 0.9330142086840381, "2": 0.5444463845641042}, "sigma": {"0": 0.6253525077989242, "1": 0.0, "2": 0.0}, "chi_high": null, "beta_low": 0.8395568672333129}