{"R": 40.0, "wi": 2, "di": 0, "delta": 1.0, "gamma": {"0": 1.0015632213727979, "1": 0.9579662614888245, "2": 1.0428794802687147}, "mu": {"0": 1.0969659112726688, "1": 1.0087627067707758, "2": 1.0328192148339665}, "phi": {"0": 0.7031821464572241, "1": 0.6576699406675981, "2": 0.10319077708621849}, "psi": {"0": 0.9543744967496532, "1": 0.5090435052111573, "2": 1.0612858192097745}, "sigma": {"0": 0.8378324624389144, "1": 0.6054007987336636, "2": 0.0}, "chi_high": null, "beta_low": null}