{"R": 40.0, "wi": 1, "di": 1, "delta": 1.0, "gamma": {"0": 1.35223626041079, "1": 1.2026719530121124, "2": 0.5228421071272306}, "mu": {"0": 1.002323109292147, "1": 1.0794744940079741, "2": 1.0356230914503755}, "phi": {"0": 0.5656291761982724, "1": 0.9570882502646099, "2": 0.7161992041590756}, "psi": {"0": 0.769427343295115, "1": 1.2696152274295578, "2": 0.8838904446264754}, "sigma": {"0": 0.5958789870413099, "1": 0.0, "2": 0.0}, "chi_high": null, "beta_low": 0.6139429363974657}