{"R": 40.0, "wi": 2, "di": 1, "delta": 1.0, "gamma": {"0": 1.070512147854922, "1": 1.373962191791279, "2": 0.9315386515683827}, "mu": {"0": 1.0554818563948962, "1": 1.1237714289110432, "2": 1.1473095741391148}, "phi": {"0": 0.6539348263729374, "1": 0.6537243489493291, "2": 0.08486756171443133}, "psi": {"0": 0.9422515979226045, "1": 0.5350282153880135, "2": 1.0941827699362063}, "sigma": {"0": 0.6895216019912708, "1": 0.7681276851131835, "2": 0.0}, "chi_high": null, "beta_low": null}