{"R": 40.0, "wi": 1, "di": 1, "delta": 1.0, "gamma": {"0": 1.2187972767977582, "1": 0.9680399862312804, "2": 0.9545617220418686}, "mu": {"0": 1.1357112545688635, "1": 1.106772818889894, "2": 1.116322163863301}, "phi": {"0": 0.18674497543734436, "1": 0.11305619524962052, "2": 0.7108814587026776}, "psi": {"0": 0.5186376335576921, "1": 1.4955333433029216, "2": 1.2170855878620204}, "sigma": {"0": 0.9730863473573571, "1": 0.0, "2": 0.0}, "chi_high": null, "beta_low": 0.9644751039422701}