{"R": 40.0, "wi": 2, "di": 1, "delta": 1.0, "gamma": {"0": 1.0294418982128013, "1": 1.1726561236703024, "2": 1.243971966812382}, "mu": {"0": 1.0117413251782539, "1": 1.0124081869086448, "2": 1.0758858438486933}, "phi": {"0": 0.8811611249931504, "1": 0.7263855175663773, "2": 0.013111738972842346}, "psi": {"0": 0.686564306774, "1": 1.1655459571617763, "2": 0.7462710595620083}, "sigma": {"0": 0.5233309574982623, "1": 0.6846017177362731, "2": 0.0}, "chi_high": null, "beta_low": null}