{"R": 40.0, "wi": 1, "di": 0, "delta": 1.0, "gamma": {"0": 1.2822232082889482, "1": 1.1437229191874674, "2": 0.9411898883003949}, "mu": {"0": 1.0256448794993827, "1": 1.0592631620110726, "2": 1.0991454066484654}, "phi": {"0": 0.3743189774055804, "1": 0.5825337675588103, "2": 0.4608684161261002}, "psi": {"0": 1.3687396309082245, "1": 1.0093698693747046, "2": 1.15368992560339}, "sigma": {"0": 0.967133172391232, "1": 0.0, "2": 0.0}, "chi_high": null, "beta_low": 0.8984928970439466}