{"R": 40.0, "wi": 2, "di": 1, "delta": 1.0, "gamma": {"0": 0.5984104354253011, "1": 0.6549734655998717, "2": 0.6522941413391397}, "mu": {"0": 1.0802975640821013, "1": 1.1173151639323005, "2": 1.085307708368406}, "phi": {"0": 0.1528413037084364, "1": 0.5733486071630775, "2": 0.4836509980071779}, "psi": {"0": 1.1943613781970606, "1": 1.4400668032951187, "2": 0.8084431749967596}, "sigma": {"0": 0.60190987115549, "1": 0.9206402242798504, "2": 0.0}, "chi_high": null, "beta_low": null}