{"R": 40.0, "wi": 1, "di": 0, "delta": 1.0, "gamma": {"0": 0.5805606335285992, "1": 0.5953256653348276, "2": 1.3536178785619248}, "mu": {"0": 1.0263832341535986, "1": 1.0959765207522583, "2": 1.0414512216845848}, "phi": {"0": 0.09392608967811955, "1": 0.7422733646836617, "2": 0.5488379443882397}, "psi": {"0": 0.7633810974229653, "1": 0.7500690310638176, "2": 1.2972338325948933}, "sigma": {"0": 0.66667198946221, "1": 0.0, "2": 0.0}, "chi_high": null, "beta_low": 0.3838517586707806}