{"R": 40.0, "wi": 3, "di": 2, "delta": 1.0, "gamma": {"0": 0.5341910876636424, "1": 0.9565964602550777, "2": 0.9211359533818791}, "mu": {"0": 1.0964118662733586, "1": 1.0455182985305664, "2": 1.1080722047587113}, "phi": {"0": 0.17554327113549295, "1": 0.010196866513609626, "2": 0.6740961791495093}, "psi": {"0": 0.9562346665836144, "1": 1.3278594762042848, "2": 0.6081494152902223}, "sigma": {"0": 0.7071643769859302, "1": 0.6141465760916331, "2": 0.0}, "chi_high": 0.6425997110753243, "beta_low": null}