{"R": 40.0, "wi": 2, "di": 2, "delta": 1.0, "gamma": {"0": 1.4577556691955547, "1": 1.1566515415377263, "2": 0.7490238677507471}, "mu": {"0": 1.1403150007398903, "1": 1.0272268332640466, "2": 1.0903730864016092}, "phi": {"0": 0.45646798001267697, "1": 0.0018653063757957389, "2": 0.10008599426948062}, "psi": {"0": 0.7101970042788476, "1": 0.5305399064864066, "2": 1.0713914257959178}, "sigma": {"0": 0.5951708987216586, "1": 0.9000928870649969, "2": 0.0}, "chi_high": null, "beta_low": null}