{"R": 40.0, "wi": 0, "di": 1, "delta": 1.0, "gamma": {"0": 1.3311641439681137, "1": 0.6405263142038534, "2": 0.6252447552907867}, "mu": {"0": 1.1274825969053797, "1": 1.052749380308169, "2": 1.1228065635023696}, "phi": {"0": 0.254245548838283, "1": 0.3531036416996698, "2": 0.42858191674407964}, "psi": {"0": 0.5543875714549577, "1": 0.5519820286832993, "2": 0.5615276061316192}, "sigma": {"0": 0.5415675223359593, "1": 0.7448416020634081, "2": 0.0}, "chi_high": 0.376748000795041, "beta_low": 0.9119481515880422}