{"R": 40.0, "wi": 1, "di": 2, "delta": 1.0, "gamma": {"0": 1.3621049997075443, "1": 1.3960389181453574, "2": 1.183107836873024}, "mu": {"0": 1.0428425297790593, "1": 1.0962396338676734, "2": 1.0402114673679186}, "phi": {"0": 0.5310365942640279, "1": 0.27383072026571054, "2": 0.8375192431101147}, "psi": {"0": 1.1309474077229673, "1": 1.03360538019643, "2": 0.666773305023744}, "sigma": {"0": 0.8712477055769146, "1": 0.0, "2": 0.0}, "chi_high": null, "beta_low": 0.582852455108153}