{"R": 40.0, "wi": 3, "di": 2, "delta": 1.0, "gamma": {"0": 0.8115589558461219, "1": 0.5570692403573256, "2": 1.1320448997699843}, "mu": {"0": 1.1082557891465767, "1": 1.1362418505254213, "2": 1.1016362943111548}, "phi": {"0": 0.5045667363716051, "1": 0.32926453458002103, "2": 0.29876216293473956}, "psi": {"0": 0.9931463434149598, "1": 1.349821026671707, "2": 0.6284150551272765}, "sigma": {"0": 0.5157522436253299, "1": 0.6087516689208887, "2": 0.0}, "chi_high": 0.8426323290671213, "beta_low": null}