{"R": 40.0, "wi": 0, "di": 1, "delta": 1.0, "gamma": {"0": 1.3482134286320635, "1": 1.0146221172340368, "2": 0.8357835487240001}, "mu": {"0": 1.062682374830084, "1": 1.0636380891239343, "2": 1.110842238719749}, "phi": {"0": 0.3252330696189436, "1": 0.43530584561590047, "2": 0.22484216104630061}, "psi": {"0": 0.8429563941852313, "1": 1.087571956959865, "2": 1.0340037714150943}, "sigma": {"0": 0.7694611462036397, "1": 0.5989274457626674, "2": 0.0}, "chi_high": 0.4352349712185207, "beta_low": 0.6819403701286937}