{"R": 40.0, "wi": 3, "di": 0, "delta": 1.0, "gamma": {"0": 0.7927725396492553, "1": 1.4859540817997696, "2": 1.2833257436616785}, "mu": {"0": 1.112473228472176, "1": 1.0133914732075837, "2": 1.096009534837778}, "phi": {"0": 0.4119342259682157, "1": 0.44425123134550404, "2": 0.36923936425373005}, "psi": {"0": 1.3553054120617942, "1": 0.5235468861906807, "2": 1.1308908080676774}, "sigma": {"0": 0.8417723459130622, "1": 0.8206692952077546, "2": 0.0}, "chi_high": 0.16191563943213017, "beta_low": null}