{"R": 40.0, "wi": 2, "di": 0, "delta": 1.0, "gamma": {"0": 0.7878484702594153, "1": 0.9103561599426356, "2": 1.1542658852210654}, "mu": {"0": 1.1477165379265404, "1": 1.057561943231694, "2": 1.0967272622722501}, "phi": {"0": 0.7770246483279737, "1": 0.6121459561787922, "2": 0.9009764968123882}, "psi": {"0": 0.9499950981667453, "1": 1.058885620976693, "2": 1.1100605464672815}, "sigma": {"0": 0.513042025299754, "1": 0.5527639360929304, "2": 0.0}, "chi_high": null, "beta_low": null}