{"R": 40.0, "wi": 1, "di": 0, "delta": 1.0, "gamma": {"0": 1.1395699506077808, "1": 0.8261789661538672, "2": 0.5078065108528873}, "mu": {"0": 1.0359324352616717, "1": 1.0500324096121643, "2": 1.0977837978974163}, "phi": {"0": 0.8584406973335373, "1": 0.8528685130760398, "2": 0.9862628928577492}, "psi": {"0": 1.3368696204425636, "1": 0.8296920771245847, "2": 0.620397833369422}, "sigma": {"0": 0.7871384287962173, "1": 0.0, "2": 0.0}, "chi_high": null, "beta_low": 0.2572787293236916}