{"R": 40.0, "wi": 3, "di": 0, "delta": 1.0, "gamma": {"0": 0.8960261903296165, "1": 1.25140858252577, "2": 0.6980571663421413}, "mu": {"0": 1.0146209618815487, "1": 1.0435531984029556, "2": 1.0650297086863638}, "phi": {"0": 0.5273170919150078, "1": 0.9990934079833335, "2": 0.14989784237897696}, "psi": {"0": 0.6750404900056165, "1": 1.0863562928404285, "2": 0.7246639170908827}, "sigma": {"0": 0.6568204591471418, "1": 0.6529799838754456, "2": 0.0}, "chi_high": 0.1852323644081035, "beta_low": null}