{"R": 40.0, "wi": 3, "di": 1, "delta": 1.0, "gamma": {"0": 0.6928210773098692, "1": 0.6804906839316913, "2": 0.9663547108228657}, "mu": {"0": 1.1374375056944006, "1": 1.0566286732542098, "2": 1.082504635329812}, "phi": {"0": 0.7657855484906397, "1": 0.16687023216060726, "2": 0.37694302340663166}, "psi": {"0": 1.2083608411551197, "1": 0.9295218706796461, "2": 0.9792739450124477}, "sigma": {"0": 0.5758921062990161, "1": 0.899202458280261, "2": 0.0}, "chi_high": 0.8717404707921681, "beta_low": null}