{"R": 40.0, "wi": 3, "di": 0, "delta": 1.0, "gamma": {"0": 0.831478861382798, "1": 0.9689991090524002, "2": 0.7009057092399661}, "mu": {"0": 1.0877532624015605, "1": 1.0901131937124529, "2": 1.0219508617641038}, "phi": {"0": 0.5607572196310006, "1": 0.39043866548793205, "2": 0.5887235213629077}, "psi": {"0": 0.7053246299855458, "1": 1.4812425842658818, "2": 0.8299573605984748}, "sigma": {"0": 0.6631284658720744, "1": 0.8230175206581478, "2": 0.0}, "chi_high": 0.758805936099272, "beta_low": null}