{"R": 40.0, "wi": 3, "di": 2, "delta": 1.0, "gamma": {"0": 1.2706681564432414, "1": 0.6163427639243726, "2": 1.4266009704034879}, "mu": {"0": 1.01958769126426, "1": 1.1128288085923754, "2": 1.0742452092998227}, "phi": {"0": 0.747843557251463, "1": 0.5720858292289913, "2": 0.18062700588356007}, "psi": {"0": 1.3975248128960087, "1": 1.019661880704549, "2": 0.8259981332580232}, "sigma": {"0": 0.7748194746294793, "1": 0.6205785555397958, "2": 0.0}, "chi_high": 0.07980922469424324, "beta_low": null}