{"R": 40.0, "wi": 0, "di": 1, "delta": 1.0, "gamma": {"0": 1.1372191879287035, "1": 1.3045028814138622, "2": 0.8592836447762008}, "mu": {"0": 1.0555206071440977, "1": 1.1423033137515635, "2": 1.0366857358500263}, "phi": {"0": 0.8097014101513482, "1": 0.4068200014171772, "2": 0.3467629980878233}, "psi": {"0": 0.813635623044905, "1": 1.2017272411115205, "2": 0.8207988245862483}, "sigma": {"0": 0.5363783263249036, "1": 0.5969437330113805, "2": 0.0}, "chi_high": 0.8678040186610523, "beta_low": 0.6615330403048553}