{"R": 40.0, "wi": 3, "di": 2, "delta": 1.0, "gamma": {"0": 0.5687715423762764, "1": 1.3299078390647432, "2": 0.5594780624231666}, "mu": {"0": 1.1431412046572047, "1": 1.0972983378529277, "2": 1.0863060735021508}, "phi": {"0": 0.8571353301169667, "1": 0.8174321737711838, "2": 0.027811203579357846}, "psi": {"0": 1.2982078443903775, "1": 0.5366999029588205, "2": 0.9766313389348767}, "sigma": {"0": 0.8365737204995526, "1": 0.8344192856571873, "2": 0.0}, "chi_high": 0.3422863110895767, "beta_low": null}