{"R": 40.0, "wi": 1, "di": 1, "delta": 1.0, "gamma": {"0": 0.9184711322119471, "1": 1.428160942924086, "2": 1.4693616595617414}, "mu": {"0": 1.092836715742161, "1": 1.0026996632961287, "2": 1.0149927777861247}, "phi": {"0": 0.4051396585227589, "1": 0.09223285801850967, "2": 0.6846284514388884}, "psi": {"0": 0.6594461516849538, "1": 0.9143420575456868, "2": 0.9889044570044054}, "sigma": {"0": 0.9474440428621039, "1": 0.0, "2": 0.0}, "chi_high": null, "beta_low": 0.8888515418074179}