{"R": 40.0, "wi": 2, "di": 2, "delta": 1.0, "gamma": {"0": 1.3642690799868427, "1": 1.070892780485241, "2": 0.7877689036943284}, "mu": {"0": 1.0698258023847562, "1": 1.1023937350320159, "2": 1.0461742381316321}, "phi": {"0": 0.9929843649610725, "1": 0.1299301752737212, "2": 0.9421456635510758}, "psi": {"0": 0.6626529306999244, "1": 1.4443207680654482, "2": 1.0780188826816401}, "sigma": {"0": 0.9191387829790951, "1": 0.7577984718045152, "2": 0.0}, "chi_high": null, "beta_low": null}