{"R": 40.0, "wi": 1, "di": 1, "delta": 1.0, "gamma": {"0": 0.8367862853734956, "1": 0.6073901689830505, "2": 1.4396116312671485}, "mu": {"0": 1.1210006726281725, "1": 1.1491859648185263, "2": 1.1426199805557715}, "phi": {"0": 0.704858089580412, "1": 0.4559817455517533, "2": 0.30175520394879785}, "psi": {"0": 0.7131399998281293, "1": 1.1112219970974109, "2": 0.8516906504302185}, "sigma": {"0": 0.6031415684664841, "1": 0.0, "2": 0.0}, "chi_high": null, "beta_low": 0.8965613612717855}