{"R": 40.0, "wi": 1, "di": 2, "delta": 1.0, "gamma": {"0": 0.8926812609393424, "1": 1.0982795074423222, "2": 0.9668444980623557}, "mu": {"0": 1.1143662039961786, "1": 1.0568108251648494, "2": 1.0963354401991978}, "phi": {"0": 0.01826447684851129, "1": 0.5242139324573153, "2": 0.45994698961838654}, "psi": {"0": 1.3780552878869492, "1": 1.429294892400849, "2": 0.8582230859158767}, "sigma": {"0": 0.9410798356998662, "1": 0.0, "2": 0.0}, "chi_high": null, "beta_low": 0.7919739173965227}