{"R": 40.0, "wi": 2, "di": 2, "delta": 1.0, "gamma": {"0": 1.2081659090384047, "1": 0.7667640619581519, "2": 0.8712882788745762}, "mu": {"0": 1.1039747572569636, "1": 1.111700779089919, "2": 1.0769018447862837}, "phi": {"0": 0.8395319966546001, "1": 0.5172473535638631, "2": 0.8841896767241866}, "psi": {"0": 0.8196590893407514, "1": 0.9904236624253997, "2": 0.9424022401697124}, "sigma": {"0": 0.5963256666666232, "1": 0.8766743026065122, "2": 0.0}, "chi_high": null, "beta_low": null}