{"R": 40.0, "wi": 1, "di": 1, "delta": 1.0, "gamma": {"0": 1.3975105669146752, "1": 0.5047576337959185, "2": 0.9504078493725703}, "mu": {"0": 1.068247827130745, "1": 1.1137893587200316, "2": 1.03478644850988}, "phi": {"0": 0.3807815966091038, "1": 0.10457638481765386, "2": 0.8363979946969505}, "psi": {"0": 1.391865952176873, "1": 0.6938870722466609, "2": 1.024335336507239}, "sigma": {"0": 0.9424339147611841, "1": 0.0, "2": 0.0}, "chi_high": null, "beta_low": 0.8627688997465313}