{"R": 40.0, "wi": 2, "di": 0, "delta": 1.0, "gamma": {"0": 0.6887357285744101, "1": 0.5226023412906066, "2": 1.3510748865697435}, "mu": {"0": 1.0806767092220617, "1": 1.106129630489334, "2": 1.032658804180339}, "phi": {"0": 0.3633150929414235, "1": 0.15305136549045295, "2": 0.7408335980798394}, "psi": {"0": 0.5519636398554587, "1": 1.1407589139473977, "2": 1.1113604082239754}, "sigma": {"0": 0.917733664682912, "1": 0.5137635333774643, "2": 0.0}, "chi_high": null, "beta_low": null}