{"R": 40.0, "wi": 1, "di": 0, "delta": 1.0, "gamma": {"0": 1.3080892711293837, "1": 1.4992613454546695, "2": 1.3799480383795237}, "mu": {"0": 1.0107810814060854, "1": 1.113750982215987, "2": 1.1465392541494037}, "phi": {"0": 0.9580555607813138, "1": 0.6402356260027553, "2": 0.5261855318849445}, "psi": {"0": 1.2610850235457731, "1": 1.3006306678074564, "2": 1.0453575605845904}, "sigma": {"0": 0.8511917141674201, "1": 0.0, "2": 0.0}, "chi_high": null, "beta_low": 0.6901759106659372}