{"R": 40.0, "wi": 1, "di": 1, "delta": 1.0, "gamma": {"0": 0.7791356259369294, "1": 1.1378739350238534, "2": 1.4905400495091436}, "mu": {"0": 1.033940192786651, "1": 1.0744761217448324, "2": 1.0980376054221361}, "phi": {"0": 0.8419203233879071, "1": 0.19184399166303157, "2": 0.48334500531618596}, "psi": {"0": 1.0152213816884623, "1": 0.7669017417473087, "2": 0.5247649654025709}, "sigma": {"0": 0.8232621117574773, "1": 0.0, "2": 0.0}, "chi_high": null, "beta_low": 0.28879985701344807}