{"R": 40.0, "wi": 0, "di": 0, "delta": 1.0, "gamma": {"0": 1.003998904737237, "1": 1.0037591888092123, "2": 1.382702379137604}, "mu": {"0": 1.0944635172471562, "1": 1.1305768936334477, "2": 1.0877838629676204}, "phi": {"0": 0.9382260128900648, "1": 0.9494587031321644, "2": 0.23997710426835306}, "psi": {"0": 0.5696253967443763, "1": 0.5441299066690167, "2": 0.865923003088869}, "sigma": {"0": 0.7054469214393972, "1": 0.6309309956909772, "2": 0.0}, "chi_high": 0.13116345626569118, "beta_low": 0.4672752847846594}