{"R": 40.0, "wi": 3, "di": 0, "delta": 1.0, "gamma": {"0": 0.6886779455356195, "1": 1.1434889282197442, "2": 0.5863009174092944}, "mu": {"0": 1.1328994308994251, "1": 1.1135670197371064, "2": 1.0825344626321125}, "phi": {"0": 0.526651628707877, "1": 0.9732143292912498, "2": 0.5069898991132374}, "psi": {"0": 0.5493350463822471, "1": 0.7580021960850941, "2": 0.9226152604735366}, "sigma": {"0": 0.9220224250192309, "1": 0.7879244862128695, "2": 0.0}, "chi_high": 0.4277298640687378, "beta_low": null}