{"R": 40.0, "wi": 3, "di": 0, "delta": 1.0, "gamma": {"0": 0.8776286741995932, "1": 0.6742619233738804, "2": 1.2579741148446208}, "mu": {"0": 1.0174569871749415, "1": 1.032061514998477, "2": 1.0355797103924107}, "phi": {"0": 0.4879856383842893, "1": 0.3525828714875745, "2": 0.006027977959303432}, "psi": {"0": 1.4338219083700414, "1": 1.4137723721066622, "2": 0.8607805299627745}, "sigma": {"0": 0.9596682244708429, "1": 0.8534975000961567, "2": 0.0}, "chi_high": 0.7849539346846106, "beta_low": null}