{"R": 40.0, "wi": 0, "di": 0, "delta": 1.0, "gamma": {"0": 0.9300381250255813, "1": 1.2130138696679713, "2": 1.4826104955894084}, "mu": {"0": 1.1040361262279337, "1": 1.0043482954298761, "2": 1.0941661084298457}, "phi": {"0": 0.33085622115188085, "1": 0.6976507435910996, "2": 0.5608105216416089}, "psi": {"0": 1.2517312150964335, "1": 1.0885800431236117, "2": 0.9376640467152567}, "sigma": {"0": 0.9540378210512246, "1": 0.933506990038621, "2": 0.0}, "chi_high": 0.83536056007153, "beta_low": 0.02376081280472958}