{"R": 40.0, "wi": 3, "di": 0, "delta": 1.0, "gamma": {"0": 1.0441763402735527, "1": 0.6223495077398509, "2": 1.2749616641831536}, "mu": {"0": 1.0728939698375788, "1": 1.1305740478183146, "2": 1.0946318006424625}, "phi": {"0": 0.8230994398100888, "1": 0.3013604119860669, "2": 0.5682466924063185}, "psi": {"0": 0.9861067312649862, "1": 1.395596112596229, "2": 0.9958323423999454}, "sigma": {"0": 0.7689181360022967, "1": 0.5904324399449071, "2": 0.0}, "chi_high": 0.21625004185831329, "beta_low": null}