{"R": 40.0, "wi": 3, "di": 0, "delta": 1.0, "gamma": {"0": 1.3992577682159388, "1": 1.2126102971559032, "2": 0.9813505363140081}, "mu": {"0": 1.0232668586240756, "1": 1.1204281748121987, "2": 1.1296144202121121}, "phi": {"0": 0.49086265364160653, "1": 0.8733356393346089, "2": 0.8383957591339}, "psi": {"0": 0.5232335906517814, "1": 0.6998803949817496, "2": 1.31650025206934}, "sigma": {"0": 0.6168187501137028, "1": 0.5055515050778137, "2": 0.0}, "chi_high": 0.5796333878454758, "beta_low": null}