{"R": 40.0, "wi": 3, "di": 0, "delta": 1.0, "gamma": {"0": 0.9780938565145815, "1": 1.0788396067111146, "2": 0.985836877547545}, "mu": {"0": 1.0989274223575085, "1": 1.1046086084579871, "2": 1.1417944494701961}, "phi": {"0": 0.0871243960506144, "1": 0.4389486921890865, "2": 0.3789536680186443}, "psi": {"0": 1.2923775160585873, "1": 0.8336550116650476, "2": 1.4236144678445806}, "sigma": {"0": 0.5028064448045723, "1": 0.6141742259003073, "2": 0.0}, "chi_high": 0.11131489867505887, "beta_low": null}