{"R": 40.0, "wi": 1, "di": 0, "delta": 1.0, "gamma": {"0": 1.4184139719446611, "1": 1.101963080482159, "2": 1.1016377971321436}, "mu": {"0": 1.0012609390888474, "1": 1.0240467372942155, "2": 1.0413361806854295}, "phi": {"0": 0.45674539586858265, "1": 0.4328022805307933, "2": 0.464338689237491}, "psi": {"0": 1.1114052884529098, "1": 0.6635011712542102, "2": 0.8830691718967867}, "sigma": {"0": 0.537681837111148, "1": 0.0, "2": 0.0}, "chi_high": null, "beta_low": 0.11255832750121976}