{"R": 40.0, "wi": 1, "di": 2, "delta": 1.0, "gamma": {"0": 1.1299813360986277, "1": 0.9419065934206629, "2": 1.247337255728639}, "mu": {"0": 1.0814094847338982, "1": 1.0837658204216365, "2": 1.0991328304286292}, "phi": {"0": 0.8507481234142034, "1": 0.776879110305147, "2": 0.3467900079636115}, "psi": {"0": 1.2639112297334731, "1": 0.984069700573086, "2": 1.3625066888240474}, "sigma": {"0": 0.6211164301294292, "1": 0.0, "2": 0.0}, "chi_high": null, "beta_low": 0.5857789665398362}