{"R": 40.0, "wi": 3, "di": 0, "delta": 1.0, "gamma": {"0": 0.6164040331403374, "1": 0.8206994545012701, "2": 1.4464176342130692}, "mu": {"0": 1.123732454698636, "1": 1.1408126633595062, "2": 1.0033008113965416}, "phi": {"0": 0.7036952474135224, "1": 0.0021542780654952853, "2": 0.6236277894067481}, "psi": {"0": 1.2967738529688477, "1": 0.6390556881722658, "2": 1.2944817318840585}, "sigma": {"0": 0.5423735936724327, "1": 0.5416119258124141, "2": 0.0}, "chi_high": 0.1413979919267596, "beta_low": null}