{"R": 40.0, "wi": 2, "di": 1, "delta": 1.0, "gamma": {"0": 1.1223634520624937, "1": 1.0682771177773724, "2": 1.174741349159512}, "mu": {"0": 1.1397468275708673, "1": 1.0914809608112441, "2": 1.0018897132372402}, "phi": {"0": 0.4774550889919005, "1": 0.5504990539387454, "2": 0.7841230866759918}, "psi": {"0": 1.2164382219041134, "1": 1.2294026152309638, "2": 0.8264833228631945}, "sigma": {"0": 0.9190458628976779, "1": 0.6035763469319508, "2": 0.0}, "chi_high": null, "beta_low": null}