{"R": 40.0, "wi": 0, "di": 2, "delta": 1.0, "gamma": {"0": 1.0679708351103026, "1": 1.063836981818422, "2": 0.781990197200117}, "mu": {"0": 1.004115997050882, "1": 1.1450619617849467, "2": 1.0244756873139222}, "phi": {"0": 0.7713543113349332, "1": 0.7041056832180881, "2": 0.9329186548803484}, "psi": {"0": 1.0560638760666277, "1": 0.9478309170276314, "2": 1.4501498593608884}, "sigma": {"0": 0.9211796134796566, "1": 0.9056865331919848, "2": 0.0}, "chi_high": 0.9166076468894003, "beta_low": 0.40069089697400345}