{"R": 40.0, "wi": 3, "di": 0, "delta": 1.0, "gamma": {"0": 1.4655448285038641, "1": 0.8979508817593268, "2": 0.768723170218732}, "mu": {"0": 1.1459047724744271, "1": 1.1028229820835127, "2": 1.0339625621755932}, "phi": {"0": 0.9083683180545978, "1": 0.8794666853750185, "2": 0.4477454269686555}, "psi": {"0": 0.9488687900401205, "1": 1.0164156119840089, "2": 0.8650785921823719}, "sigma": {"0": 0.7142064837870109, "1": 0.7755425022998976, "2": 0.0}, "chi_high": 0.3456019056384606, "beta_low": null}