{"R": 40.0, "wi": 2, "di": 0, "delta": 1.0, "gamma": {"0": 1.2907317075312812, "1": 1.4625513590706398, "2": 1.0964751223327962}, "mu": {"0": 1.0248371192273737, "1": 1.0415823312127348, "2": 1.068232938231801}, "phi": {"0": 0.37525138138944925, "1": 0.6997346238143926, "2": 0.9471866399597525}, "psi": {"0": 0.6433884652005752, "1": 1.2737562510876916, "2": 1.229603141296816}, "sigma": {"0": 0.669132097801463, "1": 0.6406191995848539, "2": 0.0}, "chi_high": null, "beta_low": null}