{"R": 40.0, "wi": 0, "di": 1, "delta": 1.0, "gamma": {"0": 0.696060039452348, "1": 1.4540731894979757, "2": 0.9283173647788283}, "mu": {"0": 1.1091881180625343, "1": 1.00587174425887, "2": 1.0473132722408758}, "phi": {"0": 0.9871775051211182, "1": 0.41598437982780445, "2": 0.5206180515340494}, "psi": {"0": 1.0644566085590228, "1": 0.5388229605013258, "2": 1.4651731587776227}, "sigma": {"0": 0.8863763365769431, "1": 0.6074835463244668, "2": 0.0}, "chi_high": 0.6521230820613124, "beta_low": 0.5087090644068664}