{"R": 40.0, "wi": 3, "di": 1, "delta": 1.0, "gamma": {"0": 1.4972543731096914, "1": 1.3978522142530396, "2": 1.4834419692714524}, "mu": {"0": 1.1263292029783882, "1": 1.0963411111176617, "2": 1.0008524659559204}, "phi": {"0": 0.15694159706439426, "1": 0.5570989900648188, "2": 0.09425319220820816}, "psi": {"0": 1.263916791120396, "1": 0.5476440477673545, "2": 0.6078342719451574}, "sigma": {"0": 0.6558570591171491, "1": 0.7562658117654354, "2": 0.0}, "chi_high": 0.49713681265936377, "beta_low": null}