{"R": 40.0, "wi": 3, "di": 0, "delta": 1.0, "gamma": {"0": 1.3410662354754854, "1": 0.6501565120783062, "2": 0.6962202635554272}, "mu": {"0": 1.0504432702638915, "1": 1.1185196162316555, "2": 1.0592199455219657}, "phi": {"0": 0.4365507308225247, "1": 0.6383071097668677, "2": 0.9869986263023115}, "psi": {"0": 0.9812299500750564, "1": 0.8187795874898238, "2": 1.2358978941070462}, "sigma": {"0": 0.5216862687181674, "1": 0.9247978718239325, "2": 0.0}, "chi_high": 0.016069443098681302, "beta_low": null}