{"R": 40.0, "wi": 3, "di": 1, "delta": 1.0, "gamma": {"0": 1.0480849617663552, "1": 0.6931708043669486, "2": 0.5385444097770659}, "mu": {"0": 1.0671989983883035, "1": 1.1113110347297233, "2": 1.0564467753014923}, "phi": {"0": 0.050310764953530596, "1": 0.887889126208786, "2": 0.25586133273449363}, "psi": {"0": 1.1226673549778612, "1": 0.6944667991677235, "2": 0.5423923779249573}, "sigma": {"0": 0.7502322301094932, "1": 0.7075872193320374, "2": 0.0}, "chi_high": 0.9274849895293079, "beta_low": null}