{"R": 40.0, "wi": 3, "di": 0, "delta": 1.0, "gamma": {"0": 0.9862612439548238, "1": 1.4184695389302302, "2": 1.447591419943485}, "mu": {"0": 1.0124588617860832, "1": 1.0049099872879754, "2": 1.0302045153151504}, "phi": {"0": 0.7205473730570313, "1": 0.5671716381458617, "2": 0.3272770204816152}, "psi": {"0": 1.2649059097443989, "1": 1.460900193683222, "2": 0.7034150798638752}, "sigma": {"0": 0.695427377554807, "1": 0.6033100436143994, "2": 0.0}, "chi_high": 0.46832949560323395, "beta_low": null}