{"R": 40.0, "wi": 1, "di": 0, "delta": 1.0, "gamma": {"0": 1.4185211057812996, "1": 1.1598016717381339, "2": 0.742067809079981}, "mu": {"0": 1.1436342154073464, "1": 1.099015843873308, "2": 1.04594247951532}, "phi": {"0": 0.27359484592502903, "1": 0.9517080754628806, "2": 0.5077992144244903}, "psi": {"0": 0.9854962500014917, "1": 1.294936330978171, "2": 0.9117993262331117}, "sigma": {"0": 0.9983218285596297, "1": 0.0, "2": 0.0}, "chi_high": null, "beta_low": 0.5492953197469544}