{"R": 40.0, "wi": 3, "di": 2, "delta": 1.0, "gamma": {"0": 1.388379294425786, "1": 0.5287264309123612, "2": 0.8411402159571169}, "mu": {"0": 1.047728734640169, "1": 1.0729604661626928, "2": 1.057764819821345}, "phi": {"0": 0.6511756611103406, "1": 0.019782741949576965, "2": 0.34624093108106535}, "psi": {"0": 0.7018483678365764, "1": 0.5024649910267863, "2": 1.3215931068297342}, "sigma": {"0": 0.5289978056652063, "1": 0.7321937545267108, "2": 0.0}, "chi_high": 0.5178305685777225, "beta_low": null}