{"R": 40.0, "wi": 2, "di": 2, "delta": 1.0, "gamma": {"0": 0.8502990484904321, "1": 0.5432719234869542, "2": 0.7261594417723449}, "mu": {"0": 1.0116137419661602, "1": 1.0700538586998551, "2": 1.1174177763604527}, "phi": {"0": 0.2533214639096657, "1": 0.6122012399761332, "2": 0.2063876314747447}, "psi": {"0": 0.7907633873924652, "1": 0.9589428263658692, "2": 0.7891084646408724}, "sigma": {"0": 0.802414408198173, "1": 0.8454514273489377, "2": 0.0}, "chi_high": null, "beta_low": null}