{"R": 40.0, "wi": 3, "di": 2, "delta": 1.0, "gamma": {"0": 0.5778458272876762, "1": 1.0884650309256325, "2": 0.7277224610308992}, "mu": {"0": 1.019416637944971, "1": 1.148823172375001, "2": 1.0190822088502505}, "phi": {"0": 0.9285748981259899, "1": 0.6470096230652773, "2": 0.21919911559462157}, "psi": {"0": 1.4819460826173025, "1": 0.7090014642338827, "2": 1.1259265325449046}, "sigma": {"0": 0.6433179217712441, "1": 0.7867199233067294, "2": 0.0}, "chi_high": 0.16176580377186006, "beta_low": null}