{"R": 40.0, "wi": 0, "di": 0, "delta": 1.0, "gamma": {"0": 0.7191577244586324, "1": 0.5776099878405438, "2": 1.180609741133816}, "mu": {"0": 1.0351715364909742, "1": 1.0654212446307803, "2": 1.0475834451861996}, "phi": {"0": 0.25589396734056236, "1": 0.20457874402170628, "2": 0.8618857851261881}, "psi": {"0": 1.3443864816580917, "1": 0.544494047197196, "2": 0.9647764970745708}, "sigma": {"0": 0.7189267222059541, "1": 0.6130458504187501, "2": 0.0}, "chi_high": 0.7179489536795925, "beta_low": 0.29952259807554144}