{"R": 40.0, "wi": 3, "di": 2, "delta": 1.0, "gamma": {"0": 1.3093619583163885, "1": 1.4096103772257154, "2": 0.778136572538077}, "mu": {"0": 1.0780098081241374, "1": 1.0808753169618754, "2": 1.0754168794258976}, "phi": {"0": 0.9174139036963979, "1": 0.47422111347187057, "2": 0.17503093787150392}, "psi": {"0": 0.9957110732354558, "1": 0.6499993248851607, "2": 0.5093932211726541}, "sigma": {"0": 0.5247489292427701, "1": 0.6679141216871017, "2": 0.0}, "chi_high": 0.6879683849897398, "beta_low": null}