{"R": 40.0, "wi": 0, "di": 0, "delta": 1.0, "gamma": {"0": 1.4990578880776666, "1": 0.9625181378284707, "2": 0.7072973495487155}, "mu": {"0": 1.0391253170603885, "1": 1.1141134079938035, "2": 1.0308128357517419}, "phi": {"0": 0.7335594313377066, "1": 0.4440769245619618, "2": 0.9088614003580648}, "psi": {"0": 1.0698977351921113, "1": 1.254575646463392, "2": 0.654064373640447}, "sigma": {"0": 0.7241981223442233, "1": 0.6564984298397173, "2": 0.0}, "chi_high": 0.5851033034734019, "beta_low": 0.707908699520149}