{"R": 40.0, "wi": 1, "di": 0, "delta": 1.0, "gamma": {"0": 0.7481682001686984, "1": 1.0379196026606747, "2": 0.7167719766825331}, "mu": {"0": 1.0462555039857233, "1": 1.0674520289833613, "2": 1.1120709230611687}, "phi": {"0": 0.16839959543364047, "1": 0.7436531873848281, "2": 0.9814064865206088}, "psi": {"0": 0.8104194986207519, "1": 1.412681646652557, "2": 1.1919261437750186}, "sigma": {"0": 0.6993952370535403, "1": 0.0, "2": 0.0}, "chi_high": null, "beta_low": 0.6680455201707538}