{"R": 40.0, "wi": 3, "di": 0, "delta": 1.0, "gamma": {"0": 0.8839382987418392, "1": 1.3290718823510892, "2": 0.7032111173448543}, "mu": {"0": 1.0526676415648062, "1": 1.1093780348504116, "2": 1.1157023385056792}, "phi": {"0": 0.5392945168351144, "1": 0.9704403611574062, "2": 0.6828730671645369}, "psi": {"0": 0.6183158647342512, "1": 0.9457251044404661, "2": 0.6130042350898022}, "sigma": {"0": 0.6725682670334169, "1": 0.6596951219664959, "2": 0.0}, "chi_high": 0.17727655349495394, "beta_low": null}