{"R": 40.0, "wi": 0, "di": 2, "delta": 1.0, "gamma": {"0": 1.2030394771448667, "1": 1.4720639602774868, "2": 1.0413762850390031}, "mu": {"0": 1.0714111799692283, "1": 1.096992026598464, "2": 1.0135875576368414}, "phi": {"0": 0.9198980395550803, "1": 0.9511316697167843, "2": 0.9898851900221293}, "psi": {"0": 1.344090262346747, "1": 1.1744497786605272, "2": 0.6610337773644837}, "sigma": {"0": 0.9641229757933235, "1": 0.8935282368299832, "2": 0.0}, "chi_high": 0.5324785228594417, "beta_low": 0.772665282813406}