{"R": 40.0, "wi": 2, "di": 0, "delta": 1.0, "gamma": {"0": 0.6551471186508082, "1": 1.036126871198666, "2": 0.917926232229116}, "mu": {"0": 1.0044595905289697, "1": 1.0797802999332753, "2": 1.125418421713245}, "phi": {"0": 0.945696170444983, "1": 0.546102775430616, "2": 0.6170601106397257}, "psi": {"0": 0.8081729490502627, "1": 1.1739321987760172, "2": 1.1609153927290037}, "sigma": {"0": 0.77951251361587, "1": 0.9257645593605728, "2": 0.0}, "chi_high": null, "beta_low": null}