{"R": 40.0, "wi": 0, "di": 0, "delta": 1.0, "gamma": {"0": 0.6603789537697518, "1": 1.3374998095247794, "2": 1.0924110607123032}, "mu": {"0": 1.1059672807334853, "1": 1.0084432656896463, "2": 1.0709348754955934}, "phi": {"0": 0.6769914451312736, "1": 0.40892603041277564, "2": 0.07128502917965962}, "psi": {"0": 0.8630984069823212, "1": 0.8084687548435907, "2": 1.2413562061474306}, "sigma": {"0": 0.9534135693919138, "1": 0.7131692541180933, "2": 0.0}, "chi_high": 0.8520272677278702, "beta_low": 0.20664065110710447}