{"R": 40.0, "wi": 2, "di": 0, "delta": 1.0, "gamma": {"0": 1.455940827813646, "1": 0.7274789241781606, "2": 0.6690329521179473}, "mu": {"0": 1.0295133006871569, "1": 1.1329053694013425, "2": 1.0678885782802354}, "phi": {"0": 0.4472583415805895, "1": 0.5326049332025068, "2": 0.9345814260042095}, "psi": {"0": 0.5236732705487033, "1": 0.6409659948648971, "2": 1.3579642173400792}, "sigma": {"0": 0.5102973253106692, "1": 0.5116420220081719, "2": 0.0}, "chi_high": null, "beta_low": null}