{"R": 40.0, "wi": 3, "di": 1, "delta": 1.0, "gamma": {"0": 1.4971006915077152, "1": 0.7156141170855015, "2": 0.8009346838958198}, "mu": {"0": 1.0056925412200757, "1": 1.0057793077074175, "2": 1.1428470211273265}, "phi": {"0": 0.015546166325614896, "1": 0.7534385979082773, "2": 0.8499087181380132}, "psi": {"0": 1.3548142249846882, "1": 0.8044468257691558, "2": 1.0700038235846356}, "sigma": {"0": 0.5814422185930077, "1": 0.9017886580612967, "2": 0.0}, "chi_high": 0.5566748528906781, "beta_low": null}