{"R": 40.0, "wi": 0, "di": 2, "delta": 1.0, "gamma": {"0": 1.306917126970426, "1": 1.2053907314107484, "2": 1.4241486420088771}, "mu": {"0": 1.0261674705673616, "1": 1.1295416730052537, "2": 1.1304094217149179}, "phi": {"0": 0.28867209412016115, "1": 0.2957613003283591, "2": 0.5064512112710365}, "psi": {"0": 1.321369012457769, "1": 1.0728420977498903, "2": 1.3657647403715674}, "sigma": {"0": 0.7237522130672346, "1": 0.691104987981032, "2": 0.0}, "chi_high": 0.9823126713644547, "beta_low": 0.3751645988424}