{"R": 40.0, "wi": 1, "di": 0, "delta": 1.0, "gamma": {"0": 0.8995994079677824, "1": 1.1528274974751875, "2": 1.0071791021993395}, "mu": {"0": 1.0158845217545809, "1": 1.0808385501003257, "2": 1.0404345950693261}, "phi": {"0": 0.21479175008836682, "1": 0.7682171809093384, "2": 0.6408955197456927}, "psi": {"0": 0.8634328813774433, "1": 1.1348924202064268, "2": 1.1526403301993013}, "sigma": {"0": 0.984798980162598, "1": 0.0, "2": 0.0}, "chi_high": null, "beta_low": 0.32248058774345717}