{"R": 40.0, "wi": 1, "di": 0, "delta": 1.0, "gamma": {"0": 1.4159290197443235, "1": 0.7525579982164052, "2": 1.2770923057213546}, "mu": {"0": 1.026116981726252, "1": 1.0227671261174636, "2": 1.1405781228916894}, "phi": {"0": 0.1764835802152973, "1": 0.36825061041874796, "2": 0.16069895309226678}, "psi": {"0": 1.400978667979217, "1": 1.019469443841762, "2": 1.334579602381411}, "sigma": {"0": 0.9061204080389611, "1": 0.0, "2": 0.0}, "chi_high": null, "beta_low": 0.42744442928251486}