{"R": 40.0, "wi": 3, "di": 2, "delta": 1.0, "gamma": {"0": 1.4521126336525687, "1": 0.6862316033522515, "2": 0.5321484091711107}, "mu": {"0": 1.052634684664765, "1": 1.0157155774340179, "2": 1.0012170789980315}, "phi": {"0": 0.7186042973472273, "1": 0.9488193933825292, "2": 0.6050463068677283}, "psi": {"0": 1.4241948705990333, "1": 1.3900402540170824, "2": 1.012253208276256}, "sigma": {"0": 0.7237675295393463, "1": 0.5835873082889451, "2": 0.0}, "chi_high": 0.9001781830609351, "beta_low": null}