{"R": 40.0, "wi": 3, "di": 0, "delta": 1.0, "gamma": {"0": 1.1705110136560661, "1": 1.344860997108547, "2": 0.8923442106658805}, "mu": {"0": 1.0747188028769967, "1": 1.0555832300199175, "2": 1.0262074142393212}, "phi": {"0": 0.13188533916436163, "1": 0.09207360531449693, "2": 0.11140232180295806}, "psi": {"0": 0.7453523979185296, "1": 1.0957862628891888, "2": 0.9260612334113734}, "sigma": {"0": 0.8725962520802393, "1": 0.7647640421940041, "2": 0.0}, "chi_high": 0.27785518708711165, "beta_low": null}