{"R": 40.0, "wi": 3, "di": 1, "delta": 1.0, "gamma": {"0": 1.0035132620013063, "1": 1.214096476527217, "2": 1.196299788318159}, "mu": {"0": 1.1208162362843235, "1": 1.1305387015193495, "2": 1.025860723339346}, "phi": {"0": 0.3158161472233022, "1": 0.9660784893519252, "2": 0.5678510229400341}, "psi": {"0": 0.7601005281469578, "1": 1.1007795543170849, "2": 1.191511824953051}, "sigma": {"0": 0.8455111089115765, "1": 0.7997628973502461, "2": 0.0}, "chi_high": 0.9225847225158377, "beta_low": null}