{"R": 40.0, "wi": 0, "di": 0, "delta": 1.0, "gamma": {"0": 0.9321458466238194, "1": 0.6225137793035593, "2": 0.5977866704993078}, "mu": {"0": 1.066146906964089, "1": 1.0475825318516039, "2": 1.0333788526602792}, "phi": {"0": 0.7134698602810077, "1": 0.7402886397814519, "2": 0.5461310920942276}, "psi": {"0": 0.5598391296991964, "1": 1.201143455651202, "2": 1.3647501075285555}, "sigma": {"0": 0.7716867085601542, "1": 0.6394667730020734, "2": 0.0}, "chi_high": 0.03390186909340004, "beta_low": 0.4105441393968219}