{"R": 40.0, "wi": 2, "di": 1, "delta": 1.0, "gamma": {"0": 1.3678288888451218, "1": 1.0224722166514044, "2": 1.383890972430425}, "mu": {"0": 1.1401798097634506, "1": 1.1365342792697064, "2": 1.1333769502626745}, "phi": {"0": 0.6154027058483609, "1": 0.32530946051980647, "2": 0.25565682767064357}, "psi": {"0": 1.3047468118475893, "1": 1.063649334260496, "2": 0.7099040741935259}, "sigma": {"0": 0.8345538379943087, "1": 0.8128291430453709, "2": 0.0}, "chi_high": null, "beta_low": null}