{"R": 40.0, "wi": 1, "di": 2, "delta": 1.0, "gamma": {"0": 1.0379007526424466, "1": 1.1504443532562076, "2": 1.478783648696779}, "mu": {"0": 1.0269778925467716, "1": 1.0430659378524378, "2": 1.0974387316444054}, "phi": {"0": 0.8668353491909503, "1": 0.6960131316612488, "2": 0.3795016057983369}, "psi": {"0": 1.4593721390730976, "1": 0.887602966562087, "2": 0.7085386151084129}, "sigma": {"0": 0.9494989242079555, "1": 0.0, "2": 0.0}, "chi_high": null, "beta_low": 0.041202920234816726}