{"R": 40.0, "wi": 1, "di": 2, "delta": 1.0, "gamma": {"0": 0.7138178307366573, "1": 0.5629321133126282, "2": 0.6611962995922909}, "mu": {"0": 1.0360986475541223, "1": 1.063571216541469, "2": 1.0856391678561326}, "phi": {"0": 0.2837667313023635, "1": 0.6542281348473334, "2": 0.7898949598720826}, "psi": {"0": 0.536972358015301, "1": 1.4685378987620905, "2": 1.3788813406679188}, "sigma": {"0": 0.9567261854633141, "1": 0.0, "2": 0.0}, "chi_high": null, "beta_low": 0.5116199766392059}