{"R": 40.0, "wi": 0, "di": 0, "delta": 1.0, "gamma": {"0": 1.1090459610702785, "1": 0.9317079695639966, "2": 0.9209192970835631}, "mu": {"0": 1.0535696567525938, "1": 1.1490192628759766, "2": 1.1333321885163072}, "phi": {"0": 0.10907064183100723, "1": 0.8106216354895146, "2": 0.7858229151122147}, "psi": {"0": 1.1879881249702595, "1": 0.5677740705918144, "2": 0.703721580807808}, "sigma": {"0": 0.5909546592804449, "1": 0.7660158087971057, "2": 0.0}, "chi_high": 0.8375304316735306, "beta_low": 0.46001438947723733}