{"R": 40.0, "wi": 3, "di": 2, "delta": 1.0, "gamma": {"0": 1.0757401322944178, "1": 1.1450474869830103, "2": 1.074449366939663}, "mu": {"0": 1.0958438205794019, "1": 1.147031986154043, "2": 1.0456115022692727}, "phi": {"0": 0.26606682539005866, "1": 0.09769264805641775, "2": 0.5154004786173938}, "psi": {"0": 0.8781872080610823, "1": 1.3610609811005414, "2": 0.9939271926617314}, "sigma": {"0": 0.7765474976724447, "1": 0.7941777528156173, "2": 0.0}, "chi_high": 0.27997310164867495, "beta_low": null}