{"R": 40.0, "wi": 0, "di": 2, "delta": 1.0, "gamma": {"0": 1.1994924425202973, "1": 1.3645588755637084, "2": 0.8567029649619433}, "mu": {"0": 1.0182488475217064, "1": 1.0146906087299696, "2": 1.0643057202415396}, "phi": {"0": 0.120933460652357, "1": 0.8040631579253817, "2": 0.4484541438741898}, "psi": {"0": 0.5822041320273688, "1": 1.1131364711237062, "2": 0.6231814320589305}, "sigma": {"0": 0.647740613776083, "1": 0.8105501750429833, "2": 0.0}, "chi_high": 0.6071103749767413, "beta_low": 0.7988924076781316}