{"R": 40.0, "wi": 1, "di": 2, "delta": 1.0, "gamma": {"0": 0.6941118667938766, "1": 0.8122209521582548, "2": 0.8253768305592715}, "mu": {"0": 1.149696223377195, "1": 1.0251090122289503, "2": 1.0546075177329945}, "phi": {"0": 0.6034751317363685, "1": 0.10113891143243259, "2": 0.18803989887281158}, "psi": {"0": 1.2805573623131115, "1": 1.0513111115049418, "2": 1.457083104671972}, "sigma": {"0": 0.6781647417699219, "1": 0.0, "2": 0.0}, "chi_high": null, "beta_low": 0.18367941722475647}