{"R": 40.0, "wi": 1, "di": 2, "delta": 1.0, "gamma": {"0": 1.2539105693292347, "1": 1.4179980302954642, "2": 1.0947868925224673}, "mu": {"0": 1.0016355621629818, "1": 1.0829145060159333, "2": 1.0527617833085094}, "phi": {"0": 0.5829983715898568, "1": 0.8716858421851438, "2": 0.12684246632829788}, "psi": {"0": 0.9085070827582545, "1": 0.6979876161099514, "2": 0.955416839301484}, "sigma": {"0": 0.5666938344602811, "1": 0.0, "2": 0.0}, "chi_high": null, "beta_low": 0.10896699809754957}