{"R": 40.0, "wi": 0, "di": 2, "delta": 1.0, "gamma": {"0": 1.1904917310794856, "1": 1.484337369733156, "2": 1.3955233041610806}, "mu": {"0": 1.0229134482010767, "1": 1.1056371977618709, "2": 1.1259971157628401}, "phi": {"0": 0.6495003860611863, "1": 0.15218002939798536, "2": 0.6560516059504435}, "psi": {"0": 0.578474044077324, "1": 0.750692244090851, "2": 0.5056256250573277}, "sigma": {"0": 0.7920288101307065, "1": 0.9787133510519402, "2": 0.0}, "chi_high": 0.03618887552264087, "beta_low": 0.7353109842166988}