{"R": 40.0, "wi": 0, "di": 1, "delta": 1.0, "gamma": {"0": 1.3461019509945356, "1": 1.1260532783261947, "2": 0.8554857882609647}, "mu": {"0": 1.0342068783703138, "1": 1.0898082582029802, "2": 1.0854783023036572}, "phi": {"0": 0.41054332929172055, "1": 0.7480910720411877, "2": 0.5157319894281135}, "psi": {"0": 1.3942017015653179, "1": 0.9612529994110447, "2": 1.1465177664114163}, "sigma": {"0": 0.5953164092826033, "1": 0.7446709426983504, "2": 0.0}, "chi_high": 0.2918211382465878, "beta_low": 0.05982939065881523}