{"R": 40.0, "wi": 2, "di": 2, "delta": 1.0, "gamma": {"0": 0.9454032218410783, "1": 0.5677817435376453, "2": 0.8845117990964957}, "mu": {"0": 1.1497961473563756, "1": 1.0758640052616508, "2": 1.1017548643172572}, "phi": {"0": 0.946191572037129, "1": 0.7445345443033291, "2": 0.6132214500379857}, "psi": {"0": 1.1730733823980657, "1": 1.3132546636005307, "2": 0.5974043789779863}, "sigma": {"0": 0.6895067189819638, "1": 0.5153100437216857, "2": 0.0}, "chi_high": null, "beta_low": null}