{"R": 40.0, "wi": 2, "di": 1, "delta": 1.0, "gamma": {"0": 0.640095083374261, "1": 0.8594042658404026, "2": 1.250572418185766}, "mu": {"0": 1.1294082266985805, "1": 1.0415535349101428, "2": 1.0369172957991795}, "phi": {"0": 0.4447401693003583, "1": 0.05505243958900774, "2": 0.8187060155339319}, "psi": {"0": 0.7957375982275127, "1": 1.3201164882519292, "2": 1.0858770260843336}, "sigma": {"0": 0.5287897741491123, "1": 0.6711031852715963, "2": 0.0}, "chi_high": null, "beta_low": null}