{"R": 40.0, "wi": 1, "di": 0, "delta": 1.0, "gamma": {"0": 1.2112319433942433, "1": 0.6787868898859127, "2": 1.2325640209096589}, "mu": {"0": 1.114565987684047, "1": 1.0128927001812116, "2": 1.1043064234346873}, "phi": {"0": 0.9370691002852368, "1": 0.5605363974789807, "2": 0.10779976542947889}, "psi": {"0": 0.9457830943043404, "1": 0.7849066972972861, "2": 1.4212071438743707}, "sigma": {"0": 0.5245529420626626, "1": 0.0, "2": 0.0}, "chi_high": null, "beta_low": 0.4870617811434804}