{"R": 40.0, "wi": 3, "di": 1, "delta": 1.0, "gamma": {"0": 1.2164470431276335, "1": 1.350615729974376, "2": 0.6958367813365811}, "mu": {"0": 1.0198835808041264, "1": 1.0665536636142698, "2": 1.1036704617444195}, "phi": {"0": 0.6877600628718974, "1": 0.30889328326835164, "2": 0.3263101512844929}, "psi": {"0": 0.7749295091950329, "1": 0.5497802073352446, "2": 0.5226561440011569}, "sigma": {"0": 0.9748253802657793, "1": 0.992841282517321, "2": 0.0}, "chi_high": 0.7798478032775579, "beta_low": null}