{"R": 40.0, "wi": 1, "di": 0, "delta": 1.0, "gamma": {"0": 1.3696715943397404, "1": 0.6580930142873053, "2": 1.3018179206737734}, "mu": {"0": 1.0439235448515438, "1": 1.1289252131257816, "2": 1.1466181782515676}, "phi": {"0": 0.8383074842533244, "1": 0.4929712706206525, "2": 0.48176121007941297}, "psi": {"0": 0.7835874570367091, "1": 0.5371365619539203, "2": 1.0521936392925002}, "sigma": {"0": 0.6679705635703723, "1": 0.0, "2": 0.0}, "chi_high": null, "beta_low": 0.05648366812984596}