{"R": 40.0, "wi": 2, "di": 0, "delta": 1.0, "gamma": {"0": 0.8155682724435485, "1": 0.6493174931054272, "2": 1.0708569609070717}, "mu": {"0": 1.0533188174163983, "1": 1.0223819024978682, "2": 1.0170807416518348}, "phi": {"0": 0.2764872556281688, "1": 0.1461664031593688, "2": 0.7635064381567658}, "psi": {"0": 1.2080316811921032, "1": 1.2362760219248945, "2": 1.3260783664023756}, "sigma": {"0": 0.9857440585733181, "1": 0.5688140360847516, "2": 0.0}, "chi_high": null, "beta_low": null}