{"R": 40.0, "wi": 3, "di": 2, "delta": 1.0, "gamma": {"0": 1.091421692139156, "1": 1.3786143761688592, "2": 0.8558120148320684}, "mu": {"0": 1.1013076402033268, "1": 1.0336344239275923, "2": 1.0461027098929885}, "phi": {"0": 0.8739087016004286, "1": 0.7000333203025846, "2": 0.46920116231907916}, "psi": {"0": 1.4505955797463645, "1": 1.242455670298328, "2": 0.695905465891952}, "sigma": {"0": 0.6981308610436123, "1": 0.5730404266983946, "2": 0.0}, "chi_high": 0.3742105798024312, "beta_low": null}