{"R": 40.0, "wi": 0, "di": 0, "delta": 1.0, "gamma": {"0": 1.1268982079840857, "1": 0.5607847751559681, "2": 1.2555234295650657}, "mu": {"0": 1.110509513027835, "1": 1.0807102074194224, "2": 1.0451247251533868}, "phi": {"0": 0.40102246156133614, "1": 0.6710712778997298, "2": 0.9220328074241464}, "psi": {"0": 1.4092913340508773, "1": 0.9765646428075128, "2": 0.580614996761353}, "sigma": {"0": 0.8363237418658178, "1": 0.5360775467678176, "2": 0.0}, "chi_high": 0.9716098923484583, "beta_low": 0.6472744511437896}