{"R": 40.0, "wi": 3, "di": 2, "delta": 1.0, "gamma": {"0": 0.6117678152384394, "1": 0.6253510282366485, "2": 0.9039733003427082}, "mu": {"0": 1.0244776814057186, "1": 1.0867857191723556, "2": 1.0330845979496002}, "phi": {"0": 0.7631457524767983, "1": 0.41370428394822845, "2": 0.6395680683884889}, "psi": {"0": 0.5484468328345383, "1": 1.440943709223626, "2": 1.3322926683838805}, "sigma": {"0": 0.660750117715035, "1": 0.7756088070813163, "2": 0.0}, "chi_high": 0.12749015704111216, "beta_low": null}