{"R": 40.0, "wi": 0, "di": 1, "delta": 1.0, "gamma": {"0": 0.7110098121016272, "1": 0.9113350061217237, "2": 0.5575717157923336}, "mu": {"0": 1.1058209719711378, "1": 1.0388552540706602, "2": 1.0724471195241125}, "phi": {"0": 0.14560809921267626, "1": 0.16785703429262766, "2": 0.8147479629569065}, "psi": {"0": 0.5409219301179377, "1": 0.795675454381543, "2": 1.4514877617462822}, "sigma": {"0": 0.9654428305077307, "1": 0.925789480316501, "2": 0.0}, "chi_high": 0.8517597897632401, "beta_low": 0.6641667531665082}