{"R": 40.0, "wi": 0, "di": 2, "delta": 1.0, "gamma": {"0": 0.77142779470751, "1": 0.6866719271081935, "2": 1.2513826421893637}, "mu": {"0": 1.015265506556518, "1": 1.0521525805508152, "2": 1.132611017286544}, "phi": {"0": 0.8657170281859123, "1": 0.7489483383053349, "2": 0.010351438045106853}, "psi": {"0": 1.3425140869149277, "1": 1.13169554594473, "2": 0.8675783314185644}, "sigma": {"0": 0.6527286079592803, "1": 0.7202052093179637, "2": 0.0}, "chi_high": 0.2752796498545014, "beta_low": 0.493453399663502}