{"R": 40.0, "wi": 2, "di": 1, "delta": 1.0, "gamma": {"0": 0.9400995798528962, "1": 1.26018565812526, "2": 0.8391643604900545}, "mu": {"0": 1.147467737038662, "1": 1.138034416495376, "2": 1.106234482011153}, "phi": {"0": 0.5625438283958439, "1": 0.4216823167802043, "2": 0.308077335677175}, "psi": {"0": 1.2612092689996919, "1": 1.0120608649509921, "2": 0.5759748849681147}, "sigma": {"0": 0.6753344659283563, "1": 0.8091466514205076, "2": 0.0}, "chi_high": null, "beta_low": null}