{"R": 40.0, "wi": 1, "di": 0, "delta": 1.0, "gamma": {"0": 1.2277285609077633, "1": 1.300556152289396, "2": 0.6031803476858765}, "mu": {"0": 1.0135548339928608, "1": 1.018355653198609, "2": 1.0384143931567869}, "phi": {"0": 0.6323099276651046, "1": 0.9158347619055182, "2": 0.6422866141344991}, "psi": {"0": 0.8125059219289633, "1": 0.8595699973779852, "2": 0.8889639120192048}, "sigma": {"0": 0.7191271000176827, "1": 0.0, "2": 0.0}, "chi_high": null, "beta_low": 0.04551795769682157}