{"R": 40.0, "wi": 3, "di": 0, "delta": 1.0, "gamma": {"0": 0.9703593670636661, "1": 0.9139518807981442, "2": 0.8583517612379514}, "mu": {"0": 1.0060635574710495, "1": 1.071433568833398, "2": 1.068825581950699}, "phi": {"0": 0.3958875221787904, "1": 0.4557892281099355, "2": 0.9198837348796781}, "psi": {"0": 1.2465994832689415, "1": 1.2797201277636947, "2": 0.7548932438060668}, "sigma": {"0": 0.6633394847862817, "1": 0.669665343219825, "2": 0.0}, "chi_high": 0.4646521239449818, "beta_low": null}