{"R": 40.0, "wi": 1, "di": 1, "delta": 1.0, "gamma": {"0": 1.3607716626983102, "1": 1.0184034322862787, "2": 1.203558321285275}, "mu": {"0": 1.0655277548507658, "1": 1.1126653747039157, "2": 1.1129026951716232}, "phi": {"0": 0.3568755250348966, "1": 0.5564137956690308, "2": 0.9271097276164837}, "psi": {"0": 0.5848098757807699, "1": 1.0519721685599879, "2": 0.54700594482897}, "sigma": {"0": 0.6113233882890798, "1": 0.0, "2": 0.0}, "chi_high": null, "beta_low": 0.05831294535487677}