{"R": 40.0, "wi": 1, "di": 1, "delta": 1.0, "gamma": {"0": 0.8262930739627669, "1": 0.708051930357317, "2": 1.37588390452934}, "mu": {"0": 1.0916608132330257, "1": 1.0600777637698848, "2": 1.0998249179660582}, "phi": {"0": 0.24776046170512112, "1": 0.6548903124078505, "2": 0.25920722123013795}, "psi": {"0": 0.5157479306421558, "1": 0.5623686343146143, "2": 1.4365304192986805}, "sigma": {"0": 0.7047532622837847, "1": 0.0, "2": 0.0}, "chi_high": null, "beta_low": 0.4102897644178952}