{"R": 40.0, "wi": 0, "di": 0, "delta": 1.0, "gamma": {"0": 1.0008344692252438, "1": 0.6687485376406946, "2": 0.6680963904250272}, "mu": {"0": 1.0418989701360342, "1": 1.0142874717946087, "2": 1.0169892035663723}, "phi": {"0": 0.3676833594693305, "1": 0.8161003309651355, "2": 0.8183516476201529}, "psi": {"0": 1.309250210364596, "1": 0.5765046963263324, "2": 1.4810164834658468}, "sigma": {"0": 0.7605901973287248, "1": 0.7680343422808513, "2": 0.0}, "chi_high": 0.4092806066378466, "beta_low": 0.05717159429547033}