{"R": 40.0, "wi": 1, "di": 2, "delta": 1.0, "gamma": {"0": 1.3449560831390084, "1": 1.1504732427995947, "2": 0.5139151485848353}, "mu": {"0": 1.1488131086271438, "1": 1.1441787591074002, "2": 1.1151546253375377}, "phi": {"0": 0.6396153075159796, "1": 0.5307979046790825, "2": 0.2824820414312138}, "psi": {"0": 1.1321095498632134, "1": 1.3566465131269378, "2": 1.026215403108862}, "sigma": {"0": 0.7026262486659665, "1": 0.0, "2": 0.0}, "chi_high": null, "beta_low": 0.7360859156873008}