{"R": 40.0, "wi": 3, "di": 2, "delta": 1.0, "gamma": {"0": 0.6615465881614976, "1": 1.452820894343529, "2": 1.0392586476334729}, "mu": {"0": 1.1360428291707938, "1": 1.017434775815795, "2": 1.0310843619361731}, "phi": {"0": 0.33084385150004325, "1": 0.343863282787658, "2": 0.8388361107436847}, "psi": {"0": 1.3979503790194834, "1": 0.8751534344750608, "2": 0.7546164671067267}, "sigma": {"0": 0.6778161366331599, "1": 0.732067316489054, "2": 0.0}, "chi_high": 0.5041240594451983, "beta_low": null}