{"R": 40.0, "wi": 2, "di": 2, "delta": 1.0, "gamma": {"0": 0.8491262185097915, "1": 1.4008955479171832, "2": 1.2259892724889059}, "mu": {"0": 1.0366659784568664, "1": 1.1106648101482084, "2": 1.070018100531143}, "phi": {"0": 0.05878588633452919, "1": 0.833354297920064, "2": 0.6244824081887783}, "psi": {"0": 0.5330032009803468, "1": 0.6336951699459951, "2": 1.0880807239852115}, "sigma": {"0": 0.7305670302097809, "1": 0.633660522623856, "2": 0.0}, "chi_high": null, "beta_low": null}