{"R": 40.0, "wi": 0, "di": 2, "delta": 1.0, "gamma": {"0": 1.4501463155064842, "1": 1.4691454216815063, "2": 0.6013505933544447}, "mu": {"0": 1.096980353831685, "1": 1.0745316947992303, "2": 1.1229663780087493}, "phi": {"0": 0.1922534563728, "1": 0.8703990611460031, "2": 0.8949021634487674}, "psi": {"0": 1.1815169521891336, "1": 0.5738791822652345, "2": 0.6757338011723183}, "sigma": {"0": 0.985039417271075, "1": 0.579071994791379, "2": 0.0}, "chi_high": 0.13577012663939217, "beta_low": 0.7999737429278437}