{"R": 40.0, "wi": 1, "di": 0, "delta": 1.0, "gamma": {"0": 0.5335161656772915, "1": 1.3177731681220377, "2": 0.5002725768299229}, "mu": {"0": 1.08933288953747, "1": 1.1450378286521998, "2": 1.003600954666005}, "phi": {"0": 0.7729837613832049, "1": 0.04957497315187709, "2": 0.7546742586296279}, "psi": {"0": 1.464052419966285, "1": 1.018605398568841, "2": 1.1679139921734194}, "sigma": {"0": 0.967033013494009, "1": 0.0, "2": 0.0}, "chi_high": null, "beta_low": 0.7764077090179208}