{"R": 40.0, "wi": 1, "di": 0, "delta": 1.0, "gamma": {"0": 1.1300127342102328, "1": 1.3316376812405002, "2": 1.2741389056667374}, "mu": {"0": 1.0664516886812532, "1": 1.0281655194107155, "2": 1.0119782856116795}, "phi": {"0": 0.27323722262629546, "1": 0.24699069334449375, "2": 0.1535989436791786}, "psi": {"0": 1.4608754038059897, "1": 1.3756629084057312, "2": 0.6114146075749067}, "sigma": {"0": 0.8235497840126818, "1": 0.0, "2": 0.0}, "chi_high": null, "beta_low": 0.04983219778518835}