{"R": 40.0, "wi": 0, "di": 0, "delta": 1.0, "gamma": {"0": 0.9018979418027269, "1": 1.3971389544857074, "2": 1.2070123338955292}, "mu": {"0": 1.0800631871200694, "1": 1.1277776306907128, "2": 1.140318036736265}, "phi": {"0": 0.519139129191203, "1": 0.271141170023271, "2": 0.8843908199246748}, "psi": {"0": 1.3118263513989055, "1": 0.6243563668356932, "2": 0.847631082579747}, "sigma": {"0": 0.5412529499974441, "1": 0.9635413802597623, "2": 0.0}, "chi_high": 0.09156755242328354, "beta_low": 0.21342967796498277}