{"R": 40.0, "wi": 1, "di": 2, "delta": 1.0, "gamma": {"0": 1.2975825092090176, "1": 0.6160819065653933, "2": 0.7922603127023449}, "mu": {"0": 1.0851521140254554, "1": 1.0764292016092478, "2": 1.0083682919767114}, "phi": {"0": 0.09145050502062124, "1": 0.5200527700392995, "2": 0.5423283181868248}, "psi": {"0": 1.2392211357228482, "1": 0.9558895461417383, "2": 0.8288137364789381}, "sigma": {"0": 0.8219993875626681, "1": 0.0, "2": 0.0}, "chi_high": null, "beta_low": 0.15954998696963477}