{"R": 40.0, "wi": 0, "di": 1, "delta": 1.0, "gamma": {"0": 0.6961935775803938, "1": 1.0538335109606924, "2": 0.936370514647246}, "mu": {"0": 1.0465088255660007, "1": 1.12461877598494, "2": 1.035382831043174}, "phi": {"0": 0.2324340089491017, "1": 0.47495948524057763, "2": 0.8694853284372985}, "psi": {"0": 0.7914536066844078, "1": 0.7320681615963436, "2": 1.415120929362152}, "sigma": {"0": 0.5432364303349699, "1": 0.6766796761217304, "2": 0.0}, "chi_high": 0.044863528244839655, "beta_low": 0.12968296356967068}