{"R": 40.0, "wi": 3, "di": 0, "delta": 1.0, "gamma": {"0": 1.1900155349247816, "1": 0.8549910787281663, "2": 1.3545328091626634}, "mu": {"0": 1.1217893241653623, "1": 1.0556116501780861, "2": 1.066390701366308}, "phi": {"0": 0.12364163827375252, "1": 0.9975559094991637, "2": 0.8626406037200345}, "psi": {"0": 0.8161240362706639, "1": 0.8860200423781144, "2": 0.9090939865135361}, "sigma": {"0": 0.526519138336274, "1": 0.8358000344344969, "2": 0.0}, "chi_high": 0.6651909868146548, "beta_low": null}