{"R": 40.0, "wi": 2, "di": 0, "delta": 1.0, "gamma": {"0": 1.3100619827610593, "1": 0.572600437801569, "2": 0.6788687847167035}, "mu": {"0": 1.121995565048543, "1": 1.089809620346653, "2": 1.08819605238894}, "phi": {"0": 0.683918937564073, "1": 0.00022445265162673866, "2": 0.6992746914628195}, "psi": {"0": 0.5417618176595872, "1": 0.7462397698213562, "2": 1.0046618888943994}, "sigma": {"0": 0.9193298367218816, "1": 0.9286401799457229, "2": 0.0}, "chi_high": null, "beta_low": null}