{"R": 40.0, "wi": 3, "di": 0, "delta": 1.0, "gamma": {"0": 0.792939515583209, "1": 0.9580576576124804, "2": 0.7309022296998461}, "mu": {"0": 1.1419243984714438, "1": 1.0193016771036512, "2": 1.0865115849346396}, "phi": {"0": 0.11794918397676879, "1": 0.983873591141938, "2": 0.3558677012859037}, "psi": {"0": 1.4115781471597164, "1": 1.1657987905265892, "2": 0.8811396935589502}, "sigma": {"0": 0.9622186768484149, "1": 0.5571113661812082, "2": 0.0}, "chi_high": 0.23768837598162917, "beta_low": null}