{"R": 40.0, "wi": 0, "di": 2, "delta": 1.0, "gamma": {"0": 1.1787661994150436, "1": 1.0773668348436987, "2": 1.0209465337856183}, "mu": {"0": 1.1101557851880497, "1": 1.1268139389249974, "2": 1.1358187393186314}, "phi": {"0": 0.5177244743131336, "1": 0.6366450280118825, "2": 0.6214738625295807}, "psi": {"0": 0.5565973726675821, "1": 0.6897181349844236, "2": 0.8087451637413188}, "sigma": {"0": 0.8835830539992686, "1": 0.8322665310651532, "2": 0.0}, "chi_high": 0.7599553375188665, "beta_low": 0.7155141793058732}