{"R": 40.0, "wi": 3, "di": 2, "delta": 1.0, "gamma": {"0": 1.4931835370472264, "1": 1.2629068656519125, "2": 1.4246516430475977}, "mu": {"0": 1.032853840253668, "1": 1.1431068861717546, "2": 1.0968656882423093}, "phi": {"0": 0.6385027349352295, "1": 0.16392090507242196, "2": 0.8463334810421851}, "psi": {"0": 1.0340738937851173, "1": 0.6409597544106116, "2": 0.817685556304846}, "sigma": {"0": 0.9781303988942458, "1": 0.505116244941161, "2": 0.0}, "chi_high": 0.6925326790865609, "beta_low": null}