{"R": 40.0, "wi": 3, "di": 0, "delta": 1.0, "gamma": {"0": 0.7678650311463291, "1": 1.156921243817349, "2": 0.8080713344995821}, "mu": {"0": 1.0874280297148868, "1": 1.0818044223888963, "2": 1.012230985082872}, "phi": {"0": 0.3579464196235561, "1": 0.5013441887301013, "2": 0.4384469673658796}, "psi": {"0": 0.9308379710391759, "1": 1.2432348099933166, "2": 0.7320369047848239}, "sigma": {"0": 0.5336187582300853, "1": 0.7529477746482676, "2": 0.0}, "chi_high": 0.7931021304818159, "beta_low": null}