{"R": 40.0, "wi": 3, "di": 2, "delta": 1.0, "gamma": {"0": 1.2178582713200505, "1": 0.9140995129933258, "2": 0.7769007680632405}, "mu": {"0": 1.1104395645619558, "1": 1.0622983621949416, "2": 1.0484973879545805}, "phi": {"0": 0.6029105563860593, "1": 0.10652027765077765, "2": 0.3289025265126626}, "psi": {"0": 1.4580236373864728, "1": 0.8959161393671965, "2": 1.4505833746882895}, "sigma": {"0": 0.8863026205758872, "1": 0.7387952456010977, "2": 0.0}, "chi_high": 0.1760256100424684, "beta_low": null}