{"R": 40.0, "wi": 2, "di": 0, "delta": 1.0, "gamma": {"0": 1.2006284669340483, "1": 0.6762495656270499, "2": 0.6060710684272728}, "mu": {"0": 1.0956056790569388, "1": 1.0680318780263993, "2": 1.03893552007781}, "phi": {"0": 0.14366204787408543, "1": 0.9857781022036504, "2": 0.24604014115130912}, "psi": {"0": 1.1432829208954538, "1": 1.1409261934343988, "2": 0.9335333954183046}, "sigma": {"0": 0.6164566283311785, "1": 0.6957963495918245, "2": 0.0}, "chi_high": null, "beta_low": null}