{"R": 40.0, "wi": 1, "di": 0, "delta": 1.0, "gamma": {"0": 1.056500458702239, "1": 1.1832586562417355, "2": 0.8279689561779713}, "mu": {"0": 1.094186447135219, "1": 1.1077245184126916, "2": 1.1322430173658296}, "phi": {"0": 0.5514560600308631, "1": 0.9863049354594745, "2": 0.5671407380107303}, "psi": {"0": 0.51260708461633, "1": 0.9758102704398244, "2": 1.486431645830915}, "sigma": {"0": 0.6363713152086858, "1": 0.0, "2": 0.0}, "chi_high": null, "beta_low": 0.19679602367224278}