{"R": 40.0, "wi": 1, "di": 2, "delta": 1.0, "gamma": {"0": 1.2540198355411687, "1": 0.5983201728709673, "2": 0.8602228072227939}, "mu": {"0": 1.104633603569649, "1": 1.1005877274106615, "2": 1.1418141258402135}, "phi": {"0": 0.924280837042651, "1": 0.33729150071016767, "2": 0.6201682463826093}, "psi": {"0": 1.2235280954167722, "1": 0.7905338693819081, "2": 1.201276047613165}, "sigma": {"0": 0.8122786032227447, "1": 0.0, "2": 0.0}, "chi_high": null, "beta_low": 0.21274779080496167}