{"R": 40.0, "wi": 0, "di": 2, "delta": 1.0, "gamma": {"0": 0.9496885307645574, "1": 0.8770429524915734, "2": 1.4761514966897433}, "mu": {"0": 1.0254085944209492, "1": 1.1423469208968788, "2": 1.082473980610435}, "phi": {"0": 0.4267730031254596, "1": 0.7707229242582864, "2": 0.27210603899498775}, "psi": {"0": 0.668628293404184, "1": 0.5959614116520136, "2": 0.6683745693176248}, "sigma": {"0": 0.5157709482396902, "1": 0.5507627923947502, "2": 0.0}, "chi_high": 0.5413208412695526, "beta_low": 0.7263551594769281}