{"R": 40.0, "wi": 1, "di": 2, "delta": 1.0, "gamma": {"0": 0.6319132502182759, "1": 0.9059972673804866, "2": 0.9177289251703561}, "mu": {"0": 1.1170983603563478, "1": 1.1253197783357987, "2": 1.1473992412293443}, "phi": {"0": 0.45790456909700905, "1": 0.9406939797474698, "2": 0.4150995814939593}, "psi": {"0": 0.7629612239044755, "1": 0.8928858847746419, "2": 1.225354813189794}, "sigma": {"0": 0.8588939418571047, "1": 0.0, "2": 0.0}, "chi_high": null, "beta_low": 0.05574337082869968}