{"R": 40.0, "wi": 1, "di": 0, "delta": 1.0, "gamma": {"0": 1.4881888895942557, "1": 0.9998045797665058, "2": 1.3303387018647652}, "mu": {"0": 1.0749625682528998, "1": 1.0876451193071628, "2": 1.0324286856341782}, "phi": {"0": 0.8396814006333585, "1": 0.655801125752127, "2": 0.3623531873108907}, "psi": {"0": 1.0132010786936063, "1": 0.5049665396476014, "2": 1.0687730364014807}, "sigma": {"0": 0.631522334925377, "1": 0.0, "2": 0.0}, "chi_high": null, "beta_low": 0.43936462241225616}