{"R": 40.0, "wi": 2, "di": 0, "delta": 1.0, "gamma": {"0": 0.7764506391149433, "1": 1.1080593135369279, "2": 1.3286695841479255}, "mu": {"0": 1.0619085915306947, "1": 1.0354958467762618, "2": 1.0857086075344906}, "phi": {"0": 0.216152593841073, "1": 0.21915323842443823, "2": 0.21769643094551538}, "psi": {"0": 1.4044992493701804, "1": 1.15446560866644, "2": 0.9773436987157209}, "sigma": {"0": 0.7642620860479856, "1": 0.7973932875198619, "2": 0.0}, "chi_high": null, "beta_low": null}