{"R": 40.0, "wi": 0, "di": 2, "delta": 1.0, "gamma": {"0": 0.5407384538497783, "1": 0.9595152554626168, "2": 0.6116422684416859}, "mu": {"0": 1.0194573190860519, "1": 1.0319808762748985, "2": 1.0816988978745028}, "phi": {"0": 0.09953678517776654, "1": 0.21130345245378057, "2": 0.1506119751503724}, "psi": {"0": 1.298450576257252, "1": 0.795691744655285, "2": 1.1690036759532116}, "sigma": {"0": 0.6627361050980556, "1": 0.610986376830509, "2": 0.0}, "chi_high": 0.0838879158194784, "beta_low": 0.7209835836745301}