{"R": 40.0, "wi": 0, "di": 1, "delta": 1.0, "gamma": {"0": 0.6240087242010321, "1": 1.3001093580605763, "2": 1.4798798236535826}, "mu": {"0": 1.0536991401589602, "1": 1.079318377619649, "2": 1.048984176194288}, "phi": {"0": 0.9080562103544478, "1": 0.6438814785850975, "2": 0.17012401297678337}, "psi": {"0": 1.0024488370696567, "1": 0.6697102771486484, "2": 1.2960454344376107}, "sigma": {"0": 0.975633289899275, "1": 0.9575068412963139, "2": 0.0}, "chi_high": 0.9847783126783685, "beta_low": 0.2607645411600483}