{"R": 40.0, "wi": 2, "di": 0, "delta": 1.0, "gamma": {"0": 0.580721718844084, "1": 0.6367700709663249, "2": 0.903088740503249}, "mu": {"0": 1.0893697919982406, "1": 1.129292778855429, "2": 1.1021978531480383}, "phi": {"0": 0.5951863543325326, "1": 0.1809954511605052, "2": 0.9757486262469056}, "psi": {"0": 0.9028268847371698, "1": 0.5698393127231013, "2": 0.78718765804195}, "sigma": {"0": 0.7648939207097067, "1": 0.8302391260720139, "2": 0.0}, "chi_high": null, "beta_low": null}