{"R": 40.0, "wi": 1, "di": 1, "delta": 1.0, "gamma": {"0": 0.8530028447253715, "1": 0.6829445596679458, "2": 1.2256540721019489}, "mu": {"0": 1.0979900094017025, "1": 1.0756864105380237, "2": 1.0784968212236126}, "phi": {"0": 0.36126502456830933, "1": 0.3965016281067084, "2": 0.35053669933751463}, "psi": {"0": 1.242490764906345, "1": 0.961593191655896, "2": 0.9973621710818141}, "sigma": {"0": 0.6050432121293264, "1": 0.0, "2": 0.0}, "chi_high": null, "beta_low": 0.34282262703047806}