{"R": 40.0, "wi": 0, "di": 2, "delta": 1.0, "gamma": {"0": 0.6631952105624853, "1": 0.6602035977161477, "2": 1.1427328733873336}, "mu": {"0": 1.066215115083339, "1": 1.1030011721220554, "2": 1.014691846427215}, "phi": {"0": 0.6110162470829208, "1": 0.7087629325861247, "2": 0.7066103517848703}, "psi": {"0": 1.067376659115174, "1": 0.6215681750575937, "2": 1.4913318918629812}, "sigma": {"0": 0.810842279728617, "1": 0.9636426392161297, "2": 0.0}, "chi_high": 0.33779108930214774, "beta_low": 0.1243055101108576}