{"R": 40.0, "wi": 0, "di": 1, "delta": 1.0, "gamma": {"0": 0.551692999633776, "1": 0.5368334293456601, "2": 0.6719589557780266}, "mu": {"0": 1.0817764058605952, "1": 1.0112143254732668, "2": 1.1306886854869125}, "phi": {"0": 0.8309352062325867, "1": 0.14846164205174073, "2": 0.8047765913111417}, "psi": {"0": 0.6812188582927232, "1": 0.9250205988765962, "2": 1.28894369070606}, "sigma": {"0": 0.7915659383457854, "1": 0.9076384230298264, "2": 0.0}, "chi_high": 0.44375803607105974, "beta_low": 0.21895261060145288}