{"R": 40.0, "wi": 2, "di": 0, "delta": 1.0, "gamma": {"0": 0.9416532809563869, "1": 1.2886390147791067, "2": 1.053946955505657}, "mu": {"0": 1.0249830773714144, "1": 1.0577099117315019, "2": 1.0691649325031414}, "phi": {"0": 0.6167792551762377, "1": 0.6030128514903887, "2": 0.9817260795681473}, "psi": {"0": 1.2425123612613964, "1": 0.6134300201383327, "2": 1.0566534953680105}, "sigma": {"0": 0.5204172836386224, "1": 0.7310835307935396, "2": 0.0}, "chi_high": null, "beta_low": null}