{"R": 40.0, "wi": 0, "di": 0, "delta": 1.0, "gamma": {"0": 0.968462294253195, "1": 1.0685925445076607, "2": 0.7580995232892055}, "mu": {"0": 1.121095826088553, "1": 1.043111975998481, "2": 1.0098417951278258}, "phi": {"0": 0.9231804514043735, "1": 0.6308593010678621, "2": 0.14106045889670948}, "psi": {"0": 0.5594478244766614, "1": 1.3154385141694502, "2": 1.1342755230484332}, "sigma": {"0": 0.7751117190974463, "1": 0.5386002372401231, "2": 0.0}, "chi_high": 0.6943479245227472, "beta_low": 0.20337031758562282}