{"R": 40.0, "wi": 2, "di": 1, "delta": 1.0, "gamma": {"0": 1.3222910315412497, "1": 1.3132012980748144, "2": 1.0440927632672445}, "mu": {"0": 1.0328275939434262, "1": 1.1052398903555631, "2": 1.1232685305196632}, "phi": {"0": 0.8287128848039669, "1": 0.47757090660899004, "2": 0.11895731589302094}, "psi": {"0": 0.9960069919390404, "1": 1.2814870353954495, "2": 0.6267835300536769}, "sigma": {"0": 0.7059957332993055, "1": 0.9644191302504237, "2": 0.0}, "chi_high": null, "beta_low": null}