{"R": 40.0, "wi": 1, "di": 2, "delta": 1.0, "gamma": {"0": 0.9138442721793475, "1": 1.2059311742094212, "2": 0.6480054058609918}, "mu": {"0": 1.0955990206978279, "1": 1.1164972449097796, "2": 1.1404007365336184}, "phi": {"0": 0.5828877654041855, "1": 0.24779619946831755, "2": 0.2519609913764317}, "psi": {"0": 1.301122822304921, "1": 0.8699060155129474, "2": 1.369906493935894}, "sigma": {"0": 0.5853056818349605, "1": 0.0, "2": 0.0}, "chi_high": null, "beta_low": 0.015141526952664908}