{"R": 40.0, "wi": 2, "di": 0, "delta": 1.0, "gamma": {"0": 0.9144262293894252, "1": 1.4591437912348508, "2": 1.4210840831789389}, "mu": {"0": 1.1392335032884378, "1": 1.1061500210317565, "2": 1.020321201884791}, "phi": {"0": 0.9252298415757692, "1": 0.5114112557127063, "2": 0.24721123648791854}, "psi": {"0": 1.0998467341621412, "1": 1.3767886130347207, "2": 1.4565991535148757}, "sigma": {"0": 0.5900610423887243, "1": 0.5239637029481051, "2": 0.0}, "chi_high": null, "beta_low": null}