{"R": 40.0, "wi": 0, "di": 0, "delta": 1.0, "gamma": {"0": 0.7954274217948655, "1": 1.4161304247703548, "2": 1.2328310781598772}, "mu": {"0": 1.0253144360680222, "1": 1.0584803513038104, "2": 1.1341404187106001}, "phi": {"0": 0.8640939403129082, "1": 0.2306246363018657, "2": 0.1588693607209909}, "psi": {"0": 1.0627401429944379, "1": 1.1968418802238268, "2": 0.6983557436105594}, "sigma": {"0": 0.9631704851826539, "1": 0.8890557161220329, "2": 0.0}, "chi_high": 0.5979928012244429, "beta_low": 0.43944892670764546}