{"R": 40.0, "wi": 0, "di": 1, "delta": 1.0, "gamma": {"0": 0.6053914642994535, "1": 0.7565236779070423, "2": 0.7514547251657473}, "mu": {"0": 1.0675769805813835, "1": 1.0565673191009026, "2": 1.1418408916686795}, "phi": {"0": 0.1551232691490092, "1": 0.7632596974295365, "2": 0.7007669907338466}, "psi": {"0": 1.2121014718530572, "1": 0.5053222722190027, "2": 0.5689243335484524}, "sigma": {"0": 0.9994126012113971, "1": 0.5596899512154131, "2": 0.0}, "chi_high": 0.690597925331178, "beta_low": 0.0719861503170963}