{"R": 40.0, "wi": 0, "di": 0, "delta": 1.0, "gamma": {"0": 1.2121273091662133, "1": 1.261456847166179, "2": 0.5419932855036433}, "mu": {"0": 1.0956096045748676, "1": 1.0882622230965775, "2": 1.0720841785349493}, "phi": {"0": 0.8145172249684348, "1": 0.22427535612008598, "2": 0.631516639208836}, "psi": {"0": 0.7493253152988855, "1": 1.1272176489125885, "2": 1.4724635249409124}, "sigma": {"0": 0.870287946443409, "1": 0.5598260426562922, "2": 0.0}, "chi_high": 0.2515552787527196, "beta_low": 0.7339404798135332}