{"R": 40.0, "wi": 3, "di": 2, "delta": 1.0, "gamma": {"0": 1.2838324180167726, "1": 0.7846745179007059, "2": 1.2582930723142793}, "mu": {"0": 1.1148447048518761, "1": 1.082639686164016, "2": 1.0605042186951805}, "phi": {"0": 0.7701105931447978, "1": 0.05772736192902905, "2": 0.4406796064396018}, "psi": {"0": 0.523313546863424, "1": 0.688426116030155, "2": 1.241797551181038}, "sigma": {"0": 0.9315199921934167, "1": 0.8881437829917536, "2": 0.0}, "chi_high": 0.9392606986140697, "beta_low": null}