{"R": 40.0, "wi": 3, "di": 2, "delta": 1.0, "gamma": {"0": 1.2903758021259497, "1": 0.8057957885230577, "2": 1.3279133759946071}, "mu": {"0": 1.0198094644448228, "1": 1.1126463232820534, "2": 1.105276143310221}, "phi": {"0": 0.333112559907055, "1": 0.4210294934487526, "2": 0.04057316334892935}, "psi": {"0": 1.0543546116033697, "1": 0.543124143823827, "2": 0.7343660003187057}, "sigma": {"0": 0.8996629389974542, "1": 0.9510876662439289, "2": 0.0}, "chi_high": 0.7162317172815679, "beta_low": null}