{"R": 40.0, "wi": 1, "di": 2, "delta": 1.0, "gamma": {"0": 1.2140876955497995, "1": 0.5471656933949368, "2": 1.0146019363036922}, "mu": {"0": 1.1297698910348941, "1": 1.0540484168446165, "2": 1.0698222358838876}, "phi": {"0": 0.8563168557536337, "1": 0.006880730734783902, "2": 0.6386569237452371}, "psi": {"0": 0.7521555533876416, "1": 1.2620285959393995, "2": 1.4129655397822054}, "sigma": {"0": 0.9888519911003129, "1": 0.0, "2": 0.0}, "chi_high": null, "beta_low": 0.2918842659287802}