{"R": 40.0, "wi": 1, "di": 2, "delta": 1.0, "gamma": {"0": 0.865407838111156, "1": 0.7733341282458949, "2": 0.9954602907269968}, "mu": {"0": 1.1125354579916888, "1": 1.0201189375136355, "2": 1.1102338572020047}, "phi": {"0": 0.5754633023579808, "1": 0.5647294690355685, "2": 0.1141421135311862}, "psi": {"0": 1.2265841815625491, "1": 0.8236824417791904, "2": 1.1407940867670914}, "sigma": {"0": 0.956611519347834, "1": 0.0, "2": 0.0}, "chi_high": null, "beta_low": 0.022243734777600672}