{"R": 40.0, "wi": 2, "di": 1, "delta": 1.0, "gamma": {"0": 1.398229958696865, "1": 0.518780970051505, "2": 0.6025894786380616}, "mu": {"0": 1.062480054998818, "1": 1.1126269707058694, "2": 1.0912944287745339}, "phi": {"0": 0.9002909076692847, "1": 0.4736579404363306, "2": 0.7419768104886201}, "psi": {"0": 0.7265673629482098, "1": 0.5370149873383596, "2": 1.3024784515344425}, "sigma": {"0": 0.9815405443479812, "1": 0.72067442136343, "2": 0.0}, "chi_high": null, "beta_low": null}