{"R": 40.0, "wi": 2, "di": 0, "delta": 1.0, "gamma": {"0": 1.1714733968511646, "1": 1.2745639590646596, "2": 1.102787025362708}, "mu": {"0": 1.148928772843566, "1": 1.1241374647768814, "2": 1.0946749593824636}, "phi": {"0": 0.8479713260121516, "1": 0.5338799294709266, "2": 0.07313676622947674}, "psi": {"0": 1.0651408252952104, "1": 0.8393965158564882, "2": 1.2312766157027106}, "sigma": {"0": 0.532792768801897, "1": 0.713377703079667, "2": 0.0}, "chi_high": null, "beta_low": null}