{"R": 40.0, "wi": 1, "di": 0, "delta": 1.0, "gamma": {"0": 0.6804148449810633, "1": 1.416637032545776, "2": 1.3642841552090044}, "mu": {"0": 1.0505993952107797, "1": 1.1131611469533573, "2": 1.1122906245825748}, "phi": {"0": 0.09870626735756083, "1": 0.826768975601194, "2": 0.19633606362153622}, "psi": {"0": 0.7804062904082951, "1": 1.3971721517769076, "2": 1.160549284630326}, "sigma": {"0": 0.7598836929442325, "1": 0.0, "2": 0.0}, "chi_high": null, "beta_low": 0.8368916613011622}