{"R": 40.0, "wi": 1, "di": 2, "delta": 1.0, "gamma": {"0": 1.1017426458950355, "1": 0.6122479946299848, "2": 1.1091836267449213}, "mu": {"0": 1.0622518216686105, "1": 1.0379796627682396, "2": 1.0357330570321965}, "phi": {"0": 0.5164142539798624, "1": 0.622032381819879, "2": 0.862606730072823}, "psi": {"0": 0.7257831576144536, "1": 1.1575160846544543, "2": 0.6573613136809751}, "sigma": {"0": 0.5515868175058077, "1": 0.0, "2": 0.0}, "chi_high": null, "beta_low": 0.8095360214574691}