{"R": 40.0, "wi": 1, "di": 2, "delta": 1.0, "gamma": {"0": 1.0125139055668229, "1": 1.4850445970532966, "2": 0.8752255027815425}, "mu": {"0": 1.0729387669972499, "1": 1.0245439604034992, "2": 1.1040729656135375}, "phi": {"0": 0.6286587359935234, "1": 0.9057186337457642, "2": 0.8598100921122555}, "psi": {"0": 0.6816684989064553, "1": 0.8221505541676091, "2": 0.7704142540072955}, "sigma": {"0": 0.80563630896168, "1": 0.0, "2": 0.0}, "chi_high": null, "beta_low": 0.3237249929566691}