{"R": 40.0, "wi": 2, "di": 2, "delta": 1.0, "gamma": {"0": 0.6142460319702295, "1": 0.6412560981515844, "2": 1.0559834089374478}, "mu": {"0": 1.1109977662595227, "1": 1.0000834888322971, "2": 1.1129264380431434}, "phi": {"0": 0.675038240532099, "1": 0.6922935336705354, "2": 0.15735028125935735}, "psi": {"0": 0.649401450800079, "1": 1.3469784379137844, "2": 1.4575172673903902}, "sigma": {"0": 0.5227669979228527, "1": 0.727021192904306, "2": 0.0}, "chi_high": null, "beta_low": null}