{"R": 40.0, "wi": 0, "di": 0, "delta": 1.0, "gamma": {"0": 0.6837755178494331, "1": 1.0993591291822005, "2": 1.459759310512621}, "mu": {"0": 1.038542432760493, "1": 1.0750186572841873, "2": 1.1466063742658215}, "phi": {"0": 0.4485747155749197, "1": 0.02426580649823007, "2": 0.9151525726058812}, "psi": {"0": 1.4955776574699329, "1": 1.2201394348488401, "2": 0.9043772928458492}, "sigma": {"0": 0.948722987884379, "1": 0.8879636570587301, "2": 0.0}, "chi_high": 0.3587186068226268, "beta_low": 0.7016195761277486}