{"R": 40.0, "wi": 0, "di": 2, "delta": 1.0, "gamma": {"0": 1.1283700252137323, "1": 0.6102002429992812, "2": 1.1542656908998594}, "mu": {"0": 1.0746341582784147, "1": 1.0428447924261954, "2": 1.0887733575210743}, "phi": {"0": 0.24545465934034438, "1": 0.7046939937828026, "2": 0.2959674217265159}, "psi": {"0": 1.0845594141039776, "1": 0.5185723851387105, "2": 1.4475909125728152}, "sigma": {"0": 0.5092407908172996, "1": 0.8480150323000782, "2": 0.0}, "chi_high": 0.8698894877005745, "beta_low": 0.5473403323951878}