{"R": 40.0, "wi": 0, "di": 1, "delta": 1.0, "gamma": {"0": 1.1109315231684436, "1": 0.5716448399838774, "2": 1.3436031579088996}, "mu": {"0": 1.0502707085817222, "1": 1.033513012564461, "2": 1.1390662854068863}, "phi": {"0": 0.7882993717739881, "1": 0.9221829561690306, "2": 0.06617043258362221}, "psi": {"0": 1.2929178841453728, "1": 0.915402569941156, "2": 0.5807747802301987}, "sigma": {"0": 0.9221283637762004, "1": 0.7370975497759021, "2": 0.0}, "chi_high": 0.8143062594121669, "beta_low": 0.8043570998586164}