{"R": 40.0, "wi": 2, "di": 0, "delta": 1.0, "gamma": {"0": 0.9970328327879822, "1": 1.0663507427777743, "2": 1.229974136446201}, "mu": {"0": 1.1099128024247324, "1": 1.0837508174808064, "2": 1.1188091664990352}, "phi": {"0": 0.542821796038245, "1": 0.9956512167879844, "2": 0.12741870509623932}, "psi": {"0": 0.7022170084294955, "1": 1.0003227200233686, "2": 1.1089208790079956}, "sigma": {"0": 0.933683169376657, "1": 0.8854056393080001, "2": 0.0}, "chi_high": null, "beta_low": null}