{"R": 40.0, "wi": 0, "di": 1, "delta": 1.0, "gamma": {"0": 1.072258298453764, "1": 1.0258247050011315, "2": 1.2840998669942802}, "mu": {"0": 1.0410229976130136, "1": 1.0503372639108728, "2": 1.1060538379277745}, "phi": {"0": 0.5449724679639311, "1": 0.2850573441189962, "2": 0.7105336035436424}, "psi": {"0": 0.9335384941670541, "1": 1.3497433170055007, "2": 0.9318074330508112}, "sigma": {"0": 0.9726833402148225, "1": 0.5892083581474994, "2": 0.0}, "chi_high": 0.15435906163819293, "beta_low": 0.4046384641739938}