{"R": 40.0, "wi": 0, "di": 2, "delta": 1.0, "gamma": {"0": 0.8297853478074021, "1": 0.8129349563423388, "2": 1.325915227449995}, "mu": {"0": 1.0987735501926548, "1": 1.0248782412624846, "2": 1.0036504076038237}, "phi": {"0": 0.183373020786898, "1": 0.769844320343338, "2": 0.9906646014892808}, "psi": {"0": 0.8420974466279072, "1": 1.43799303417379, "2": 1.1775243361770529}, "sigma": {"0": 0.9256849153101284, "1": 0.7687797105685226, "2": 0.0}, "chi_high": 0.1447965762898803, "beta_low": 0.17232188183397398}