{"R": 40.0, "wi": 2, "di": 0, "delta": 1.0, "gamma": {"0": 1.2741889407879619, "1": 0.8198976732518714, "2": 1.108079528015769}, "mu": {"0": 1.02121272802132, "1": 1.138934379797568, "2": 1.0387754470666362}, "phi": {"0": 0.3790686253384421, "1": 0.5515067135851679, "2": 0.6730338085508937}, "psi": {"0": 0.8129536575847166, "1": 1.083985112421308, "2": 1.3209492477059304}, "sigma": {"0": 0.6534640070054627, "1": 0.8570696992814619, "2": 0.0}, "chi_high": null, "beta_low": null}