{"R": 40.0, "wi": 3, "di": 2, "delta": 1.0, "gamma": {"0": 1.4550548859249752, "1": 0.9234663007057512, "2": 1.0449655719050495}, "mu": {"0": 1.0430395631051854, "1": 1.1401374447831052, "2": 1.1262042105897319}, "phi": {"0": 0.6987813556586132, "1": 0.09156514245240932, "2": 0.8828981973346184}, "psi": {"0": 1.24956024853408, "1": 0.5415563207406249, "2": 0.767783354890179}, "sigma": {"0": 0.5188907662232123, "1": 0.6463716190259055, "2": 0.0}, "chi_high": 0.5872171004646164, "beta_low": null}