{"R": 40.0, "wi": 0, "di": 0, "delta": 1.0, "gamma": {"0": 0.9994173408683518, "1": 1.343304562631205, "2": 1.0263252637408784}, "mu": {"0": 1.002019760053764, "1": 1.0632842650690837, "2": 1.1437060610316956}, "phi": {"0": 0.5554774422649347, "1": 0.7333285488628587, "2": 0.3231939157204131}, "psi": {"0": 1.2594185575709866, "1": 1.0069753445159006, "2": 1.0436570662191222}, "sigma": {"0": 0.7763452127018842, "1": 0.9598059681650999, "2": 0.0}, "chi_high": 0.45793715425734927, "beta_low": 0.5317926204576189}