{"R": 40.0, "wi": 2, "di": 2, "delta": 1.0, "gamma": {"0": 0.8060307194636925, "1": 1.284131618883308, "2": 1.346037353627378}, "mu": {"0": 1.0379452745816802, "1": 1.1357300676190563, "2": 1.1491131762586198}, "phi": {"0": 0.2268133886624366, "1": 0.015256107555909781, "2": 0.7116785310382154}, "psi": {"0": 0.6881871644775011, "1": 0.7917585411615526, "2": 0.8185302623629022}, "sigma": {"0": 0.642098163824855, "1": 0.9524628918586976, "2": 0.0}, "chi_high": null, "beta_low": null}