{"R": 40.0, "wi": 0, "di": 0, "delta": 1.0, "gamma": {"0": 1.2345681660493697, "1": 0.6799301617489278, "2": 0.8062817537814492}, "mu": {"0": 1.0815955487994657, "1": 1.0650940574462915, "2": 1.0757279754800615}, "phi": {"0": 0.3571455414008208, "1": 0.9007224633075088, "2": 0.04283017179823734}, "psi": {"0": 0.5811278667443596, "1": 1.1394082093156215, "2": 1.4723602140972447}, "sigma": {"0": 0.8979137515015687, "1": 0.6438214749213287, "2": 0.0}, "chi_high": 0.2503961603649119, "beta_low": 0.6516065172260851}