{"R": 40.0, "wi": 2, "di": 1, "delta": 1.0, "gamma": {"0": 1.1465725087268592, "1": 0.8437028037215979, "2": 1.057212674993989}, "mu": {"0": 1.0428183240722562, "1": 1.1459619538742476, "2": 1.078988490018712}, "phi": {"0": 0.9276590219056889, "1": 0.43935798678687443, "2": 0.3268131250240085}, "psi": {"0": 1.2724086379128854, "1": 0.8967477481347343, "2": 0.5048585727795621}, "sigma": {"0": 0.8156284053150225, "1": 0.7029495037628463, "2": 0.0}, "chi_high": null, "beta_low": null}