{"R": 40.0, "wi": 1, "di": 0, "delta": 1.0, "gamma": {"0": 1.2978271553996215, "1": 0.6847394897611722, "2": 0.7965710475440793}, "mu": {"0": 1.0739306261232333, "1": 1.0069464660342387, "2": 1.1497359974529424}, "phi": {"0": 0.8996824745624963, "1": 0.6625345428945559, "2": 0.5934019515182549}, "psi": {"0": 0.5364237375939344, "1": 1.1085807002031753, "2": 0.9686632950460461}, "sigma": {"0": 0.8721856626738186, "1": 0.0, "2": 0.0}, "chi_high": null, "beta_low": 0.9541649529033063}