{"R": 40.0, "wi": 1, "di": 0, "delta": 1.0, "gamma": {"0": 1.2478689557359757, "1": 1.3818977699501704, "2": 0.8723962158677668}, "mu": {"0": 1.112977608671176, "1": 1.0351826195668647, "2": 1.1201383626700376}, "phi": {"0": 0.9994474722239514, "1": 0.15643750776286158, "2": 0.5609378152852935}, "psi": {"0": 0.507305054423482, "1": 1.4190739493589946, "2": 0.6615650066120224}, "sigma": {"0": 0.7102905988368728, "1": 0.0, "2": 0.0}, "chi_high": null, "beta_low": 0.20067053398153192}