{"R": 40.0, "wi": 1, "di": 0, "delta": 1.0, "gamma": {"0": 1.2867375565869237, "1": 0.7788358263917275, "2": 0.6471362098081078}, "mu": {"0": 1.1190257803955161, "1": 1.0189366374898552, "2": 1.0675397306164218}, "phi": {"0": 0.954470758219203, "1": 0.9994695142593178, "2": 0.9941582476387435}, "psi": {"0": 1.2294321753454434, "1": 0.8233987576047186, "2": 1.458950688490129}, "sigma": {"0": 0.7495127140671336, "1": 0.0, "2": 0.0}, "chi_high": null, "beta_low": 0.37261384601577363}