{"R": 40.0, "wi": 3, "di": 1, "delta": 1.0, "gamma": {"0": 1.12056053028463, "1": 1.2474386514070956, "2": 1.113836328340347}, "mu": {"0": 1.1370072380140646, "1": 1.100088606708955, "2": 1.047903390234842}, "phi": {"0": 0.8498749394542412, "1": 0.2058551282922787, "2": 0.3910180217775413}, "psi": {"0": 0.9984991845048966, "1": 1.1071156532510111, "2": 0.8428001824164265}, "sigma": {"0": 0.8313694604264188, "1": 0.9352286421893181, "2": 0.0}, "chi_high": 0.8961046204334379, "beta_low": null}