{"R": 40.0, "wi": 3, "di": 0, "delta": 1.0, "gamma": {"0": 0.8638439910406939, "1": 1.441663319848069, "2": 0.630618776137444}, "mu": {"0": 1.1313786233502074, "1": 1.0020289593805625, "2": 1.0410441104646033}, "phi": {"0": 0.8317158206106035, "1": 0.8347818301939137, "2": 0.19385895411743803}, "psi": {"0": 1.448662376095383, "1": 0.7205138515615136, "2": 0.8339428037349648}, "sigma": {"0": 0.871213338047363, "1": 0.6222651701950329, "2": 0.0}, "chi_high": 0.6411204691548612, "beta_low": null}