{"R": 40.0, "wi": 2, "di": 2, "delta": 1.0, "gamma": {"0": 1.4971057057505215, "1": 0.7735994072340753, "2": 1.2177634990946458}, "mu": {"0": 1.1210681874323043, "1": 1.0013320651389994, "2": 1.0792713838710428}, "phi": {"0": 0.5710406841979938, "1": 0.5107241390825132, "2": 0.2904678002381341}, "psi": {"0": 1.0595988176374271, "1": 1.3267773527171416, "2": 1.1153431067179005}, "sigma": {"0": 0.7225223137671033, "1": 0.8606223450014329, "2": 0.0}, "chi_high": null, "beta_low": null}