{"R": 40.0, "wi": 1, "di": 2, "delta": 1.0, "gamma": {"0": 1.3471971949700636, "1": 0.5448165623230619, "2": 0.543864821319587}, "mu": {"0": 1.0682390354317937, "1": 1.0009566106724042, "2": 1.1266118133532939}, "phi": {"0": 0.970968731563486, "1": 0.5641868309791178, "2": 0.37685247437874536}, "psi": {"0": 0.809111830668443, "1": 0.5823875147913068, "2": 1.3758390367567992}, "sigma": {"0": 0.5127574531619508, "1": 0.0, "2": 0.0}, "chi_high": null, "beta_low": 0.9798329134139713}