{"R": 40.0, "wi": 2, "di": 0, "delta": 1.0, "gamma": {"0": 1.2747553668103528, "1": 1.304788875088363, "2": 0.6878781568742819}, "mu": {"0": 1.1213467940195467, "1": 1.0920014110068983, "2": 1.0775583024678326}, "phi": {"0": 0.9791777719577933, "1": 0.09535474487781403, "2": 0.9146743507870821}, "psi": {"0": 0.9406023313670635, "1": 0.9820711203568948, "2": 0.8423993879225559}, "sigma": {"0": 0.8318088971294275, "1": 0.7487618460694843, "2": 0.0}, "chi_high": null, "beta_low": null}