{"R": 40.0, "wi": 2, "di": 1, "delta": 1.0, "gamma": {"0": 1.2598244931323945, "1": 1.016003777560803, "2": 1.1963193608018208}, "mu": {"0": 1.0765733777958721, "1": 1.0997629133612417, "2": 1.1192845803071438}, "phi": {"0": 0.6864688800800612, "1": 0.03209767831954202, "2": 0.4702628289484605}, "psi": {"0": 1.243105481120273, "1": 1.4074254660390317, "2": 1.4358358105191813}, "sigma": {"0": 0.6688532388775725, "1": 0.6542987285130251, "2": 0.0}, "chi_high": null, "beta_low": null}