{"R": 40.0, "wi": 3, "di": 2, "delta": 1.0, "gamma": {"0": 0.8102712895149029, "1": 0.5588875344170612, "2": 0.6364606819597847}, "mu": {"0": 1.088333487647714, "1": 1.046855695571011, "2": 1.1028662584623097}, "phi": {"0": 0.569332291405034, "1": 0.5763426031388723, "2": 0.18181550583024575}, "psi": {"0": 0.5291392755689239, "1": 1.3526774331176343, "2": 1.3468575571128056}, "sigma": {"0": 0.5970948305275461, "1": 0.6853001741199759, "2": 0.0}, "chi_high": 0.526301071705011, "beta_low": null}