{"R": 40.0, "wi": 2, "di": 0, "delta": 1.0, "gamma": {"0": 1.3873470013893412, "1": 1.1274988248368074, "2": 1.2144385190994171}, "mu": {"0": 1.1243209544304038, "1": 1.061312590254031, "2": 1.0473220846007723}, "phi": {"0": 0.9309224993608853, "1": 0.33707709066107383, "2": 0.9702577878765567}, "psi": {"0": 0.9813121773092852, "1": 1.3418762310494046, "2": 1.3140560670947763}, "sigma": {"0": 0.9614378316515844, "1": 0.8509253482861081, "2": 0.0}, "chi_high": null, "beta_low": null}