{"R": 40.0, "wi": 0, "di": 1, "delta": 1.0, "gamma": {"0": 0.7939454275527366, "1": 1.2333952104540948, "2": 1.2956575589028856}, "mu": {"0": 1.0716147137970007, "1": 1.0211035084471605, "2": 1.053160007582425}, "phi": {"0": 0.17495069102440908, "1": 0.8893754088971174, "2": 0.25966055782241304}, "psi": {"0": 1.0424307556521244, "1": 1.097202230093409, "2": 1.2827564236434201}, "sigma": {"0": 0.5382539755080726, "1": 0.6993050664580523, "2": 0.0}, "chi_high": 0.15543045769735345, "beta_low": 0.15971750808040014}