{"R": 40.0, "wi": 0, "di": 1, "delta": 1.0, "gamma": {"0": 1.3497899009136964, "1": 0.9549586743935994, "2": 0.77871575406164}, "mu": {"0": 1.0489381428564566, "1": 1.131380758989669, "2": 1.0592043239303763}, "phi": {"0": 0.06790386662227654, "1": 0.4524676244228255, "2": 0.1278676404235689}, "psi": {"0": 0.9678760696672749, "1": 1.4658196791450466, "2": 0.7351981446786553}, "sigma": {"0": 0.9497620798141981, "1": 0.6609436022671193, "2": 0.0}, "chi_high": 0.45365653767974407, "beta_low": 0.2913717778765657}