{"R": 40.0, "wi": 2, "di": 0, "delta": 1.0, "gamma": {"0": 0.5361764465731769, "1": 1.1105323442788253, "2": 0.9049305022770247}, "mu": {"0": 1.1192109079449744, "1": 1.0944803250678814, "2": 1.0265250143187898}, "phi": {"0": 0.14510315625522696, "1": 0.6430089550038571, "2": 0.4400367691886723}, "psi": {"0": 1.3301652563748436, "1": 0.9258869366930975, "2": 1.480657007434757}, "sigma": {"0": 0.7375162723774087, "1": 0.7459214875674138, "2": 0.0}, "chi_high": null, "beta_low": null}