{"R": 40.0, "wi": 3, "di": 0, "delta": 1.0, "gamma": {"0": 0.9490742425624787, "1": 0.7432852032490375, "2": 0.6364687934365847}, "mu": {"0": 1.029866818863228, "1": 1.1423376353629036, "2": 1.048276903143189}, "phi": {"0": 0.3998446804646818, "1": 0.42496228384504087, "2": 0.21744734677488864}, "psi": {"0": 0.7331544183369105, "1": 0.8104974131818823, "2": 0.5508434329566982}, "sigma": {"0": 0.569722633186309, "1": 0.5430447955454611, "2": 0.0}, "chi_high": 0.5367071592793144, "beta_low": null}