{"R": 40.0, "wi": 2, "di": 1, "delta": 1.0, "gamma": {"0": 1.0917583069561148, "1": 0.6026664712147224, "2": 1.019762643452094}, "mu": {"0": 1.0699539066265655, "1": 1.0510722722487886, "2": 1.0551728053061928}, "phi": {"0": 0.2523296661618406, "1": 0.9124896984775035, "2": 0.48120724611277077}, "psi": {"0": 1.1523143659285924, "1": 1.4296335985520232, "2": 1.2463074451284943}, "sigma": {"0": 0.8829309596075019, "1": 0.5259652796436244, "2": 0.0}, "chi_high": null, "beta_low": null}