{"R": 40.0, "wi": 0, "di": 0, "delta": 1.0, "gamma": {"0": 0.6001861881834726, "1": 0.813743787939616, "2": 0.8543754251628599}, "mu": {"0": 1.0793729167305266, "1": 1.026623963031021, "2": 1.0784759091538667}, "phi": {"0": 0.8729590849343747, "1": 0.15719189394555644, "2": 0.7411444665820682}, "psi": {"0": 0.9003102564736812, "1": 0.966754468627058, "2": 0.6098933337004907}, "sigma": {"0": 0.9697084332368506, "1": 0.6910725314709012, "2": 0.0}, "chi_high": 0.1528673931731393, "beta_low": 0.8498685652705903}