{"R": 40.0, "wi": 1, "di": 1, "delta": 1.0, "gamma": {"0": 0.9820232488189417, "1": 0.7678130208605632, "2": 0.9633314805680148}, "mu": {"0": 1.1032628810383067, "1": 1.0443573904820875, "2": 1.0757792109230775}, "phi": {"0": 0.9037857016148859, "1": 0.1951761511696003, "2": 0.846733395342002}, "psi": {"0": 1.37724353226033, "1": 1.0118603805612776, "2": 1.3793775349206232}, "sigma": {"0": 0.9231704432110432, "1": 0.0, "2": 0.0}, "chi_high": null, "beta_low": 0.7155677175084603}