{"R": 40.0, "wi": 1, "di": 1, "delta": 1.0, "gamma": {"0": 0.6497735270362125, "1": 1.4256497271437598, "2": 0.7401551447964544}, "mu": {"0": 1.1120909887949666, "1": 1.1393624316430144, "2": 1.1026123616553576}, "phi": {"0": 0.7067418022295238, "1": 0.045175778706882386, "2": 0.7528826804123194}, "psi": {"0": 0.9225820652108307, "1": 1.1993821136347085, "2": 1.2466599978679342}, "sigma": {"0": 0.5762015114147496, "1": 0.0, "2": 0.0}, "chi_high": null, "beta_low": 0.6353212503367552}