{"R": 40.0, "wi": 3, "di": 2, "delta": 1.0, "gamma": {"0": 1.1579407410227593, "1": 0.7138578723364037, "2": 1.3945222095275644}, "mu": {"0": 1.0058206297843393, "1": 1.1421062357440803, "2": 1.0982487805607546}, "phi": {"0": 0.6956581669617861, "1": 0.6173412439061561, "2": 0.788974851725668}, "psi": {"0": 0.519822832014224, "1": 1.0985888421183931, "2": 0.5448602688692615}, "sigma": {"0": 0.9049506203664983, "1": 0.6205993490823832, "2": 0.0}, "chi_high": 0.4244125669883547, "beta_low": null}