{"R": 40.0, "wi": 0, "di": 0, "delta": 1.0, "gamma": {"0": 0.9649135655569663, "1": 0.985330111477676, "2": 0.9681071618602504}, "mu": {"0": 1.1388310159699833, "1": 1.0107160221854343, "2": 1.111796798136603}, "phi": {"0": 0.5754015312984294, "1": 0.5818648695618182, "2": 0.561875324433113}, "psi": {"0": 0.6681197094216326, "1": 1.4090504915643167, "2": 0.9724279980354128}, "sigma": {"0": 0.640126634448242, "1": 0.6190919909273749, "2": 0.0}, "chi_high": 0.6191129224488617, "beta_low": 0.6074878391244369}