{"R": 40.0, "wi": 0, "di": 0, "delta": 1.0, "gamma": {"0": 0.5958970757848421, "1": 1.226854311368194, "2": 1.2845689514717669}, "mu": {"0": 1.0530015341851018, "1": 1.0824979781463937, "2": 1.0881906827413317}, "phi": {"0": 0.8214045265235987, "1": 0.07060310503315426, "2": 0.48250408402402223}, "psi": {"0": 1.4970852198174702, "1": 1.4569969678765555, "2": 0.5604970412696415}, "sigma": {"0": 0.8321720530798982, "1": 0.8435571477736941, "2": 0.0}, "chi_high": 0.38269012742700703, "beta_low": 0.260051251021768}