{"R": 40.0, "wi": 1, "di": 0, "delta": 1.0, "gamma": {"0": 0.7226567330552982, "1": 0.7548853881727071, "2": 0.7467114503806384}, "mu": {"0": 1.0781383386152168, "1": 1.01964822716522, "2": 1.0170847723812795}, "phi": {"0": 0.20029091018000267, "1": 0.4028414803292052, "2": 0.3747778006081154}, "psi": {"0": 1.2472157227605485, "1": 1.2205040898079464, "2": 0.6523553471109982}, "sigma": {"0": 0.5291856740966308, "1": 0.0, "2": 0.0}, "chi_high": null, "beta_low": 0.3093192975320749}