{"R": 40.0, "wi": 2, "di": 2, "delta": 1.0, "gamma": {"0": 0.6034375024074536, "1": 1.0948046890011534, "2": 0.7406758733804254}, "mu": {"0": 1.1310979975832365, "1": 1.106381454532317, "2": 1.069360519139218}, "phi": {"0": 0.30586887645553285, "1": 0.9720337177766857, "2": 0.9002989859768908}, "psi": {"0": 1.4725563241447288, "1": 0.6074662815958642, "2": 1.1671985260944515}, "sigma": {"0": 0.8635317527353775, "1": 0.6939777431758448, "2": 0.0}, "chi_high": null, "beta_low": null}