{"R": 40.0, "wi": 2, "di": 1, "delta": 1.0, "gamma": {"0": 0.5674539176118429, "1": 0.7440115500031145, "2": 0.6320402283244518}, "mu": {"0": 1.0713184348433966, "1": 1.0079150329576494, "2": 1.024095370661276}, "phi": {"0": 0.5071619100158071, "1": 0.3374582089913204, "2": 0.8066234339753051}, "psi": {"0": 0.9842232330596052, "1": 1.1082071845955987, "2": 1.4505672590550818}, "sigma": {"0": 0.5221641707469684, "1": 0.570657258410023, "2": 0.0}, "chi_high": null, "beta_low": null}