{"R": 40.0, "wi": 1, "di": 1, "delta": 1.0, "gamma": {"0": 1.167585446593377, "1": 0.6928366202981341, "2": 0.6271816714566081}, "mu": {"0": 1.0312550162961782, "1": 1.0209465806937297, "2": 1.11517433113497}, "phi": {"0": 0.7841300674416237, "1": 0.9062423888937111, "2": 0.1357028360562217}, "psi": {"0": 1.459746588360835, "1": 0.5426138920870496, "2": 0.522187661386545}, "sigma": {"0": 0.7952116278316075, "1": 0.0, "2": 0.0}, "chi_high": null, "beta_low": 0.569555055629412}