{"R": 40.0, "wi": 0, "di": 2, "delta": 1.0, "gamma": {"0": 0.5642439633191407, "1": 1.0231329965952445, "2": 1.1543276817869252}, "mu": {"0": 1.0382300324187512, "1": 1.1125478957361636, "2": 1.1387317320380677}, "phi": {"0": 0.9314545947344095, "1": 0.9811340055223641, "2": 0.6385490572509581}, "psi": {"0": 1.3851441386379117, "1": 1.2202794434732125, "2": 0.5085988918884083}, "sigma": {"0": 0.8458789502093839, "1": 0.5085205946519054, "2": 0.0}, "chi_high": 0.17550802213528943, "beta_low": 0.03769799594233257}