{"R": 40.0, "wi": 3, "di": 2, "delta": 1.0, "gamma": {"0": 0.5677145221508082, "1": 0.9783150214828896, "2": 0.6907630788903419}, "mu": {"0": 1.1168077386649422, "1": 1.0027220255262617, "2": 1.1284079795075566}, "phi": {"0": 0.12626433794755798, "1": 0.3880703040460939, "2": 0.14165684887390484}, "psi": {"0": 0.8937216476068329, "1": 1.4566537753492814, "2": 0.6357999464164451}, "sigma": {"0": 0.5814800556890937, "1": 0.5699442107316226, "2": 0.0}, "chi_high": 0.6347628753356316, "beta_low": null}