{"R": 40.0, "wi": 0, "di": 2, "delta": 1.0, "gamma": {"0": 0.7025984375536759, "1": 0.6697657241690015, "2": 1.4395656338996619}, "mu": {"0": 1.0670899261039393, "1": 1.0972180070442765, "2": 1.014734637642991}, "phi": {"0": 0.5743468485069531, "1": 0.4767842956273761, "2": 0.05176488747422903}, "psi": {"0": 1.4305480015939667, "1": 1.1771325154668295, "2": 1.1369688696772444}, "sigma": {"0": 0.8454274578477261, "1": 0.8247463124316253, "2": 0.0}, "chi_high": 0.7851588531479389, "beta_low": 0.17422368725513265}