{"R": 40.0, "wi": 0, "di": 1, "delta": 1.0, "gamma": {"0": 1.443523810570232, "1": 1.068350895285807, "2": 0.8165703823024404}, "mu": {"0": 1.0734104670149986, "1": 1.1113324024267133, "2": 1.102052676216046}, "phi": {"0": 0.47298542836961666, "1": 0.835568613298418, "2": 0.8029707469127808}, "psi": {"0": 1.0697124030630398, "1": 0.6295656140637597, "2": 1.226095540617066}, "sigma": {"0": 0.8755313389882855, "1": 0.8215711194318968, "2": 0.0}, "chi_high": 0.8710397984610518, "beta_low": 0.0798055620134625}