{"R": 40.0, "wi": 3, "di": 0, "delta": 1.0, "gamma": {"0": 1.2737177236238928, "1": 0.9831476217317898, "2": 0.8937753182176504}, "mu": {"0": 1.0375703041817752, "1": 1.1041817215536909, "2": 1.1444486111056384}, "phi": {"0": 0.23063281306170524, "1": 0.22273875720253156, "2": 0.7540747774594562}, "psi": {"0": 0.8323986855331178, "1": 1.2224269017791531, "2": 0.5842122375984458}, "sigma": {"0": 0.6441675850458464, "1": 0.8791899755080803, "2": 0.0}, "chi_high": 0.24923848804255294, "beta_low": null}