{"R": 40.0, "wi": 3, "di": 1, "delta": 1.0, "gamma": {"0": 1.3457946231321316, "1": 1.2813976945551708, "2": 0.6514677893382316}, "mu": {"0": 1.1133043579943858, "1": 1.1480121828519818, "2": 1.1082665742446423}, "phi": {"0": 0.7358096694548975, "1": 0.42984848161581557, "2": 0.43829122419136357}, "psi": {"0": 1.2580776213315512, "1": 1.1083544583421125, "2": 1.3938397253290427}, "sigma": {"0": 0.6048236844236651, "1": 0.8432811382599218, "2": 0.0}, "chi_high": 0.33812046251822675, "beta_low": null}