{"R": 40.0, "wi": 2, "di": 0, "delta": 1.0, "gamma": {"0": 0.9405051161851847, "1": 0.659381083127831, "2": 1.3609062653073747}, "mu": {"0": 1.086758781316446, "1": 1.117620361345818, "2": 1.0699354342543868}, "phi": {"0": 0.5185367061568191, "1": 0.7989885430123609, "2": 0.9358845058381938}, "psi": {"0": 1.1123289340692821, "1": 0.7924082477887817, "2": 0.6510944609758518}, "sigma": {"0": 0.6547452049321169, "1": 0.8788906679880182, "2": 0.0}, "chi_high": null, "beta_low": null}