{"R": 40.0, "wi": 3, "di": 0, "delta": 1.0, "gamma": {"0": 0.6162558811323492, "1": 0.8751019815601059, "2": 1.452543194561044}, "mu": {"0": 1.069742886681005, "1": 1.0955453571088183, "2": 1.1360362400536463}, "phi": {"0": 0.015283901819378332, "1": 0.46205399624464816, "2": 0.910920352248602}, "psi": {"0": 0.5754605413749516, "1": 0.6755265853483375, "2": 1.1809967125929997}, "sigma": {"0": 0.6123336687621261, "1": 0.5891191889917669, "2": 0.0}, "chi_high": 0.5801065482075741, "beta_low": null}