{"R": 40.0, "wi": 2, "di": 1, "delta": 1.0, "gamma": {"0": 1.3855283809328474, "1": 1.1467318236490782, "2": 1.122222017644078}, "mu": {"0": 1.002498331250954, "1": 1.0861974037928845, "2": 1.0490195037368792}, "phi": {"0": 0.7261663381246081, "1": 0.772209201314217, "2": 0.47870886608021945}, "psi": {"0": 0.506624088123717, "1": 0.9652370925520838, "2": 0.7186209876047748}, "sigma": {"0": 0.8760970356258362, "1": 0.8587411931723016, "2": 0.0}, "chi_high": null, "beta_low": null}