{"R": 40.0, "wi": 0, "di": 1, "delta": 1.0, "gamma": {"0": 0.7496605657902655, "1": 1.0394222346004867, "2": 0.8302622976374512}, "mu": {"0": 1.135185743150238, "1": 1.1060955331496416, "2": 1.045792435200758}, "phi": {"0": 0.13880811052931297, "1": 0.6134512110636439, "2": 0.808203594472376}, "psi": {"0": 1.3910028858004762, "1": 0.7530763211713875, "2": 0.9827708607949541}, "sigma": {"0": 0.5626796072896324, "1": 0.5633161636365724, "2": 0.0}, "chi_high": 0.24030031814834338, "beta_low": 0.6201799409612799}