{"R": 40.0, "wi": 0, "di": 2, "delta": 1.0, "gamma": {"0": 0.6676782619905737, "1": 0.5665854689961198, "2": 0.6540483697643099}, "mu": {"0": 1.0361774184069181, "1": 1.0727568254990731, "2": 1.1328428137686817}, "phi": {"0": 0.7426850683258291, "1": 0.8506590329040558, "2": 0.6736225158550319}, "psi": {"0": 1.4641360291337397, "1": 0.9181406034962198, "2": 1.2421707706575265}, "sigma": {"0": 0.6888300653843813, "1": 0.8735013234759142, "2": 0.0}, "chi_high": 0.24095557906462817, "beta_low": 0.023955314191126394}