{"R": 40.0, "wi": 2, "di": 1, "delta": 1.0, "gamma": {"0": 0.769695999661705, "1": 0.7333617830554856, "2": 0.62419782910825}, "mu": {"0": 1.023239501152286, "1": 1.0339552365951357, "2": 1.0032904320023754}, "phi": {"0": 0.02857989365966096, "1": 0.14893667696320811, "2": 0.8497856512854834}, "psi": {"0": 1.3912402074553842, "1": 1.4641390922470423, "2": 1.4104384980413862}, "sigma": {"0": 0.7169233124173278, "1": 0.6366036897611717, "2": 0.0}, "chi_high": null, "beta_low": null}