{"R": 40.0, "wi": 2, "di": 2, "delta": 1.0, "gamma": {"0": 1.090653131920962, "1": 1.1326173580199377, "2": 1.438451522812036}, "mu": {"0": 1.012116921866478, "1": 1.143351580173989, "2": 1.1396895192925776}, "phi": {"0": 0.1487865322814257, "1": 0.6199358107139515, "2": 0.7793026231508108}, "psi": {"0": 1.4779694900461544, "1": 1.1085485146887164, "2": 1.3100389055693837}, "sigma": {"0": 0.8248159496032511, "1": 0.5586436608249237, "2": 0.0}, "chi_high": null, "beta_low": null}