{"R": 40.0, "wi": 0, "di": 1, "delta": 1.0, "gamma": {"0": 0.6895114003313744, "1": 1.245969760309875, "2": 1.0918035938665631}, "mu": {"0": 1.0391798174866005, "1": 1.044040602071039, "2": 1.1234430754164966}, "phi": {"0": 0.9628642846781003, "1": 0.21481450505536892, "2": 0.1928487928379995}, "psi": {"0": 1.0657608887808, "1": 1.0064087345779305, "2": 1.0487463506726296}, "sigma": {"0": 0.6548205759788097, "1": 0.626922588888349, "2": 0.0}, "chi_high": 0.8988970261811482, "beta_low": 0.941163781604524}