{"R": 40.0, "wi": 3, "di": 0, "delta": 1.0, "gamma": {"0": 1.266075512409751, "1": 0.7887319917184124, "2": 0.805332733627286}, "mu": {"0": 1.0887305897449155, "1": 1.0028135558583293, "2": 1.024081107166583}, "phi": {"0": 0.28901156092322866, "1": 0.35897275350967883, "2": 0.5281433260958034}, "psi": {"0": 1.409320690056047, "1": 1.359379569747819, "2": 1.2587401922061427}, "sigma": {"0": 0.7495484397099449, "1": 0.7233705534967879, "2": 0.0}, "chi_high": 0.4788466377242193, "beta_low": null}