{"R": 40.0, "wi": 1, "di": 0, "delta": 1.0, "gamma": {"0": 0.7366368638992212, "1": 0.6082163492751765, "2": 0.7398334791762456}, "mu": {"0": 1.1483871114366766, "1": 1.1265270710735886, "2": 1.1243841100218963}, "phi": {"0": 0.9162554231803468, "1": 0.5221566412120697, "2": 0.34304745638190715}, "psi": {"0": 1.4418636810864762, "1": 0.8675322470755783, "2": 1.0902088355673312}, "sigma": {"0": 0.5182158086003725, "1": 0.0, "2": 0.0}, "chi_high": null, "beta_low": 0.18928506472494777}