{"R": 40.0, "wi": 3, "di": 0, "delta": 1.0, "gamma": {"0": 0.6076934143430187, "1": 1.4710961776903133, "2": 1.4832594041367448}, "mu": {"0": 1.1269882486649867, "1": 1.0081607768148242, "2": 1.0670150937336371}, "phi": {"0": 0.9976140481038597, "1": 0.4243427052984591, "2": 0.7508133993592252}, "psi": {"0": 0.6055749696360606, "1": 0.5073685745786085, "2": 0.9072735489103548}, "sigma": {"0": 0.9766594997329425, "1": 0.5090016824415737, "2": 0.0}, "chi_high": 0.8816252271382132, "beta_low": null}